gene_id,gene_name,baseMean,log2FoldChange,lfcSE,stat,pvalue,padj,regulation,gene_id_clean
ENSMUSG00000037411.12,NA,16117.5326821036,3.110050464399193,0.13030433144728448,23.867590814948354,6.650655455447569e-126,1.1090633037504367e-121,UP,ENSMUSG00000037411
ENSMUSG00000020826.10,NA,24104.52636928401,3.2045975437669894,0.14349999717894188,22.331690639484226,1.8191392533121787e-110,1.5167983094116946e-106,UP,ENSMUSG00000020826
ENSMUSG00000024190.8,Dusp1,5659.963924419032,1.7617143473423968,0.08129558880113423,21.670478968445796,3.896816081810515e-104,2.1661101660090718e-100,UP,ENSMUSG00000024190
ENSMUSG00000029304.15,NA,281444.80231556983,1.3639302034913356,0.06921928472406026,19.704482774252657,1.9734841993627253e-86,8.227455627143201e-83,UP,ENSMUSG00000029304
ENSMUSG00000060477.15,NA,5224.806045199793,0.9221559956052718,0.05836757994416344,15.799113077626998,3.1552450595484447e-56,1.0523373322605973e-52,UP,ENSMUSG00000060477
ENSMUSG00000025151.17,NA,3418.0319653842644,0.7719080008005885,0.049405652139547125,15.623880413931607,5.006380365913426e-55,1.3914399830328715e-51,UP,ENSMUSG00000025151
ENSMUSG00000045502.7,Hcar2,2496.2703813365124,2.567501691723983,0.16869229670402403,15.220029259716263,2.60414558249826e-52,5.428341466717623e-49,UP,ENSMUSG00000045502
ENSMUSG00000056952.14,NA,2806.9645123368864,0.9935788605068977,0.06528087159391908,15.22006119476275,2.6028747224216623e-52,5.428341466717623e-49,UP,ENSMUSG00000056952
ENSMUSG00000030342.9,Cd9,12792.433176975326,1.1816327871706267,0.07793676696274766,15.161429364082107,6.36684886743424e-52,1.179706352370371e-48,UP,ENSMUSG00000030342
ENSMUSG00000032515.9,Csrnp1,1248.9504326732392,1.3561570597151111,0.08960316885148978,15.135146190675858,9.496943355850481e-52,1.5837102740216262e-48,UP,ENSMUSG00000032515
ENSMUSG00000025340.15,NA,1874.365578458677,0.740070448058033,0.049532650603006954,14.941062895856938,1.7811144458477542e-50,2.7001694999051954e-47,UP,ENSMUSG00000025340
ENSMUSG00000030109.16,NA,183.3977720303695,2.675503365913509,0.18116922719351178,14.767979128462754,2.356740177028492e-49,3.2750832660105946e-46,UP,ENSMUSG00000030109
ENSMUSG00000027834.16,NA,166.52356662685992,1.8054311864726855,0.12284375163354512,14.696972067887202,6.740711754848181e-49,8.646777632603713e-46,UP,ENSMUSG00000027834
ENSMUSG00000043421.9,Hilpda,3284.1356815205254,1.7492015639888048,0.11923940721351028,14.669660013125371,1.008491012279266e-48,1.201256865769217e-45,UP,ENSMUSG00000043421
ENSMUSG00000002233.14,NA,5291.369481604892,1.1361022077279508,0.07804400992996109,14.557199312894367,5.2567712218133914e-48,5.844127792997341e-45,UP,ENSMUSG00000002233
ENSMUSG00000041538.17,NA,196.46925973128376,1.7224202767552106,0.11884719638781105,14.492729564564316,1.3468252452609294e-47,1.4037286118732037e-44,UP,ENSMUSG00000041538
ENSMUSG00000017493.13,NA,3944.127039123059,-1.1028400667597227,0.07738136557354781,-14.252010914843812,4.355560580690034e-46,4.272548720211001e-43,DOWN,ENSMUSG00000017493
ENSMUSG00000038963.16,NA,640.58170619147,1.5979178553551618,0.11249018563874208,14.204953492447899,8.535930728025109e-46,7.908065601141485e-43,UP,ENSMUSG00000038963
ENSMUSG00000025481.13,NA,205.78926459399102,2.197487786116356,0.1567678468578527,14.01746487026068,1.2189158921835492e-44,1.0698232325290983e-41,UP,ENSMUSG00000025481
ENSMUSG00000024014.9,Pim1,6868.549136559856,1.2278249796253937,0.0881668480899849,13.926152587106781,4.3939552465897914e-44,3.663679884606568e-41,UP,ENSMUSG00000024014
ENSMUSG00000039263.17,NA,1047.209357527633,-1.035676971555452,0.07471389245728186,-13.86190623313605,1.077736221661409e-43,8.401384958912741e-41,DOWN,ENSMUSG00000039263
ENSMUSG00000055239.11,NA,3981.7234579858778,0.688382376734278,0.049667214283105776,13.859895036803588,1.1083621317826835e-43,8.401384958912741e-41,UP,ENSMUSG00000055239
ENSMUSG00000018882.13,NA,3116.3584221606015,0.8423418925731061,0.06132313268676405,13.736119726233698,6.1694811529563134e-43,4.473142074204326e-40,UP,ENSMUSG00000018882
ENSMUSG00000021196.15,NA,7435.96168694104,0.7860387486328687,0.05735586634306592,13.704592027802182,9.530146350544595e-43,6.6218633559034035e-40,UP,ENSMUSG00000021196
ENSMUSG00000030047.15,NA,2802.3285648641368,0.5521793168336228,0.040684848918766746,13.572111769079678,5.86087844881742e-42,3.909440360499171e-39,UP,ENSMUSG00000030047
ENSMUSG00000026628.14,NA,23189.830271719537,1.294635207869531,0.09581595035328737,13.511687804546344,1.334269962856725e-41,8.557802269461056e-39,UP,ENSMUSG00000026628
ENSMUSG00000043953.13,NA,4717.512696988013,1.582375934531031,0.11717442392450607,13.504448168232813,1.472126607125878e-41,9.092290111270794e-39,UP,ENSMUSG00000043953
ENSMUSG00000031485.16,NA,1487.814681960473,-0.6575688257883026,0.049362475266407115,-13.321228772249212,1.7421630871264885e-40,1.037582558604333e-37,DOWN,ENSMUSG00000031485
ENSMUSG00000058755.4,Osm,502.6858230912767,1.4253719083904945,0.10728556245788505,13.285775604243343,2.7994261395483148e-40,1.6097665621761275e-37,UP,ENSMUSG00000058755
ENSMUSG00000028420.14,NA,2781.54985162457,0.9756663899772379,0.07384318094609069,13.212680947337905,7.413613828071765e-40,4.120980806564159e-37,UP,ENSMUSG00000028420
ENSMUSG00000032487.9,Ptgs2,21393.731903522432,2.294324309823893,0.17764741078044696,12.915045030740302,3.7022740589860064e-38,1.991584587343569e-35,UP,ENSMUSG00000032487
ENSMUSG00000058427.11,NA,8585.478890540027,1.9632384318324243,0.15446807118527262,12.709671434154636,5.225352694167038e-37,2.7230619227477978e-34,UP,ENSMUSG00000058427
ENSMUSG00000031444.17,NA,1208.9541866767288,1.0765323334651502,0.0850128398398524,12.663173415840795,9.459663300194085e-37,4.780283187698077e-34,UP,ENSMUSG00000031444
ENSMUSG00000047592.18,NA,1501.67775472327,-1.4747622640530955,0.1165259214013417,-12.65608755818098,1.0353183680731902e-36,5.077932089996623e-34,DOWN,ENSMUSG00000047592
ENSMUSG00000047798.16,NA,1813.1766032048197,0.6659136372455826,0.05268075292798423,12.640548971574145,1.2616994489295087e-36,6.011457145813853e-34,UP,ENSMUSG00000047798
ENSMUSG00000018906.15,NA,1814.7533165859707,1.2016808514412616,0.09589449834811158,12.53128043987443,5.0343255003822036e-36,2.3320114456770452e-33,UP,ENSMUSG00000018906
ENSMUSG00000000982.6,Ccl3,37914.98254830196,1.2223068986189178,0.09762440641959509,12.520505306484274,5.766684577813538e-36,2.5990603248545556e-33,UP,ENSMUSG00000000982
ENSMUSG00000027611.13,NA,9590.186290673613,1.2247679964126956,0.09784310168662307,12.517673451680281,5.9761285973245475e-36,2.6225768549732672e-33,UP,ENSMUSG00000027611
ENSMUSG00000020108.5,Ddit4,621.4686605188404,1.4992862301946688,0.11979770595825161,12.515149753511608,6.169141869397362e-36,2.637861790104369e-33,UP,ENSMUSG00000020108
ENSMUSG00000038463.9,Olfml2b,447.5991292898916,1.7146950184205498,0.1377430454227437,12.448505208796732,1.4248880656180948e-35,5.940358345561837e-33,UP,ENSMUSG00000038463
ENSMUSG00000024120.13,NA,977.3544759612914,-0.8558093004217077,0.06878036504961413,-12.442639695273163,1.5335086252020541e-35,6.237265813138892e-33,DOWN,ENSMUSG00000024120
ENSMUSG00000005410.7,Mcm5,1487.7776874449237,-1.6398704670756885,0.13202177481576613,-12.421212102049806,2.0050050097299192e-35,7.960824652918126e-33,DOWN,ENSMUSG00000005410
ENSMUSG00000042745.10,NA,490.9446750492747,1.7585673233900605,0.14366440974473757,12.24080011545432,1.8816844747487927e-34,7.297434953700202e-32,UP,ENSMUSG00000042745
ENSMUSG00000029552.20,NA,4670.82250301028,0.8393599944941562,0.06859353628812616,12.236721415971859,1.9786495226964543e-34,7.499081691019562e-32,UP,ENSMUSG00000029552
ENSMUSG00000041488.17,NA,1708.5517301115735,0.6664865647722726,0.05462018003181359,12.20220373466504,3.025239470694179e-34,1.1210865202954696e-31,UP,ENSMUSG00000041488
ENSMUSG00000020184.16,NA,11709.96066628466,0.7140986981867189,0.0586001359349526,12.185956342821179,3.6929562983776297e-34,1.3387769398205513e-31,UP,ENSMUSG00000020184
ENSMUSG00000082838.2,Gm14519,669.6681959664944,1.0147752068848062,0.0849924214326383,11.939596375531877,7.357937668912805e-33,2.6106589056763817e-30,UP,ENSMUSG00000082838
ENSMUSG00000064037.14,NA,590.413672179309,-1.214685171718305,0.101769404850484,-11.935661542905526,7.714312746857477e-33,2.680080820137402e-30,DOWN,ENSMUSG00000064037
ENSMUSG00000024013.16,NA,494.8388817301603,-1.3668416333498878,0.11726847927309489,-11.655660939942663,2.1470794759527976e-31,7.16093946819777e-29,DOWN,ENSMUSG00000024013
ENSMUSG00000018340.14,NA,18999.92692586295,0.5285034657972342,0.04549955547778823,11.615574267648322,3.434728171889053e-31,1.1230887645965069e-28,UP,ENSMUSG00000018340
ENSMUSG00000026566.16,NA,554.5385771153118,0.7862088549226632,0.06773188861040319,11.60766178313691,3.7677809148133013e-31,1.2082983564505118e-28,UP,ENSMUSG00000026566
ENSMUSG00000060594.7,Layn,794.8189276760385,0.883929699893604,0.0765832810852399,11.54207142038951,8.09519719705473e-31,2.5470850652468805e-28,UP,ENSMUSG00000060594
ENSMUSG00000038332.14,NA,2378.7897304294693,-0.9825741335606742,0.08532845986830918,-11.515198271211272,1.1060484904166124e-30,3.4156415974421166e-28,DOWN,ENSMUSG00000038332
ENSMUSG00000004665.11,NA,2786.4849364242705,0.9213387433548716,0.08003982744094411,11.511003619225244,1.161191035944863e-30,3.5207312209848244e-28,UP,ENSMUSG00000004665
ENSMUSG00000041153.10,NA,799.1065688149453,0.8474209322434776,0.07366443655102166,11.503799824173427,1.2623311044372452e-30,3.7590416959991964e-28,UP,ENSMUSG00000041153
ENSMUSG00000034271.17,NA,1936.0764506264477,0.8494678016189372,0.0738945830311607,11.495670816096547,1.3869930282948726e-30,4.057806270148297e-28,UP,ENSMUSG00000034271
ENSMUSG00000030103.12,NA,1096.266448340651,0.8902579216817799,0.07780436744546129,11.442261545353814,2.5709509177917632e-30,7.391927156050939e-28,UP,ENSMUSG00000030103
ENSMUSG00000028494.13,NA,46783.30366581947,0.6214061628638226,0.0544338750382912,11.415798754483268,3.486858222168128e-30,9.855397917436559e-28,UP,ENSMUSG00000028494
ENSMUSG00000038235.5,F11r,585.4337058071412,1.1055743816841508,0.09721082383528815,11.37295558319114,5.702339805621708e-30,1.5848703099757933e-27,UP,ENSMUSG00000038235
ENSMUSG00000037418.7,Best1,142.7188036536914,1.3032679306353572,0.11470640846072162,11.361770873347753,6.481723859897107e-30,1.7719545424203958e-27,UP,ENSMUSG00000037418
ENSMUSG00000078151.4,Gm12226,1146.3835375991034,0.7007975036114439,0.06171999399456939,11.354464870380667,7.047004126526187e-30,1.895416787321785e-27,UP,ENSMUSG00000078151
ENSMUSG00000028645.12,NA,19908.7508933275,1.0595069471768348,0.09377109539694943,11.298864993437016,1.3292484803912903e-29,3.518499628413517e-27,UP,ENSMUSG00000028645
ENSMUSG00000036478.9,Btg1,8843.78762824891,0.833344439584624,0.07377883117876596,11.2951699867057,1.38635559263393e-29,3.612322791056784e-27,UP,ENSMUSG00000036478
ENSMUSG00000050578.11,NA,32520.465784035718,1.178498008253483,0.10465532836856327,11.26075496226224,2.0499494090440467e-29,5.259224053110542e-27,UP,ENSMUSG00000050578
ENSMUSG00000035399.13,NA,2178.851956042168,0.6164505482654249,0.05502891626306671,11.202302173614907,3.972732792634391e-29,1.0037771522722895e-26,UP,ENSMUSG00000035399
ENSMUSG00000116657.2,Gm49774,80.31725615664108,1.6048647733202583,0.14391461919564918,11.15150623536359,7.040437242837756e-29,1.7523333053964543e-26,UP,ENSMUSG00000116657
ENSMUSG00000034226.8,Rhov,711.2957566694969,1.367169168581565,0.12264207013179529,11.14763610164407,7.353396727028517e-29,1.8033124091165817e-26,UP,ENSMUSG00000034226
ENSMUSG00000028437.15,NA,5053.687563049299,0.5716183356722618,0.05128593773547879,11.145712858377266,7.514015280338256e-29,1.815995924853924e-26,UP,ENSMUSG00000028437
ENSMUSG00000045348.17,NA,208.0171024715895,1.3330876623928427,0.11972367121322203,11.134704180752014,8.502683495682096e-29,1.9970528165351357e-26,UP,ENSMUSG00000045348
ENSMUSG00000005125.14,NA,3719.008870987512,0.9199322566488841,0.08268837346733665,11.12529147779492,9.449650482470828e-29,2.1886440478567157e-26,UP,ENSMUSG00000005125
ENSMUSG00000032000.18,NA,4513.683236088035,0.5539179944001523,0.04996207216335033,11.086769831906187,1.454452716963946e-28,3.3225278778206524e-26,UP,ENSMUSG00000032000
ENSMUSG00000028218.20,NA,283.55668130671,-1.1678591412414392,0.10558131045987589,-11.061229834661516,1.9342695351172137e-28,4.325363200159499e-26,DOWN,ENSMUSG00000028218
ENSMUSG00000134796.1,ENSMUSG00000134796,703.4053466931572,1.104264435837293,0.09983658955625874,11.06071872792721,1.9453240585989592e-28,4.325363200159499e-26,UP,ENSMUSG00000134796
ENSMUSG00000048307.9,Ankrd46,793.3234900725934,-0.8282722824443705,0.07539561836958462,-10.985681931597554,4.478435262874231e-28,9.826629795222458e-26,DOWN,ENSMUSG00000048307
ENSMUSG00000000561.15,NA,313.47680507448445,-1.2655599345563966,0.11596082350255489,-10.913685297591158,9.91534893279769e-28,2.147381283160186e-25,DOWN,ENSMUSG00000000561
ENSMUSG00000050022.17,NA,100.31542437360474,1.5565601596450778,0.1426500509647503,10.911739246624688,1.0129947143376053e-27,2.165730750806911e-25,UP,ENSMUSG00000050022
ENSMUSG00000019850.12,NA,10551.722169706129,0.9523662133826301,0.08729730399318507,10.909457335096823,1.0387455664298182e-27,2.192673552630842e-25,UP,ENSMUSG00000019850
ENSMUSG00000024525.8,Impa2,977.8121170693181,1.0881516484068605,0.10034921297641176,10.8436490544539,2.1377060927826907e-27,4.456048350405518e-25,UP,ENSMUSG00000024525
ENSMUSG00000030695.17,NA,133064.79506543343,0.7280168291289739,0.06764163793626787,10.762850388320183,5.155054267074759e-27,1.061304752564675e-24,UP,ENSMUSG00000030695
ENSMUSG00000001663.11,NA,489.4719631738528,0.9092301578363415,0.08494097432700017,10.704258634190458,9.720560644175012e-27,1.9768301134422258e-24,UP,ENSMUSG00000001663
ENSMUSG00000142744.1,ENSMUSG00000142744,34.56054621574009,3.215521319444965,0.30166656263337255,10.65919037023973,1.5796657467702822e-26,3.1737959027880992e-24,UP,ENSMUSG00000142744
ENSMUSG00000029570.6,Lfng,1787.266753442177,-0.6626092806843736,0.06218702217026824,-10.655105479566904,1.6505744621778588e-26,3.2767833013426156e-24,DOWN,ENSMUSG00000029570
ENSMUSG00000047777.10,NA,812.5453068103419,0.6785705076443251,0.06371980687791329,10.649286946905875,1.7570575039841793e-26,3.447140110169432e-24,UP,ENSMUSG00000047777
ENSMUSG00000011752.8,Pgam1,68487.91495169971,0.555060571497599,0.05219664368568275,10.634028019886824,2.0697553783688884e-26,4.0134000801953e-24,UP,ENSMUSG00000011752
ENSMUSG00000007872.4,Id3,1090.1013321358148,1.5095028047082846,0.14201517832973853,10.629165293891608,2.1805531751149193e-26,4.179644223932919e-24,UP,ENSMUSG00000007872
ENSMUSG00000045382.7,Cxcr4,906.9074012627215,1.4660315595586442,0.138316126604881,10.599136886955812,3.007429137605738e-26,5.699078215762874e-24,UP,ENSMUSG00000045382
ENSMUSG00000040234.17,NA,1265.8135781992437,-0.500143142787511,0.047461232111399104,-10.53793002283622,5.77561355341214e-26,1.0821812541202344e-23,DOWN,ENSMUSG00000040234
ENSMUSG00000050860.7,Phospho1,760.3142726150386,1.541494506050548,0.14785239298485264,10.425901636968925,1.888594938017405e-25,3.49935657626425e-23,UP,ENSMUSG00000050860
ENSMUSG00000090213.2,Peds1,8366.810491410406,0.8797371204181297,0.08449733714000784,10.411418278903268,2.199205030838951e-25,4.030103636733005e-23,UP,ENSMUSG00000090213
ENSMUSG00000140314.1,ENSMUSG00000140314,54.24577967316126,1.7211415807661334,0.1665650219132467,10.333151348321909,4.989394096470277e-25,9.043819125297646e-23,UP,ENSMUSG00000140314
ENSMUSG00000051439.8,Cd14,68039.21222313333,1.18573328510648,0.11484392860103709,10.324736357858905,5.446823203698872e-25,9.766798252137893e-23,UP,ENSMUSG00000051439
ENSMUSG00000052397.9,Ezr,5827.417415307311,0.837698901420733,0.08128541438992443,10.305648408240978,6.644208883288765e-25,1.1787109291247176e-22,UP,ENSMUSG00000052397
ENSMUSG00000003352.15,NA,106.71199113467635,1.5649597145220244,0.15187070935995878,10.304552610028377,6.720364287336297e-25,1.179671524796001e-22,UP,ENSMUSG00000003352
ENSMUSG00000024527.11,NA,3458.4705104392,0.7357775265692842,0.07173006924045153,10.25758840553787,1.0940484535173113e-24,1.9004533344640296e-22,UP,ENSMUSG00000024527
ENSMUSG00000056962.12,NA,1999.7024769830796,0.8411976866572152,0.08245326305471486,10.202115180074898,1.9400069524280678e-24,3.3352119524423154e-22,UP,ENSMUSG00000056962
ENSMUSG00000029103.17,NA,8410.358066647592,0.5322431113093128,0.05220522721230082,10.195207256638534,2.082997631216399e-24,3.544496785527007e-22,UP,ENSMUSG00000029103
ENSMUSG00000046997.6,Spsb4,209.6368497122384,0.9966932523440803,0.0977826273532556,10.192948168015207,2.131988015014457e-24,3.591215367513241e-22,UP,ENSMUSG00000046997
ENSMUSG00000045917.18,NA,1399.5338752948787,-0.7214300798660871,0.07098757367577982,-10.162765713912984,2.9071069631039814e-24,4.8478915716722e-22,DOWN,ENSMUSG00000045917
ENSMUSG00000056666.14,NA,691.3835710640316,-0.6747859308550835,0.06675170771456794,-10.10889389887201,5.045063282875906e-24,8.329849040122635e-22,DOWN,ENSMUSG00000056666
ENSMUSG00000038179.14,NA,19277.211890775383,0.9673657764489206,0.09667885327279657,10.005970734047974,1.4347756324379375e-23,2.345717494758338e-21,UP,ENSMUSG00000038179
ENSMUSG00000001627.13,NA,3068.6482037005217,1.1242121288029367,0.11246423299669892,9.996174773502744,1.5839780178289524e-23,2.564506546147147e-21,UP,ENSMUSG00000001627
ENSMUSG00000068874.14,NA,1883.652357720685,1.2151709541775857,0.12157985457815082,9.994838029654666,1.605494854531254e-23,2.5743492494387683e-21,UP,ENSMUSG00000068874
ENSMUSG00000018379.18,NA,2883.122812807499,-1.2546933705267695,0.12554736895121257,-9.993784664769363,1.6226539846147738e-23,2.577083604517711e-21,DOWN,ENSMUSG00000018379
ENSMUSG00000024601.10,NA,2705.985146279439,-0.6764939047534615,0.06779674365561915,-9.978265448703334,1.897548391935006e-23,2.9852374513120905e-21,DOWN,ENSMUSG00000024601
ENSMUSG00000020696.19,NA,1406.5552430407226,0.6684588271469462,0.06729947729809103,9.932600578547245,3.00318987341233e-23,4.6804854513106555e-21,UP,ENSMUSG00000020696
ENSMUSG00000042349.14,NA,6716.568232594179,-0.6632022921226318,0.06678583131983815,-9.93028429857447,3.073778963091222e-23,4.746142406343446e-21,DOWN,ENSMUSG00000042349
ENSMUSG00000069008.4,Gm5537,83796.92986477146,0.6175182137739097,0.062265601164437565,9.917485774257644,3.4944763564631225e-23,5.346228231227433e-21,UP,ENSMUSG00000069008
ENSMUSG00000068877.13,NA,608.9135369163872,1.2288537227673435,0.12402618851753953,9.90801811662189,3.8419139233130785e-23,5.824341507742627e-21,UP,ENSMUSG00000068877
ENSMUSG00000066632.4,Pgk1-rs7,85274.60701059476,0.6162331164440057,0.06250600242182726,9.85878303791214,6.280597572797371e-23,9.435607668826031e-21,UP,ENSMUSG00000066632
ENSMUSG00000083761.2,Pgam1-ps1,3744.947839741801,0.658704582128272,0.0668231719362006,9.857427641375208,6.365937870271028e-23,9.478426778985684e-21,UP,ENSMUSG00000083761
ENSMUSG00000036833.17,NA,1045.5987206369985,-0.8446132552508971,0.0858191124556016,-9.841785018318113,7.437927329509259e-23,1.0880252293587405e-20,DOWN,ENSMUSG00000036833
ENSMUSG00000030774.14,NA,926.8489676835306,-0.6382699452790774,0.06484996407359934,-9.842255957993961,7.403185036707113e-23,1.0880252293587405e-20,DOWN,ENSMUSG00000030774
ENSMUSG00000031530.7,Dusp4,1086.4909769213186,1.2055106505111506,0.12253518054114096,9.838077890670775,7.717106146954045e-23,1.1190474965791796e-20,UP,ENSMUSG00000031530
ENSMUSG00000029217.17,NA,1763.7715258502026,0.7063338861785803,0.07213135237019246,9.792328342237841,1.2146603166929475e-22,1.7461789173423788e-20,UP,ENSMUSG00000029217
ENSMUSG00000061313.11,NA,634.3804480260005,-0.7905674994129132,0.08089685884990533,-9.772536420477325,1.477070272292947e-22,2.0874257509116257e-20,DOWN,ENSMUSG00000061313
ENSMUSG00000097855.11,NA,313.5734644609304,0.9273412153589523,0.09498538013422188,9.762988936282042,1.6229996887354337e-22,2.2743817486850497e-20,UP,ENSMUSG00000097855
ENSMUSG00000059878.13,NA,447.6953247036958,-0.7789630501384952,0.08005636685253724,-9.730182379789165,2.241906380230106e-22,3.115502566393104e-20,DOWN,ENSMUSG00000059878
ENSMUSG00000035828.12,NA,830.2470249675009,1.0756791937907442,0.11093831495606751,9.696191926267511,3.1296184229540323e-22,4.313183208362102e-20,UP,ENSMUSG00000035828
ENSMUSG00000026192.14,NA,1296.8718330003014,-0.8217499282372296,0.08481357524400658,-9.68889621588378,3.361416837502379e-22,4.59467108050735e-20,DOWN,ENSMUSG00000026192
ENSMUSG00000073775.5,Kti12,236.74393882616266,-1.4460904980978277,0.14959971459431146,-9.666398776357127,4.188582415874924e-22,5.678764257490262e-20,DOWN,ENSMUSG00000073775
ENSMUSG00000025980.15,NA,3849.3958533951036,-0.788374681674772,0.08183672167197925,-9.633507618190796,5.772465932850893e-22,7.763035636792056e-20,DOWN,ENSMUSG00000025980
ENSMUSG00000028965.14,NA,171.84810107069714,1.90938893289616,0.19832721932254585,9.627467875656846,6.121941761701951e-22,8.167160065451338e-20,UP,ENSMUSG00000028965
ENSMUSG00000028885.9,Smpdl3b,2681.464549926124,0.6826994195942596,0.07105542690689391,9.607984207720284,7.398313815326939e-22,9.714510329479687e-20,UP,ENSMUSG00000028885
ENSMUSG00000031657.17,NA,591.5747542226306,-1.044403995678346,0.10869614128219934,-9.608473524067804,7.363245270731328e-22,9.714510329479687e-20,DOWN,ENSMUSG00000031657
ENSMUSG00000030406.8,Gipr,87.19600171195916,1.9669772092742561,0.20517232021959905,9.5869521150268735,9.072548316326638e-22,1.1819829353364298e-19,UP,ENSMUSG00000030406
ENSMUSG00000097754.4,Ptgs2os2,279.5258159848457,1.6729567104673395,0.1747905024516201,9.571210603564651,1.0566110082693667e-21,1.365894974720927e-19,UP,ENSMUSG00000097754
ENSMUSG00000015850.12,NA,169.58513780143426,1.3542835988931283,0.14188366656538107,9.545028202869737,1.3607057434440032e-21,1.7454714598209383e-19,UP,ENSMUSG00000015850
ENSMUSG00000032231.15,NA,56276.71030923408,0.6474472778332695,0.06795926967525098,9.526989929808694,1.6190972509431445e-21,2.0610737218876242e-19,UP,ENSMUSG00000032231
ENSMUSG00000047139.10,NA,264.97571549192,1.4439755793434161,0.151770230569227,9.514221424897784,1.830786590820691e-21,2.3128937264034727e-19,UP,ENSMUSG00000047139
ENSMUSG00000054309.10,NA,1646.4123081210007,-0.5331636955370187,0.05608715481714526,-9.505985769383974,1.9816215275478262e-21,2.48462560852538e-19,DOWN,ENSMUSG00000054309
ENSMUSG00000000530.17,NA,4808.603277120076,0.5250573793257628,0.055240001808307154,9.505021037975474,2.0000758022923515e-21,2.4890495581363623e-19,UP,ENSMUSG00000000530
ENSMUSG00000021123.13,NA,73.30952372657656,1.8716236033229092,0.19697902377727083,9.501639146304235,2.0661205138798843e-21,2.552194495515626e-19,UP,ENSMUSG00000021123
ENSMUSG00000062937.8,Mtap,791.4701586027868,-0.753166022789298,0.07930437910293671,-9.497155533008991,2.1570173049515477e-21,2.644883865983236e-19,DOWN,ENSMUSG00000062937
ENSMUSG00000022018.8,Rgcc,113.56562779928394,1.5788602050366833,0.16633441447888261,9.492083823922869,2.264611595295407e-21,2.7565447418354896e-19,UP,ENSMUSG00000022018
ENSMUSG00000005732.15,NA,1519.7779392435332,-0.9477963225780554,0.10011888691847799,-9.466708547706892,2.888004954746547e-21,3.489881929373436e-19,DOWN,ENSMUSG00000005732
ENSMUSG00000025357.9,Dgka,839.1719535794106,0.7901296440888609,0.08354170114607633,9.457907048209188,3.1416837869351322e-21,3.7691164626568535e-19,UP,ENSMUSG00000025357
ENSMUSG00000024986.13,NA,467.34037997096425,-0.8087061393639938,0.08551384086615692,-9.457020421170775,3.168429053056964e-21,3.774051634912709e-19,DOWN,ENSMUSG00000024986
ENSMUSG00000025139.15,NA,4474.468345970629,0.5070913310472902,0.05365253969419574,9.451394732431437,3.3434551478093794e-21,3.9542878046006533e-19,UP,ENSMUSG00000025139
ENSMUSG00000039953.14,NA,210.045786432975,-1.679045971483794,0.17771344948967294,-9.448052335405063,3.451937498060612e-21,4.0538387125111805e-19,DOWN,ENSMUSG00000039953
ENSMUSG00000074622.5,Mafb,2168.036163731501,-0.7639354659352232,0.08097668941515611,-9.434017017152103,3.946774235261533e-21,4.602545954351142e-19,DOWN,ENSMUSG00000074622
ENSMUSG00000059412.8,Fxyd2,81.93144395874549,2.1978748152168914,0.2331430698218266,9.427150534204422,4.2138053543861716e-21,4.879820700676653e-19,UP,ENSMUSG00000059412
ENSMUSG00000005973.7,Rcn1,410.5109177676443,-1.5009216757009616,0.1594474508721932,-9.413268556447738,4.8094340659344884e-21,5.531180860932657e-19,DOWN,ENSMUSG00000005973
ENSMUSG00000097471.11,NA,505.1638385296768,0.8270493479926995,0.08798294290915222,9.400110074138786,5.450601947807298e-21,6.225632745317431e-19,UP,ENSMUSG00000097471
ENSMUSG00000004296.15,NA,2285.4109241521205,1.5190487902833643,0.16254601951205894,9.345345981669329,9.158953279895618e-21,1.039011597928839e-18,UP,ENSMUSG00000004296
ENSMUSG00000053581.14,NA,2941.511186341032,0.5850184922361623,0.06274538309142132,9.323689862308726,1.123631462289412e-20,1.26605934223907e-18,UP,ENSMUSG00000053581
ENSMUSG00000022476.9,Polr3h,220.04359058188112,-1.0781216746821467,0.11565295545473711,-9.32204171041776,1.1412272860980708e-20,1.277255451206136e-18,DOWN,ENSMUSG00000022476
ENSMUSG00000030243.17,NA,362.5065682459977,-1.0003745474747339,0.10738124296234895,-9.316101396083624,1.2069373087230614e-20,1.3417924373510515e-18,DOWN,ENSMUSG00000030243
ENSMUSG00000021175.16,NA,398.3364185091506,-0.7121168507119238,0.07645296972182136,-9.314443288507993,1.225937477552742e-20,1.3538896275277833e-18,DOWN,ENSMUSG00000021175
ENSMUSG00000073755.5,5730409E04Rik,300.66923705321864,-0.8690264513304287,0.09338214677147778,-9.306130576084165,1.3257428255634378e-20,1.4544794315194665e-18,DOWN,ENSMUSG00000073755
ENSMUSG00000029380.12,NA,630.8992268891492,1.7388630531441747,0.18748249589288485,9.274802134795808,1.779490173190669e-20,1.92693364468361e-18,UP,ENSMUSG00000029380
ENSMUSG00000028617.11,NA,1133.550346146628,0.6381668588082621,0.06885452778017956,9.268335422263466,1.890734909465329e-20,2.0341867967899244e-18,UP,ENSMUSG00000028617
ENSMUSG00000089809.10,NA,2032.236109428575,0.9087239349577843,0.09806335255905374,9.26670271048046,1.9198922708650683e-20,2.0523156095478127e-18,UP,ENSMUSG00000089809
ENSMUSG00000026730.13,NA,169.08530206457337,-1.1251125181939852,0.12160925211678432,-9.251866108949608,2.2060693748816736e-20,2.3432110124539355e-18,DOWN,ENSMUSG00000026730
ENSMUSG00000020732.14,NA,69.9083827785595,1.3602701794737053,0.14715504606946295,9.243788886665868,2.3791974402975638e-20,2.5111073743292515e-18,UP,ENSMUSG00000020732
ENSMUSG00000026358.14,NA,1332.9087462403943,1.4683755272091907,0.15907243162684367,9.230861137860424,2.6846477283874165e-20,2.815672045194249e-18,UP,ENSMUSG00000026358
ENSMUSG00000026456.19,NA,1773.4653226389187,-0.5273600424482567,0.057163405389634804,-9.22548331145927,2.822849522642127e-20,2.9421149149737566e-18,DOWN,ENSMUSG00000026456
ENSMUSG00000028417.4,Tal2,42.63160815829957,2.030158469014362,0.22028229117826437,9.216167392100747,3.07909322060508e-20,3.169565342395698e-18,UP,ENSMUSG00000028417
ENSMUSG00000022529.12,NA,2370.0512792213244,0.5189116428427626,0.056303776766539845,9.216284815038215,3.075724524532188e-20,3.169565342395698e-18,UP,ENSMUSG00000022529
ENSMUSG00000028793.16,NA,8179.4099991257,0.6308142882822699,0.06848165943004082,9.21143403259225,3.2179665538394477e-20,3.292196947964824e-18,UP,ENSMUSG00000028793
ENSMUSG00000030108.15,NA,75.33519395236465,1.4442313723353912,0.15690690537946453,9.204383764007416,3.436372747398934e-20,3.494204386318575e-18,UP,ENSMUSG00000030108
ENSMUSG00000025429.10,NA,2224.5487794870714,0.7524072219165225,0.0818154974208767,9.196389994990513,3.701772239274597e-20,3.7412578098268595e-18,UP,ENSMUSG00000025429
ENSMUSG00000021125.7,Arg2,208.86247750804057,1.5211335047067962,0.16559818104381546,9.18568969247507,4.0889848857784074e-20,4.107705539472332e-18,UP,ENSMUSG00000021125
ENSMUSG00000050914.17,NA,1976.3020617737536,1.3392037060632005,0.14608778532345368,9.167116217814261,4.85841880423016e-20,4.8514366454695895e-18,UP,ENSMUSG00000050914
ENSMUSG00000001918.18,NA,640.4155454281066,-0.7611917950743748,0.083064691418107,-9.163843049062903,5.008128440255929e-20,4.971163682720707e-18,DOWN,ENSMUSG00000001918
ENSMUSG00000034765.7,Dusp5,460.7193366801768,1.0341821850331894,0.11313391074898048,9.1412219217615,6.175060544744695e-20,6.093213588411985e-18,UP,ENSMUSG00000034765
ENSMUSG00000001473.8,Tubb6,6203.561012491326,0.6322609974960137,0.06929301368700898,9.124455177427933,7.209798029145888e-20,7.072387760825696e-18,UP,ENSMUSG00000001473
ENSMUSG00000031712.11,NA,2677.8148995275337,0.9034168809895704,0.09913138881181692,9.113328198241472,7.98926802002026e-20,7.791171549816249e-18,UP,ENSMUSG00000031712
ENSMUSG00000036427.6,Gpi1,47916.60122144611,0.6303976825372246,0.06932307741189671,9.093619413223575,9.579574523691799e-20,9.259662568695846e-18,UP,ENSMUSG00000036427
ENSMUSG00000025237.17,NA,545.0315246216472,0.6762127963281761,0.07447057866750106,9.080267783970841,1.0830805048142829e-19,1.038014396453045e-17,UP,ENSMUSG00000025237
ENSMUSG00000027367.17,NA,5093.658890619346,0.5366805565186739,0.05911621567453718,9.078398378430633,1.1018421222981333e-19,1.0499610989396383e-17,UP,ENSMUSG00000027367
ENSMUSG00000002228.8,Ppm1j,76.16384671285948,1.393762721258726,0.15421812794053374,9.037606278012651,1.6013999045188254e-19,1.517326409531587e-17,UP,ENSMUSG00000002228
ENSMUSG00000029036.19,NA,351.71783157858425,-1.0311003462910602,0.11412049293566895,-9.035190085204972,1.637176433627488e-19,1.533795180178202e-17,DOWN,ENSMUSG00000029036
ENSMUSG00000021886.8,Gpr65,786.7270643531888,-0.8212499659708855,0.09088934672770027,-9.035712055795797,1.6293813418691819e-19,1.533795180178202e-17,DOWN,ENSMUSG00000021886
ENSMUSG00000040356.17,NA,1518.0937959941505,-0.6955791741072408,0.07701058701295649,-9.032253889847826,1.6817170964446116e-19,1.5667214692910806e-17,DOWN,ENSMUSG00000040356
ENSMUSG00000029672.17,NA,537.1799100341582,-0.7906212366393736,0.08814861685909896,-8.969184824568956,2.987169437978929e-19,2.7674465304298122e-17,DOWN,ENSMUSG00000029672
ENSMUSG00000005034.16,NA,3633.345880921122,-0.7096416314562326,0.07917503627820562,-8.962946716723824,3.1611534378334013e-19,2.8964502598521864e-17,DOWN,ENSMUSG00000005034
ENSMUSG00000138269.1,ENSMUSG00000138269,1327.5128934068678,-0.9326163261227606,0.10405102807457921,-8.963066904579762,3.1577085869314437e-19,2.8964502598521864e-17,DOWN,ENSMUSG00000138269
ENSMUSG00000053907.11,NA,2450.0478611409126,-1.4885380488334092,0.1664164067908646,-8.944659228846673,3.7309911669511916e-19,3.381413516308591e-17,DOWN,ENSMUSG00000053907
ENSMUSG00000013495.16,NA,481.0595547773881,-0.7428076469836618,0.08311196443953833,-8.93743340074742,3.983136184990685e-19,3.571117151661541e-17,DOWN,ENSMUSG00000013495
ENSMUSG00000029413.15,NA,898.0804378144535,-0.671399761818879,0.07519146344711362,-8.92920194712146,4.2909293995649126e-19,3.826499393964945e-17,DOWN,ENSMUSG00000029413
ENSMUSG00000019970.16,NA,1494.9033954376152,0.7871340931206742,0.08817089871455398,8.927368378867907,4.362627366960779e-19,3.869743296353083e-17,UP,ENSMUSG00000019970
ENSMUSG00000059108.5,Ifitm6,3938.1842978183427,1.014227476118185,0.113718712883846,8.918738617400043,4.716290325170024e-19,4.161315209657953e-17,UP,ENSMUSG00000059108
ENSMUSG00000021493.16,NA,635.4028997271807,0.9554045991926433,0.10716651485529538,8.915141081920089,4.871955694220725e-19,4.276038587201306e-17,UP,ENSMUSG00000021493
ENSMUSG00000032860.6,P2ry2,1652.2139909135617,0.6849313181797808,0.07688465436996468,8.908556899845442,5.170109941719172e-19,4.513966145974289e-17,UP,ENSMUSG00000032860
ENSMUSG00000082016.4,Pgam1-ps2,29622.8269984408,0.6456595201676857,0.07265493448284949,8.886657523861595,6.297474538104555e-19,5.469619031116227e-17,UP,ENSMUSG00000082016
ENSMUSG00000026712.4,Mrc1,19242.819726364745,-1.1652817113726017,0.13133765205429662,-8.872411628699284,7.157864089564629e-19,6.184691272413458e-17,DOWN,ENSMUSG00000026712
ENSMUSG00000022793.18,NA,189.25817412074645,-0.9308158479055318,0.10494258070454379,-8.869763271080197,7.330156230510486e-19,6.300911613401694e-17,DOWN,ENSMUSG00000022793
ENSMUSG00000028431.12,NA,831.6457746439182,-0.8001850013817228,0.09035745511667015,-8.855771782732466,8.310676113348549e-19,7.107119736728225e-17,DOWN,ENSMUSG00000028431
ENSMUSG00000111133.2,Gm5831,862.5959872893555,0.7506841442400924,0.0848162935801751,8.85070677523165,8.696677468224435e-19,7.399275176536259e-17,UP,ENSMUSG00000111133
ENSMUSG00000140766.1,Gm7931,812.1884908871255,-1.033771950370696,0.11705104666421859,-8.831804412106212,1.0300043830324919e-18,8.71896096012682e-17,DOWN,ENSMUSG00000140766
ENSMUSG00000029919.6,Hpgds,1905.9925293175136,-0.6190789029576754,0.07014056002893848,-8.826261191844731,1.0823309564620944e-18,9.115631833314085e-17,DOWN,ENSMUSG00000029919
ENSMUSG00000005057.14,NA,654.3536925901267,1.1314582392494792,0.12851187199776787,8.804309062349754,1.316611258231057e-18,1.0977904671130552e-16,UP,ENSMUSG00000005057
ENSMUSG00000033446.8,Lpar6,369.1147352830042,-1.2356840645053564,0.14062549775184696,-8.78705557854018,1.5353083537122809e-18,1.2674654508171284e-16,DOWN,ENSMUSG00000033446
ENSMUSG00000048807.3,Slc35e4,1360.5631866374536,0.7258064205758945,0.08271593292068888,8.7746869913421,1.713798800587587e-18,1.4009465097352254e-16,UP,ENSMUSG00000048807
ENSMUSG00000028790.14,NA,3307.5665136565904,-0.5946993039787016,0.06782446846795565,-8.768211788636034,1.815261444957378e-18,1.4694805755392834e-16,DOWN,ENSMUSG00000028790
ENSMUSG00000023206.17,NA,623.3451905497013,0.8595528424016569,0.09804529999609941,8.766894919347004,1.8366104911651794e-18,1.4795805096942288e-16,UP,ENSMUSG00000023206
ENSMUSG00000047123.9,Ticam1,2194.7450890170426,0.8340266163363362,0.09528239298156801,8.753208124167024,2.073717509135117e-18,1.662563133766212e-16,UP,ENSMUSG00000047123
ENSMUSG00000026819.16,NA,787.2987457284789,0.7328138102303142,0.0838330845898088,8.741343752480736,2.3035394747194698e-18,1.8205603924370558e-16,UP,ENSMUSG00000026819
ENSMUSG00000028459.12,NA,8660.687980073859,0.647688514335402,0.07409148820240169,8.741739841505938,2.2954759720373827e-18,1.8205603924370558e-16,UP,ENSMUSG00000028459
ENSMUSG00000028673.11,NA,8276.892126809787,0.5334585541157126,0.06105215031396016,8.737752091816693,2.377946217898064e-18,1.865490247106327e-16,UP,ENSMUSG00000028673
ENSMUSG00000035960.15,NA,750.4709084083955,-0.9892401918269369,0.11321745758575466,-8.73752346079361,2.3827621889760593e-18,1.865490247106327e-16,DOWN,ENSMUSG00000035960
ENSMUSG00000032035.17,NA,272.75265935669944,1.1507308864403225,0.1318430764544499,8.728034246363217,2.5913719331783508e-18,2.0193326335365504e-16,UP,ENSMUSG00000032035
ENSMUSG00000027398.14,NA,43216.81627437193,1.9728021739554162,0.22620914789519353,8.721142324754473,2.754089918678043e-18,2.136148999250002e-16,UP,ENSMUSG00000027398
ENSMUSG00000139999.1,ENSMUSG00000139999,489.89202278053136,0.9678397043915192,0.11104680963250858,8.7156011739052,2.8921978536763887e-18,2.232883861477197e-16,UP,ENSMUSG00000139999
ENSMUSG00000102463.2,1700003N22Rik,277.0558007475336,0.9318247093843112,0.10698625599475092,8.709760900783643,3.045164349504719e-18,2.3401456540249167e-16,UP,ENSMUSG00000102463
ENSMUSG00000023951.19,NA,3717.862352374108,0.9112280762732481,0.10479271395974125,8.695528933655819,3.4521782489257442e-18,2.6407580036277845e-16,UP,ENSMUSG00000023951
ENSMUSG00000075232.7,Amd1,1962.538603416914,-0.6379596928169134,0.07342162147450862,-8.688989428521513,3.6567768110263265e-18,2.784493611902969e-16,DOWN,ENSMUSG00000075232
ENSMUSG00000019432.16,NA,3524.8388281688194,-0.5025023220564097,0.05787515937276058,-8.682521612077261,3.8708962864672145e-18,2.9341393851421485e-16,DOWN,ENSMUSG00000019432
ENSMUSG00000044986.11,NA,140.26583201125283,1.0673988678841522,0.12295849621341083,8.680968788293729,3.924118348073473e-18,2.9610225145915494e-16,UP,ENSMUSG00000044986
ENSMUSG00000036353.14,NA,239.50516953267905,-1.518942828490619,0.17550576300020582,-8.654660693329129,4.943801915635564e-18,3.713641475006246e-16,DOWN,ENSMUSG00000036353
ENSMUSG00000025153.10,NA,1044.1083706158354,-1.3510187986659186,0.15630166702214335,-8.643662120855812,5.443938523224924e-18,4.0709918750358216e-16,DOWN,ENSMUSG00000025153
ENSMUSG00000022218.17,NA,374.77163759356756,1.13856085314031,0.1320297646259296,8.623516495436556,6.4928818082239826e-18,4.833718617586747e-16,UP,ENSMUSG00000022218
ENSMUSG00000035678.9,Tnfsf9,1229.6651636031686,0.7568856128336796,0.08780920960656904,8.619660924234726,6.715266553564487e-18,4.977057113210729e-16,UP,ENSMUSG00000035678
ENSMUSG00000039176.18,NA,700.427520013756,-0.7000265854487925,0.08143116129496063,-8.59654429970795,8.215242136194512e-18,6.061830878901756e-16,DOWN,ENSMUSG00000039176
ENSMUSG00000134447.1,ENSMUSG00000134447,518.4322926065794,1.0252636535673627,0.1193133675818022,8.593032569166517,8.470351567709567e-18,6.222536684719151e-16,UP,ENSMUSG00000134447
ENSMUSG00000115505.2,Gm9247,1233.9739664325948,0.734231982342583,0.08548605427149847,8.58890948470621,8.779865106747635e-18,6.393582118782689e-16,UP,ENSMUSG00000115505
ENSMUSG00000062070.13,NA,129798.62191198279,0.5607351939303684,0.06532644055044158,8.58358712346188,9.195959954840367e-18,6.667470791605128e-16,UP,ENSMUSG00000062070
ENSMUSG00000044701.6,Il27,1873.0002914886438,1.0106448646848658,0.11795672335999424,8.567929287086592,1.053624605806539e-17,7.606166201917682e-16,UP,ENSMUSG00000044701
ENSMUSG00000028126.17,NA,1805.133008910023,0.532562116815209,0.062163121730261346,8.567171370931247,1.060579983496409e-17,7.623375777925051e-16,UP,ENSMUSG00000028126
ENSMUSG00000070031.12,NA,9368.351672107181,0.7415719479760791,0.08661013112254091,8.562184797144125,1.1074849660578438e-17,7.926360212008843e-16,UP,ENSMUSG00000070031
ENSMUSG00000015016.9,Acsf3,299.33328549196005,-0.7786877035405274,0.09098979632093593,-8.557967321895834,1.148749128545488e-17,8.18655575539511e-16,DOWN,ENSMUSG00000015016
ENSMUSG00000026875.15,NA,7034.404699874116,0.6496071685713446,0.07595211806526504,8.552851258382846,1.2008460156885797e-17,8.521407726647981e-16,UP,ENSMUSG00000026875
ENSMUSG00000003038.16,NA,3236.5863787819635,-0.6490508878368942,0.07589373173666758,-8.552101378924675,1.208675436370096e-17,8.532845267945931e-16,DOWN,ENSMUSG00000003038
ENSMUSG00000042055.14,NA,1371.8804509643774,-0.584652715345911,0.06836669251155278,-8.551718590849116,1.2126914898675855e-17,8.532845267945931e-16,DOWN,ENSMUSG00000042055
ENSMUSG00000040722.8,Scamp5,1623.393640955595,-0.5247089679556125,0.0613988948036686,-8.54590248950639,1.2753566831160161e-17,8.93607060825323e-16,DOWN,ENSMUSG00000040722
ENSMUSG00000035105.6,Egln3,3476.2617679811237,1.1563397318803832,0.13542261720893262,8.538748960200348,1.3568279276653268e-17,9.46713913043807e-16,UP,ENSMUSG00000035105
ENSMUSG00000140914.1,ENSMUSG00000140914,275.7293147115612,1.249607422753611,0.14664009239621661,8.52159462213931,1.573713668509584e-17,1.0934687140027426e-15,UP,ENSMUSG00000140914
ENSMUSG00000070348.6,Ccnd1,5529.138104186235,-1.083732959250069,0.12768212786843633,-8.48774199915236,2.1069067651105374e-17,1.4578745732358224e-15,DOWN,ENSMUSG00000070348
ENSMUSG00000004393.11,NA,1005.266054115746,-0.7292738786541207,0.08594609187863105,-8.485247702524582,2.1525969265496782e-17,1.4833349730224145e-15,DOWN,ENSMUSG00000004393
ENSMUSG00000027164.9,Traf6,1466.5537004312162,0.8031890632773954,0.09474330575849446,8.47752837888901,2.300282651845699e-17,1.5721112091056915e-15,UP,ENSMUSG00000027164
ENSMUSG00000040435.13,NA,2771.0779243399634,1.0861480086395174,0.1282560576612263,8.468590321935928,2.4838059654174563e-17,1.6906101338490407e-15,UP,ENSMUSG00000040435
ENSMUSG00000026317.8,Cln8,5680.677668611372,0.5737684385031951,0.06785054435991261,8.456357187934197,2.7585974672347858e-17,1.870015096081597e-15,UP,ENSMUSG00000026317
ENSMUSG00000021711.18,NA,1103.5937609712448,-0.6590842379275096,0.07797808003447096,-8.452173195802654,2.8593001571311146e-17,1.9304327700533794e-15,DOWN,ENSMUSG00000021711
ENSMUSG00000040463.17,NA,2600.1144699048086,-0.7497446872896271,0.08871648831367687,-8.451018537148787,2.887723978043378e-17,1.9339632553353962e-15,DOWN,ENSMUSG00000040463
ENSMUSG00000067150.7,Xpo5,941.1883342904018,-0.6979118365483651,0.08258221970128866,-8.451115010868065,2.885338485072483e-17,1.9339632553353962e-15,DOWN,ENSMUSG00000067150
ENSMUSG00000028583.15,NA,1579.798435395778,0.8109027952738874,0.09606492608903101,8.441195223763138,3.1410901532404204e-17,2.0952327758174897e-15,UP,ENSMUSG00000028583
ENSMUSG00000004359.17,NA,207.00743908713525,1.0814201320567283,0.12831857002347563,8.427619882756522,3.5276680319304274e-17,2.3437208008156096e-15,UP,ENSMUSG00000004359
ENSMUSG00000021831.10,NA,13944.32236712847,0.8350181273750038,0.09920613093052605,8.417001243197017,3.86243580187207e-17,2.5458489894078514e-15,UP,ENSMUSG00000021831
ENSMUSG00000020528.15,NA,694.1783031490503,-0.5950763383994351,0.07086724904292768,-8.397057123509462,4.5780736662753403e-17,3.005667577118408e-15,DOWN,ENSMUSG00000020528
ENSMUSG00000021646.10,NA,276.6192725104274,-0.8611149396568677,0.10262037959258695,-8.391266365175992,4.8093330235728476e-17,3.13282958988675e-15,DOWN,ENSMUSG00000021646
ENSMUSG00000139315.1,ENSMUSG00000139315,517.9862332783438,1.0094974585125076,0.12044198175795234,8.381607839542662,5.2209536351330705e-17,3.387728514376618e-15,UP,ENSMUSG00000139315
ENSMUSG00000040451.19,NA,2014.0583273214138,0.5188466578607378,0.0619337755542455,8.377442731652929,5.4090069351193806e-17,3.4961472732577825e-15,UP,ENSMUSG00000040451
ENSMUSG00000026773.20,NA,10050.104783619297,0.8173734282215168,0.09769722135566054,8.366393812224409,5.940840976358182e-17,3.825075834816565e-15,UP,ENSMUSG00000026773
ENSMUSG00000016496.8,Cd274,13077.235920419635,1.0295910992628146,0.12313292356051424,8.361623110140947,6.186119729587048e-17,3.9676820234843705e-15,UP,ENSMUSG00000016496
ENSMUSG00000031504.7,Rab20,3420.8720269420255,0.6534818119716697,0.07820630525374728,8.355871177539843,6.495156157418679e-17,4.13409252217992e-15,UP,ENSMUSG00000031504
ENSMUSG00000021830.15,NA,758.8560417414479,-0.6816238017047958,0.08157139628922162,-8.35616199688446,6.479172035419887e-17,4.13409252217992e-15,DOWN,ENSMUSG00000021830
ENSMUSG00000038065.14,NA,94.05800509529358,1.446528611219839,0.17379767387869494,8.323060826633782,8.572042862105059e-17,5.4146737412296955e-15,UP,ENSMUSG00000038065
ENSMUSG00000047407.18,NA,2178.5084173775845,0.5321124064478695,0.06406568106821335,8.305732454187252,9.92055466537431e-17,6.242836588671019e-15,UP,ENSMUSG00000047407
ENSMUSG00000037820.16,NA,8806.66820207402,0.9276576480138276,0.11187281015834179,8.292074246645326,1.112904226149374e-16,6.976989050852242e-15,UP,ENSMUSG00000037820
ENSMUSG00000015396.5,Cd83,1060.583285102217,1.353962928897305,0.16347948530272022,8.28215801138674,1.20962941663375e-16,7.526783638725528e-15,UP,ENSMUSG00000015396
ENSMUSG00000039942.16,NA,579.4544038521138,-0.6347160173577427,0.0766350656972023,-8.282318434561141,1.208000532660185e-16,7.526783638725528e-15,DOWN,ENSMUSG00000039942
ENSMUSG00000039232.13,NA,1656.901072482793,0.6407054059738372,0.07737096722898616,8.28095381149383,1.2219258028874937e-16,7.575031482881726e-15,UP,ENSMUSG00000039232
ENSMUSG00000018736.15,NA,4000.5164748312573,0.5419253658314637,0.06550762213778442,8.272707024712536,1.3095120666400305e-16,8.087934527144129e-15,UP,ENSMUSG00000018736
ENSMUSG00000036327.19,NA,474.93973727597677,-0.8045713169825515,0.09731159795150227,-8.26798998186763,1.3623633779739136e-16,8.383310587119183e-15,DOWN,ENSMUSG00000036327
ENSMUSG00000049307.7,Fut4,125.7506540504424,-1.192264984450127,0.14423279330158575,-8.266254553894289,1.3823323035426968e-16,8.474916725690446e-15,DOWN,ENSMUSG00000049307
ENSMUSG00000095545.9,Zfp969,530.2823876975824,-0.6760891561266805,0.0819407603802522,-8.250950479214964,1.5713966161233726e-16,9.598758230942623e-15,DOWN,ENSMUSG00000095545
ENSMUSG00000048458.9,Inka2,63.03740802907939,-1.611760433940709,0.19550364073445947,-8.244145366734442,1.663448304474193e-16,1.0123964936281622e-14,DOWN,ENSMUSG00000048458
ENSMUSG00000049086.9,Bmyc,98.07794175818894,-1.5547222203970217,0.18873080468555412,-8.23777667343366,1.7544027029117605e-16,1.0638697990456916e-14,DOWN,ENSMUSG00000049086
ENSMUSG00000019132.12,NA,13762.995785487603,-0.7169551499758009,0.08706933045655771,-8.23430186285305,1.8060776102945857e-16,1.0912373271475547e-14,DOWN,ENSMUSG00000019132
ENSMUSG00000030745.10,NA,3628.5109826841626,-0.5631912931122859,0.06847044523502967,-8.225319569327931,1.9467111494601281e-16,1.1719622790035053e-14,DOWN,ENSMUSG00000030745
ENSMUSG00000023175.16,NA,22797.19935671379,0.6036903278952893,0.07348056530208769,8.215646210851043,2.110247579743306e-16,1.2658449151006968e-14,UP,ENSMUSG00000023175
ENSMUSG00000064360.1,mt-Nd3,3110.5458559021527,-1.8134235523154834,0.22103062402840706,-8.20439955000272,2.3174618755245217e-16,1.3851610837364488e-14,DOWN,ENSMUSG00000064360
ENSMUSG00000037960.12,NA,9890.195654493424,0.7642169215141923,0.09315921100042637,8.20334257136092,2.3379375492052957e-16,1.3924088060909826e-14,UP,ENSMUSG00000037960
ENSMUSG00000033083.17,NA,123.90660898289885,-1.5608052655408302,0.19034114058525145,-8.20004157136888,2.403039157636668e-16,1.4210312408776269e-14,DOWN,ENSMUSG00000033083
ENSMUSG00000078898.11,NA,538.7987323961052,-0.6528745145830714,0.07986800125373136,-8.17441909568971,2.972947375049724e-16,1.7456644516313098e-14,DOWN,ENSMUSG00000078898
ENSMUSG00000025403.6,Shmt2,1165.8011807807618,-0.7132314202916582,0.08725117452059998,-8.174462111375526,2.97188698150632e-16,1.7456644516313098e-14,DOWN,ENSMUSG00000025403
ENSMUSG00000042622.15,NA,463.79427070738427,0.7903652250649417,0.09683254390934268,8.162185905235575,3.2901528714031515e-16,1.925143483632244e-14,UP,ENSMUSG00000042622
ENSMUSG00000026880.12,NA,22363.291400347,0.6683882808969743,0.081991698957017,8.15190183151794,3.582450642457444e-16,2.0888442976790326e-14,UP,ENSMUSG00000026880
ENSMUSG00000089844.8,Sp140l1,943.338761929495,0.8479311841090532,0.10405438624314838,8.148923026922246,3.671795619205049e-16,2.1334795730265993e-14,UP,ENSMUSG00000089844
ENSMUSG00000024151.14,NA,207.33363794025513,-0.9165504805013912,0.1126110246937931,-8.139083033776085,3.982827681604968e-16,2.3061678617515434e-14,DOWN,ENSMUSG00000024151
ENSMUSG00000026796.17,NA,16259.440707096592,0.8046666918897845,0.09915860012101879,8.11494606527042,4.860006180644988e-16,2.804341282644838e-14,UP,ENSMUSG00000026796
ENSMUSG00000023905.16,NA,372.1655446191661,1.10502460484474,0.13629458755525328,8.10761912608428,5.162124958258311e-16,2.968399855307434e-14,UP,ENSMUSG00000023905
ENSMUSG00000063506.15,NA,1484.979437457343,0.6440489825743241,0.07956087291878983,8.095046710104906,5.72423826612868e-16,3.2803229321636384e-14,UP,ENSMUSG00000063506
ENSMUSG00000009566.13,NA,132.24817377546483,-1.3012601215511133,0.16078068849347715,-8.093385677993941,5.802875776498116e-16,3.313998508523376e-14,DOWN,ENSMUSG00000009566
ENSMUSG00000039384.9,Dusp10,112.91373292736198,0.9374772886728462,0.11606193571931861,8.07738801582647,6.616874539985188e-16,3.765972690402491e-14,UP,ENSMUSG00000039384
ENSMUSG00000027333.19,NA,3017.0904477452505,0.578885968821112,0.07169105465470885,8.074730823939543,6.762565990965148e-16,3.835801036235878e-14,UP,ENSMUSG00000027333
ENSMUSG00000038150.8,Ormdl3,1221.0034598119223,0.6345622619804258,0.0786593552518864,8.067219213129867,7.191735506602598e-16,4.065402756206946e-14,UP,ENSMUSG00000038150
ENSMUSG00000022844.9,Pdia5,235.81019186540325,-0.9499068747904649,0.1178106091378853,-8.062999433936342,7.444486870870492e-16,4.194062941170146e-14,DOWN,ENSMUSG00000022844
ENSMUSG00000003863.19,NA,252.8699365201708,1.0400667929695835,0.12930320398659642,8.043627388207618,8.721745081061321e-16,4.8806651332811605e-14,UP,ENSMUSG00000003863
ENSMUSG00000029254.17,NA,4335.269417046842,0.67897100781104,0.08441667806858552,8.043090812687517,8.760035899024681e-16,4.885697613783798e-14,UP,ENSMUSG00000029254
ENSMUSG00000056458.17,NA,79.99490007671079,1.2154180125510845,0.15115388258723625,8.040931478221367,8.915810629888107e-16,4.956001935467136e-14,UP,ENSMUSG00000056458
ENSMUSG00000019796.13,NA,304.4638425578104,-1.0897431875414538,0.1357823445570483,-8.025661886281567,1.009799939826969e-15,5.575968144554482e-14,DOWN,ENSMUSG00000019796
ENSMUSG00000027185.16,NA,309.7904839355608,-0.8916890604058705,0.11113188203745347,-8.023701606217331,1.0260536951894934e-15,5.6470202709504925e-14,DOWN,ENSMUSG00000027185
ENSMUSG00000031144.16,NA,119.1729166285833,-1.195620064198731,0.14935807338962107,-8.00505816032985,1.1941022218358626e-15,6.550279161623304e-14,DOWN,ENSMUSG00000031144
ENSMUSG00000043822.19,NA,648.2736985380068,0.8172321046990696,0.1022396410144196,7.993299825689034,1.313741105783011e-15,7.18293333771721e-14,UP,ENSMUSG00000043822
ENSMUSG00000052477.16,NA,2649.306342731888,0.7160976468635564,0.0897457547437866,7.979181287270128,1.4730708643083827e-15,8.027754814773396e-14,UP,ENSMUSG00000052477
ENSMUSG00000004951.11,NA,61.62747017148753,1.857719461078279,0.2329893257646038,7.9734101765468415,1.5435480959940138e-15,8.384432589184421e-14,UP,ENSMUSG00000004951
ENSMUSG00000038702.7,Dsel,268.1105977643212,-1.24157955283665,0.15588420179009915,-7.964755495290401,1.65550789306647e-15,8.96339273531703e-14,DOWN,ENSMUSG00000038702
ENSMUSG00000027349.6,Fam98b,1001.1359872825548,-0.6698749654802806,0.08411670323319943,-7.963637895117748,1.6705365294707496e-15,9.015490992056383e-14,DOWN,ENSMUSG00000027349
ENSMUSG00000034487.5,Poglut3,483.4749352337151,-0.6674162729978628,0.08387879781296252,-7.956912716919282,1.7638504704073064e-15,9.457868310132554e-14,DOWN,ENSMUSG00000034487
ENSMUSG00000089716.8,Gm6264,566.3433190276503,0.7959032706878222,0.10003550862590566,7.956207566897015,1.7739270813084553e-15,9.481412823044808e-14,UP,ENSMUSG00000089716
ENSMUSG00000030088.16,NA,918.4876187338775,-0.5906011729827328,0.07424189969784276,-7.955092412592103,1.789978507031021e-15,9.536639483466232e-14,DOWN,ENSMUSG00000030088
ENSMUSG00000003541.7,Ier3,5268.603501544744,0.9495203874141077,0.11981040063330185,7.925191656108895,2.2779471947736423e-15,1.20593801333477e-13,UP,ENSMUSG00000003541
ENSMUSG00000008734.10,NA,423.2714370360114,1.145503554212523,0.14455096153482713,7.924565440794615,2.289455569803146e-15,1.2081949709505463e-13,UP,ENSMUSG00000008734
ENSMUSG00000054263.13,NA,233.4808248646376,-1.4403091258860239,0.18204076940772912,-7.912014053621501,2.532577949022398e-15,1.3322798068737385e-13,DOWN,ENSMUSG00000054263
ENSMUSG00000030688.16,NA,97.63940836406468,1.3462755334882177,0.17017635868451325,7.911060877639605,2.5520468643413732e-15,1.3382997959043e-13,UP,ENSMUSG00000030688
ENSMUSG00000020077.15,NA,18383.979988692714,0.6005030761242229,0.07591540585065085,7.910160913920407,2.570564136369254e-15,1.3437845623226857e-13,UP,ENSMUSG00000020077
ENSMUSG00000040102.11,NA,165.07135904359745,-1.084960213748354,0.13729085617879433,-7.902640015118027,2.730573367598318e-15,1.4229700461896735e-13,DOWN,ENSMUSG00000040102
ENSMUSG00000070713.6,Hmgn2-ps,1225.7295093190476,-0.7804979925769434,0.09883940588755771,-7.896627722194712,2.865506061296351e-15,1.4886348622485343e-13,DOWN,ENSMUSG00000070713
ENSMUSG00000018930.4,Ccl4,31890.517379099514,0.6847779971891992,0.08680076604235672,7.889077809002789,3.0442768181416658e-15,1.5765950378674042e-13,UP,ENSMUSG00000018930
ENSMUSG00000062906.13,NA,226.98627259001697,-0.8715882123321389,0.11054492587519162,-7.884470548346895,3.1587189344831667e-15,1.6307986672272845e-13,DOWN,ENSMUSG00000062906
ENSMUSG00000031762.8,Mt2,5641.733013929182,1.0585194635981403,0.13426895694138172,7.883575531611987,3.1814370937735804e-15,1.6374581782644514e-13,UP,ENSMUSG00000031762
ENSMUSG00000049723.15,NA,14344.50265075187,0.9429977628221026,0.1197241379196468,7.876421406809363,3.368906651712625e-15,1.7286119176602996e-13,UP,ENSMUSG00000049723
ENSMUSG00000032254.11,NA,458.7812115479457,0.9934410792034142,0.12619627148432136,7.872190418294881,3.484852052711139e-15,1.782619411994201e-13,UP,ENSMUSG00000032254
ENSMUSG00000009995.18,NA,790.9526063650991,-0.6638293199959457,0.08433910848178629,-7.8709549098364615,3.5194447780408432e-15,1.7948092085201561e-13,DOWN,ENSMUSG00000009995
ENSMUSG00000063229.16,NA,107218.11069284611,0.6361452745341164,0.08086715976384962,7.866546523852258,3.645651861794136e-15,1.8535027575389944e-13,UP,ENSMUSG00000063229
ENSMUSG00000106874.4,Gm20186,3094.3628322277495,0.6925212500225779,0.0880896326643847,7.861552251682501,3.794021034456981e-15,1.9230727893800796e-13,UP,ENSMUSG00000106874
ENSMUSG00000060260.14,NA,1319.285247958564,0.6239495743024642,0.07947897667305859,7.8504983383104845,4.143873641691365e-15,2.0933826514815805e-13,UP,ENSMUSG00000060260
ENSMUSG00000004558.16,NA,15.258626298280252,3.3223367595707116,0.423219088606797,7.850158107252618,4.155131072441852e-15,2.0933826514815805e-13,UP,ENSMUSG00000004558
ENSMUSG00000026764.16,NA,106.65280845451332,-1.394207605410856,0.1778698916028023,-7.83835641236142,4.564818083967187e-15,2.2928586255493017e-13,DOWN,ENSMUSG00000026764
ENSMUSG00000035704.18,NA,622.9699523327425,-0.636217049271787,0.08130834889135523,-7.824744419812344,5.086892967188826e-15,2.547418231857083e-13,DOWN,ENSMUSG00000035704
ENSMUSG00000021701.9,Plk2,4291.883623880106,1.1712759904683068,0.14999037274587979,7.809007798472063,5.763993420501468e-15,2.877854918571332e-13,UP,ENSMUSG00000021701
ENSMUSG00000039824.5,Myl6b,153.08956881128162,0.9840364273152957,0.12621330711911197,7.79661392111868,6.359041506470827e-15,3.165473915280821e-13,UP,ENSMUSG00000039824
ENSMUSG00000040204.7,Pclaf,985.9548502770632,-2.8845550951820944,0.37047866279114405,-7.78602220557099,6.91518017496355e-15,3.432069779693219e-13,DOWN,ENSMUSG00000040204
ENSMUSG00000006850.9,Tmco6,611.7418267974879,0.7557252948924446,0.09709430306662993,7.783415411858265,7.05923579224432e-15,3.4828347950137956e-13,UP,ENSMUSG00000006850
ENSMUSG00000020328.11,NA,1015.5029156193907,-0.640631560322405,0.08234408938469863,-7.779933752494063,7.25625367093637e-15,3.5694774695143037e-13,DOWN,ENSMUSG00000020328
ENSMUSG00000042406.9,Atf4,10554.2668866255,0.8447613965292878,0.10893548787234114,7.754694205062387,8.855660670757227e-15,4.318040858056945e-13,UP,ENSMUSG00000042406
ENSMUSG00000022674.16,NA,918.8683416565602,-0.7634342431636603,0.0984922175405368,-7.75121387483687,9.101823662025999e-15,4.425131527345351e-13,DOWN,ENSMUSG00000022674
ENSMUSG00000026458.14,NA,322.88450928792327,-0.7680733856621762,0.0991356241457826,-7.747703131749046,9.356957826875607e-15,4.5359485093307443e-13,DOWN,ENSMUSG00000026458
ENSMUSG00000022962.16,NA,1116.0999035815928,-0.6735460378264726,0.08699615337300713,-7.742250797441098,9.76720828333745e-15,4.721100444432908e-13,DOWN,ENSMUSG00000022962
ENSMUSG00000143161.1,ENSMUSG00000143161,978.4012901567979,0.8775550522950689,0.1136042280961179,7.724668940601312,1.1214441784022831e-14,5.404971999721525e-13,UP,ENSMUSG00000143161
ENSMUSG00000003955.9,Fam162a,3356.5207916236145,0.9966045782763074,0.12910564706515887,7.719295018701443,1.1697487219793987e-14,5.621535933062955e-13,UP,ENSMUSG00000003955
ENSMUSG00000056529.8,Ptafr,7579.611823233145,0.8048132080500614,0.10444280063735853,7.705779652965231,1.3004685331652826e-14,6.213929300591477e-13,UP,ENSMUSG00000056529
ENSMUSG00000089715.13,NA,355.2858974133607,-0.8334909361311637,0.10816355464741709,-7.70583898474963,1.2998643988894594e-14,6.213929300591477e-13,DOWN,ENSMUSG00000089715
ENSMUSG00000030203.18,NA,2906.215622983474,0.6708527965106225,0.08717589469918104,7.695393305976872,1.4105959542881571e-14,6.720885181059802e-13,UP,ENSMUSG00000030203
ENSMUSG00000042106.6,Inka1,239.84948824721099,-0.8883773058685742,0.115544442015947,-7.688619983520832,1.4873050089226862e-14,7.066181860055474e-13,DOWN,ENSMUSG00000042106
ENSMUSG00000076441.10,NA,12680.792146383108,0.7006989870551619,0.09116126860425271,7.686367223530213,1.5137162418447956e-14,7.171230695739719e-13,UP,ENSMUSG00000076441
ENSMUSG00000028479.19,NA,301.69459081590105,-0.8484489102569094,0.11039439838077453,-7.685615599175809,1.52263048828034e-14,7.193027201859193e-13,DOWN,ENSMUSG00000028479
ENSMUSG00000018446.9,C1qbp,1327.9179996335138,-0.56866137264802,0.07402324702415602,-7.68219978870217,1.5637969642371363e-14,7.366632252999571e-13,DOWN,ENSMUSG00000018446
ENSMUSG00000021614.17,NA,1595.648366950257,1.2162737047790646,0.15834505142720715,7.681160186671184,1.57654193600026e-14,7.405750232321222e-13,UP,ENSMUSG00000021614
ENSMUSG00000029299.15,NA,160.91277444467124,-1.2585756186462151,0.16394176626669352,-7.676967543455752,1.6289868236112068e-14,7.630613559140586e-13,DOWN,ENSMUSG00000029299
ENSMUSG00000120992.2,D17H6S56E-5,3768.978361604853,-0.6660114519665795,0.08679603892769391,-7.673293161700678,1.6763575498849635e-14,7.830514986521471e-13,DOWN,ENSMUSG00000120992
ENSMUSG00000028327.15,NA,186.23016099097927,-0.9209921750612516,0.12005387696666087,-7.671490486867096,1.7000908994152276e-14,7.909082824257279e-13,DOWN,ENSMUSG00000028327
ENSMUSG00000047242.15,NA,179.77787864535765,-1.0812768177758103,0.14095098547911775,-7.671296614921534,1.7026629490935255e-14,7.909082824257279e-13,DOWN,ENSMUSG00000047242
ENSMUSG00000062593.18,NA,6265.778766641041,0.5341057997100659,0.06964799009708254,7.668646273432646,1.7382106112726668e-14,8.05177782043972e-13,UP,ENSMUSG00000062593
ENSMUSG00000039126.11,NA,427.92575642376283,-0.611577859808575,0.07978976796884285,-7.664865751300222,1.7901835207435414e-14,8.269556895268504e-13,DOWN,ENSMUSG00000039126
ENSMUSG00000020893.18,NA,1154.2907060245786,0.7663184787522183,0.10005411663618968,7.659039972724521,1.873280917441475e-14,8.629511762224872e-13,UP,ENSMUSG00000020893
ENSMUSG00000023094.15,NA,238.59630489529206,-1.0449015816329623,0.1364395569884868,-7.658347803937346,1.8834025970735218e-14,8.652237385343815e-13,DOWN,ENSMUSG00000023094
ENSMUSG00000037148.9,Arhgap10,3069.920935927749,0.5639090350912463,0.07365712640205163,7.655865258891492,1.92014967807397e-14,8.796817591088331e-13,UP,ENSMUSG00000037148
ENSMUSG00000070490.5,Gm10293,75.20421901898447,1.202309506650016,0.1574146133411905,7.637851919402511,2.2087567921256835e-14,1.0091295415202164e-12,UP,ENSMUSG00000070490
ENSMUSG00000073421.7,H2-Ab1,2402.4751370129206,0.8546354229838552,0.11191981608419746,7.6361403448064245,2.238303305573623e-14,1.0198345880804846e-12,UP,ENSMUSG00000073421
ENSMUSG00000031974.9,Abcb10,404.16250031920083,-0.8219645704327596,0.10781682298790612,-7.623713513845236,2.4648007175191e-14,1.1199732088650822e-12,DOWN,ENSMUSG00000031974
ENSMUSG00000028517.9,Plpp3,460.70182864978943,0.9941296317855457,0.1305913869317326,7.612520665740632,2.6880119761317248e-14,1.2147774448231068e-12,UP,ENSMUSG00000028517
ENSMUSG00000022974.13,NA,376.0191388680735,-0.6753918786085907,0.08881878119529733,-7.6041561201286845,2.867689056840108e-14,1.2924752084288012e-12,DOWN,ENSMUSG00000022974
ENSMUSG00000034853.17,NA,348.04942978730077,-0.960172188960166,0.1264299463707855,-7.594499693484292,3.089838822962864e-14,1.3743964050106924e-12,DOWN,ENSMUSG00000034853
ENSMUSG00000028901.14,NA,436.7114116787501,0.5267690555215021,0.0693622314870741,7.594465233138692,3.0906611410350785e-14,1.3743964050106924e-12,UP,ENSMUSG00000028901
ENSMUSG00000062300.15,NA,2132.259093974686,0.6841559684992741,0.09008227097594668,7.594790418660227,3.0829098852423244e-14,1.3743964050106924e-12,UP,ENSMUSG00000062300
ENSMUSG00000032305.16,NA,434.49071146102233,-0.5812566343110606,0.0765700347404005,-7.591176316972118,3.17014229201005e-14,1.4059918314244572e-12,DOWN,ENSMUSG00000032305
ENSMUSG00000037922.14,NA,124.67417161102618,-1.7437606930110094,0.2297662884000097,-7.589279981644756,3.216879939738147e-14,1.4229360709568528e-12,DOWN,ENSMUSG00000037922
ENSMUSG00000098188.2,Sowahc,1174.480776827534,0.5717854082639279,0.07534474469618702,7.588922234318279,3.225772758797105e-14,1.4230948816322888e-12,UP,ENSMUSG00000098188
ENSMUSG00000021371.6,Mcur1,1064.807036783581,-0.5896941748584387,0.07774984942743074,-7.584505683304771,3.337570420746947e-14,1.4685309851286565e-12,DOWN,ENSMUSG00000021371
ENSMUSG00000015745.10,NA,10530.17371270973,0.6203920982106453,0.08191796716401543,7.57333366157026,3.637663996230954e-14,1.5921702047545249e-12,UP,ENSMUSG00000015745
ENSMUSG00000001156.10,NA,4422.404413455264,0.9551934733607975,0.1261968549353933,7.569075107694329,3.758907897369975e-14,1.6409305784435003e-12,UP,ENSMUSG00000001156
ENSMUSG00000063953.4,Amd2,1332.6503933906167,-0.6278669820911276,0.08297944935017657,-7.566535895430012,3.8330830269139236e-14,1.6689423644077438e-12,DOWN,ENSMUSG00000063953
ENSMUSG00000044367.8,Slc16a13,383.76121484338785,-0.6531173612934956,0.0863511930010552,-7.563501308957186,3.923618655649442e-14,1.6994873948470155e-12,DOWN,ENSMUSG00000044367
ENSMUSG00000080968.4,Atf1-ps,269.1741343671419,0.7308167044795715,0.09662137822712377,7.5637164144116396,3.917132411393722e-14,1.6994873948470155e-12,UP,ENSMUSG00000080968
ENSMUSG00000027397.15,NA,2644.245329139745,0.5398358245245182,0.07140689101074385,7.559996197612002,4.030811435233636e-14,1.7368943538489954e-12,UP,ENSMUSG00000027397
ENSMUSG00000010554.15,NA,516.1031965282516,-0.6113304642097851,0.08097767677582854,-7.549370253016007,4.373678578014478e-14,1.8749476598192656e-12,DOWN,ENSMUSG00000010554
ENSMUSG00000031432.4,Prps1,334.09646868144154,-0.8730496228659348,0.11579309019468004,-7.539738523240879,4.709147214869815e-14,2.0135830501325393e-12,DOWN,ENSMUSG00000031432
ENSMUSG00000070691.11,NA,361.8846762662701,1.0002810134293845,0.13269316480454443,7.538300973548919,4.76133953892013e-14,2.030693047340974e-12,UP,ENSMUSG00000070691
ENSMUSG00000051212.9,Gpr183,636.0545110534481,-0.622504119033364,0.08260930083970897,-7.535520972889487,4.8638900609657214e-14,2.069138537159805e-12,DOWN,ENSMUSG00000051212
ENSMUSG00000017697.4,Ada,171.31151603033828,-0.9532103650087197,0.12650977542447805,-7.534677552073857,4.895429913229523e-14,2.0772567234864e-12,DOWN,ENSMUSG00000017697
ENSMUSG00000033728.15,NA,542.4475253277207,-0.682608826868446,0.09060393451765536,-7.533986581293893,4.921418655909553e-14,2.0829842006585716e-12,DOWN,ENSMUSG00000033728
ENSMUSG00000083836.2,Ldha-ps2,2304.807691121527,0.7042181850529704,0.09356914104188364,7.526179862415821,5.2246358881345043e-14,2.200152224003308e-12,UP,ENSMUSG00000083836
ENSMUSG00000022195.8,6030458C11Rik,410.450322494972,-0.6695936103390167,0.08907927123051906,-7.5168285628004785,5.612092915989423e-14,2.357361749799487e-12,DOWN,ENSMUSG00000022195
ENSMUSG00000031534.16,NA,233.17473997920166,-0.7722349153283414,0.1028278267953347,-7.509979928539905,5.91364293150433e-14,2.4777866715016635e-12,DOWN,ENSMUSG00000031534
ENSMUSG00000047434.15,NA,498.7063298176368,-0.6803156994357917,0.09077112690501618,-7.494846903770193,6.637579171773497e-14,2.7672067567123708e-12,DOWN,ENSMUSG00000047434
ENSMUSG00000004356.9,Utp20,364.3077965716876,-1.0818351085442612,0.1443543360005597,-7.494302828146893,6.665167902728929e-14,2.7717790510201403e-12,DOWN,ENSMUSG00000004356
ENSMUSG00000033285.16,NA,841.8717843668057,-0.5583102096496683,0.0745041213493594,-7.493682222379081,6.696774934399047e-14,2.777995492687525e-12,DOWN,ENSMUSG00000033285
ENSMUSG00000026072.13,NA,80.3816379926387,1.1100853714094046,0.14842282732292256,7.4792091717414815,7.477118347950511e-14,3.0787265572943882e-12,UP,ENSMUSG00000026072
ENSMUSG00000024646.15,NA,11645.732443098597,0.5865237083722454,0.07842538256195501,7.478748451228777,7.503373827732762e-14,3.0819276342677718e-12,UP,ENSMUSG00000024646
ENSMUSG00000038295.15,NA,144.49908058601318,-1.1189119280683253,0.14976523526326654,-7.471105868470964,7.952364033879997e-14,3.2503338879652654e-12,DOWN,ENSMUSG00000038295
ENSMUSG00000057541.15,NA,222.0660160315927,-1.1778313186219302,0.15774862986203855,-7.466507440679646,8.235131887284193e-14,3.357678712771423e-12,DOWN,ENSMUSG00000057541
ENSMUSG00000037966.16,NA,24997.751872204306,0.6432610670514889,0.08615737876989103,7.46611696218741,8.25959359547021e-14,3.3594386048307615e-12,UP,ENSMUSG00000037966
ENSMUSG00000021880.8,Rnase6,356.4127751213201,-0.8908052250062176,0.1193907969753491,-7.461255369541961,8.570196207785786e-14,3.4772893421176583e-12,DOWN,ENSMUSG00000021880
ENSMUSG00000033068.17,NA,286.4280263800839,-0.7548133155535458,0.10118437231144209,-7.45978156814825,8.666603517838297e-14,3.507870880181346e-12,DOWN,ENSMUSG00000033068
ENSMUSG00000022335.18,NA,319.3266426279967,0.7399885611773281,0.0992140436910092,7.458506211902198,8.750889487225276e-14,3.533410002154206e-12,UP,ENSMUSG00000022335
ENSMUSG00000038806.8,Sde2,2112.1496648722587,0.5974095141840634,0.08015511748216513,7.453167470149236,9.112549028915766e-14,3.661707653161429e-12,UP,ENSMUSG00000038806
ENSMUSG00000062867.14,NA,1569.165797659178,-0.5936855824069289,0.07967628546252391,-7.451220635607712,9.248054931693357e-14,3.7072250971374625e-12,DOWN,ENSMUSG00000062867
ENSMUSG00000041920.15,NA,1123.8334455684446,-0.778012929903797,0.10443772936719839,-7.4495389225510475,9.366700412857311e-14,3.745781680690851e-12,DOWN,ENSMUSG00000041920
ENSMUSG00000021468.9,Sptlc1,1967.4505971295955,-0.5117589831207511,0.06878171825440908,-7.440334381119449,1.0043075779477285e-13,4.006658653075674e-12,DOWN,ENSMUSG00000021468
ENSMUSG00000020038.11,NA,337.3270760169933,0.6998519395740185,0.09436142838085781,7.416716253481286,1.2005977796938641e-13,4.755621989115173e-12,UP,ENSMUSG00000020038
ENSMUSG00000112148.2,Lilrb4a,5972.594062885212,0.5258411810062099,0.0709228658482216,7.414268652532114,1.222977887342628e-13,4.8327912913094e-12,UP,ENSMUSG00000112148
ENSMUSG00000035245.13,NA,365.8775017135259,-0.8507461217407646,0.1147916954437354,-7.411216625489723,1.251459680671553e-13,4.9336505046994844e-12,DOWN,ENSMUSG00000035245
ENSMUSG00000040272.15,NA,88.61889768759427,-1.1408691095466144,0.15394790726634228,-7.410747764000578,1.2558925138278428e-13,4.9394489529700725e-12,DOWN,ENSMUSG00000040272
ENSMUSG00000028690.5,Mmachc,151.26010263766102,-1.197106516582318,0.16157519686487296,-7.408974519668826,1.272797551637864e-13,4.9824347350030565e-12,DOWN,ENSMUSG00000028690
ENSMUSG00000079334.9,Naa80,1116.4624508903516,0.7494288131259857,0.10124064643352428,7.402449900574953,1.336946408301275e-13,5.2212923430520056e-12,UP,ENSMUSG00000079334
ENSMUSG00000036879.17,NA,701.6587777599037,-0.6648987441760337,0.08991294826000851,-7.394916494711,1.4149716704160734e-13,5.513099900901505e-12,DOWN,ENSMUSG00000036879
ENSMUSG00000091264.4,Smim13,571.4719223405893,-0.6410043868764113,0.08676731698281565,-7.387624847306998,1.4947476219222125e-13,5.8103522944463436e-12,DOWN,ENSMUSG00000091264
ENSMUSG00000043192.5,Gpi-ps,4252.163656440646,0.5838147799260632,0.07905511800937146,7.384908082192172,1.5255874526254003e-13,5.9164410139491105e-12,UP,ENSMUSG00000043192
ENSMUSG00000071041.5,Impdh2-ps,668.5438386978916,-0.6855216377717105,0.09286334038651432,-7.382048017209409,1.5587295197876237e-13,6.03094512110868e-12,DOWN,ENSMUSG00000071041
ENSMUSG00000058454.16,NA,889.5011735771062,-0.6190796749799736,0.08389923572763106,-7.378847609407821,1.596654536028504e-13,6.163382185835957e-12,DOWN,ENSMUSG00000058454
ENSMUSG00000038335.14,NA,366.31592820905587,-0.9544945651094832,0.12947292274555466,-7.372155852118159,1.67890574666501e-13,6.451021251471361e-12,DOWN,ENSMUSG00000038335
ENSMUSG00000013629.17,NA,308.750159099437,-1.1569895220018869,0.15708849756983462,-7.365208401000464,1.7687033914201786e-13,6.76488480626672e-12,DOWN,ENSMUSG00000013629
ENSMUSG00000020706.14,NA,983.9523133976118,-0.6803442165839187,0.09240340513100058,-7.362761314038078,1.801443142485162e-13,6.874340010087543e-12,DOWN,ENSMUSG00000020706
ENSMUSG00000040945.14,NA,1773.3598960943934,-0.5366686182412133,0.07300462668513458,-7.351158996481676,1.9649551312428935e-13,7.47616770957842e-12,DOWN,ENSMUSG00000040945
ENSMUSG00000025746.12,NA,2062.314052264062,1.5133197039166022,0.20598266772376037,7.3468302971300865,2.0296228537493285e-13,7.692270615709955e-12,UP,ENSMUSG00000025746
ENSMUSG00000046687.7,Gm5424,6307.338713221959,0.7088934609540932,0.09652099810499967,7.344448098049386,2.0660984635430657e-13,7.812756911121125e-12,UP,ENSMUSG00000046687
ENSMUSG00000041220.11,NA,157.8574913758473,-1.1584761901802154,0.15797708847013836,-7.333191169675193,2.247359994820044e-13,8.474222847746559e-12,DOWN,ENSMUSG00000041220
ENSMUSG00000035354.10,NA,2679.6822087344667,0.5045649786210923,0.06880778822887877,7.332963195136177,2.2511877677810778e-13,8.474222847746559e-12,UP,ENSMUSG00000035354
ENSMUSG00000027203.16,NA,160.5067702874,-1.2200462912769876,0.1664318817078172,-7.330604441634952,2.2911699299266785e-13,8.605303998075967e-12,DOWN,ENSMUSG00000027203
ENSMUSG00000035772.12,NA,793.4441839035444,-0.5518759935211439,0.07544074321486564,-7.315357325541252,2.566973917439502e-13,9.597950010587697e-12,DOWN,ENSMUSG00000035772
ENSMUSG00000046152.17,NA,84.36056443966692,-1.7137071059359963,0.23447949938518614,-7.308558361943792,2.700236613608594e-13,1.0073634400120114e-11,DOWN,ENSMUSG00000046152
ENSMUSG00000062248.6,Cks2,518.5106200454081,0.8424167306989502,0.11554751890139764,7.290651834920191,3.0845895597093336e-13,1.148183381645376e-11,UP,ENSMUSG00000062248
ENSMUSG00000048677.10,NA,997.8510973234531,-0.6474106277931468,0.08881782075703411,-7.289197396141628,3.1180692538226685e-13,1.1580606431346731e-11,DOWN,ENSMUSG00000048677
ENSMUSG00000020644.10,NA,4352.762782016261,0.9437279813378023,0.1295514332685084,7.284581555974228,3.2267023257779544e-13,1.1930928599705802e-11,UP,ENSMUSG00000020644
ENSMUSG00000062116.11,NA,625.4265504270985,0.5425958275900692,0.07450184496527015,7.282985110543318,3.2651327757433577e-13,1.2045066781069127e-11,UP,ENSMUSG00000062116
ENSMUSG00000045763.9,Basp1,7554.877185751888,0.7277603654192734,0.09993000625501107,7.282701089421569,3.272016821674451e-13,1.2045066781069127e-11,UP,ENSMUSG00000045763
ENSMUSG00000084215.4,Gm11814,838.4074979664694,0.7493048870076857,0.10307211953805073,7.269714549054827,3.602479321063642e-13,1.3174330078521336e-11,UP,ENSMUSG00000084215
ENSMUSG00000022505.10,NA,2213.8558776591412,0.506912971855629,0.06976981513884785,7.265505445970141,3.7164595668243626e-13,1.3561417885418614e-11,UP,ENSMUSG00000022505
ENSMUSG00000023027.14,NA,1624.7048782596391,0.5194523995592554,0.07155487997425622,7.259496483624069,3.8853389329426295e-13,1.414670568684526e-11,UP,ENSMUSG00000023027
ENSMUSG00000018537.17,NA,285.65910224322886,0.759859240918654,0.1046961694499661,7.257755894133145,3.935649651645366e-13,1.4298669627633577e-11,UP,ENSMUSG00000018537
ENSMUSG00000029084.6,Cd38,4433.313310755245,-0.5094109404952001,0.0702142167126839,-7.255096821484262,4.0137461925441627e-13,1.4550702501492708e-11,DOWN,ENSMUSG00000029084
ENSMUSG00000027845.16,NA,571.7848886444634,0.5221751096060716,0.07203093781982259,7.249317104717348,4.188781625925818e-13,1.5152304206928186e-11,UP,ENSMUSG00000027845
ENSMUSG00000027763.14,NA,8130.703918780146,-0.8554183230376811,0.11813374649442503,-7.241100434227318,4.450586566707249e-13,1.606449817887664e-11,DOWN,ENSMUSG00000027763
ENSMUSG00000007659.19,NA,8783.072251173768,0.5714632458493093,0.07896650105381628,7.236780637651055,4.594603818057174e-13,1.6548512585296203e-11,UP,ENSMUSG00000007659
ENSMUSG00000056888.12,NA,18747.33438222307,0.5193392060304018,0.07180606723910712,7.232525411829804,4.740938922600155e-13,1.7038771007172452e-11,UP,ENSMUSG00000056888
ENSMUSG00000046962.17,NA,997.4680120930818,0.5782268631569941,0.07997036751247256,7.230514015917347,4.811693255841646e-13,1.725587026546565e-11,UP,ENSMUSG00000046962
ENSMUSG00000022462.8,Slc38a2,2089.106776911419,0.591364808372893,0.08181544502953778,7.228033877459114,4.900365017871926e-13,1.7536156016745114e-11,UP,ENSMUSG00000022462
ENSMUSG00000110605.4,Gm32856,77.76633666764175,-1.101852090386288,0.15249351484773446,-7.22556688057517,4.990158066425071e-13,1.781924537809518e-11,DOWN,ENSMUSG00000110605
ENSMUSG00000032462.15,NA,2559.5685728184476,0.663426165613319,0.09184774613564085,7.223107735638614,5.081272541809898e-13,1.8105833527184155e-11,UP,ENSMUSG00000032462
ENSMUSG00000090935.11,NA,957.748331402862,-0.5158906743734816,0.07145029675633963,-7.22027336195364,5.188317164070491e-13,1.8447841583803732e-11,DOWN,ENSMUSG00000090935
ENSMUSG00000005043.14,NA,876.8585478431717,-0.6765689918498543,0.09414508212013623,-7.186450705800025,6.649728251043165e-13,2.3394697956623593e-11,DOWN,ENSMUSG00000005043
ENSMUSG00000017132.19,NA,2283.723445807425,0.5661231120217776,0.07880063889180146,7.184245203888542,6.757948404343261e-13,2.367553520815719e-11,UP,ENSMUSG00000017132
ENSMUSG00000030780.16,NA,392.01175664534736,-0.6028639863605337,0.08395364871074519,-7.180914654914497,6.92465713543204e-13,2.415807162980433e-11,DOWN,ENSMUSG00000030780
ENSMUSG00000032578.8,Cish,231.36772577308292,1.0158638546598684,0.14155625928962234,7.1763965772889184,7.157274806340087e-13,2.491747696670716e-11,UP,ENSMUSG00000032578
ENSMUSG00000033712.7,Ccar2,1062.793450969996,-0.5022260752598249,0.07006850752011416,-7.167643396937686,7.629973240280863e-13,2.650779869894243e-11,DOWN,ENSMUSG00000033712
ENSMUSG00000028780.14,NA,264.2697198367363,1.2254067475402097,0.17101553320778076,7.165470437421394,7.751988462734558e-13,2.687570885749719e-11,UP,ENSMUSG00000028780
ENSMUSG00000041629.8,Vcf1,2247.2044967628626,0.5979794440227458,0.08346981593751925,7.164020158740486,7.834487564526275e-13,2.7105376478431567e-11,UP,ENSMUSG00000041629
ENSMUSG00000063354.8,Slc39a4,722.3357874069327,0.8508344644374148,0.11878829419890861,7.16261202482384,7.915413605416471e-13,2.7328661963545563e-11,UP,ENSMUSG00000063354
ENSMUSG00000022724.16,NA,1028.6989085313714,-0.589993514372119,0.0823823118739481,-7.1616527984169585,7.971009996924077e-13,2.7463752625765684e-11,DOWN,ENSMUSG00000022724
ENSMUSG00000043832.14,NA,1862.4654621667823,-0.6934386876017701,0.09686753842743136,-7.158628152002252,8.148838994744409e-13,2.801856475801191e-11,DOWN,ENSMUSG00000043832
ENSMUSG00000078901.10,NA,541.1614090434427,-0.6549411464802435,0.091528023748346607,-7.1556351777132585,8.328637068134506e-13,2.8577850153952887e-11,DOWN,ENSMUSG00000078901
ENSMUSG00000028274.18,NA,1893.9284508591138,0.6095656612656725,0.08521760193109273,7.15304875345553,8.48714437469308e-13,2.8943071491284623e-11,UP,ENSMUSG00000028274
ENSMUSG00000075273.5,Ift70b,174.69442872739117,-1.0306128097488387,0.14419989081653226,-7.14711227527976,8.862239189637208e-13,3.0160551168651035e-11,DOWN,ENSMUSG00000075273
ENSMUSG00000036948.18,NA,1539.613257536389,-0.5895302494420387,0.08255872109733246,-7.140738635558719,9.283071643134159e-13,3.1446407317992396e-11,DOWN,ENSMUSG00000036948
ENSMUSG00000034744.14,NA,1755.8377832802482,-0.5750783163801889,0.08053711451789677,-7.140537872789027,9.29664116560941e-13,3.1446407317992396e-11,DOWN,ENSMUSG00000034744
ENSMUSG00000022126.7,Acod1,138960.90356345405,0.6191656437503135,0.08671090455474008,7.140574151886951,9.294187627134592e-13,3.1446407317992396e-11,UP,ENSMUSG00000022126
ENSMUSG00000025161.17,NA,24518.35133814553,0.6720304753329268,0.09433489677342122,7.123879903606052,1.0493048287093218e-12,3.527864379749324e-11,UP,ENSMUSG00000025161
ENSMUSG00000054517.10,NA,292.0497867367854,-0.9263231546722553,0.13004017771770635,-7.12336118674903,1.0532632622861275e-12,3.534047919896069e-11,DOWN,ENSMUSG00000054517
ENSMUSG00000044864.17,NA,1559.1246848297278,0.6775283381439845,0.09514881018102644,7.120723179353954,1.0736223139081267e-12,3.595125643922073e-11,UP,ENSMUSG00000044864
ENSMUSG00000095937.2,Gm12671,6683.57886930048,0.5045816777422905,0.07095317085320023,7.111474676533531,1.148095293661963e-12,3.829127423421379e-11,UP,ENSMUSG00000095937
ENSMUSG00000047415.13,NA,202.12514061620772,1.3333060144587279,0.18769251494638797,7.10367174119634,1.2148521434018863e-12,4.0356323393167036e-11,UP,ENSMUSG00000047415
ENSMUSG00000044629.6,Cnrip1,472.3997356543648,-0.7785502440311796,0.10967557080975823,-7.0986659862627235,1.2596683571960437e-12,4.1761887722865257e-11,DOWN,ENSMUSG00000044629
ENSMUSG00000070002.8,Ell,1766.2087760883667,0.585871267150603,0.08256697704006331,7.095709303567277,1.2868972716889056e-12,4.2570731839537654e-11,UP,ENSMUSG00000070002
ENSMUSG00000081221.5,Gm14760,6680.346789333196,0.5054403757688388,0.07127326027349759,7.09158489213637,1.32584706523351e-12,4.369530762813046e-11,UP,ENSMUSG00000081221
ENSMUSG00000035064.18,NA,289.44673997503133,-0.7643899498023722,0.10794251845520532,-7.0814537287230674,1.4265000128973709e-12,4.673539138521917e-11,DOWN,ENSMUSG00000035064
ENSMUSG00000040502.6,Marchf9,319.0124723296015,1.027947962586015,0.14531097868082535,7.074124556300019,1.5039515706005888e-12,4.908003207697734e-11,UP,ENSMUSG00000040502
ENSMUSG00000036339.19,NA,691.3838153603107,-0.6104368844112321,0.08638837880568724,-7.066192152815871,1.5924287529046231e-12,5.186590211608886e-11,DOWN,ENSMUSG00000036339
ENSMUSG00000024180.15,NA,1306.038062850185,-0.6076232002315722,0.0861084106306452,-7.056490716544763,1.707600433336727e-12,5.550866437879778e-11,DOWN,ENSMUSG00000024180
ENSMUSG00000058290.5,Espl1,189.29609431918965,-1.1739264238848706,0.16644306359761013,-7.053021006167819,1.7507440822702043e-12,5.680040528392593e-11,DOWN,ENSMUSG00000058290
ENSMUSG00000090035.4,Galnt4,515.1152290779114,-0.9736779623045502,0.13817457044286505,-7.046723280440118,1.8318008865767877e-12,5.919982865223742e-11,DOWN,ENSMUSG00000090035
ENSMUSG00000020611.15,NA,7819.906207478427,0.6291129432821424,0.08929127024088752,7.045626538685572,1.8462883765469106e-12,5.955262082649185e-11,UP,ENSMUSG00000020611
ENSMUSG00000035206.11,NA,626.0378200969716,-0.6471717205541145,0.09187119247705137,-7.044337872459557,1.8634547723441424e-12,5.999029301855389e-11,DOWN,ENSMUSG00000035206
ENSMUSG00000030609.19,NA,1102.0711860311635,-0.502265948049228,0.07135401415435286,-7.039070667597303,1.93526207996456e-12,6.2062366241325e-11,DOWN,ENSMUSG00000030609
ENSMUSG00000056116.19,NA,22781.225261573712,0.5443740007238281,0.07734596250833256,7.038169583385586,1.947815438084067e-12,6.234504845583475e-11,UP,ENSMUSG00000056116
ENSMUSG00000061455.14,NA,521.8187872164846,-0.5309365607755352,0.07548891779486762,-7.0333047059741105,2.0169822066487625e-12,6.443523999631181e-11,DOWN,ENSMUSG00000061455
ENSMUSG00000078636.5,Gm7336,6779.814272082434,0.5019408750525775,0.07139530314581748,7.0304467231887156,2.0587332430555267e-12,6.564328023172842e-11,UP,ENSMUSG00000078636
ENSMUSG00000035778.18,NA,9612.616986126452,0.5843668374720051,0.0831977461700558,7.023830144119073,2.158672164200712e-12,6.85676514480211e-11,UP,ENSMUSG00000035778
ENSMUSG00000032047.6,Acat1,1875.8760792474854,-0.5219665239850281,0.07435902614531985,-7.01954491664467,2.2259205134490716e-12,7.056929749482266e-11,DOWN,ENSMUSG00000032047
ENSMUSG00000033213.17,NA,5312.064778651047,0.8288293068326568,0.11808854809351692,7.018710283204504,2.2392555165203495e-12,7.085735292882989e-11,UP,ENSMUSG00000033213
ENSMUSG00000038393.15,NA,16882.922702422322,-0.6409573954054087,0.09147297583599776,-7.007068366886672,2.4336336790862117e-12,7.686226369780618e-11,DOWN,ENSMUSG00000038393
ENSMUSG00000047710.9,Champ1,538.2372792270137,-0.5997254757259841,0.08561273363695386,-7.005096674860979,2.4681534930842177e-12,7.765835405787248e-11,DOWN,ENSMUSG00000047710
ENSMUSG00000028430.15,NA,637.6690024999754,-0.8519599693274168,0.12171414021816586,-6.999679476848998,2.565487440518916e-12,8.041742210167941e-11,DOWN,ENSMUSG00000028430
ENSMUSG00000022323.12,NA,295.85733146959507,0.6235997039917386,0.08909834936329408,6.999004004541564,2.577884944444646e-12,8.065442651699609e-11,UP,ENSMUSG00000022323
ENSMUSG00000004267.17,NA,247.3987426137326,0.992283938203879,0.14189138076593957,6.99326437481587,2.6856273748733564e-12,8.386801892020242e-11,UP,ENSMUSG00000004267
ENSMUSG00000025408.16,NA,1739.632227879803,1.0888622568257122,0.1557913453715519,6.989234570308439,2.763899804622975e-12,8.599028571248643e-11,UP,ENSMUSG00000025408
ENSMUSG00000113204.4,Gm46430,218.33850906133944,-0.7680208730524286,0.10988250485376058,-6.989473657108246,2.7591941457501153e-12,8.599028571248643e-11,DOWN,ENSMUSG00000113204
ENSMUSG00000033706.14,NA,657.5249610776206,-0.6502543778404226,0.09307177379171915,-6.98659057788665,2.8164659705556576e-12,8.746254473926657e-11,DOWN,ENSMUSG00000033706
ENSMUSG00000034216.13,NA,2832.3224099372874,0.5031883003299726,0.07206063911059139,6.982845372183419,2.8926073325514096e-12,8.966007412198384e-11,UP,ENSMUSG00000034216
ENSMUSG00000010048.11,NA,237.2052708773503,-0.7999520696362161,0.11459804289383094,-6.9805037628550926,2.9412348331954926e-12,9.09982042270279e-11,DOWN,ENSMUSG00000010048
ENSMUSG00000059208.16,NA,3033.633381543288,-0.7225573877063747,0.10352441912323773,-6.979584080990849,2.9605520623620134e-12,9.142623368879433e-11,DOWN,ENSMUSG00000059208
ENSMUSG00000001247.17,NA,133.10404664283146,1.2564258430589765,0.1801466220632787,6.974462405504565,3.070426345902749e-12,9.464404758645885e-11,UP,ENSMUSG00000001247
ENSMUSG00000039886.9,Tmem120a,4500.290886792863,0.5351223528515339,0.076736115278147,6.973539785169796,3.09063979837232e-12,9.509134553073212e-11,UP,ENSMUSG00000039886
ENSMUSG00000001909.17,NA,643.020008923135,-0.5169760093556611,0.07414751005100685,-6.9722639236304484,3.1188074587639308e-12,9.57812765789085e-11,DOWN,ENSMUSG00000001909
ENSMUSG00000063628.3,Gm7665,2438.3351763324135,0.6051479052018153,0.08681405066678756,6.970621697224026,3.1554342717998523e-12,9.672798146421754e-11,UP,ENSMUSG00000063628
ENSMUSG00000075470.3,Alg10b,1032.2448882546032,-0.901973042188825,0.12943116179901798,-6.968747167621179,3.19775783305618e-12,9.784552224595386e-11,DOWN,ENSMUSG00000075470
ENSMUSG00000123342.1,ENSMUSG00000123342,10563.754768298846,0.8275310713617853,0.11883634347512882,6.963619437979246,3.316397385408126e-12,1.0110464862717717e-10,UP,ENSMUSG00000123342
ENSMUSG00000022885.17,NA,1311.4680418558671,-0.6408114943093056,0.0920655003339134,-6.96038681140209,3.393397096239319e-12,1.032633028775308e-10,DOWN,ENSMUSG00000022885
ENSMUSG00000130275.1,ENSMUSG00000130275,387.1804251422521,1.0560771252175323,0.15186407676506197,6.9540943962100625,3.5483396654408363e-12,1.0778162524752528e-10,UP,ENSMUSG00000130275
ENSMUSG00000017057.10,NA,1937.4232352514525,0.7502047115116491,0.10798746534606271,6.947146218382855,3.727493176831951e-12,1.1301759312154474e-10,UP,ENSMUSG00000017057
ENSMUSG00000053769.6,Lysmd1,710.0649796561232,0.6059177189734691,0.08722852990004651,6.946325011642161,3.749244679714687e-12,1.1347078816501294e-10,UP,ENSMUSG00000053769
ENSMUSG00000033732.11,NA,2608.2030928115205,-0.6082920587942379,0.08768564411470309,-6.937190972772243,3.999729859165781e-12,1.208324187163923e-10,DOWN,ENSMUSG00000033732
ENSMUSG00000037887.12,NA,50.34938513543317,1.531490707929491,0.22081680562720582,6.935571337423618,4.045826688925767e-12,1.2200398890511048e-10,UP,ENSMUSG00000037887
ENSMUSG00000121477.2,ENSMUSG00000121477,255.26084151553292,-1.035392215704289,0.14931252063621012,-6.934396467841784,4.079590473108839e-12,1.228000915696083e-10,DOWN,ENSMUSG00000121477
ENSMUSG00000027316.16,NA,67.32655823984683,-1.274133864272974,0.18376889754423065,-6.93334879459843,4.109931743048239e-12,1.2349048963436473e-10,DOWN,ENSMUSG00000027316
ENSMUSG00000069208.10,NA,216.0247975353961,-0.845696203319323,0.12205553093820944,-6.928782307681382,4.24478402602267e-12,1.273129827661044e-10,DOWN,ENSMUSG00000069208
ENSMUSG00000059791.15,NA,386.7880792840603,0.6548628654135172,0.0945872149774561,6.923376119802207,4.410048080717733e-12,1.3179563045528478e-10,UP,ENSMUSG00000059791
ENSMUSG00000030530.16,NA,6944.240528179777,0.7136857852397324,0.1031482285797241,6.919030942815648,4.547435387156133e-12,1.3565837659430354e-10,UP,ENSMUSG00000030530
ENSMUSG00000021661.17,NA,268.4728603305604,-0.5838367531841671,0.08438595997679718,-6.918647999557026,4.559742677344725e-12,1.3578262301321542e-10,DOWN,ENSMUSG00000021661
ENSMUSG00000049409.10,NA,501.9006715526582,1.2289804363372134,0.17765530834174997,6.917780548234799,4.587742298539507e-12,1.3637288871737045e-10,UP,ENSMUSG00000049409
ENSMUSG00000020399.15,NA,619.1878150762053,0.8735039669663809,0.12634235240441263,6.913785839370464,4.718874109641044e-12,1.3977254822801786e-10,UP,ENSMUSG00000020399
ENSMUSG00000010047.13,NA,1214.7026238291974,0.5530574021795012,0.08000693749002542,6.912618074506996,4.757896801595834e-12,1.4067852316207824e-10,UP,ENSMUSG00000010047
ENSMUSG00000028672.14,NA,3809.9668458906244,0.6129867235880433,0.08869264637602489,6.911359043107139,4.800323703047934e-12,1.4168176649916345e-10,UP,ENSMUSG00000028672
ENSMUSG00000030790.16,NA,141.25454511405295,1.3447843850841452,0.1951345196482381,6.891576065108004,5.517760387789597e-12,1.6256920888123554e-10,UP,ENSMUSG00000030790
ENSMUSG00000036362.3,P2ry13,190.9888791713134,-1.2647369769755124,0.18371035097945101,-6.884407820422595,5.8028414324717496e-12,1.703665206477093e-10,DOWN,ENSMUSG00000036362
ENSMUSG00000032300.8,1700017B05Rik,1857.2717309375817,0.7714296928434253,0.11215936680120747,6.877978316431797,6.070790782767299e-12,1.779200476158655e-10,UP,ENSMUSG00000032300
ENSMUSG00000036672.6,Cenpt,406.46157198057034,-0.8986362859585852,0.130797647371519,-6.87043157134233,6.400796202123163e-12,1.8726259204667695e-10,DOWN,ENSMUSG00000036672
ENSMUSG00000031490.7,Eif4ebp1,4038.1258714282635,0.6518074341104708,0.09491108294842943,6.867558707181065,6.5309879088382445e-12,1.9073687279822516e-10,UP,ENSMUSG00000031490
ENSMUSG00000022895.17,NA,7054.489686351876,0.840376035882474,0.12248477177948289,6.861065450613374,6.834883687933542e-12,1.9891539333329797e-10,UP,ENSMUSG00000022895
ENSMUSG00000025145.14,NA,279.2023053627228,-0.7794691371084348,0.11363043930670906,-6.859686030118276,6.901205527344784e-12,2.0049565047735473e-10,DOWN,ENSMUSG00000025145
ENSMUSG00000027550.15,NA,375.81672309569797,-0.7361353670797605,0.10735422867526227,-6.857069126792476,7.028762495933994e-12,2.0384633631686136e-10,DOWN,ENSMUSG00000027550
ENSMUSG00000045312.13,NA,6672.315038945166,0.7101526132676516,0.10358835152772866,6.855525769010399,7.105071230116992e-12,2.0570168026637318e-10,UP,ENSMUSG00000045312
ENSMUSG00000030079.16,NA,713.9919412313387,-0.5126023277997398,0.07478580940032467,-6.854272647579507,7.1676263932608175e-12,2.0715309832585337e-10,DOWN,ENSMUSG00000030079
ENSMUSG00000097164.5,Cep83os,123.2766899349093,-0.9676082723403071,0.1411895278974079,-6.853258076217927,7.218668358212108e-12,2.0826732446634104e-10,DOWN,ENSMUSG00000097164
ENSMUSG00000018819.11,NA,9519.431992392327,0.512562636261409,0.07482243328821934,6.85038715978395,7.36503873579884e-12,2.121232918103307e-10,UP,ENSMUSG00000018819
ENSMUSG00000063808.15,NA,258.39181990262006,-0.7990218268941718,0.11668474701368321,-6.8476972984350155,7.50481506895761e-12,2.157763725688571e-10,DOWN,ENSMUSG00000063808
ENSMUSG00000006442.11,NA,614.7287934504352,-0.8787163850804494,0.12839518670389766,-6.843842106845695,7.709689540898947e-12,2.2128534042001865e-10,DOWN,ENSMUSG00000006442
ENSMUSG00000025025.15,NA,1680.9473676163427,0.5411483955923582,0.07914977985456804,6.837017065450832,8.0859112351844e-12,2.3168497552909804e-10,UP,ENSMUSG00000025025
ENSMUSG00000030878.12,NA,759.7360744605578,0.6054301027911778,0.08855630636240025,6.836668416516464,8.105605567225913e-12,2.3185090641348083e-10,UP,ENSMUSG00000030878
ENSMUSG00000027430.13,NA,166.81935937783015,-0.9497336350255638,0.13896174639976172,-6.834496972234312,8.229327414010371e-12,2.3498675334937836e-10,DOWN,ENSMUSG00000027430
ENSMUSG00000078789.10,NA,220.58305752506888,-0.8956945582821373,0.13106666513951484,-6.833885315756747,8.264510368371342e-12,2.35587991287112e-10,DOWN,ENSMUSG00000078789
ENSMUSG00000025026.16,NA,591.3162826894926,-0.7879512420090636,0.11545407578833317,-6.824802300211973,8.804648264048035e-12,2.505568505994284e-10,DOWN,ENSMUSG00000025026
ENSMUSG00000023087.17,NA,477.26853188378954,0.8332857083520836,0.12214766748364414,6.821953505282141,8.981073684536799e-12,2.551420524077268e-10,UP,ENSMUSG00000023087
ENSMUSG00000001305.6,Rrp15,234.84731829789118,-0.8791317216857869,0.12905748837764394,-6.811938871096728,9.629202552540226e-12,2.7216369790874716e-10,DOWN,ENSMUSG00000001305
ENSMUSG00000025086.14,NA,96.72370236258983,-1.1332098825889338,0.16640721783861406,-6.809860156955148,9.769366296863657e-12,2.7519248710557157e-10,DOWN,ENSMUSG00000025086
ENSMUSG00000033739.9,Fkbpl,881.3311409645012,0.5772856856928468,0.08479479534703142,6.808032065296528,9.894281498588034e-12,2.7824121124865775e-10,UP,ENSMUSG00000033739
ENSMUSG00000059895.14,NA,596.2435083178149,-0.5903380204229303,0.08674614228473992,-6.805351856283994,1.0080256151195342e-11,2.8299385787429886e-10,DOWN,ENSMUSG00000059895
ENSMUSG00000078300.4,Gm2606,4113.537341061646,0.529387255211105,0.07791878942128638,6.794089835621643,1.089984522140254e-11,3.0497620622837036e-10,UP,ENSMUSG00000078300
ENSMUSG00000017400.11,NA,437.72838297722257,0.9795699982482758,0.1444516217035304,6.781301495241954,1.1909803704689617e-11,3.3101314429900675e-10,UP,ENSMUSG00000017400
ENSMUSG00000025188.16,NA,630.893074217892,-0.6256983294296321,0.09231021651839079,-6.778213214405963,1.2167120324236124e-11,3.3760216061058503e-10,DOWN,ENSMUSG00000025188
ENSMUSG00000037012.19,NA,10069.134722046098,0.5155433633063427,0.07610805329039164,6.773834581463774,1.2541306051948681e-11,3.470074656956069e-10,UP,ENSMUSG00000037012
ENSMUSG00000028392.16,NA,43.54283838128522,1.5074920726732737,0.22258923609973164,6.772529072330516,1.2655036371184104e-11,3.4939633530772537e-10,UP,ENSMUSG00000028392
ENSMUSG00000049225.16,NA,842.8520150509552,0.6024632504060492,0.08914613712196949,6.75815318370734,1.3976172513815789e-11,3.827038634489197e-10,UP,ENSMUSG00000049225
ENSMUSG00000024537.6,Psmg2,323.9096569805277,-0.7001722776740363,0.10367685358121691,-6.753409787128091,1.4441031140494549e-11,3.941385193107809e-10,DOWN,ENSMUSG00000024537
ENSMUSG00000025578.10,NA,95.84149749260256,-1.190164577717985,0.17625082496708572,-6.752675216925904,1.4514361121221587e-11,3.954926242769464e-10,DOWN,ENSMUSG00000025578
ENSMUSG00000036285.11,NA,276.7029661968167,-0.7226536613000715,0.10720047229394368,-6.741142513985902,1.5714597248212368e-11,4.2611560384054294e-10,DOWN,ENSMUSG00000036285
ENSMUSG00000018925.4,Heatr9,62.58001615729453,1.8321418789208825,0.2720588763973073,6.734358030080492,1.6465528250188068e-11,4.4502293209098257e-10,UP,ENSMUSG00000018925
ENSMUSG00000031129.10,NA,1812.7429720864318,-0.5969316144941068,0.08866571642052458,-6.732383593033569,1.669059095254315e-11,4.4892305600743485e-10,DOWN,ENSMUSG00000031129
ENSMUSG00000064370.1,mt-Cytb,8779.06939065533,-0.7013992947470857,0.10417587629464142,-6.732837963016627,1.6638532731471854e-11,4.4892305600743485e-10,DOWN,ENSMUSG00000064370
ENSMUSG00000026047.14,NA,389.63045028789094,-0.5853571776955708,0.08701801851139482,-6.726850228368733,1.7337503066782622e-11,4.648234745042878e-10,DOWN,ENSMUSG00000026047
ENSMUSG00000027236.9,Eif3j1,1553.779109818548,-0.5623359566285889,0.08363697297267855,-6.723533105535582,1.773701608565673e-11,4.747712363473702e-10,DOWN,ENSMUSG00000027236
ENSMUSG00000095648.9,Gm2004,331.1949681499551,-0.6990246251150606,0.10406301406665379,-6.71732057143113,1.8509646812398477e-11,4.946584459031362e-10,DOWN,ENSMUSG00000095648
ENSMUSG00000031149.8,Praf2,1132.7041713192687,0.5215562438150534,0.07765634916529757,6.716208647729247,1.8651367793911708e-11,4.976483349300346e-10,UP,ENSMUSG00000031149
ENSMUSG00000094392.2,Gm3788,1391.9371206385606,0.6703068966944578,0.0998241101741877,6.714879757253115,1.8822136561639853e-11,5.014024749231728e-10,UP,ENSMUSG00000094392
ENSMUSG00000063659.12,NA,1385.3649829921424,0.5763615444843868,0.0858749092599942,6.711640797656031,1.9244797129092036e-11,5.118440780298864e-10,UP,ENSMUSG00000063659
ENSMUSG00000026213.16,NA,712.3136156714763,-0.6546617428179776,0.09757082775181443,-6.709605298042616,1.9515155348640213e-11,5.182081697355481e-10,DOWN,ENSMUSG00000026213
ENSMUSG00000045362.9,Tnfrsf26,2188.94434543053,0.6948688231221997,0.10356775841361315,6.7093160435812305,1.955387511317264e-11,5.18410844812825e-10,UP,ENSMUSG00000045362
ENSMUSG00000011257.20,NA,678.2110368607504,-0.631070326554362,0.09407034889706029,-6.708493525892334,1.9664389311926675e-11,5.196883615938022e-10,DOWN,ENSMUSG00000011257
ENSMUSG00000001435.16,NA,3081.971713603299,0.5423497559761487,0.08084485511726985,6.708525300582713,1.9660108702943452e-11,5.196883615938022e-10,UP,ENSMUSG00000001435
ENSMUSG00000027395.16,NA,250.08730848084883,-1.0898448743917415,0.16274611277745638,-6.696595425796905,2.1333116316377463e-11,5.602824843816301e-10,DOWN,ENSMUSG00000027395
ENSMUSG00000028948.17,NA,582.8672583434357,-0.6718307252237112,0.10032430172064567,-6.696590095333359,2.1333894132901873e-11,5.602824843816301e-10,DOWN,ENSMUSG00000028948
ENSMUSG00000029819.7,Npy,2977.4644813435816,0.6855749896055437,0.10237682552042031,6.6965837836884035,2.1334815158451377e-11,5.602824843816301e-10,UP,ENSMUSG00000029819
ENSMUSG00000020894.18,NA,350.43507357088765,-0.6371209387185647,0.0951667218443132,-6.694787068118776,2.1598589590093438e-11,5.66317735855972e-10,DOWN,ENSMUSG00000020894
ENSMUSG00000001138.14,NA,283.96339609004065,-0.7896066761271747,0.11799166271711721,-6.6920548278079774,2.2005837979926348e-11,5.760900379171927e-10,DOWN,ENSMUSG00000001138
ENSMUSG00000024778.14,NA,2009.2542351553848,0.5232148814888895,0.07821237412931062,6.689668831991269,2.236761957537747e-11,5.846432978667629e-10,UP,ENSMUSG00000024778
ENSMUSG00000022312.12,NA,11676.10379703574,0.540266596143404,0.08078881633360188,6.687393387625299,2.2718059872044224e-11,5.928738128735673e-10,UP,ENSMUSG00000022312
ENSMUSG00000061024.9,Rrs1,580.5790088941624,-0.6954007714818227,0.10409274872465497,-6.680588033286443,2.3798536817933104e-11,6.201006249622695e-10,DOWN,ENSMUSG00000061024
ENSMUSG00000026103.15,NA,1594.143540795571,-0.66195661738304,0.0991441383365829,-6.67670957142997,2.4436653291198222e-11,6.357342126115781e-10,DOWN,ENSMUSG00000026103
ENSMUSG00000031367.16,NA,1716.4913015001982,-0.8303551391066684,0.12439492433169806,-6.675152893638434,2.4697454686756496e-11,6.415183089662793e-10,DOWN,ENSMUSG00000031367
ENSMUSG00000074115.6,Saa1,168.12825266861046,1.0455985435751223,0.15669907117389248,6.672653103443084,2.5121973910217585e-11,6.505186908801063e-10,UP,ENSMUSG00000074115
ENSMUSG00000026581.15,NA,842.2493117473332,0.8875132747458196,0.13304112305640312,6.67096950444079,2.5411902783968257e-11,6.570060322875266e-10,UP,ENSMUSG00000026581
ENSMUSG00000032202.12,NA,198.55064307034536,-0.6008026403882374,0.09012656869058464,-6.666210076751787,2.6249345884463965e-11,6.7551557402673e-10,DOWN,ENSMUSG00000032202
ENSMUSG00000004500.10,NA,348.8907637215284,-0.8283434311875697,0.12434956159087447,-6.661410145641869,2.7121259538554962e-11,6.968784654313445e-10,DOWN,ENSMUSG00000004500
ENSMUSG00000028068.15,NA,751.7080773010947,0.7550905376537163,0.1135489526800657,6.649911952787897,2.932684031362442e-11,7.512356206912455e-10,UP,ENSMUSG00000028068
ENSMUSG00000053931.12,NA,224.19510583920024,1.0999537262394419,0.1655261797023124,6.645194906434946,3.028160922715021e-11,7.74503244588891e-10,UP,ENSMUSG00000053931
ENSMUSG00000020978.11,NA,497.7252687867596,-0.5366933575747089,0.08080650954672258,-6.641709443771867,3.1006574671017725e-11,7.91830994201978e-10,DOWN,ENSMUSG00000020978
ENSMUSG00000056366.6,Fabp3-ps1,473.38068299185795,0.7014519370711991,0.10574381189593403,6.633503412582867,3.2781139345837927e-11,8.345927934827378e-10,UP,ENSMUSG00000056366
ENSMUSG00000041797.8,Abca9,201.03748350438215,-1.2725843460382325,0.19186465105024025,-6.632719154217746,3.2955850043661795e-11,8.377618221465001e-10,DOWN,ENSMUSG00000041797
ENSMUSG00000013846.11,NA,4078.740770788896,0.598766175723062,0.09038460332540772,6.6246479344203175,3.480767736307144e-11,8.794739813736051e-10,UP,ENSMUSG00000013846
ENSMUSG00000041406.15,NA,192.95031862560825,0.7323982320375815,0.11059370614659676,6.622422356176,3.533596794009996e-11,8.91471409030419e-10,UP,ENSMUSG00000041406
ENSMUSG00000030595.16,NA,2931.3718913988987,0.6581858752104723,0.09939678061465532,6.621802749951719,3.548443631786078e-11,8.93864743257774e-10,UP,ENSMUSG00000030595
ENSMUSG00000041859.11,NA,1127.9126033561492,-0.6283547379698501,0.0948959633907615,-6.621511764229825,3.5554372029897364e-11,8.942755776328332e-10,DOWN,ENSMUSG00000041859
ENSMUSG00000038628.9,Polr3k,758.9672196319851,-0.545290767974647,0.08254231396353108,-6.606196770974556,3.943187092258408e-11,9.873361554129312e-10,DOWN,ENSMUSG00000038628
ENSMUSG00000129268.1,ENSMUSG00000129268,69.2038202904221,1.157847578077485,0.17546820910677347,6.598617401816234,4.150097713964921e-11,1.0344847455617192e-9,UP,ENSMUSG00000129268
ENSMUSG00000050592.9,Fam78a,676.803759913083,-0.5145215363774155,0.07802848011855898,-6.594022280014104,4.28067425975711e-11,1.0597543451935553e-9,DOWN,ENSMUSG00000050592
ENSMUSG00000057101.9,Zfp180,758.8362179778837,0.5091945184824972,0.07721957486618918,6.594111912230296,4.2780892125169647e-11,1.0597543451935553e-9,UP,ENSMUSG00000057101
ENSMUSG00000040105.4,Plpp6,250.09175002771505,-0.7059949841555746,0.10706735632339327,-6.593933094071558,4.2832479531089973e-11,1.0597543451935553e-9,DOWN,ENSMUSG00000040105
ENSMUSG00000047409.14,NA,149.7246832121357,-0.8016753834583564,0.12175919691087107,-6.584105380106857,4.576324683473741e-11,1.122276329729531e-9,DOWN,ENSMUSG00000047409
ENSMUSG00000142561.1,ENSMUSG00000142561,35.439586450563034,1.3019724152081256,0.19777212512356301,6.583194746957824,4.60445384740965e-11,1.127516481048507e-9,UP,ENSMUSG00000142561
ENSMUSG00000039115.14,NA,736.221304591753,0.686078266142369,0.10461490732954198,6.558130993522648,5.448633820710486e-11,1.3264440524696067e-9,UP,ENSMUSG00000039115
ENSMUSG00000018347.17,NA,585.5499817185918,0.5648366821569935,0.08618706328144826,6.55361327618845,5.616129490187648e-11,1.364981271574326e-9,UP,ENSMUSG00000018347
ENSMUSG00000078923.11,NA,476.7308728731535,0.5828803849854779,0.0890008329314355,6.549156516709428,5.78629631207438e-11,1.4004684658948092e-9,UP,ENSMUSG00000078923
ENSMUSG00000028480.15,NA,5431.226129942065,0.6319884084649475,0.09660685116235165,6.54185910068496,6.075873414832439e-11,1.4683268792315494e-9,UP,ENSMUSG00000028480
ENSMUSG00000081325.2,Gm12599,545.2445556557482,0.5819658628015634,0.08898194582999783,6.540269010450989,6.140827481172376e-11,1.479832934624719e-9,UP,ENSMUSG00000081325
ENSMUSG00000028042.16,NA,5045.494654485464,0.5380519941678782,0.08236281491471295,6.532705259345899,6.459218212967034e-11,1.5543134620409562e-9,UP,ENSMUSG00000028042
ENSMUSG00000042447.14,NA,271.591557412261,-0.5621012726701227,0.0860523135294439,-6.532087861621437,6.485908536036054e-11,1.5584871865552917e-9,DOWN,ENSMUSG00000042447
ENSMUSG00000042647.14,NA,401.73891665070073,-0.5299787188186792,0.08114816195934126,-6.531000900355839,6.533160616978009e-11,1.5675825388305794e-9,DOWN,ENSMUSG00000042647
ENSMUSG00000062995.13,NA,102.53822293976897,-0.9762774511441227,0.149500293141082,-6.530271149520884,6.565072869391698e-11,1.572976367384712e-9,DOWN,ENSMUSG00000062995
ENSMUSG00000015176.12,NA,658.9825504628848,-0.7093277241798465,0.10865478592310021,-6.528269492720449,6.653390644861637e-11,1.5918499626070684e-9,DOWN,ENSMUSG00000015176
ENSMUSG00000004637.16,NA,351.7299111482279,0.51516665760543,0.07898116886977107,6.522651727969081,6.907512809197547e-11,1.6502820000885141e-9,UP,ENSMUSG00000004637
ENSMUSG00000035969.16,NA,2407.5396049371648,0.7856979240652653,0.12048991452831218,6.520860498084639,6.990517846311056e-11,1.6677235422758679e-9,UP,ENSMUSG00000035969
ENSMUSG00000032725.11,NA,8465.566984527446,0.581438493593107,0.08927542388680591,6.5128617516319425,7.373236676121165e-11,1.7540099117117912e-9,UP,ENSMUSG00000032725
ENSMUSG00000054814.15,NA,376.3680475184139,-0.6093590333553256,0.09357286242726948,-6.512134154589495,7.409050103587991e-11,1.755397902976718e-9,DOWN,ENSMUSG00000054814
ENSMUSG00000043895.7,S1pr2,5928.338661038619,0.5353893816993666,0.08221757352061625,6.5118606494159845,7.422556386474025e-11,1.7557241177424233e-9,UP,ENSMUSG00000043895
ENSMUSG00000030421.10,NA,597.0267977871914,-0.5282712365784377,0.08113681130102558,-6.510870073738777,7.471674992974257e-11,1.7648392660458742e-09,DOWN,ENSMUSG00000030421
ENSMUSG00000049191.13,NA,702.7791337566422,0.5293813190879281,0.08137635405870561,6.505345750757374,7.75148859115306e-11,1.8257602224020966e-9,UP,ENSMUSG00000049191
ENSMUSG00000034509.10,NA,1100.0869060145167,0.5066100798691179,0.07793226690901253,6.500646009188918,7.997582322012758e-11,1.881067458418685e-9,UP,ENSMUSG00000034509
ENSMUSG00000061436.16,NA,772.3712405074997,1.020729305806364,0.15723727616045707,6.4916496312536784,8.490152723389759e-11,1.988508241787186e-9,UP,ENSMUSG00000061436
ENSMUSG00000052684.6,Jun,4349.5124225976315,0.5945937787361943,0.09162281148097164,6.489582333540163,8.607465817723353e-11,2.013157082417316e-9,UP,ENSMUSG00000052684
ENSMUSG00000127251.1,ENSMUSG00000127251,11479.017810623982,-0.5867398820343753,0.09045204001625165,-6.486751232243683,8.770697422463304e-11,2.0455965065314415e-9,DOWN,ENSMUSG00000127251
ENSMUSG00000007655.17,NA,381.1919590539955,0.8993351129492523,0.13869962830186605,6.48404847193922,8.929351327657826e-11,2.079690820391367e-9,UP,ENSMUSG00000007655
ENSMUSG00000027472.15,NA,1058.5090992302764,-0.5284598098023057,0.08162391761832774,-6.474325482309929,9.523641252253561e-11,2.215010342016463e-9,DOWN,ENSMUSG00000027472
ENSMUSG00000028093.16,NA,218.61010795224985,-0.783851528941459,0.12115476171870149,-6.469836742871192,9.810885803089142e-11,2.2786397166060518e-9,DOWN,ENSMUSG00000028093
ENSMUSG00000041845.12,NA,275.1999370141647,0.8154672723343381,0.12608064205508865,6.467822966653632,9.942487959094438e-11,2.305993452098176e-9,UP,ENSMUSG00000041845
ENSMUSG00000022822.18,NA,5894.678178702818,0.500401861116716,0.0774171634994436,6.463706993350544,1.0216861486856674e-10,2.3630566179586946e-9,UP,ENSMUSG00000022822
ENSMUSG00000020547.6,Bzw2,449.0584253359579,-0.5336129094246369,0.08262679248413875,-6.4581099348261715,1.0601871736837884e-10,2.448709322486268e-9,DOWN,ENSMUSG00000020547
ENSMUSG00000001588.13,NA,98.83950135518992,0.9690346947129085,0.15022332248726017,6.450627496906071,1.1138797811013956e-10,2.5620771351237066e-9,UP,ENSMUSG00000001588
ENSMUSG00000037161.15,NA,154.47529623995675,1.1488756373408682,0.17813800480952588,6.449357275384912,1.1232548388116534e-10,2.580082326724949e-9,UP,ENSMUSG00000037161
ENSMUSG00000022750.19,NA,440.43811040428164,-0.5269742551547245,0.08172902957014763,-6.447822247814958,1.1346873018886961e-10,2.602757282846753e-9,DOWN,ENSMUSG00000022750
ENSMUSG00000034926.4,Dhcr24,1545.2543630588493,-0.8445863873891082,0.13113669810594528,-6.440503684992642,1.1907766446096704e-10,2.7201905925357344e-9,DOWN,ENSMUSG00000034926
ENSMUSG00000050270.13,NA,120.42819873105343,-0.8081115562213401,0.1254992148984486,-6.439176188275341,1.201236957231469e-10,2.7403320791781087e-9,DOWN,ENSMUSG00000050270
ENSMUSG00000030795.19,NA,3125.433125686911,-0.6134142078708095,0.09527373903384187,-6.438439533195193,1.2070802920053333e-10,2.7499004029345547e-9,DOWN,ENSMUSG00000030795
ENSMUSG00000032400.19,NA,257.9301572575497,-1.3683058706940086,0.21256577503920926,-6.437093979224148,1.217825372563514e-10,2.7668196066579234e-9,DOWN,ENSMUSG00000032400
ENSMUSG00000101751.2,Gm2427,304.28874469390354,0.7554564123161823,0.11741070208871146,6.434306233390766,1.2403855899004777e-10,2.806603812371827e-9,UP,ENSMUSG00000101751
ENSMUSG00000047635.7,Mtrfr,276.5082411108432,-0.5948861931471936,0.09253693368946193,-6.4286352424809055,1.287546699510526e-10,2.909367040790994e-9,DOWN,ENSMUSG00000047635
ENSMUSG00000022265.8,Ank,652.498243796973,-0.5684120465952788,0.08848046649127175,-6.424152913472154,1.3260585372986821e-10,2.9923345288217626e-9,DOWN,ENSMUSG00000022265
ENSMUSG00000032350.10,NA,943.7820722495903,-0.6958587881088499,0.10853166745834376,-6.411573731472724,1.4402507318219887e-10,3.2412444269721297e-9,DOWN,ENSMUSG00000032350
ENSMUSG00000054855.14,NA,829.2840141614471,0.5418816129542618,0.08455219301556104,6.408841611648484,1.4662942431089148e-10,3.2954073851865583e-9,UP,ENSMUSG00000054855
ENSMUSG00000025915.15,NA,3417.483744919678,-0.6232772717338796,0.09734452336477954,-6.402797509195972,1.5255546488735643e-10,3.4193749092225215e-9,DOWN,ENSMUSG00000025915
ENSMUSG00000025283.16,NA,12483.617938581008,0.6582954029060546,0.10287009496842454,6.399288375383682,1.5610277233153348e-10,3.494187693155238e-9,UP,ENSMUSG00000025283
ENSMUSG00000015312.10,NA,2611.272948313832,1.2954497419900264,0.20255669422459835,6.395492121102694,1.6003109420407568e-10,3.577317060250893e-9,UP,ENSMUSG00000015312
ENSMUSG00000020923.18,NA,1517.2197058079832,-0.5125718957075068,0.0801612271046816,-6.394262091798386,1.6132451228551347e-10,3.601402365292132e-9,DOWN,ENSMUSG00000020923
ENSMUSG00000072889.10,NA,1928.54138580024,-0.5317563869965143,0.08318981961372492,-6.392084866461033,1.6363902708942223e-10,3.648187721581825e-9,DOWN,ENSMUSG00000072889
ENSMUSG00000052336.9,Cx3cr1,1193.0592265760854,-0.7661336257348825,0.11988088967395888,-6.3907902904169545,1.6503058423672746e-10,3.674299095769916e-9,DOWN,ENSMUSG00000052336
ENSMUSG00000034616.18,NA,1813.131793020895,-0.5362194369528932,0.08391796131732583,-6.389805335299352,1.6609706457319701e-10,3.6931128650968444e-9,DOWN,ENSMUSG00000034616
ENSMUSG00000117458.2,Gm6552,1408.7749599880851,0.6597394876844476,0.10334118417118565,6.384090650554022,1.7241893698736113e-10,3.828572827165425e-9,UP,ENSMUSG00000117458
ENSMUSG00000058809.9,Hspd1-ps3,904.8563819365934,-0.737825794362503,0.1156639030612093,-6.379049771232826,1.7819012468790682e-10,3.951460796935551e-9,DOWN,ENSMUSG00000058809
ENSMUSG00000038943.17,NA,875.2196421798693,0.7899463795922069,0.12387666087124151,6.376878211249851,1.8073406895897864e-10,4.002551572323942e-9,UP,ENSMUSG00000038943
ENSMUSG00000030035.15,NA,901.690631786744,0.5515000614018037,0.08657885572900981,6.36991626602214,1.891314278463461e-10,4.18296510711627e-9,UP,ENSMUSG00000030035
ENSMUSG00000054499.10,NA,532.1249697233027,0.6266610281866705,0.09852670441320845,6.360316544827623,2.0133839461250208e-10,4.441162789097996e-9,UP,ENSMUSG00000054499
ENSMUSG00000055435.7,Maf,7668.174440839296,-0.7381908274023831,0.11612077081501145,-6.357095481034767,2.0560420481053685e-10,4.523292505831811e-9,DOWN,ENSMUSG00000055435
ENSMUSG00000013878.19,NA,357.8994486051467,-0.6256876827583024,0.09846921786539876,-6.35414494317989,2.0958914423406783e-10,4.604886125490534e-9,DOWN,ENSMUSG00000013878
ENSMUSG00000039081.11,NA,182.72032116608568,1.075801358750457,0.16935306873292832,6.352417271204029,2.1195742384750085e-10,4.63858530194347e-9,UP,ENSMUSG00000039081
ENSMUSG00000003166.21,NA,945.1370545502243,-0.577700541422346,0.09093953241908373,-6.352578752660433,2.1173496339454132e-10,4.63858530194347e-9,DOWN,ENSMUSG00000003166
ENSMUSG00000051220.3,Ercc6l,278.2651473328412,0.7755292977993986,0.12208396395159068,6.3524255987208536,2.1194594609321364e-10,4.63858530194347e-9,UP,ENSMUSG00000051220
ENSMUSG00000078870.11,NA,514.0539568847938,-0.8543734657771542,0.13462962733992506,-6.346102879865773,2.2083758237468373e-10,4.820271627853699e-9,DOWN,ENSMUSG00000078870
ENSMUSG00000034135.16,NA,1542.3208860862821,0.6459320225634662,0.101818314698257,6.343966942270787,2.2392289700945617e-10,4.874854086853382e-9,UP,ENSMUSG00000034135
ENSMUSG00000021377.16,NA,1320.4688502737863,-0.6649732884246762,0.1048523440331666,-6.341997354053751,2.2680521276810652e-10,4.92474443765748e-9,DOWN,ENSMUSG00000021377
ENSMUSG00000022394.15,NA,619.2450280004063,-0.6251074766226813,0.09863261925188165,-6.337735744665991,2.3316628587496764e-10,5.049715562663585e-9,DOWN,ENSMUSG00000022394
ENSMUSG00000028702.16,NA,168.32524670698683,-2.224295456807983,0.3509970736866956,-6.33707692615528,2.3416509506360315e-10,5.064769293489813e-9,DOWN,ENSMUSG00000028702
ENSMUSG00000123896.1,ENSMUSG00000123896,22.11745224256844,1.519881994766265,0.2401067066239991,6.330027245537797,2.4511791311122917e-10,5.287951253613011e-9,UP,ENSMUSG00000123896
ENSMUSG00000056708.6,Ier5,3281.87293746632,0.5987597230986316,0.09460076189202761,6.32933298974933,2.4622323352250166e-10,5.304933646280669e-9,UP,ENSMUSG00000056708
ENSMUSG00000028108.17,NA,3684.508882319835,0.6401622750696921,0.10115504585720347,6.328525380467759,2.475151494489015e-10,5.305350427004989e-9,UP,ENSMUSG00000028108
ENSMUSG00000002250.17,NA,1450.2527625007717,0.7322028072220375,0.1156891680104408,6.329052406669198,2.466713281238531e-10,5.305350427004989e-9,UP,ENSMUSG00000002250
ENSMUSG00000034641.3,Cd300ld,10887.71021199105,0.5695713985021478,0.09001875182265667,6.32725278866612,2.4956433535460565e-10,5.342406747591019e-9,UP,ENSMUSG00000034641
ENSMUSG00000026634.17,NA,583.4211202067427,-0.5338685527947983,0.08440989874826971,-6.3247150003925565,2.5370038764993334e-10,5.423984185192677e-9,DOWN,ENSMUSG00000026634
ENSMUSG00000026355.12,NA,1965.1758861080434,-0.5248686375309264,0.08302788630782912,-6.321594597566358,2.588778192233783e-10,5.520519838067848e-9,DOWN,ENSMUSG00000026355
ENSMUSG00000059343.5,Aldoart1,98.13413079088635,1.0478831825461103,0.165826955085577,6.319136608432192,2.63028686112896e-10,5.593429616193228e-9,UP,ENSMUSG00000059343
ENSMUSG00000003526.13,NA,33.35610536937751,-2.692070287381128,0.42600690234465083,-6.319311430318498,2.6273132534943805e-10,5.593429616193228e-9,DOWN,ENSMUSG00000003526
ENSMUSG00000010051.16,NA,487.00741102628905,0.9760819435219922,0.15452219948167512,6.316774850449539,2.670782430586655e-10,5.65920810831805e-9,UP,ENSMUSG00000010051
ENSMUSG00000056749.8,Nfil3,1963.250719917562,0.5895302506977985,0.0933671440068623,6.314108211925912,2.717237654906401e-10,5.750336945839993e-9,UP,ENSMUSG00000056749
ENSMUSG00000024220.15,NA,193.20482841740085,0.6470396417740016,0.10250826101283783,6.312073147870183,2.753220295315845e-10,5.8191003351948075e-9,UP,ENSMUSG00000024220
ENSMUSG00000021951.8,Eef1akmt1,711.8918320610538,-0.7267215478355517,0.1152044832468756,-6.3081012765643445,2.824793597150159e-10,5.962817471655196e-9,DOWN,ENSMUSG00000021951
ENSMUSG00000016921.15,NA,1976.1296599162106,-0.5880014614769512,0.09332150649761256,-6.300814073248957,2.9608639236877826e-10,6.242144979951638e-9,DOWN,ENSMUSG00000016921
ENSMUSG00000039485.9,Tspyl4,112.32824480881985,-0.8756155729097004,0.1390641269544637,-6.296487757740852,3.0446531401547893e-10,6.4026022402548885e-9,DOWN,ENSMUSG00000039485
ENSMUSG00000024401.15,NA,14965.993964820638,0.5784884697208112,0.09213325978349311,6.278823424680943,3.4114475953411376e-10,7.128984974925916e-9,UP,ENSMUSG00000024401
ENSMUSG00000034640.10,NA,3739.8464002588544,0.6409355922997882,0.10212424557429567,6.276037474700421,3.4731050655565504e-10,7.2453479597190436e-9,UP,ENSMUSG00000034640
ENSMUSG00000022305.14,NA,3325.735827382416,0.596130661518042,0.09501097428370801,6.274334791452226,3.51132239636751e-10,7.310213768018051e-9,UP,ENSMUSG00000022305
ENSMUSG00000028521.18,NA,206.8815052996957,-0.7360151563528762,0.11736701610365644,-6.271056219942073,3.586070968527313e-10,7.4565236248331e-9,DOWN,ENSMUSG00000028521
ENSMUSG00000082530.2,Gm12168,334.5276072140288,0.8458536969932512,0.13494898567195054,6.267951498720037,3.6582868198594095e-10,7.597209340968308e-9,UP,ENSMUSG00000082530
ENSMUSG00000043024.7,Gm16433,441.43782634286435,-0.5260858540268375,0.08393537287978746,-6.267749054743577,3.663044660920408e-10,7.597628453421483e-9,DOWN,ENSMUSG00000043024
ENSMUSG00000028680.15,NA,725.9449547932618,0.6465700893790649,0.10318669288853427,6.266022015818567,3.703879904253157e-10,7.663263186516829e-9,UP,ENSMUSG00000028680
ENSMUSG00000096579.2,Gm17121,1738.4682177170748,0.5477287726623563,0.08743285580750274,6.264564591922604,3.7386856782877514e-10,7.725690504476647e-9,UP,ENSMUSG00000096579
ENSMUSG00000019984.17,NA,1578.0353265284539,0.585654173751749,0.09355122501829309,6.260251254189666,3.84357699410741e-10,7.922804691438216e-9,UP,ENSMUSG00000019984
ENSMUSG00000043424.11,NA,1103.2655250975438,-0.6206999198092422,0.09921284439787496,-6.256245585702984,3.9435558707231786e-10,8.108845585718831e-9,DOWN,ENSMUSG00000043424
ENSMUSG00000030256.12,NA,1969.6667563173207,0.7581930118274007,0.12123017314784612,6.254160924960053,3.996587511291809e-10,8.207770115554459e-9,UP,ENSMUSG00000030256
ENSMUSG00000064337.1,mt-Rnr1,4262.4626478146,0.9011623715119264,0.144199171178739,6.2494282328080075,4.119579792378443e-10,8.449952351500974e-9,UP,ENSMUSG00000064337
ENSMUSG00000078875.12,NA,349.99148651109675,-0.6858470286878691,0.10979887367462648,-6.2463940269576925,4.200367688272369e-10,8.583986711964464e-9,DOWN,ENSMUSG00000078875
ENSMUSG00000037347.8,Chst7,234.7070201479435,-1.28446508679334,0.20565440377863853,-6.245745596461467,4.2178321095170934e-10,8.609127081800128e-9,DOWN,ENSMUSG00000037347
ENSMUSG00000039763.11,NA,129.93538106161105,-0.8496709723143356,0.13614870717029093,-6.240756816380132,4.3545880053272106e-10,8.86655794588969e-9,DOWN,ENSMUSG00000039763
ENSMUSG00000020650.16,NA,1209.0481093767862,-0.6345926175588179,0.10183796249033762,-6.231395464329208,4.622984363759938e-10,9.378696745749479e-9,DOWN,ENSMUSG00000020650
ENSMUSG00000020937.15,NA,96.9136981101531,0.839064773756096,0.1349147384267366,6.219222477399957,4.99624468520176e-10,1.0123618027998122e-8,UP,ENSMUSG00000020937
ENSMUSG00000039254.17,NA,351.3838507579286,-0.686219914182837,0.11035246067395284,-6.218437812731163,5.021288766678501e-10,1.0162015955477025e-8,DOWN,ENSMUSG00000039254
ENSMUSG00000031483.9,Erlin2,1624.6235326366627,-0.5387853960835932,0.08667757382988496,-6.215972278377606,5.100780925487833e-10,1.0310378510719406e-8,DOWN,ENSMUSG00000031483
ENSMUSG00000024766.16,NA,838.4535277315059,-0.7228456619345178,0.11641840092703562,-6.209032731754803,5.331171903309841e-10,1.07370317221733e-8,DOWN,ENSMUSG00000024766
ENSMUSG00000048216.14,NA,726.1643421363007,-0.7055781575301535,0.11367113938921072,-6.207188221402878,5.394097995927004e-10,1.085066081786233e-8,DOWN,ENSMUSG00000048216
ENSMUSG00000046546.4,Fam43a,141.68747657674206,-0.9979108375022981,0.1609549144123146,-6.199940158061731,5.648463342518202e-10,1.1334990938608126e-8,DOWN,ENSMUSG00000046546
ENSMUSG00000028292.15,NA,544.7731836331801,-0.6012130287889441,0.096979357039229,-6.199391779280906,5.668177597158676e-10,1.1360880962766596e-8,DOWN,ENSMUSG00000028292
ENSMUSG00000036622.16,NA,5984.867210937435,-0.637695827161469,0.10289378430573229,-6.197612727185334,5.732597981656587e-10,1.143766978436129e-8,DOWN,ENSMUSG00000036622
ENSMUSG00000030528.13,NA,217.41182532367174,0.7223064841165477,0.11671868209257842,6.188439341215589,6.076278080010095e-10,1.2077236384058207e-8,UP,ENSMUSG00000030528
ENSMUSG00000134613.1,ENSMUSG00000134613,254.15395085199145,-0.9365837677180192,0.1514100511274569,-6.185743685731957,6.181036984635764e-10,1.2270830089974525e-8,DOWN,ENSMUSG00000134613
ENSMUSG00000052837.8,Junb,7579.216300687141,0.6969281429576085,0.11272862408184513,6.182352961672033,6.315312539565339e-10,1.250761899166171e-8,UP,ENSMUSG00000052837
ENSMUSG00000030515.10,NA,128.43961606011808,-0.8624097879796793,0.13952527133267528,-6.1810292841029755,6.368500051175294e-10,1.2597996068018885e-8,DOWN,ENSMUSG00000030515
ENSMUSG00000041415.12,NA,862.15910943691,-0.6007734377903556,0.09726480931819764,-6.1766783074128195,6.546426834256731e-10,1.2919315253025474e-8,DOWN,ENSMUSG00000041415
ENSMUSG00000007080.15,NA,170.93180720786123,-3.8310771961639887,0.6205016751836063,-6.17416092394976,6.651576605008143e-10,1.3111311047886026e-8,DOWN,ENSMUSG00000007080
ENSMUSG00000023832.15,NA,1144.0954865256776,-0.8310780425655664,0.1346433009672264,-6.172442569332577,6.724295709144966e-10,1.3239002980602298e-8,DOWN,ENSMUSG00000023832
ENSMUSG00000092417.4,Gpank1,844.087828945051,0.5971687375704311,0.0967690160911433,6.1710737764242545,6.782776144692414e-10,1.3338393276991827e-8,UP,ENSMUSG00000092417
ENSMUSG00000032527.14,NA,610.5605148234059,-0.522725034596339,0.08474898322014734,-6.167921014916339,6.919368995299386e-10,1.3590977310437287e-8,DOWN,ENSMUSG00000032527
ENSMUSG00000046223.11,NA,4561.495737511777,0.6082658664788989,0.09875507139092668,6.159338026004248,7.30496526697122e-10,1.4281078639157333e-8,UP,ENSMUSG00000046223
ENSMUSG00000006050.13,NA,3431.899502694892,0.5596196992826381,0.09089775368355509,6.156584476563172,7.433053409474098e-10,1.449749691887603e-8,UP,ENSMUSG00000006050
ENSMUSG00000029782.21,NA,847.648486053664,-0.5498419618853737,0.08936575321504395,-6.152714458325772,7.616786990233887e-10,1.4838497645927605e-8,DOWN,ENSMUSG00000029782
ENSMUSG00000023571.5,C1qtnf12,440.77609293470914,-0.6348066326390963,0.10317905749086904,-6.152475590264761,7.628271543898877e-10,1.4843530486121082e-8,DOWN,ENSMUSG00000023571
ENSMUSG00000073609.10,NA,379.9196691441032,-0.5505140040540245,0.08951493644859847,-6.149968104710014,7.749853017105995e-10,1.506253483837524e-8,DOWN,ENSMUSG00000073609
ENSMUSG00000039356.16,NA,279.44766146016144,-0.839255366248682,0.13648440555577585,-6.149093464789361,7.792705059938862e-10,1.5128189706582125e-8,DOWN,ENSMUSG00000039356
ENSMUSG00000028874.15,NA,563.64513140313,-0.5939537646910197,0.09676574414540089,-6.138058152051625,8.353628559620869e-10,1.6179455268320283e-8,DOWN,ENSMUSG00000028874
ENSMUSG00000116678.2,Pgk1-ps1,855.7146198458123,0.7740640684007905,0.12612082840098848,6.137480051587765,8.38407434891047e-10,1.6209553448399576e-8,UP,ENSMUSG00000116678
ENSMUSG00000024521.9,Pmaip1,305.6704724741077,0.6700723240172352,0.1091786368699587,6.1373941205672855,8.388609154454805e-10,1.6209553448399576e-8,UP,ENSMUSG00000024521
ENSMUSG00000004798.15,NA,850.6513327358205,-0.6313871230801879,0.10302487201868417,-6.12849218551499,8.87157854598022e-10,1.706371901185307e-8,DOWN,ENSMUSG00000004798
ENSMUSG00000045411.17,NA,104.59238553820228,-1.086449896382682,0.1773361091244312,-6.126501262189947,8.98324943742936e-10,1.725860226020415e-8,DOWN,ENSMUSG00000045411
ENSMUSG00000020471.12,NA,325.3430054949729,-0.6962987527137675,0.11367145478183918,-6.1255374451758335,9.037801231949305e-10,1.7343426161563477e-8,DOWN,ENSMUSG00000020471
ENSMUSG00000086686.3,F630206G17Rik,104309.76546611216,0.5309099866742661,0.08671759327539927,6.1222869157379955,9.224172982389662e-10,1.768072513268161e-8,UP,ENSMUSG00000086686
ENSMUSG00000061079.15,NA,795.276164615513,0.5349115497791304,0.08737984728129278,6.121680987346496,9.259326437800223e-10,1.7727729928445067e-8,UP,ENSMUSG00000061079
ENSMUSG00000028121.9,Bcar3,1047.9320352890588,0.5376625317125149,0.08797673253584613,6.111417373831703,9.875012642623105e-10,1.8884829223438406e-8,UP,ENSMUSG00000028121
ENSMUSG00000024953.18,NA,94239.43603958238,0.7327219869908935,0.1199484656399434,6.108639932005047,1.0048373704671375e-9,1.9150477702754268e-8,UP,ENSMUSG00000024953
ENSMUSG00000029650.11,NA,372.27166716054234,-0.6587390584408516,0.10787262378513147,-6.106637952489001,1.017516918084236e-9,1.9369991011384385e-8,DOWN,ENSMUSG00000029650
ENSMUSG00000063234.6,Gpr84,11742.581230073361,-0.9852093397687679,0.16147402204567343,-6.101348856536801,1.0517706780897044e-9,1.9976455384765275e-8,DOWN,ENSMUSG00000063234
ENSMUSG00000084353.2,Gm15452,186.61435725234804,0.9103975620445465,0.14925745825047654,6.099511359202982,1.0639319969527711e-9,2.018444821522686e-8,UP,ENSMUSG00000084353
ENSMUSG00000025586.18,NA,88.31466493479162,-1.3228827909048408,0.21695500457081254,-6.0974983892250405,1.0774120491381274e-9,2.0416958331167512e-8,DOWN,ENSMUSG00000025586
ENSMUSG00000026384.14,NA,159.03116374423834,-1.1276518607572106,0.18504834706321982,-6.09382293143078,1.1024560193373218e-9,2.0844168456314263e-8,DOWN,ENSMUSG00000026384
ENSMUSG00000084284.2,Tpt1-ps6,11178.830812453909,0.5195542552179901,0.08539489748268118,6.084136998037385,1.171204295576213e-9,2.2093894607498788e-8,UP,ENSMUSG00000084284
ENSMUSG00000090137.9,Uba52,5688.979555096336,0.5542833571550477,0.0911306490511138,6.082293530513083,1.1847541246001849e-9,2.2324248341053877e-8,UP,ENSMUSG00000090137
ENSMUSG00000028010.17,NA,135.93444728356027,-1.013114474033142,0.16657977791033857,-6.081857514412404,1.1879812033970958e-9,2.2359790686060916e-8,DOWN,ENSMUSG00000028010
ENSMUSG00000075705.14,NA,8751.43211581339,0.6054623033391997,0.09957389870665387,6.080532259994161,1.1978424830659588e-9,2.2494618522081e-8,UP,ENSMUSG00000075705
ENSMUSG00000032279.12,NA,1406.4797445545084,-0.5601299821420597,0.09213156596381587,-6.0796750416903516,1.2042635399026665e-9,2.258976242004147e-8,DOWN,ENSMUSG00000032279
ENSMUSG00000050350.9,Gpr18,233.62460763686934,-0.8018360577736331,0.13190127441517868,-6.0790622481003185,1.2088742706866749e-9,2.2650772289855047e-8,DOWN,ENSMUSG00000050350
ENSMUSG00000031403.15,NA,176.40115759588784,-0.919323683351242,0.15123538607423548,-6.0787604489598905,1.211151363274152e-9,2.2667968724982896e-8,DOWN,ENSMUSG00000031403
ENSMUSG00000030465.21,NA,802.3116676750527,-0.7920006685245371,0.1303347822521528,-6.076663917635503,1.2270856407280252e-9,2.2940448592803303e-8,DOWN,ENSMUSG00000030465
ENSMUSG00000059013.13,NA,659.844415418535,0.5489885091904287,0.09036673303011339,6.075117366558846,1.2389706972459103e-9,2.313670251654289e-8,UP,ENSMUSG00000059013
ENSMUSG00000026357.4,Rgs18,604.292988784333,-0.6376793074274345,0.10499044058751834,-6.073689222171377,1.2500454258930009e-9,2.329134918680635e-8,DOWN,ENSMUSG00000026357
ENSMUSG00000028691.13,NA,344303.40456141555,0.6012448667922979,0.09899025995562173,6.073778036968907,1.2493538951077927e-9,2.329134918680635e-8,UP,ENSMUSG00000028691
ENSMUSG00000055184.5,Fam72a,187.17737818805134,-0.8801394723907697,0.14503265154507325,-6.068560858636994,1.290615096584785e-9,2.4020421150276646e-8,DOWN,ENSMUSG00000055184
ENSMUSG00000020741.18,NA,890.393828842765,-0.6148543949894073,0.10153572032652208,-6.055547673391564,1.3994072095203924e-9,2.6016181299846223e-8,DOWN,ENSMUSG00000020741
ENSMUSG00000029456.13,NA,162.29269442825816,-0.632592598452259,0.1044789067799983,-6.054739831689779,1.406447879750963e-9,2.6117956395018995e-8,DOWN,ENSMUSG00000029456
ENSMUSG00000029276.14,NA,257.54974293023605,-0.710581222551322,0.11753082477436044,-6.0459136904341415,1.48565617349511e-9,2.7558178363964907e-8,DOWN,ENSMUSG00000029276
ENSMUSG00000123116.1,ENSMUSG00000123116,1069.1494635859158,-0.8464364620628594,0.14031227040332062,-6.0325191776158995,1.6142317923241677e-9,2.984360240443217e-8,DOWN,ENSMUSG00000123116
ENSMUSG00000033488.12,NA,309.08540235510566,-0.5877735687670825,0.09752229797622339,-6.027068485510727,1.6696026832712051e-9,3.069712717335239e-8,DOWN,ENSMUSG00000033488
ENSMUSG00000026020.10,NA,563.4854735226796,-0.6904163984511583,0.1146039182718431,-6.024369924363972,1.697696737257097e-9,3.1144984367986086e-8,DOWN,ENSMUSG00000026020
ENSMUSG00000020156.17,NA,366.94837508039683,-0.6304319605049585,0.10468239055604958,-6.022330567311696,1.7192330633224915e-9,3.147083486714146e-8,DOWN,ENSMUSG00000020156
ENSMUSG00000040128.10,NA,2424.152356706627,0.5628254559331632,0.09348314395975633,6.0206089792557105,1.7376206697953013e-9,3.1772546370072854e-8,UP,ENSMUSG00000040128
ENSMUSG00000026603.14,NA,617.0626178903602,-0.5558971934999484,0.09235127043508361,-6.019377869746846,1.7508870376091064e-9,3.1980057217053074e-8,DOWN,ENSMUSG00000026603
ENSMUSG00000118665.1,Lin54,837.2717109189612,0.6521071490376844,0.10837184498841537,6.017311499194212,1.7733763027840043e-9,3.235538646086002e-8,UP,ENSMUSG00000118665
ENSMUSG00000050786.9,Ccdc126,359.4503324899334,0.5394363575891324,0.08971536201670428,6.012753506904355,1.8239827594690905e-9,3.3133699887697766e-8,UP,ENSMUSG00000050786
ENSMUSG00000104802.2,Gm5869,9416.231816517864,0.6044955642681832,0.10054967045804178,6.011909949724124,1.8335016807421931e-9,3.327037435044267e-8,UP,ENSMUSG00000104802
ENSMUSG00000035498.11,NA,43.67625343349247,1.3446482508911084,0.22389741488838,6.005644377633652,1.9057349190564787e-9,3.448457075296986e-8,UP,ENSMUSG00000035498
ENSMUSG00000000957.12,NA,7767.831594986388,-0.5291385696727706,0.08811967583999186,-6.004772085562173,1.9160085619862245e-9,3.461685674938492e-8,DOWN,ENSMUSG00000000957
ENSMUSG00000031951.9,Tmem231,52.51059937007154,-1.1945520133711987,0.19911337028202575,-5.999356103908169,1.9810148979046252e-9,3.567538276183318e-8,DOWN,ENSMUSG00000031951
ENSMUSG00000027199.15,NA,2589.769914565262,-0.5977416066563693,0.09968428242997315,-5.996347589463511,2.0180483162563415e-9,3.6224944802896393e-8,DOWN,ENSMUSG00000027199
ENSMUSG00000037580.11,NA,4146.930073930505,0.5421803727671354,0.09041697626788031,5.996444419472799,2.0168459474006677e-9,3.6224944802896393e-8,UP,ENSMUSG00000037580
ENSMUSG00000042099.17,NA,134.04838476426016,-0.9736762351141315,0.16240371588525068,-5.995406138379865,2.029775073837177e-9,3.63962678831277e-8,DOWN,ENSMUSG00000042099
ENSMUSG00000024597.12,NA,75.88659969661182,-1.2546841905002086,0.20929270998902044,-5.994877655155928,2.0363869502786615e-9,3.6475605566967735e-8,DOWN,ENSMUSG00000024597
ENSMUSG00000028614.15,NA,765.0147012582129,-0.5421097296705008,0.09043550698757631,-5.994434572528838,2.0419465426956152e-09,3.6535944791837e-8,DOWN,ENSMUSG00000028614
ENSMUSG00000093273.4,Mir3064,21.830717633929357,-2.1566228205065503,0.3598273064192037,-5.993494051265958,2.053796812825107e-9,3.670859126545711e-8,DOWN,ENSMUSG00000093273
ENSMUSG00000025995.17,NA,563.060650656494,-0.5376221968307953,0.0897103527414429,-5.992866825307147,2.0617368721856034e-9,3.677168350862794e-8,DOWN,ENSMUSG00000025995
ENSMUSG00000006651.9,Aplp1,236.65038399483424,0.7505893180041726,0.12524700494500815,5.992872391110125,2.061666283301803e-9,3.677168350862794e-8,UP,ENSMUSG00000006651
ENSMUSG00000052942.14,NA,198.54555337342092,0.8784993176903817,0.14664985914459708,5.990454561733874,2.0925533506403987e-9,3.728143127700778e-8,UP,ENSMUSG00000052942
ENSMUSG00000005800.4,Mmp8,2169.100193247279,0.9275143733852355,0.1549014879728992,5.9877692946855925,2.1273852738057813e-9,3.786155477693192e-8,UP,ENSMUSG00000005800
ENSMUSG00000141856.1,ENSMUSG00000141856,1004.5383481537131,-0.5811618245553157,0.09713684904042812,-5.9829182261557365,2.191748191911836e-9,3.888254558332104e-8,DOWN,ENSMUSG00000141856
ENSMUSG00000036208.14,NA,299.14263832753227,0.591125112790021,0.09884600076230429,5.980263321037175,2.2277719808612267e-9,3.947962332926867e-8,UP,ENSMUSG00000036208
ENSMUSG00000048924.15,NA,141.2904458551932,-0.7595601627561316,0.12712636893819368,-5.97484352853195,2.30311129137769e-9,4.0771426640142634e-8,DOWN,ENSMUSG00000048924
ENSMUSG00000042363.15,NA,80.49813054903042,-1.1142269324520029,0.18657412885477248,-5.972033417984261,2.3431451724407874e-9,4.1436149412113014e-8,DOWN,ENSMUSG00000042363
ENSMUSG00000022554.8,Hgh1,75.86249619238818,-1.1431242127196137,0.19148566926380442,-5.969763779788469,2.3759733532114314e-9,4.197217334550194e-8,DOWN,ENSMUSG00000022554
ENSMUSG00000026672.12,NA,476.5824175923792,-0.6343956892840692,0.10633981830697471,-5.965739827133595,2.435280612247831e-9,4.29743275024813e-8,DOWN,ENSMUSG00000026672
ENSMUSG00000058099.17,NA,4025.310525669748,-0.6225037296666878,0.10440792087721684,-5.962227045960899,2.4882307737903034e-9,4.3862300617047675e-8,DOWN,ENSMUSG00000058099
ENSMUSG00000058258.16,NA,2309.7044352962507,-0.7528058128454658,0.12628586674304093,-5.961124805654071,2.505075389477157e-9,4.4112605274467874e-8,DOWN,ENSMUSG00000058258
ENSMUSG00000015189.13,NA,563.9647668042751,-0.5544541675318055,0.09303652457580588,-5.959532238116203,2.5296095782769597e-9,4.4497646969774876e-8,DOWN,ENSMUSG00000015189
ENSMUSG00000102715.4,Gm6209,16.83662360253501,1.5790157448856301,0.26497230271999295,5.959172821750508,2.535178823919495e-9,4.454862177837882e-8,UP,ENSMUSG00000102715
ENSMUSG00000109715.4,Gm45606,175.9013657413674,-0.8896685285717847,0.14932189489619715,-5.958058121283875,2.5525274416077126e-9,4.480626064868444e-8,DOWN,ENSMUSG00000109715
ENSMUSG00000035847.16,NA,1964.666809588505,-0.7014190755731312,0.11791529393052147,-5.948499572807105,2.7061159439381323e-9,4.730313362800031e-8,DOWN,ENSMUSG00000035847
ENSMUSG00000032204.14,NA,493.7456456691047,0.6277817707235969,0.10558650467655764,5.945662967504002,2.75340156292926e-9,4.8079292631841187e-8,UP,ENSMUSG00000032204
ENSMUSG00000015314.11,NA,223.85901394282925,-0.5595398962742958,0.09415414901935447,-5.94280657944533,2.801829678502854e-9,4.8873757027943084e-8,DOWN,ENSMUSG00000015314
ENSMUSG00000036282.16,NA,430.68774526156176,-0.6726101615034064,0.11319558633619077,-5.942017558049966,2.8153525567426414e-9,4.905832731059591e-8,DOWN,ENSMUSG00000036282
ENSMUSG00000068245.15,NA,7091.143581749316,0.5685098045508545,0.09569681099275333,5.94073928538648,2.837395614897348e-9,4.939082387685613e-8,UP,ENSMUSG00000068245
ENSMUSG00000115248.2,Gm49037,419.1488900511824,0.6504290792956818,0.10949939073543559,5.9400246423945955,2.849792361934142e-9,4.9554887828585764e-8,UP,ENSMUSG00000115248
ENSMUSG00000074406.6,Zfp628,309.41677378429034,0.5985654185327158,0.1007852220873538,5.939019690941594,2.8673142943551634e-9,4.980763872152782e-8,UP,ENSMUSG00000074406
ENSMUSG00000105452.2,Gm5276,379.26577967431405,0.6825792754413001,0.114940168204108,5.9385616543486535,2.8753351993383596e-9,4.9894994572493736e-8,UP,ENSMUSG00000105452
ENSMUSG00000074182.9,Znhit6,179.29935379510388,-0.7695706978180857,0.12963736852551114,-5.936333840860423,2.914660153996979e-9,5.0524815725627465e-8,DOWN,ENSMUSG00000074182
ENSMUSG00000078886.13,NA,603.5953579045787,-0.7391748608056371,0.12460179545489335,-5.932297027559472,2.9872556930346998e-9,5.1675804913948804e-8,DOWN,ENSMUSG00000078886
ENSMUSG00000070390.13,NA,132.09439871044128,-0.9964677116914367,0.1680013021289678,-5.931309454533208,3.005281891932431e-9,5.193376251799505e-8,DOWN,ENSMUSG00000070390
ENSMUSG00000020205.9,Phlda1,468.7564279123056,0.8146716133648968,0.13736474078033076,5.93071852891051,3.0161186770608114e-9,5.2067075630089115e-8,UP,ENSMUSG00000020205
ENSMUSG00000002797.10,NA,302.94451996556774,0.6027354868735556,0.10170153073808524,5.926513421177474,3.094341062697195e-9,5.333977350311653e-8,UP,ENSMUSG00000002797
ENSMUSG00000079523.9,Tmsb10,19995.81625456514,0.6662241081585822,0.11247643265537018,5.923232915822508,3.1567323867103236e-9,5.4325768091621627e-8,UP,ENSMUSG00000079523
ENSMUSG00000031865.17,NA,3268.3528959289647,-0.5056161993619207,0.08536568674972556,-5.922944201740944,3.1622816609265514e-9,5.4365163894444505e-8,DOWN,ENSMUSG00000031865
ENSMUSG00000107994.3,D830050J10Rik,87.93357226153043,-1.3895077691565667,0.23488292567878602,-5.915746174997782,3.3037436654401144e-9,5.656389051835662e-8,DOWN,ENSMUSG00000107994
ENSMUSG00000022508.6,Bcl6,2702.5404617946238,0.5850671376684081,0.09890404301069765,5.915502742442249,3.3086339615008885e-9,5.65895178892193e-8,UP,ENSMUSG00000022508
ENSMUSG00000031765.9,Mt1,6972.814927606739,0.8527796704933243,0.1443686372043998,5.906959343849336,3.484797080270958e-9,5.948052826059212e-8,UP,ENSMUSG00000031765
ENSMUSG00000033581.18,NA,3907.783936705689,0.645604922079917,0.10936983846391818,5.902952140620618,3.570538801374647e-9,6.081951486386478e-8,UP,ENSMUSG00000033581
ENSMUSG00000028683.15,NA,408.24789222122826,-0.528141318705632,0.08950427361906045,-5.900738560858632,3.618779504427009e-9,6.15155627072628e-8,DOWN,ENSMUSG00000028683
ENSMUSG00000078185.4,Chml,154.5763482877793,-1.149346747525892,0.1949122657126855,-5.896738942125431,3.7075573045977986e-9,6.296051487930028e-8,DOWN,ENSMUSG00000078185
ENSMUSG00000029790.17,NA,123.04623576216862,-0.9296370953019776,0.15785842218131035,-5.889056044372664,3.884077234171254e-9,6.589101928488284e-8,DOWN,ENSMUSG00000029790
ENSMUSG00000025262.9,Fam120c,46.45053442820457,-1.4089179514477836,0.23925404753362162,-5.888794634706411,3.89022499088427e-9,6.592824384957934e-8,DOWN,ENSMUSG00000025262
ENSMUSG00000018697.15,NA,278.2487578414853,-0.7010795381165593,0.11908594306655398,-5.887172911119698,3.928576399006606e-9,6.651059901506007e-8,DOWN,ENSMUSG00000018697
ENSMUSG00000052485.8,Tmem171,2248.727356268297,0.5566066424098269,0.09456546155532151,5.885940101759116,3.957976510349149e-9,6.694038162939391e-8,UP,ENSMUSG00000052485
ENSMUSG00000002104.12,NA,148.2347164373186,-1.0869044727919017,0.18470284234146614,-5.88461151443737,3.989900491996528e-9,6.74119357695381e-8,DOWN,ENSMUSG00000002104
ENSMUSG00000091705.9,H2-Q2,607.5888961495975,0.5427141881023355,0.0922521267756829,5.882945001603927,4.030298820055969e-9,6.795678778893158e-8,UP,ENSMUSG00000091705
ENSMUSG00000120488.2,Gm2848,273.681865054051,0.5248922646442862,0.08923011767728087,5.882456263732245,4.042221738517106e-9,6.808897950657704e-8,UP,ENSMUSG00000120488
ENSMUSG00000027890.18,NA,641.2402416677459,0.506284641752206,0.08610638492026702,5.879757258663415,4.108685677038909e-9,6.893002248521213e-8,UP,ENSMUSG00000027890
ENSMUSG00000038417.5,Fig4,983.1000196297638,-0.5026328979563833,0.08570988676550685,-5.864351440943255,4.5089157744746874e-9,7.526594540054042e-8,DOWN,ENSMUSG00000038417
ENSMUSG00000069939.9,Gm12070,2327.662897825359,0.5225460137541257,0.08916006378768226,5.860763121462874,4.607448371820318e-9,7.668044815217129e-8,UP,ENSMUSG00000069939
ENSMUSG00000039195.5,Bbln,1984.2360776948256,0.8009241870173462,0.13675062002954905,5.856823075787757,4.718052793777031e-9,7.836478923209737e-8,UP,ENSMUSG00000039195
ENSMUSG00000031728.11,NA,537.3082266407213,0.5129364992086725,0.08769705278198756,5.84895937704792,4.946578656600266e-9,8.191573552876468e-8,UP,ENSMUSG00000031728
ENSMUSG00000041836.11,NA,2777.87231537228,0.5177340661140274,0.08854997059078273,5.846801107440672,5.011160677425714e-9,8.282072889668109e-8,UP,ENSMUSG00000041836
ENSMUSG00000099397.2,Gm7809,1574.793403713184,0.5339437260173321,0.09136214134842065,5.8442558168713745,5.088378226694312e-9,8.393055915762054e-8,UP,ENSMUSG00000099397
ENSMUSG00000074030.4,Exoc8,540.9193597919507,-0.5935742844975159,0.10169204195554367,-5.836978716161552,5.3155883058844766e-9,8.724680176075741e-8,DOWN,ENSMUSG00000074030
ENSMUSG00000026360.10,NA,1474.157545983739,-0.6346834835196714,0.10887435926390909,-5.829503730820701,5.559245414947191e-9,9.106677459691488e-8,DOWN,ENSMUSG00000026360
ENSMUSG00000094935.3,Gm9726,248.73219338216916,0.5599477919125541,0.09606809833619202,5.828654898039168,5.587591801851751e-9,9.144129625876329e-8,UP,ENSMUSG00000094935
ENSMUSG00000024378.10,NA,1234.1763017116746,-0.6378757133996883,0.10956036247746234,-5.822139494389732,5.809902436089351e-9,9.489317632147503e-8,DOWN,ENSMUSG00000024378
ENSMUSG00000082127.3,Gm13577,142.2520249422642,-0.9017433545984097,0.1548869310685574,-5.821946037521218,5.816633161047257e-9,9.491015126577698e-8,DOWN,ENSMUSG00000082127
ENSMUSG00000008496.20,NA,2345.6388200377714,-0.6423668869498336,0.11035292864183704,-5.821022557858054,5.84886740737116e-9,9.534282784488902e-8,DOWN,ENSMUSG00000008496
ENSMUSG00000078881.11,NA,559.2512896120465,-0.7946817576134678,0.13657593535872775,-5.818607469362533,5.933990214783686e-9,9.644945765877431e-8,DOWN,ENSMUSG00000078881
ENSMUSG00000060098.12,NA,520.0385840561256,-0.5709863542727311,0.09813115527097155,-5.818604221014773,5.93410551438609e-9,9.644945765877431e-8,DOWN,ENSMUSG00000060098
ENSMUSG00000030254.17,NA,329.0076863201062,0.6564225369638436,0.11284267581427328,5.8171479205637,5.986016772275637e-9,9.719845734612322e-8,UP,ENSMUSG00000030254
ENSMUSG00000022673.6,Mcm4,653.9303478849905,-0.5221508554290546,0.08982080454856414,-5.813250705706372,6.1271191747010896e-9,9.939283984174646e-8,DOWN,ENSMUSG00000022673
ENSMUSG00000030316.14,NA,154.59293295864518,-0.7717196797239445,0.13276001044786692,-5.812892580533417,6.1402465660113305e-9,9.950899099592318e-8,DOWN,ENSMUSG00000030316
ENSMUSG00000095512.2,Gm17222,2136.0889685097227,0.5308131363896815,0.09132036898840308,5.812647739707341,6.149237161901404e-9,9.95579406911338e-8,UP,ENSMUSG00000095512
ENSMUSG00000027752.16,NA,435.93000016952675,-0.5822761975897472,0.1002325615919056,-5.809251887230722,6.27526164374709e-9,1.0140141780147914e-7,DOWN,ENSMUSG00000027752
ENSMUSG00000020577.18,NA,391.036462818406,0.5890543269739487,0.10144452850913199,5.806664347805828,6.372971483064375e-9,1.0265954321270746e-7,UP,ENSMUSG00000020577
ENSMUSG00000121069.2,Gm56730,3023.983451354453,0.6358943855934859,0.10972186878794982,5.7955118028697195,6.81131372829236e-9,1.0921679589711866e-7,UP,ENSMUSG00000121069
ENSMUSG00000022350.8,Washc5,2929.223789234779,-0.5341538963368506,0.09221118819940201,-5.792723277589374,6.925416424305949e-9,1.1083324788073514e-7,DOWN,ENSMUSG00000022350
ENSMUSG00000025264.13,NA,276.2179858473422,-0.7129154065960674,0.12319142344094784,-5.787053892901931,7.16316024641271e-9,1.140906019762926e-7,DOWN,ENSMUSG00000025264
ENSMUSG00000022559.9,Fbxl6,446.45851026943296,-0.6035454886247078,0.10436476130146162,-5.78303903634047,7.336303033326641e-9,1.1666420221802514e-7,DOWN,ENSMUSG00000022559
ENSMUSG00000024528.9,Srfbp1,699.6841971143197,0.5947284189981292,0.10285329330096685,5.78229826105664,7.36869106349597e-9,1.1702884969034172e-7,UP,ENSMUSG00000024528
ENSMUSG00000022299.10,NA,288.64487011935256,-0.5863640149232238,0.10146528375251777,-5.7789619585888525,7.51629173079469e-9,1.1914608450830062e-7,DOWN,ENSMUSG00000022299
ENSMUSG00000101279.2,Gm18342,333.791368958127,0.7041488409271058,0.12195579268990374,5.773803977622784,7.750159410382574e-9,1.2250394154269175e-7,UP,ENSMUSG00000101279
ENSMUSG00000073435.11,NA,210.57619766285922,-0.7579376872296046,0.13143097216257033,-5.7668118462373705,8.078515613243582e-9,1.274525320401608e-7,DOWN,ENSMUSG00000073435
ENSMUSG00000036256.14,NA,93.51190059361014,0.9925090830911044,0.17213570409593495,5.765852519114556,8.124608523447145e-9,1.279376503654434e-7,UP,ENSMUSG00000036256
ENSMUSG00000120076.2,Gm31223,360.69748901819185,0.53719049372575,0.09320046485437762,5.763817750963913,8.223221203999342e-9,1.2936833660178589e-7,UP,ENSMUSG00000120076
ENSMUSG00000085823.10,NA,457.3782884432275,0.6511225432193571,0.11325724651100784,5.7490585660324385,8.974173108923607e-9,1.4078392357893702e-7,UP,ENSMUSG00000085823
ENSMUSG00000022361.15,NA,1358.5411222678385,-0.5594721653344245,0.09733259720568906,-5.748045170849746,9.02811232713396e-9,1.4149699357827624e-7,DOWN,ENSMUSG00000022361
ENSMUSG00000049625.7,Tifab,2449.095418281389,-0.5528695228719722,0.09623735329811163,-5.7448537800012485,9.20004519732717e-9,1.4405629456396985e-7,DOWN,ENSMUSG00000049625
ENSMUSG00000074890.5,Lcmt2,327.7339113227242,-0.6458052767621999,0.11262407497096909,-5.7341672011838325,9.79926278012148e-9,1.5286483266726456e-7,DOWN,ENSMUSG00000074890
ENSMUSG00000096472.3,Cdkn2d,2733.3471625417956,0.5665001166838859,0.09882768873308392,5.73220039794619,9.913604428695058e-9,1.5435972684679625e-7,UP,ENSMUSG00000096472
ENSMUSG00000026921.21,NA,36.94051261378593,1.3043750543579131,0.2279372604766925,5.722517905278109,1.049567788885495e-8,1.629664101252748e-7,UP,ENSMUSG00000026921
ENSMUSG00000040325.17,NA,439.6104175377999,0.7389040126863261,0.12914762578261615,5.7213906040368405,1.0565567877355679e-8,1.6389898597468214e-7,UP,ENSMUSG00000040325
ENSMUSG00000026754.17,NA,345.8746354342084,-0.5745318865419453,0.10045854501639266,-5.719094243781792,1.0709338643814421e-8,1.6597484314521307e-7,DOWN,ENSMUSG00000026754
ENSMUSG00000120343.2,4930434J08Rik,89.45758071971134,-1.1610383842644474,0.20303777133303577,-5.718336921458996,1.0757168734706617e-8,1.6656132388112122e-7,DOWN,ENSMUSG00000120343
ENSMUSG00000026701.16,NA,9386.990781908447,0.5268733912620329,0.09214371857579595,5.7179523401656,1.0781537095061227e-8,1.6678377791951856e-7,UP,ENSMUSG00000026701
ENSMUSG00000074129.15,NA,6755.6650039865435,0.6419167846035414,0.11231883809244342,5.71513020883652,1.09620054268694e-8,1.694183526399204e-7,UP,ENSMUSG00000074129
ENSMUSG00000042178.7,Armc5,697.1246359100986,-0.6142108628831002,0.10751831459431982,-5.712616173352377,1.1125241690517663e-8,1.714644458697528e-7,DOWN,ENSMUSG00000042178
ENSMUSG00000033166.12,NA,336.27126630506507,-0.731055767849729,0.12798418822622332,-5.712078796464479,1.1160438744299982e-8,1.7184808541084625e-7,DOWN,ENSMUSG00000033166
ENSMUSG00000034453.9,Polr3b,601.6041764682344,-0.5397774162426568,0.09452433171593357,-5.7104600100724,1.1267121077070538e-8,1.7333072977973091e-7,DOWN,ENSMUSG00000034453
ENSMUSG00000030871.12,NA,104.68713067543071,-1.0621554187644187,0.1860823972869218,-5.707984388908498,1.143219028546755e-8,1.755462294663507e-7,DOWN,ENSMUSG00000030871
ENSMUSG00000030208.16,NA,8200.418815485396,0.5073801976042358,0.08890259843503563,5.707146996102673,1.1488555957609618e-8,1.7609756243466702e-7,UP,ENSMUSG00000030208
ENSMUSG00000031984.9,2810004N23Rik,428.7938340142644,-0.56680447175932,0.09934072766247415,-5.705660559334012,1.1589275231284211e-8,1.7730527867605092e-7,DOWN,ENSMUSG00000031984
ENSMUSG00000041609.17,NA,73.26307660882856,-0.9057682782421043,0.1587870629029127,-5.704295184274042,1.1682547220123821e-8,1.7856843028669555e-7,DOWN,ENSMUSG00000041609
ENSMUSG00000036555.15,NA,315.5837919767319,-0.5808222705174444,0.10195828191895284,-5.696665926355477,1.2217298728241907e-8,1.8657112966315205e-7,DOWN,ENSMUSG00000036555
ENSMUSG00000079484.13,NA,65.14952556086139,-0.9275122278096019,0.1628971171984834,-5.693852928529524,1.2420408307486687e-8,1.8949929454313632e-7,DOWN,ENSMUSG00000079484
ENSMUSG00000025757.14,NA,1312.5187902448324,0.5258151701778307,0.09235072688336875,5.693676573243342,1.243325056830001e-8,1.895218340740137e-7,UP,ENSMUSG00000025757
ENSMUSG00000121092.1,Gm56862,234.73058316979044,-1.4313043006617001,0.2516055112407397,-5.6886842168262675,1.2802195709200196e-8,1.9496750287362785e-7,DOWN,ENSMUSG00000121092
ENSMUSG00000141178.1,ENSMUSG00000141178,114.00888784694682,0.9728359498966407,0.1710483503358858,5.687490981271045,1.289194091858439e-8,1.9615511565539534e-07,UP,ENSMUSG00000141178
ENSMUSG00000097431.5,Gm26782,373.99209611618386,-0.5277501367219567,0.0928701364285405,-5.682667830772891,1.326096734604427e-8,2.0158604508900113e-7,DOWN,ENSMUSG00000097431
ENSMUSG00000002985.17,NA,28772.98539985455,0.5408002373593241,0.09521350779301134,5.679868853639891,1.3479805787345956e-8,2.0462343891319595e-7,UP,ENSMUSG00000002985
ENSMUSG00000035671.7,Zswim4,1922.9703371161856,0.6048037608052322,0.10650474680366798,5.678655449227387,1.3575762490633864e-8,2.0580855935800938e-7,UP,ENSMUSG00000035671
ENSMUSG00000015468.15,NA,62.061651585208324,1.0231513120089486,0.18028450637247684,5.67520377982491,1.3852365434102441e-8,2.0943068538448984e-7,UP,ENSMUSG00000015468
ENSMUSG00000028261.14,NA,287.4914017826369,-0.641184355513941,0.11299925776102486,-5.674235107543292,1.3930969733291266e-8,2.1016454890372794e-7,DOWN,ENSMUSG00000028261
ENSMUSG00000051238.7,Swsap1,127.84386519428371,-0.7161069260102711,0.12627281775678398,-5.671109101165191,1.4187600680523013e-8,2.1314633238594753e-7,DOWN,ENSMUSG00000051238
ENSMUSG00000135122.1,ENSMUSG00000135122,1569.8161688032428,0.8195738311271632,0.1445888889409628,5.668304370620096,1.442176074773019e-8,2.1646920092632642e-7,UP,ENSMUSG00000135122
ENSMUSG00000134402.1,Gm12250,1673.3314900282455,-0.6902326570341186,0.12212997439378594,-5.651623694021164,1.5893924881664315e-8,2.3728477289761335e-7,DOWN,ENSMUSG00000134402
ENSMUSG00000074671.7,Tspyl3,847.3357289578441,0.5548097329798498,0.09825015976214799,5.646909219516574,1.6335803321758017e-8,2.4236286138223903e-7,UP,ENSMUSG00000074671
ENSMUSG00000116648.2,Rpl31-ps12,5221.955266398012,0.5091568570302292,0.09016550102298902,5.646914299299597,1.6335320843034313e-8,2.4236286138223903e-7,UP,ENSMUSG00000116648
ENSMUSG00000107111.3,Gm40304,97.96539373880668,0.7088904778491671,0.12566895851866655,5.640935408435571,1.6912880441579794e-8,2.502566053627193e-7,UP,ENSMUSG00000107111
ENSMUSG00000120965.2,Gm57005,21.830331811566584,1.2180840922867546,0.21602408340508764,5.6386495111408825,1.7138897467727328e-8,2.531516866003728e-7,UP,ENSMUSG00000120965
ENSMUSG00000001467.6,Cyp51,2701.5331512060134,-0.5651189151616494,0.10025881110435271,-5.636601002314448,1.734393288383854e-8,2.5550125863152954e-7,DOWN,ENSMUSG00000001467
ENSMUSG00000028356.5,Ambp,87.2690662635587,0.9654682568669116,0.17141896065770487,5.632213922908978,1.7791080660148246e-8,2.618570706872305e-7,UP,ENSMUSG00000028356
ENSMUSG00000094475.9,Gm11007,575.329782063631,-0.7437186112235978,0.13205089198417108,-5.632060488563359,1.780692016684516e-8,2.618590835117371e-7,DOWN,ENSMUSG00000094475
ENSMUSG00000027399.2,Il1a,7526.700815337998,0.9150368030798863,0.16248001962401307,5.631688162011105,1.7845413554321576e-8,2.621939351822613e-7,UP,ENSMUSG00000027399
ENSMUSG00000006342.16,NA,169.1599294648915,0.9275351042252149,0.16473557883266152,5.63044796271609,1.7974216641138708e-8,2.638539055524904e-7,UP,ENSMUSG00000006342
ENSMUSG00000040061.18,NA,617.7381182039525,-0.5358924207624268,0.09519720436077295,-5.629287376250381,1.80955687936833e-8,2.6516845799952783e-7,DOWN,ENSMUSG00000040061
ENSMUSG00000130235.1,ENSMUSG00000130235,975.3723826689744,0.7705007402958375,0.13687106407663757,5.629391029388174,1.8084698438238104e-8,2.6516845799952783e-7,UP,ENSMUSG00000130235
ENSMUSG00000035890.10,NA,1129.294340937815,0.5873747874272778,0.10444928384246005,5.623540591366908,1.8708277762834117e-8,2.739062686330305e-7,UP,ENSMUSG00000035890
ENSMUSG00000050192.9,Eif5a2,346.86314202260843,-0.7302802528306075,0.12994174046141788,-5.6200590375149035,1.9089221642815164e-8,2.7899374243259043e-7,DOWN,ENSMUSG00000050192
ENSMUSG00000030257.17,NA,188.9884059927211,0.7397859184848579,0.13164199984730932,5.619680036332862,1.9131142852905685e-8,2.7936159213227255e-7,UP,ENSMUSG00000030257
ENSMUSG00000028973.19,NA,710.8734093448132,-0.5135090168669488,0.09138144377595343,-5.61940144134685,1.9162015151943673e-8,2.795675981398186e-7,DOWN,ENSMUSG00000028973
ENSMUSG00000078880.11,NA,519.0681155094248,-0.7229951256408667,0.12885797332566964,-5.610790756530078,2.0140417074841e-8,2.9281743255453225e-7,DOWN,ENSMUSG00000078880
ENSMUSG00000106181.2,Gm9523,101.10126497440616,-1.796018396894694,0.3202979780443085,-5.607336043333503,2.0546449476322812e-8,2.984604455288843e-7,DOWN,ENSMUSG00000106181
ENSMUSG00000056209.8,Npm3,627.2136324156274,-0.6417939611337286,0.11448749667024008,-5.6057995833579675,2.0729572320657167e-8,3.0085844039972053e-7,DOWN,ENSMUSG00000056209
ENSMUSG00000106755.2,Tpi-rs11,2356.4061687378626,0.5432249858459645,0.09699978601611574,5.600269940345147,2.1401826958862485e-8,3.092693815996454e-7,UP,ENSMUSG00000106755
ENSMUSG00000035183.15,NA,163.15893484657366,-1.0547863140529803,0.18852474658839544,-5.594948849637691,2.206868227344669e-8,3.1811345654360523e-7,DOWN,ENSMUSG00000035183
ENSMUSG00000017485.12,NA,1461.4804874934107,-0.5461603691318033,0.09761701510075495,-5.594930029033222,2.2071076350500795e-8,3.1811345654360523e-7,DOWN,ENSMUSG00000017485
ENSMUSG00000025047.10,NA,636.67446558434,-0.5832503761527703,0.10425255761764797,-5.594590573901058,2.211430008331308e-8,3.184611987818039e-7,DOWN,ENSMUSG00000025047
ENSMUSG00000025785.6,Exosc7,294.16505320234296,-0.520652823512837,0.09311630040487144,-5.59142514521119,2.252133833346455e-8,3.234847872944486e-7,DOWN,ENSMUSG00000025785
ENSMUSG00000020697.18,NA,750.3123842402757,-0.5326226162429423,0.09525583263433478,-5.591496095441818,2.251213577139124e-8,3.234847872944486e-7,DOWN,ENSMUSG00000020697
ENSMUSG00000048240.16,NA,159.12920035589283,-0.6748264058891396,0.12070635278054478,-5.590645316871067,2.262272649289046e-8,3.246614345916018e-7,DOWN,ENSMUSG00000048240
ENSMUSG00000032374.15,NA,441.7695484256765,0.8787595401303465,0.15720015805053675,5.590067790185317,2.2698098132998702e-8,3.251834058985278e-7,UP,ENSMUSG00000032374
ENSMUSG00000031824.16,NA,1182.9047186513717,-0.5082612574632402,0.09105892558630573,-5.581674220189539,2.382142685879513e-8,3.401079745695784e-7,DOWN,ENSMUSG00000031824
ENSMUSG00000022358.8,Fbxo32,74.0394325649701,0.8274236266755944,0.14825736641927065,5.580995040311501,2.391464642765881e-8,3.4085525113473364e-7,UP,ENSMUSG00000022358
ENSMUSG00000037905.14,NA,1065.7324688918857,0.5336909973324474,0.09563749257146474,5.580353300601737,2.400305247791822e-8,3.415314873052596e-7,UP,ENSMUSG00000037905
ENSMUSG00000024486.7,Hbegf,56.082791020116424,0.8871872547921151,0.15905869604993225,5.577734992330166,2.4367049143411047e-8,3.4641509933122134e-7,UP,ENSMUSG00000024486
ENSMUSG00000117679.2,Apbb3,186.24640261275118,0.666486188778545,0.11950757740008938,5.576936653541824,2.4479095828778316e-8,3.475230792747623e-7,UP,ENSMUSG00000117679
ENSMUSG00000040648.16,NA,937.4385986501924,-0.7247592866287536,0.12998460588682237,-5.575731692872936,2.4649159316723667e-8,3.4953178636537746e-7,DOWN,ENSMUSG00000040648
ENSMUSG00000004127.13,NA,249.93964884202381,0.589419601690884,0.10578682502147302,5.571767576645215,2.521676934444486e-8,3.569735531306982e-7,UP,ENSMUSG00000004127
ENSMUSG00000032593.6,Amigo3,89.43501471251835,-1.2287370880223314,0.22059980048551595,-5.5699827711449235,2.5476452645350814e-8,3.597781542560322e-7,DOWN,ENSMUSG00000032593
ENSMUSG00000020407.14,NA,2060.419492374214,0.6969152563012903,0.1251203078570416,5.569961169673296,2.547961142818266e-8,3.597781542560322e-7,UP,ENSMUSG00000020407
ENSMUSG00000083287.5,Idi1-ps1,536.3643139005779,-1.1174827023311675,0.20070455780271942,-5.567799329348495,2.579766714359417e-8,3.6396099601233195e-7,DOWN,ENSMUSG00000083287
ENSMUSG00000037979.14,NA,28.16259107536506,1.4403955830022948,0.25877724173116273,5.566160197729776,2.604138533358369e-8,3.670888772805085e-7,UP,ENSMUSG00000037979
ENSMUSG00000029504.6,Ddx51,383.1199641543872,-0.6289431419352584,0.11299869690050375,-5.565932698224368,2.607538772316023e-8,3.672577412765372e-7,DOWN,ENSMUSG00000029504
ENSMUSG00000101431.2,Gm7901,684.2441354640005,-0.8926476995184851,0.16040519212536705,-5.564955146968205,2.6221984836344602e-8,3.690108178319684e-7,DOWN,ENSMUSG00000101431
ENSMUSG00000111964.2,Gm8942,5826.346473654296,0.6129376783786373,0.11018035080432946,5.563039815213153,2.6511537133327142e-8,3.724569445959254e-7,UP,ENSMUSG00000111964
ENSMUSG00000007033.5,Hspa1l,373.950243664063,0.6174021746302129,0.11118897591472952,5.55272831277533,2.812450197528995e-8,3.9345989508383823e-7,UP,ENSMUSG00000007033
ENSMUSG00000062014.15,NA,4373.102290812355,-0.5652576336501599,0.10183217525347824,-5.550874585985559,2.8424395406213444e-8,3.973220601793926e-7,DOWN,ENSMUSG00000062014
ENSMUSG00000079445.4,B3gnt7,38.0278986815746,-1.7367034885189048,0.3128900207773312,-5.550523740592013,2.8481502846433248e-8,3.97786885650855e-7,DOWN,ENSMUSG00000079445
ENSMUSG00000097803.2,Rpl31-ps16,2831.665735232046,0.5427533996126122,0.09786430987635239,5.545978920184071,2.923140438557876e-8,4.075776751955781e-7,UP,ENSMUSG00000097803
ENSMUSG00000081721.4,Gm13882,130.87421715910247,0.7598298676996993,0.13704488807155837,5.544386794660681,2.949861070606931e-8,4.1061672131420017e-7,UP,ENSMUSG00000081721
ENSMUSG00000069662.6,Marcks,6506.364549392384,-0.6383674873154446,0.1151787963357188,-5.54240457119169,2.9834600465471114e-8,4.1494728720783674e-7,DOWN,ENSMUSG00000069662
ENSMUSG00000024170.16,NA,194.64535277008517,-0.687206845081635,0.12402962327854565,-5.540667035151,3.0132166669150114e-8,4.1873667614562277e-7,DOWN,ENSMUSG00000024170
ENSMUSG00000037022.4,Mmaa,203.87486275472608,0.5369798010146775,0.09693618973070957,5.539518341977509,3.033046795962013e-8,4.2114145186896363e-7,UP,ENSMUSG00000037022
ENSMUSG00000034379.10,NA,90.13593918394777,-0.9089902677410305,0.16415438641482627,-5.537410772831663,3.0697599560520244e-8,4.255304823534793e-7,DOWN,ENSMUSG00000034379
ENSMUSG00000028293.15,NA,490.6279290963074,-0.5212888191572699,0.0941469224591659,-5.53697142233584,3.077467420096624e-8,4.2624457389976165e-7,DOWN,ENSMUSG00000028293
ENSMUSG00000047648.14,NA,513.4027733703257,0.5477265782864255,0.09894981183870631,5.5353978760389175,3.105226252524019e-8,4.2973238993436136e-7,UP,ENSMUSG00000047648
ENSMUSG00000037613.17,NA,853.6179400008429,0.6952971287747577,0.12563388611304052,5.534312041809772,3.124522867782744e-8,4.31758342262543e-7,UP,ENSMUSG00000037613
ENSMUSG00000050628.7,Ubald2,3412.854830175117,0.5450519651567808,0.09850352220968114,5.533324625657009,3.142171428335134e-8,4.3340654043768973e-7,UP,ENSMUSG00000050628
ENSMUSG00000027907.5,S100a11,8455.648837796261,0.514452582832277,0.09298833493111908,5.532442141407917,3.158026298926406e-8,4.3487404261681874e-7,UP,ENSMUSG00000027907
ENSMUSG00000116398.2,Gm5216,455.7614832511476,0.5424213475895832,0.09811334061558438,5.528517775323049,3.229477086191022e-8,4.439798836712406e-7,UP,ENSMUSG00000116398
ENSMUSG00000114687.2,Gm5452,901.504570851354,0.622012654118365,0.11253729526920185,5.52716903876569,3.254393668449925e-8,4.4703681066780023e-7,UP,ENSMUSG00000114687
ENSMUSG00000078877.12,NA,407.77458129491873,-0.7186581879024202,0.13003422512865453,-5.526684895391095,3.263383145193691e-8,4.479026940679012e-7,DOWN,ENSMUSG00000078877
ENSMUSG00000080870.2,Gm14111,53.913124559767255,0.9930795425253499,0.17976336106307497,5.524371243686862,3.306676227275549e-8,4.5347148656288705e-7,UP,ENSMUSG00000080870
ENSMUSG00000025722.17,NA,371.39403319790006,-0.5608120045965121,0.10153225457291587,-5.523486176442209,3.323384508922056e-8,4.550144504990493e-7,DOWN,ENSMUSG00000025722
ENSMUSG00000046727.14,NA,79.27649879610603,1.0794561759897527,0.19547005113658913,5.522360943341946,3.344744911004081e-8,4.5756329889995125e-7,UP,ENSMUSG00000046727
ENSMUSG00000020649.12,NA,487.0283542580178,-0.7992064150986437,0.14481390862795426,-5.518851211674072,3.412229440285786e-8,4.656492483322894e-7,DOWN,ENSMUSG00000020649
ENSMUSG00000129227.1,ENSMUSG00000129227,27.78350824804775,1.175783975369483,0.21305690439130412,5.518638218877043,3.416367060934907e-8,4.658326828139862e-7,UP,ENSMUSG00000129227
ENSMUSG00000001436.16,NA,280.344561874279,-0.5594633190188215,0.10148032890973392,-5.513022326883276,3.527234660470289e-8,4.786018323677993e-7,DOWN,ENSMUSG00000001436
ENSMUSG00000039753.17,NA,6641.064014802275,0.5188336058566506,0.09413828728841657,5.511398399113339,3.559939034823769e-8,4.822546169351842e-7,UP,ENSMUSG00000039753
ENSMUSG00000020844.7,Nxn,247.7934285251926,0.6343565095443849,0.11527455028345429,5.503005719688642,3.733703030982958e-8,5.033405961574115e-7,UP,ENSMUSG00000020844
ENSMUSG00000039236.19,NA,3731.728996375339,0.6633727849061659,0.12066491653738327,5.497644252715709,3.848984256031618e-8,5.176263020450263e-7,UP,ENSMUSG00000039236
ENSMUSG00000118087.4,4833438C02Rik,307.3382454761773,-0.5602714331440164,0.1019616560175772,-5.494922846755559,3.908812665276472e-8,5.248257649448506e-7,DOWN,ENSMUSG00000118087
ENSMUSG00000016526.9,Dyrk3,154.49922178436407,0.6881854475733821,0.12530597389964568,5.492040212899442,3.973168927482264e-8,5.33037530448063e-7,UP,ENSMUSG00000016526
ENSMUSG00000027405.17,NA,1135.2876513017554,-0.5559368165510515,0.10123251159879408,-5.491682541221016,3.981225426052611e-8,5.336890289779207e-7,DOWN,ENSMUSG00000027405
ENSMUSG00000037742.15,NA,310041.4409336223,0.5223822214889479,0.09515196737827297,5.489978146350222,4.019834762367153e-8,5.377386351267133e-7,UP,ENSMUSG00000037742
ENSMUSG00000020232.19,NA,1180.6272074207523,0.5910749055402712,0.10766129496769497,5.490133717206636,4.016295641439557e-8,5.377386351267133e-7,UP,ENSMUSG00000020232
ENSMUSG00000034987.5,Hrh2,111.17242239484943,-0.8054977163289223,0.1467423351217662,-5.489197890033053,4.037630678925021e-8,5.390835004143607e-7,DOWN,ENSMUSG00000034987
ENSMUSG00000076218.3,Mir692-1,38.786742730465456,1.4491585456694167,0.26423340136036294,5.4843881894138224,4.1490280084597435e-8,5.535135285525974e-7,UP,ENSMUSG00000076218
ENSMUSG00000084345.4,Rpl17-ps4,2862.9786319378145,0.5788540061263727,0.10561247443156138,5.480924571097703,4.231088544864811e-8,5.635593656083513e-7,UP,ENSMUSG00000084345
ENSMUSG00000086742.11,NA,201.77103965724714,0.6252124255702789,0.11407544739653147,5.4806922947846255,4.236647617521213e-8,5.63849446686223e-7,UP,ENSMUSG00000086742
ENSMUSG00000041594.19,NA,67.5472970147997,-1.2138586444392683,0.2215027591477108,-5.480106203236039,4.250706052461256e-8,5.65269331186953e-7,DOWN,ENSMUSG00000041594
ENSMUSG00000018405.8,Mrm1,284.8816603377293,-0.5293385523995783,0.09664951441465813,-5.476887862349129,4.3287133997259424e-8,5.747263109381355e-7,DOWN,ENSMUSG00000018405
ENSMUSG00000067928.7,Zfp760,58.61262388689506,-1.101127730892166,0.2010680364740289,-5.47639371330109,4.3408130244337515e-8,5.758742879511316e-7,DOWN,ENSMUSG00000067928
ENSMUSG00000022901.14,NA,1888.0972346245,0.5060152554002508,0.09241631031129434,5.475389070346925,4.3655136742502265e-8,5.786908269618185e-7,UP,ENSMUSG00000022901
ENSMUSG00000063253.12,NA,781.4081861538629,-0.5335442048381831,0.09755771768869909,-5.469010730044865,4.5255435474429077e-8,5.989520968028407e-7,DOWN,ENSMUSG00000063253
ENSMUSG00000048581.13,NA,92.65843053063449,-0.7089442258741155,0.1298070353939754,-5.461523897548461,4.7206468587167305e-8,6.223044032882229e-7,DOWN,ENSMUSG00000048581
ENSMUSG00000030505.18,NA,295.39252301884716,-0.5469668200014409,0.10017219951386741,-5.460265649110771,4.7542267043573895e-8,6.257417878600144e-7,DOWN,ENSMUSG00000030505
ENSMUSG00000020961.16,NA,31.839268362801985,1.2408568453584925,0.22731914930567576,5.458655151352489,4.797545294281129e-8,6.309453101532501e-7,UP,ENSMUSG00000020961
ENSMUSG00000071748.3,Styx-ps,447.4401687536976,-0.9068417966567642,0.16621910260466297,-5.4557014353133955,4.8779897087890575e-8,6.400106717841568e-7,DOWN,ENSMUSG00000071748
ENSMUSG00000044786.7,Zfp36,12333.606213395282,0.7109313353276505,0.13035363917290857,5.453866419368855,4.9286231752048e-8,6.451312407355986e-7,UP,ENSMUSG00000044786
ENSMUSG00000117359.2,Gm7466,3784.6071351805667,0.5351493684530506,0.09816614178594306,5.451465838598146,4.995631913218553e-8,6.533894728222165e-7,UP,ENSMUSG00000117359
ENSMUSG00000023868.18,NA,163.09322113701347,0.8413504722939568,0.15434139376468997,5.451230235595034,5.0022558155102124e-8,6.537430876132312e-7,UP,ENSMUSG00000023868
ENSMUSG00000078915.3,Hsp25-ps1,16.732495779929646,2.5280650761641517,0.46377456894197305,5.451064472835423,5.006921282870442e-8,6.53840401825744e-7,UP,ENSMUSG00000078915
ENSMUSG00000135102.1,ENSMUSG00000135102,20704.452413371386,0.7444656305384114,0.13692614520986068,5.436986701096432,5.4189181069674175e-8,7.048820464258086e-7,UP,ENSMUSG00000135102
ENSMUSG00000034614.15,NA,72.11365774871531,-1.323093812524814,0.24342520833668993,-5.435319626777505,5.469829273019992e-8,7.109499061331362e-7,DOWN,ENSMUSG00000034614
ENSMUSG00000028076.13,NA,308.63161850887116,-0.6775113151798531,0.12477954276110337,-5.42966659588569,5.645942741677365e-8,7.332690121511818e-7,DOWN,ENSMUSG00000028076
ENSMUSG00000028833.14,NA,771.4945371427768,-0.6367659630068129,0.11730479429184207,-5.428302967929902,5.68924056997028e-8,7.38317320971396e-7,DOWN,ENSMUSG00000028833
ENSMUSG00000038564.12,NA,387.84920012289604,-0.6366851751268906,0.11738027765913163,-5.424123948452421,5.8239460123583064e-8,7.546241157893327e-7,DOWN,ENSMUSG00000038564
ENSMUSG00000044719.6,E230025N22Rik,26.066835366834948,1.2863648274120039,0.23718607425164193,5.423441622661365,5.846231419019005e-8,7.569235647791997e-7,UP,ENSMUSG00000044719
ENSMUSG00000139665.1,ENSMUSG00000139665,107.2242065307876,-0.9188544530032017,0.16955659179737695,-5.419160902344915,5.987940846007149e-8,7.746695232584579e-7,DOWN,ENSMUSG00000139665
ENSMUSG00000028773.9,Fabp3,939.7322720278879,0.5847988396736601,0.1079226703236135,5.4186839328576735,6.003935056587036e-8,7.761365969274839e-7,UP,ENSMUSG00000028773
ENSMUSG00000105600.2,Gm5987,267.3391863496954,0.6569431374573169,0.12136371985792364,5.413010891775382,6.197371907231645e-8,7.986659499613209e-7,UP,ENSMUSG00000105600
ENSMUSG00000106827.2,Gm7556,185.35645389937406,0.7434834164753056,0.1373644190308466,5.412489069009557,6.215465018255878e-8,8.003791092234364e-7,UP,ENSMUSG00000106827
ENSMUSG00000024999.8,Noc3l,321.11158375788125,-0.5849265845278562,0.10807420687847674,-5.4122681204181555,6.223141360780763e-8,8.007492695399691e-7,DOWN,ENSMUSG00000024999
ENSMUSG00000084350.2,Znf41-ps,180.53434925407763,-2.1332060062951115,0.394183588962748,-5.411706793548699,6.242684685026379e-8,8.026446399961441e-7,DOWN,ENSMUSG00000084350
ENSMUSG00000132147.1,ENSMUSG00000132147,24700.088351917777,0.6091327799601409,0.11269336457298151,5.405223122659184,6.472776659794739e-8,8.290324391608069e-7,UP,ENSMUSG00000132147
ENSMUSG00000036390.9,Gadd45a,488.8003546719188,0.8511918208608404,0.15749166487889674,5.404678536577569,6.49247262392959e-8,8.309169107954709e-7,UP,ENSMUSG00000036390
ENSMUSG00000046179.18,NA,201.09170628277462,0.7806227123147472,0.14467032272363842,5.395873166094744,6.819110634042346e-8,8.700496475385627e-7,UP,ENSMUSG00000046179
ENSMUSG00000031791.9,Tmem38a,277.57564425525413,0.6451264958660464,0.11967221209445374,5.390779401293821,7.015274970559452e-8,8.937106601149688e-7,UP,ENSMUSG00000031791
ENSMUSG00000075271.5,Ift70a1,160.3764632883871,-0.8652731343883636,0.1605229381645953,-5.3903395008951245,7.032469943588601e-8,8.952173189258282e-7,DOWN,ENSMUSG00000075271
ENSMUSG00000005447.13,NA,1108.6652539587235,0.5817206018737755,0.10792768086675585,5.3899110700984085,7.049255826897631e-8,8.96669642786765e-7,UP,ENSMUSG00000005447
ENSMUSG00000022390.12,NA,820.1709448720941,-0.6724463274057991,0.12487281477416225,-5.3850498094556984,7.242458940474863e-8,9.191418971945115e-7,DOWN,ENSMUSG00000022390
ENSMUSG00000028863.14,NA,298.90837913400463,-0.5062158020626937,0.09410947271884683,-5.379010076647857,7.489651720358889e-8,9.490686328928938e-7,DOWN,ENSMUSG00000028863
ENSMUSG00000074863.6,Platr25,120.5595217437865,-0.9452823778827819,0.17589127269046986,-5.374242641056284,7.69052391691253e-8,9.730438303371272e-7,DOWN,ENSMUSG00000074863
ENSMUSG00000044337.6,Ackr3,5.565392916537959,3.2113686708502374,0.5979632963613021,5.370511351435625,7.851369079020578e-8,9.91889626982933e-7,UP,ENSMUSG00000044337
ENSMUSG00000027189.17,NA,787.1205911486446,-0.6516747453021257,0.12136827742861961,-5.3693993118209615,7.899932787539547e-8,9.97269335087127e-7,DOWN,ENSMUSG00000027189
ENSMUSG00000038241.17,NA,993.2071706030785,-0.6196710162976123,0.11542092686190239,-5.368792585065876,7.926551579224607e-8,9.998727241690586e-7,DOWN,ENSMUSG00000038241
ENSMUSG00000001025.9,S100a6,21567.350093546214,0.6446041685889435,0.12008995002914546,5.367677881725324,7.97568327581348e-8,1.0053098587110023e-6,UP,ENSMUSG00000001025
ENSMUSG00000066042.5,Med18,169.07223967016992,0.5892309471697585,0.10978448940494778,5.367160246073914,7.998598748330245e-8,1.00743680307519e-6,UP,ENSMUSG00000066042
ENSMUSG00000027323.11,NA,257.90893246892085,-2.1007489155523396,0.39163320024527215,-5.364072591998538,8.13661787241589e-8,1.0225036898297468e-6,DOWN,ENSMUSG00000027323
ENSMUSG00000090112.9,Shprh,421.138883698978,-0.6870179264066814,0.12812622896621312,-5.362039700613119,8.228744836038435e-8,1.0325248223158536e-6,DOWN,ENSMUSG00000090112
ENSMUSG00000021048.8,Mthfd1,364.303371435462,-0.5953258208191289,0.11112687835767021,-5.357172176681036,8.453455632814419e-8,1.0599235047579943e-6,DOWN,ENSMUSG00000021048
ENSMUSG00000053801.19,NA,267.7312266509979,-0.6991842095944376,0.13061260962717477,-5.3531141563606575,8.645326861675488e-8,1.082353383973727e-6,DOWN,ENSMUSG00000053801
ENSMUSG00000048920.9,Fkrp,860.0971475500407,-0.5009082388775888,0.09359096733776669,-5.352100241360127,8.693921234504732e-8,1.0876206339579963e-6,DOWN,ENSMUSG00000048920
ENSMUSG00000018459.16,NA,204.05169056835712,-0.8260472004875417,0.1544077293096028,-5.349778823774003,8.806178885309602e-8,1.0997835187195502e-6,DOWN,ENSMUSG00000018459
ENSMUSG00000094932.9,Gm2007,533.9937235227361,-0.6797519011678773,0.12714432898392117,-5.346301377341333,8.976968944926249e-8,1.1188335883825868e-6,DOWN,ENSMUSG00000094932
ENSMUSG00000003032.9,Klf4,356.8222280143047,0.5699577153685947,0.10660692500280983,5.346347953977403,8.97466034916758e-8,1.1188335883825868e-6,UP,ENSMUSG00000003032
ENSMUSG00000057337.15,NA,102.35861720818203,0.9358059496724653,0.17511410241645936,5.343978221964759,9.092849758079962e-8,1.1324298922012057e-6,UP,ENSMUSG00000057337
ENSMUSG00000106157.4,4930555A03Rik,33.31006405329599,-1.3975145094461539,0.26192290660384765,-5.335594841881708,9.523183495086444e-8,1.181889744020758e-6,DOWN,ENSMUSG00000106157
ENSMUSG00000054237.7,Fra10ac1,156.76358891650463,-0.6937175715679077,0.13001795356877943,-5.3355521489648075,9.525424657974926e-8,1.181889744020758e-6,DOWN,ENSMUSG00000054237
ENSMUSG00000022407.11,NA,1072.2186230115688,-0.5236519925243214,0.09819633901358024,-5.332703823631367,9.676106288463986e-8,1.1996932971481446e-6,DOWN,ENSMUSG00000022407
ENSMUSG00000019852.8,Arfgef3,143.51072125177632,-0.9707040709310841,0.1820495010234633,-5.332088610371834,9.708953892592752e-8,1.2024189936522678e-6,DOWN,ENSMUSG00000019852
ENSMUSG00000030259.13,NA,778.2280970768813,0.5938403517720487,0.1113991271575951,5.330745104779407,9.781062319164274e-8,1.2091104168597733e-6,UP,ENSMUSG00000030259
ENSMUSG00000091780.4,Sco2,146.62854555802906,-0.7919943714936931,0.14863341610905045,-5.328508166108602,9.902274592638571e-8,1.2231876378284505e-6,DOWN,ENSMUSG00000091780
ENSMUSG00000044066.15,NA,333.1254434105881,-0.6518223518416842,0.12237435900103494,-5.326461827155897,1.0014431437711412e-7,1.2361262668784273e-6,DOWN,ENSMUSG00000044066
ENSMUSG00000000204.17,NA,1198.791203394906,0.5245017042097476,0.09852587916822017,5.32349174285701,1.0179407584977573e-7,1.255560657448861e-6,UP,ENSMUSG00000000204
ENSMUSG00000042284.11,NA,83.0703244387129,0.9768563672690026,0.18360641227785549,5.320382633427339,1.035492337441448e-7,1.2753227636021851e-6,UP,ENSMUSG00000042284
ENSMUSG00000054723.7,Vmac,209.2102276098012,-0.5769039192106887,0.10848721116493039,-5.317713608967569,1.0507928905123718e-7,1.2922582774472207e-6,DOWN,ENSMUSG00000054723
ENSMUSG00000026492.12,NA,368.8603892982488,-0.6168938288087158,0.11601230502459085,-5.317486181124962,1.0521067221325946e-7,1.2929205378248451e-6,DOWN,ENSMUSG00000026492
ENSMUSG00000079685.11,NA,925.5377346580217,0.5596411171845787,0.1052687151940311,5.316309942161346,1.0589271717811785e-7,1.2984315821046273e-6,UP,ENSMUSG00000079685
ENSMUSG00000050390.13,NA,1214.1664583540828,0.8222758196169597,0.15485672576461676,5.3099135058997975,1.0967727300560543e-7,1.3389298716262638e-6,UP,ENSMUSG00000050390
ENSMUSG00000039109.18,NA,4209.067816107338,0.800437830857247,0.15082257842088342,5.307148566466992,1.1135341666165377e-7,1.358397641733532e-6,UP,ENSMUSG00000039109
ENSMUSG00000053205.10,NA,528.7803235451665,-0.9017397648080705,0.16992127871056703,-5.3068089626610915,1.1156099051445731e-7,1.3599349984057677e-6,DOWN,ENSMUSG00000053205
ENSMUSG00000117822.2,Eef1a1-ps1,9373.731051951454,0.5529673115797159,0.10424394136109334,5.30455107855408,1.1295061404745631e-7,1.3748645546389645e-6,UP,ENSMUSG00000117822
ENSMUSG00000029314.15,NA,210.9050405514542,0.7929896840246309,0.14952238294060222,5.303484792237736,1.1361267294381612e-7,1.3809073863054501e-6,UP,ENSMUSG00000029314
ENSMUSG00000035051.16,NA,383.11700580880597,-0.5459661377844954,0.1029996686128169,-5.300659168495202,1.1538531960093698e-7,1.4004116373109351e-6,DOWN,ENSMUSG00000035051
ENSMUSG00000078897.11,NA,576.9020529511121,-0.624838011039789,0.11790879660341698,-5.299333290131139,1.1622630273849079e-7,1.4095925996124164e-6,DOWN,ENSMUSG00000078897
ENSMUSG00000108294.2,Gm44429,69.34926731370423,-1.2262609759506136,0.23155597542288306,-5.2957431727301945,1.1853333736198429e-7,1.4365275682038154e-6,DOWN,ENSMUSG00000108294
ENSMUSG00000020918.15,NA,766.4310397508086,-0.5444801497948946,0.10286746514401285,-5.2930258272878685,1.2030892133576037e-7,1.456987343642077e-6,DOWN,ENSMUSG00000020918
ENSMUSG00000041633.15,NA,449.43101155986335,-0.8931162310857614,0.16879862352836147,-5.29101607831358,1.2163867098868517e-7,1.4720221171315776e-6,DOWN,ENSMUSG00000041633
ENSMUSG00000020070.19,NA,295.7506992374508,-0.6463220901583139,0.12217631177162747,-5.2900769452463265,1.222649125524937e-7,1.4785276879806997e-6,DOWN,ENSMUSG00000020070
ENSMUSG00000040327.17,NA,589.1904721776767,-0.502212462820129,0.09495092416710864,-5.289179302102014,1.2286640252692846e-7,1.484724730825405e-6,DOWN,ENSMUSG00000040327
ENSMUSG00000031077.8,Fadd,342.1505897453365,-0.5591474523332449,0.1057736525227912,-5.286264008069161,1.248396867742047e-7,1.5065607656818975e-6,DOWN,ENSMUSG00000031077
ENSMUSG00000023349.15,NA,11760.362003851085,0.6476399117373265,0.12254492498735835,5.284918260010658,1.2576089835072475e-7,1.5164054525644874e-6,UP,ENSMUSG00000023349
ENSMUSG00000031511.17,NA,3786.6616911628007,-0.5304619411141493,0.10040677446881371,-5.2831289912505905,1.269959057739634e-7,1.529085721795389e-6,DOWN,ENSMUSG00000031511
ENSMUSG00000046432.13,NA,1102.2161187119268,0.5441922901193177,0.10308902215587014,5.27885781374957,1.2999162257665643e-7,1.5595253943081456e-6,UP,ENSMUSG00000046432
ENSMUSG00000055148.8,Klf2,1182.334443035441,-0.6301233037988482,0.11948791339909211,-5.273531739517647,1.3382309698173366e-7,1.602382076273186e-6,DOWN,ENSMUSG00000055148
ENSMUSG00000035042.3,Ccl5,125020.38046495095,0.5840463310846977,0.11075134616186495,5.273491937796442,1.3385213673833942e-7,1.602382076273186e-6,UP,ENSMUSG00000035042
ENSMUSG00000043881.10,NA,354.529024957884,-0.7298327366961838,0.1384454661254919,-5.271626129198318,1.352203124233076e-7,1.6175996628199984e-6,DOWN,ENSMUSG00000043881
ENSMUSG00000041995.9,Zbed3,279.768882162197,-0.7380772090079044,0.14005360932592062,-5.269962070669061,1.3645195239172129e-7,1.6299948123813354e-6,DOWN,ENSMUSG00000041995
ENSMUSG00000037940.18,NA,436.984122878273,-0.8813906669441873,0.1673077315931618,-5.268080910256101,1.3785734717141313e-7,1.6444271254867563e-6,DOWN,ENSMUSG00000037940
ENSMUSG00000025956.11,NA,484.7800659365456,-0.5153362685110584,0.097850959697431,-5.266542812707724,1.3901683805242155e-7,1.657072760087335e-6,DOWN,ENSMUSG00000025956
ENSMUSG00000000776.14,NA,291.1568840184931,-0.6282192438798643,0.11933173099874451,-5.264477759787744,1.4058841653933993e-7,1.6734135861599091e-6,DOWN,ENSMUSG00000000776
ENSMUSG00000048285.10,NA,379.36484329085977,0.6711391549631273,0.127526541988269,5.262740951800171,1.4192348126626474e-7,1.6844953548727622e-6,UP,ENSMUSG00000048285
ENSMUSG00000067224.4,Gm3695,97.75737026916845,0.7326374541118718,0.1393593160344868,5.257183193483586,1.4627858256406148e-7,1.728803432202898e-6,UP,ENSMUSG00000067224
ENSMUSG00000025470.12,NA,348.3964376793835,0.5363403503907255,0.10210258746221515,5.252955519753185,1.4967769364706093e-7,1.765222927339737e-6,UP,ENSMUSG00000025470
ENSMUSG00000091509.8,Gm17066,65.54382109866735,-1.2728411534660558,0.24242147259718935,-5.2505297481672555,1.516624080562236e-7,1.7848428487971665e-6,DOWN,ENSMUSG00000091509
ENSMUSG00000078887.11,NA,429.88532744408013,-0.6430416915117926,0.1226348511678723,-5.24354769780367,1.5751806408814695e-7,1.851142520601789e-6,DOWN,ENSMUSG00000078887
ENSMUSG00000021311.10,NA,759.7909091800902,-0.5821690810018472,0.1110944073548566,-5.240309524693613,1.6030748023276124e-7,1.8812720199588505e-6,DOWN,ENSMUSG00000021311
ENSMUSG00000027488.13,NA,593.5442173080725,0.5427308714437212,0.10372851583958544,5.232224398959358,1.674822549100582e-7,1.9585793007574546e-6,UP,ENSMUSG00000027488
ENSMUSG00000020680.16,NA,1151.125305763418,-0.5092937639809865,0.09742019388096683,-5.227804869730281,1.7153440365969463e-7,2.004560417259333e-6,DOWN,ENSMUSG00000020680
ENSMUSG00000073633.10,NA,127.12194886099158,0.6322351794757265,0.1209529619015659,5.227116141151243,1.7217435703104933e-7,2.0106299564774357e-6,UP,ENSMUSG00000073633
ENSMUSG00000022419.17,NA,133.42729645391984,-1.0571466594002277,0.20226028894099107,-5.226664437865248,1.7259532380008866e-7,2.0141354931352545e-6,DOWN,ENSMUSG00000022419
ENSMUSG00000097989.2,Gm4335,150.18512068107768,0.6472844236136372,0.12389834068407601,5.224318744220513,1.7479745409489313e-7,2.0369827704307744e-6,UP,ENSMUSG00000097989
ENSMUSG00000022797.17,NA,2325.8587199328285,-0.6564800852514308,0.12569873496589062,-5.222646715017235,1.7638370662396477e-7,2.054032605908685e-6,DOWN,ENSMUSG00000022797
ENSMUSG00000099843.4,Gm7160,85.00997297359127,0.7608158842323998,0.1457027684281949,5.221698204089679,1.7728973525004364e-7,2.0631427948567537e-6,UP,ENSMUSG00000099843
ENSMUSG00000092257.2,Gm2308,124.38846738328034,0.7667497475632276,0.14686359664139287,5.220829157789551,1.7812380682703362e-7,2.0687038001130696e-6,UP,ENSMUSG00000092257
ENSMUSG00000038175.11,NA,914.3424601435178,0.5264964209213863,0.1008547586991915,5.220342874367582,1.7859217370452162e-7,2.072514327555047e-6,UP,ENSMUSG00000038175
ENSMUSG00000021054.7,Sgpp1,1801.1063372089498,-0.5045775321165552,0.09674231660943117,-5.215685852899714,1.8313832965732969e-7,2.120843600948354e-6,DOWN,ENSMUSG00000021054
ENSMUSG00000032834.12,NA,457.67022337590305,-0.5057182530885008,0.09707806317273861,-5.209397844996523,1.894544829608443e-7,2.187910635633684e-6,DOWN,ENSMUSG00000032834
ENSMUSG00000058046.2,4933430I17Rik,55.119933632610355,-1.0470389288632385,0.20105637909525936,-5.207688179677986,1.912078884014811e-7,2.2062983728898513e-6,DOWN,ENSMUSG00000058046
ENSMUSG00000042743.14,NA,255.3185107466732,0.545479716590652,0.10475911572256916,5.20699046405882,1.9192795227828741e-07,2.2118801189998072e-6,UP,ENSMUSG00000042743
ENSMUSG00000070871.11,NA,326.23650622516175,-0.5419877944269879,0.10412364858467257,-5.205232450015881,1.9375391816956948e-7,2.229841504068834e-6,DOWN,ENSMUSG00000070871
ENSMUSG00000031805.18,NA,947.8768907515106,-0.544974968202739,0.10473907361527678,-5.2031677328416945,1.959198870865673e-7,2.253213818659032e-6,DOWN,ENSMUSG00000031805
ENSMUSG00000020955.10,NA,294.2291535186685,-0.5498762271943616,0.10569626498814934,-5.202418716082481,1.9671140499513452e-7,2.2607576772562805e-6,DOWN,ENSMUSG00000020955
ENSMUSG00000044734.17,NA,187.97541494848926,0.7790468449842568,0.14991674028346022,5.196530044018082,2.0304279893077857e-7,2.328708194614624e-6,UP,ENSMUSG00000044734
ENSMUSG00000020889.12,NA,193.87812178356242,0.7050999774989293,0.1358000940306278,5.1921906426655635,2.0783402481000116e-7,2.380384751189271e-6,UP,ENSMUSG00000020889
ENSMUSG00000020691.14,NA,282.94651817394873,-0.6137262465563009,0.11821520123602224,-5.191601757974996,2.0849258564154065e-7,2.3862885093742844e-6,DOWN,ENSMUSG00000020691
ENSMUSG00000018427.9,Ypel2,332.76248795413085,0.6196758806758345,0.11951117705048689,5.185087252668054,2.1591375737383783e-7,2.464461203262231e-6,UP,ENSMUSG00000018427
ENSMUSG00000041757.18,NA,7.5203471133294855,2.8647442648197097,0.5527146840090025,5.183043526256395,2.182940693015407e-7,2.488052834666947e-6,UP,ENSMUSG00000041757
ENSMUSG00000020385.17,NA,689.571140910455,0.5546660671521126,0.10702313525446187,5.1826744360770185,2.1872664041867022e-7,2.488052834666947e-6,UP,ENSMUSG00000020385
ENSMUSG00000046351.12,NA,621.8901747346498,-0.5208649859752306,0.10052605349830208,-5.181392960821128,2.2023496020396167e-7,2.501797136485875e-6,DOWN,ENSMUSG00000046351
ENSMUSG00000078878.10,NA,561.4554128991704,-0.7051068293634821,0.13610583362308307,-5.180577574037932,2.2119991217758093e-7,2.511048152126167e-6,DOWN,ENSMUSG00000078878
ENSMUSG00000026365.16,NA,448.75442856693354,-0.6352875968848792,0.12280852170772072,-5.172992786256623,2.3037391110159339e-7,2.6027881717684087e-6,DOWN,ENSMUSG00000026365
ENSMUSG00000063873.11,NA,160.8136891816635,-0.7984527709777699,0.15439539765450508,-5.1714803880649995,2.322466511036662e-7,2.6221700431988744e-6,DOWN,ENSMUSG00000063873
ENSMUSG00000087679.3,Tmem250,424.49870295944316,-0.5378123937353164,0.10407948338492766,-5.16732382064456,2.374696318259526e-7,2.6757051218443147e-6,DOWN,ENSMUSG00000087679
ENSMUSG00000034612.8,Chst11,1557.1264448064655,0.6146977397724147,0.11908021466288046,5.16204762909306,2.4426311779308634e-7,2.750392810477723e-6,UP,ENSMUSG00000034612
ENSMUSG00000091898.9,Tnnc1,108.55620889433081,0.8158969016705357,0.15818135910118017,5.157983888282627,2.496230935613163e-7,2.8088493307884688e-6,UP,ENSMUSG00000091898
ENSMUSG00000041959.15,NA,11879.760595662881,0.5239482216301903,0.10163208276095533,5.155342755914464,2.5316741272851236e-7,2.8448920314425015e-6,UP,ENSMUSG00000041959
ENSMUSG00000074925.5,Ptar1,166.39898741376894,-0.6983032581899477,0.1354669155656921,-5.154788202521071,2.539177573368076e-7,2.851402371278521e-6,DOWN,ENSMUSG00000074925
ENSMUSG00000097711.2,Gm5523,41.90435590301835,1.0781251568670307,0.20916482930109245,5.154428497704417,2.5440560805953727e-7,2.8548672903613744e-6,UP,ENSMUSG00000097711
ENSMUSG00000060950.13,NA,186.2162451748975,-0.6529951349639985,0.12690445192586983,-5.1455652268640675,2.667165046222777e-7,2.977966271433792e-6,DOWN,ENSMUSG00000060950
ENSMUSG00000039431.17,NA,78.24646309181382,1.410472409139394,0.27422362357744423,5.143511673935191,2.696498900005636e-7,3.0058031855945177e-6,UP,ENSMUSG00000039431
ENSMUSG00000053398.12,NA,1816.49097386688,-0.7554534287337817,0.14688479542986926,-5.143169696515498,2.7014140248394366e-7,3.0092705596674977e-6,DOWN,ENSMUSG00000053398
ENSMUSG00000082816.2,Gm11953,80.71503635045408,0.7570681523788269,0.14720534542226982,5.142939274434083,2.704730681080371e-7,3.0109538609944103e-6,UP,ENSMUSG00000082816
ENSMUSG00000134910.1,ENSMUSG00000134910,115.45174731012769,0.9031484490836128,0.1757204258830638,5.139689620856192,2.7519265687699845e-7,3.057370250553515e-6,UP,ENSMUSG00000134910
ENSMUSG00000041058.16,NA,4852.063537053742,-0.5785516168124379,0.11258772340017659,-5.138674087547368,2.76683794201625e-7,3.0718901145847523e-6,DOWN,ENSMUSG00000041058
ENSMUSG00000040213.14,NA,159.03815995380882,-0.7850212347391454,0.15290584969394352,-5.134017019691821,2.836224311760623e-7,3.1405628567676062e-6,DOWN,ENSMUSG00000040213
ENSMUSG00000042699.12,NA,2188.0715998476144,-0.620306149339085,0.12096270786453,-5.128077572748997,2.927158348276846e-7,3.2348106438611455e-6,DOWN,ENSMUSG00000042699
ENSMUSG00000072255.4,Rpl31-ps17,285.96892004843716,0.6583299535830629,0.12840331773739125,5.127047845675379,2.943207396343619e-7,3.250392486187165e-6,UP,ENSMUSG00000072255
ENSMUSG00000027245.12,NA,1243.584670199029,-0.5623036686503149,0.10970587616336794,-5.125556518166477,2.966601553092169e-7,3.2740600595211787e-6,DOWN,ENSMUSG00000027245
ENSMUSG00000071723.8,Gspt2,72.04947934113461,-0.9011039467224917,0.17584833397906754,-5.124324617313443,2.986061461496724e-7,3.293357204492022e-6,DOWN,ENSMUSG00000071723
ENSMUSG00000025203.7,Scd2,9349.365715881975,-0.6363745365271927,0.1242762022311416,-5.120646794014498,3.0448948604696934e-7,3.3560255580431333e-6,DOWN,ENSMUSG00000025203
ENSMUSG00000044149.8,Nkrf,89.74011262248473,-0.8998613019306598,0.17593296863810887,-5.1147963278085715,3.1407966448597903e-7,3.4525988694582637e-6,DOWN,ENSMUSG00000044149
ENSMUSG00000014164.16,NA,25.58227751164644,1.2405542649072085,0.24255615711153494,5.1145032955678085,3.1456759869878065e-7,3.455684634980808e-6,UP,ENSMUSG00000014164
ENSMUSG00000074682.5,Zcchc3,35.39059770759443,-1.5917978961421817,0.31135266179627924,-5.112523808078792,3.178829077786268e-7,3.4898060369429767e-6,DOWN,ENSMUSG00000074682
ENSMUSG00000041324.15,NA,81.31838536032704,1.1019244779662454,0.21560659839317314,5.110810551153968,3.2077953720560476e-7,3.5178527978513613e-6,UP,ENSMUSG00000041324
ENSMUSG00000103439.2,Gm7019,151.50353782891366,0.6369083768424487,0.12463805140019342,5.110063657826572,3.2205028200432253e-7,3.5285877153114866e-6,UP,ENSMUSG00000103439
ENSMUSG00000085129.4,5031425F14Rik,181.17993490082907,-0.8271235172297671,0.16197475293769137,-5.106496551026973,3.2818659789407564e-7,3.5887473485125285e-6,DOWN,ENSMUSG00000085129
ENSMUSG00000094122.2,Rpl31-ps9,9541.357328440097,0.5350826641495617,0.10484587823905742,5.103516448491454,3.3339951969808655e-7,3.6409760252032033e-6,UP,ENSMUSG00000094122
ENSMUSG00000051705.14,NA,231.65800135764528,-0.556165566499084,0.10901936990491524,-5.101529819739022,3.369189223115481e-7,3.6745977426209133e-6,DOWN,ENSMUSG00000051705
ENSMUSG00000001946.15,NA,25.79214057848354,1.5480720974778825,0.30346175309037177,5.101374659945573,3.371952996952669e-7,3.675208377593641e-6,UP,ENSMUSG00000001946
ENSMUSG00000081611.2,Gm13651,156.3854660984602,-0.6289945366298414,0.1233783304544526,-5.098095705404657,3.4308735906828985e-7,3.724256917413834e-6,DOWN,ENSMUSG00000081611
ENSMUSG00000028636.15,NA,226.4460957168384,-0.6032146624884938,0.11832034274784636,-5.098148369752532,3.4299194426197447e-7,3.724256917413834e-6,DOWN,ENSMUSG00000028636
ENSMUSG00000089665.3,Fcor,145.1093572018313,1.047108805267541,0.20539595343307093,5.098001142504229,3.4325874802500974e-7,3.724256917413834e-6,UP,ENSMUSG00000089665
ENSMUSG00000092274.6,Neat1,1423.0601947143973,-0.8292408173613952,0.16265895603783737,-5.0980335639711045,3.43199976968308e-7,3.724256917413834e-6,DOWN,ENSMUSG00000092274
ENSMUSG00000081895.4,Rpl17-ps10,6035.779706710179,0.5363606154956427,0.10523944918049982,5.096573762712422,3.4585583932751227e-7,3.747558139457826e-6,UP,ENSMUSG00000081895
ENSMUSG00000098176.3,Ccdc166,40.25250924793312,-1.2111943822772713,0.23778731222878585,-5.09360390562776,3.5132036375368287e-7,3.8018289331320025e-6,DOWN,ENSMUSG00000098176
ENSMUSG00000026688.6,Mgst3,1866.7864189820616,0.5393161830157123,0.10588697745659928,5.093319272776164,3.5184844171084294e-7,3.805074328125822e-6,UP,ENSMUSG00000026688
ENSMUSG00000020658.11,NA,55.33988092459548,-1.2695972108690323,0.24929926757247273,-5.092663220520506,3.5306853204225084e-7,3.815794452583652e-6,DOWN,ENSMUSG00000020658
ENSMUSG00000113047.4,Gm47469,195.2772907310157,-0.6016022705529338,0.11820342963410736,-5.089550044488241,3.589141325829282e-7,3.8714437742256865e-6,DOWN,ENSMUSG00000113047
ENSMUSG00000044103.5,Il36g,191.82851840114085,0.727955968029955,0.14305037002071017,5.088808703707407,3.603198552978749e-7,3.881585211206306e-6,UP,ENSMUSG00000044103
ENSMUSG00000061878.17,NA,20.830321528330458,1.3986798392911641,0.27491471235330495,5.087686385782291,3.6245809964978493e-7,3.899581464361169e-6,UP,ENSMUSG00000061878
ENSMUSG00000029379.11,NA,3280.6389403646212,1.5349924157204882,0.30177163416289604,5.086602721884392,3.6453431847007093e-7,3.914369936671829e-6,UP,ENSMUSG00000029379
ENSMUSG00000004508.7,Gab2,2558.8170429718652,0.569831693849979,0.11202644891171627,5.086581779442472,3.6457455545747407e-7,3.914369936671829e-6,UP,ENSMUSG00000004508
ENSMUSG00000042595.8,Fam199x,130.06563648184877,-1.001928596227455,0.1969788028510183,-5.0864792643970285,3.6477158081002774e-7,3.914369936671829e-6,DOWN,ENSMUSG00000042595
ENSMUSG00002076083.1,Klhl17,230.9555788555092,-0.5416478161236944,0.10652489284759709,-5.084706509854166,3.681949647911189e-7,3.946027784612274e-6,DOWN,ENSMUSG00002076083
ENSMUSG00000029135.11,NA,2495.2111528434352,0.6031434042352203,0.11866330392524607,5.082813172092195,3.718854470352653e-7,3.983019726885089e-6,UP,ENSMUSG00000029135
ENSMUSG00000017499.16,NA,162.29693869111532,0.5963491212962665,0.11734338971159079,5.082085345940548,3.733135992571213e-7,3.9931863894879755e-6,UP,ENSMUSG00000017499
ENSMUSG00000140475.1,ENSMUSG00000140475,459.5373819778616,-0.5830279204569938,0.11474063558576694,-5.081268004840264,3.7492370879372374e-7,4.007838312720601e-6,DOWN,ENSMUSG00000140475
ENSMUSG00000049164.8,Zfp518a,319.8386149082775,-0.9529125175392129,0.1875466582076462,-5.080935734318315,3.7558017464577615e-7,4.0122837875675615e-6,DOWN,ENSMUSG00000049164
ENSMUSG00000027272.6,Ubr1,463.9459471977839,-0.6224741090659917,0.12252577775067894,-5.080352236838117,3.7673567419143575e-7,4.022051282212793e-6,DOWN,ENSMUSG00000027272
ENSMUSG00000122110.1,ENSMUSG00000122110,15.836874461795817,1.6750341299817606,0.3297549784083025,5.079632574668013,3.781655461976258e-7,4.032153867258061e-6,UP,ENSMUSG00000122110
ENSMUSG00000045639.15,NA,177.14170583736637,-0.750051388934896,0.14767450418278288,-5.079085202185789,3.792566069633824e-7,4.041203308448157e-6,DOWN,ENSMUSG00000045639
ENSMUSG00000098318.10,NA,61.314020148718555,1.182182590277676,0.23296826145295452,5.0744362468292925,3.8864650399522903e-7,4.13070051027689e-6,UP,ENSMUSG00000098318
ENSMUSG00000037851.15,NA,2190.4943497813765,-0.5162913105854647,0.10185130780191175,-5.069069035319485,3.9976622228771337e-7,4.246179313929878e-6,DOWN,ENSMUSG00000037851
ENSMUSG00000001173.16,NA,837.0120993679222,-0.5304869458019764,0.10470914216647366,-5.066290629700437,4.0564244962356005e-7,4.300377298107112e-6,DOWN,ENSMUSG00000001173
ENSMUSG00000020834.18,NA,66.29287174453076,-0.8235389020283816,0.1626385286428334,-5.063615054197495,4.1137991426078686e-7,4.358431671037409e-6,DOWN,ENSMUSG00000020834
ENSMUSG00000042901.11,NA,5473.683631963607,-0.5111112360092691,0.10099276260794054,-5.0608699357342175,4.1734785318375253e-7,4.416048730769199e-6,DOWN,ENSMUSG00000042901
ENSMUSG00000017607.10,NA,67.5165771622667,-1.1303966861742618,0.22339137112746446,-5.060162711160723,4.188988533130535e-7,4.426842381399544e-6,DOWN,ENSMUSG00000017607
ENSMUSG00000054942.14,NA,104.60804849493863,-0.8319118621985243,0.1645218401560137,-5.0565436261206065,4.2692324189188325e-7,4.503081582409263e-6,DOWN,ENSMUSG00000054942
ENSMUSG00000057465.6,Saa2,22.084303468273472,1.412992087415535,0.27956456054271017,5.054260399360121,4.320617843588239e-7,4.551523888798324e-6,UP,ENSMUSG00000057465
ENSMUSG00000054675.6,Tmem119,209.99399117740754,0.725840522807196,0.14365488495407527,5.052668574683266,4.35679530029452e-7,4.586737274476731e-6,UP,ENSMUSG00000054675
ENSMUSG00000116614.2,Gm46610,250.5418153195856,0.730619376967613,0.14464690939390187,5.051054184489994,4.393784003896116e-7,4.6227597507237625e-6,UP,ENSMUSG00000116614
ENSMUSG00000067430.8,Zfp763,80.06605221593374,-0.846509780887454,0.16769120983648075,-5.048027154869379,4.4639570991700467e-7,4.687717165350107e-6,DOWN,ENSMUSG00000067430
ENSMUSG00000037085.9,Trmt12,310.737823797442,-0.6229949051897705,0.12362234398188497,-5.039500830699839,4.6674760363721755e-7,4.880407495178333e-6,DOWN,ENSMUSG00000037085
ENSMUSG00000106574.2,Gm2451,44.97251788896826,1.103533969111031,0.21901432641227409,5.038638280829772,4.6885561844700937e-7,4.895827359563136e-6,UP,ENSMUSG00000106574
ENSMUSG00000036006.21,NA,113.12283785338164,-0.9683693217249647,0.19222566417524253,-5.037669272101725,4.7123476483243543e-7,4.917591325623087e-6,DOWN,ENSMUSG00000036006
ENSMUSG00000056260.16,NA,294.09962140901973,-0.7905366435859877,0.15697580275545783,-5.03604141344964,4.7525777920205714e-7,4.943944534171321e-6,DOWN,ENSMUSG00000056260
ENSMUSG00000020186.8,Csrp2,151.29382449881595,0.6976627454943062,0.13853085710487498,5.0361541108934285,4.749782000001657e-7,4.943944534171321e-6,UP,ENSMUSG00000020186
ENSMUSG00000122203.1,D730005E14Rik,125.7987974496173,-0.9894607490564281,0.19648031492963353,-5.035928150923357,4.7553892017335083e-7,4.943944534171321e-6,DOWN,ENSMUSG00000122203
ENSMUSG00000042225.4,Ammecr1,176.7415408525878,-0.7866055151714048,0.15623580339911505,-5.034732744081503,4.785159642228494e-7,4.968700012067396e-6,DOWN,ENSMUSG00000042225
ENSMUSG00000041506.16,NA,485.16324521744906,-0.5342994313690885,0.1061312446333167,-5.034327386012406,4.795295440045666e-7,4.976126120609928e-6,DOWN,ENSMUSG00000041506
ENSMUSG00000050312.13,NA,437.837344177661,-0.5378596133695747,0.1068772161736352,-5.032500214973371,4.841240637678073e-7,5.02067965633828e-6,DOWN,ENSMUSG00000050312
ENSMUSG00000056019.13,NA,254.0567448855572,-0.6149721498843853,0.12222206169980324,-5.031596925560415,4.864110876329507e-7,5.038131240600674e-6,DOWN,ENSMUSG00000056019
ENSMUSG00000002107.20,NA,1889.738541451056,-0.6588952499939752,0.13099028853788391,-5.030107631249434,4.902045779349893e-7,5.068731356158493e-6,DOWN,ENSMUSG00000002107
ENSMUSG00000039715.9,Dync2i2,193.67656349538535,-0.5383408831196467,0.10704968725922634,-5.028887957570828,4.933325347782833e-7,5.097158209394456e-6,DOWN,ENSMUSG00000039715
ENSMUSG00000047284.15,NA,503.11316231631713,-0.521368688995997,0.10372928328683755,-5.026244012062452,5.001793849848355e-7,5.1615045940638095e-6,DOWN,ENSMUSG00000047284
ENSMUSG00000053347.16,NA,304.655609427253,-0.7918124014980041,0.15756672291383397,-5.025251441771815,5.027733630935993e-7,5.185064071087731e-6,DOWN,ENSMUSG00000053347
ENSMUSG00000135923.1,ENSMUSG00000135923,2275.974540803943,-1.0994192846421766,0.2188043852196322,-5.024667506268661,5.043054732157346e-7,5.197650229509017e-6,DOWN,ENSMUSG00000135923
ENSMUSG00000026189.14,NA,101.42395962900625,-0.7421749817976184,0.14773771561922766,-5.023598603016618,5.071216972949836e-7,5.223447451569577e-6,DOWN,ENSMUSG00000026189
ENSMUSG00000020142.13,NA,85.5118113403982,-0.9486288364063619,0.18905382076471877,-5.017771302210016,5.227435175113388e-7,5.367777646563477e-6,DOWN,ENSMUSG00000020142
ENSMUSG00000053929.19,NA,608.6653559880617,0.5596926508197021,0.11160721582364096,5.014842872741445,5.307682288908678e-7,5.440129677310456e-6,UP,ENSMUSG00000053929
ENSMUSG00000029594.13,NA,499.15577982054674,-0.5161768060587365,0.10297277522377088,-5.012750262746915,5.365751917254372e-7,5.486160574625009e-6,DOWN,ENSMUSG00000029594
ENSMUSG00000027715.10,NA,974.5645655644446,-1.7288233380847433,0.34499666248117467,-5.011130616891343,5.411116921044044e-7,5.5291535401550536e-6,DOWN,ENSMUSG00000027715
ENSMUSG00000044700.16,NA,96.03126463187206,-1.0374731001564437,0.20713280557896852,-5.008733876106899,5.478926896663774e-7,5.588170332034562e-6,DOWN,ENSMUSG00000044700
ENSMUSG00000086763.3,Plxna4os1,289.8097491381215,-0.5880124662113129,0.11745504528518941,-5.006276782607131,5.549294620513828e-7,5.646127949462392e-6,DOWN,ENSMUSG00000086763
ENSMUSG00000121122.2,Gm56904,2419.203065745406,0.5708391096146006,0.11415338005739192,5.000632564078301,5.714252244908109e-7,5.810418929029733e-6,UP,ENSMUSG00000121122
ENSMUSG00000053916.5,Nanp,199.05042755697926,-0.5474327733081442,0.1095037932488585,-4.999212877165338,5.756482168986741e-7,5.842671737676378e-6,DOWN,ENSMUSG00000053916
ENSMUSG00000047562.4,Mmp10,48.13660479402791,1.6027739775431624,0.32060386819741415,4.999234683457539,5.75583125099781e-7,5.842671737676378e-6,UP,ENSMUSG00000047562
ENSMUSG00000020212.15,NA,467.42869369202526,0.5291833568173987,0.10587596801561928,4.998144212852262,5.788468907796655e-7,5.867994377289788e-6,UP,ENSMUSG00000020212
ENSMUSG00000048164.10,NA,21650.29508471869,0.5592413073035801,0.1118876021121965,4.998241956627106,5.785536184379922e-7,5.867994377289788e-6,UP,ENSMUSG00000048164
ENSMUSG00000037325.11,NA,238.00067782400032,-0.5793988385879004,0.11599216646588585,-4.995154899174212,5.878856196964017e-7,5.9415639963983006e-6,DOWN,ENSMUSG00000037325
ENSMUSG00000001827.13,NA,36.99729933173203,1.1946851628818065,0.2391924328745932,4.994661196109707,5.893914511700534e-7,5.953174948341497e-6,UP,ENSMUSG00000001827
ENSMUSG00000014074.18,NA,556.5570050729284,-0.5321470149303656,0.10677769272023839,-4.983690894357598,6.238270880110001e-7,6.266831638356287e-6,DOWN,ENSMUSG00000014074
ENSMUSG00000000983.14,NA,125.65071448901959,0.6754858065853364,0.13560972768317087,4.981101415994983,6.322339358198651e-7,6.34746123644315e-6,UP,ENSMUSG00000000983
ENSMUSG00000025894.12,NA,348.91456727449247,-0.5023598324163652,0.10089006034949886,-4.979279729599849,6.382134306548117e-7,6.399787834996777e-6,DOWN,ENSMUSG00000025894
ENSMUSG00000124385.1,ENSMUSG00000124385,228.25551801011747,0.6523565599056745,0.1310691666628151,4.977193160798137,6.451293469365895e-7,6.457489189384495e-6,UP,ENSMUSG00000124385
ENSMUSG00000037685.16,NA,900.6713588720949,-0.5962556357467671,0.11980501731221471,-4.976883682533185,6.461612411538656e-7,6.461472028153516e-6,DOWN,ENSMUSG00000037685
ENSMUSG00000020198.9,Ap3d1,2938.738123614896,-0.6229780369578817,0.125181656379216,-4.976592058110162,6.471350608079721e-7,6.465922273237713e-6,DOWN,ENSMUSG00000020198
ENSMUSG00000040321.4,Zfp770,173.73728783185814,-0.6912092010003681,0.13897725596757662,-4.973541866171448,6.574056797901641e-7,6.560680500407407e-6,DOWN,ENSMUSG00000040321
ENSMUSG00000019080.9,Mfsd3,162.52999700740736,-0.5907671670434963,0.11883581777863038,-4.9712887754430115,6.650929834524556e-7,6.629462398119038e-6,DOWN,ENSMUSG00000019080
ENSMUSG00000121438.2,ENSMUSG00000121438,76.46529920595681,-0.8781678203056487,0.1768601383550651,-4.965323608096673,6.858660697756685e-7,6.816151716078098e-6,DOWN,ENSMUSG00000121438
ENSMUSG00000022475.20,NA,516.0145750599896,0.5377885489973783,0.10838311803526049,4.961921734180211,6.979912223989924e-7,6.920155543832104e-6,UP,ENSMUSG00000022475
ENSMUSG00000101875.2,Gm6028,166.2658554899537,0.7642715106322989,0.1540373775865773,4.961597779751458,6.991565904265316e-7,6.927590791415829e-6,UP,ENSMUSG00000101875
ENSMUSG00000079311.2,Gm3222,103.26142665577352,0.7529488349619096,0.15181702443315082,4.959581033637328,7.064537483966331e-7,6.9957379502744976e-6,UP,ENSMUSG00000079311
ENSMUSG00000098111.2,Gm4654,75.62418780176019,0.8646095999232664,0.17441253320078293,4.957267600304456,7.149147818500932e-7,7.071126276472215e-6,UP,ENSMUSG00000098111
ENSMUSG00000074802.12,NA,831.7804852956536,0.7464587559507995,0.1505981756239419,4.956625489373647,7.172804627448534e-7,7.090319500138219e-6,UP,ENSMUSG00000074802
ENSMUSG00000001911.17,NA,89.15920406703667,-0.9015261310988317,0.182002538729368,-4.953371185878745,7.293864919250969e-7,7.197188839847879e-6,DOWN,ENSMUSG00000001911
ENSMUSG00000018846.9,Pank3,2203.3802511021067,-0.6723895261681001,0.13577886274653,-4.952092782094566,7.341958134118025e-7,7.240360369281619e-6,DOWN,ENSMUSG00000018846
ENSMUSG00000044562.13,NA,66.93486103334409,0.8483417755549574,0.17134199300938815,4.9511608955574316,7.377207825032536e-7,7.270822558524974e-6,UP,ENSMUSG00000044562
ENSMUSG00000014355.11,NA,2474.821262712006,-0.5150358889086225,0.10404062274589894,-4.950334545444886,7.408601823436056e-7,7.297450915984623e-6,DOWN,ENSMUSG00000014355
ENSMUSG00000028243.6,Ubxn2b,221.63930630173567,-0.620120975456374,0.12528930783999814,-4.949512341853666,7.43996600962039e-7,7.32401848739254e-6,DOWN,ENSMUSG00000028243
ENSMUSG00000057135.13,NA,159.39129382822023,1.107379184098864,0.2237415466555944,4.949367699703328,7.445496815554943e-7,7.3251389319288625e-6,UP,ENSMUSG00000057135
ENSMUSG00000035385.6,Ccl2,96145.08761508424,0.5487957818731442,0.11102703821934225,4.94290211352803,7.696813438064457e-7,7.563468526409126e-6,UP,ENSMUSG00000035385
ENSMUSG00000050957.5,Insl6,1270.6993948890656,0.5961857334264751,0.12073124531603616,4.93812295123644,7.887810837578202e-7,7.728386223704705e-6,UP,ENSMUSG00000050957
ENSMUSG00000096140.3,Ankrd66,83.88716082645239,0.6825951923935337,0.13824013568464277,4.93774972813025,7.902917228413577e-7,7.738640499179377e-6,UP,ENSMUSG00000096140
ENSMUSG00000090334.2,Gm17149,218.76643074007998,0.5528790872119271,0.1120090974149789,4.936019483878021,7.973314534184099e-7,7.798416021821351e-6,UP,ENSMUSG00000090334
ENSMUSG00000026675.13,NA,496.1208096183822,-0.7723074432662576,0.15651928537057083,-4.934263796552376,8.045364238047837e-7,7.855064053494481e-6,DOWN,ENSMUSG00000026675
ENSMUSG00000023156.5,Rpp14,428.62865531726555,-0.5210671377651361,0.10563404800646888,-4.932757454615643,8.107680792484346e-7,7.902027170980069e-6,DOWN,ENSMUSG00000023156
ENSMUSG00000078922.10,NA,5413.645873638309,-0.6010419862171812,0.12185005309546898,-4.932636227464484,8.112716056892513e-7,7.902316177846937e-6,DOWN,ENSMUSG00000078922
ENSMUSG00000061979.9,Rcc1l,308.7633794171008,-0.5116059143126505,0.10372579152377154,-4.932292217749934,8.12702117492585e-7,7.908667944854794e-6,DOWN,ENSMUSG00000061979
ENSMUSG00000118097.2,Gm5237,253.07208679385852,0.5908336158906496,0.11987995080198988,4.928544030407147,8.284466593810117e-7,8.036751885885835e-6,UP,ENSMUSG00000118097
ENSMUSG00000032498.10,NA,198.18086630178703,-0.5689546598203574,0.11547074360186516,-4.927262456904861,8.338970878893709e-7,8.084923161420435e-6,DOWN,ENSMUSG00000032498
ENSMUSG00000085143.4,Gm11520,54.06972531485492,0.7964185812767467,0.16164993370426328,4.926810441715277,8.358276975176511e-7,8.094229200815534e-6,UP,ENSMUSG00000085143
ENSMUSG00000018341.13,NA,202.73667625771162,-1.227640707172572,0.24926129840526975,-4.92511559165744,8.43105001375839e-7,8.155231440222443e-6,DOWN,ENSMUSG00000018341
ENSMUSG00000064215.14,NA,1372.63103703051,0.5790520642376967,0.11762298913610504,4.922949743843514,8.524935130273066e-7,8.236490048229064e-6,UP,ENSMUSG00000064215
ENSMUSG00000126454.1,ENSMUSG00000126454,27.818583904236988,-1.111443660449054,0.2258301584168329,-4.921590934712861,8.584349856730383e-7,8.289091963568955e-6,DOWN,ENSMUSG00000126454
ENSMUSG00000067768.13,NA,110.05808652075137,-0.7067830566226941,0.14365194818455274,-4.920107701669836,8.649660277981683e-7,8.342494782858447e-6,DOWN,ENSMUSG00000067768
ENSMUSG00000043439.6,Epop,77.54268378154534,-1.4443533262295947,0.2937110865752206,-4.917598933943169,8.761218105302049e-7,8.435454568361257e-6,DOWN,ENSMUSG00000043439
ENSMUSG00000049300.12,NA,258.8907845165532,-0.5500422533513251,0.11186656230060707,-4.916949641066606,8.790315251650118e-7,8.456115487610706e-6,DOWN,ENSMUSG00000049300
ENSMUSG00000045551.8,Fpr1,5414.089581673808,-0.7152417059414897,0.14547284641735614,-4.916668117495193,8.80296023416418e-7,8.456115487610706e-6,DOWN,ENSMUSG00000045551
ENSMUSG00000015217.12,NA,196.83369334933099,-1.299186157945717,0.2642409893747224,-4.916671561895077,8.802805418858163e-7,8.456115487610706e-6,DOWN,ENSMUSG00000015217
ENSMUSG00000041773.9,Enc1,209.7369915987434,-0.5709175834414584,0.1162158249910735,-4.912563185653162,8.989339971696326e-7,8.615300768276319e-6,DOWN,ENSMUSG00000041773
ENSMUSG00000062515.4,Fabp4,1026.9834284891028,0.7032698977807572,0.14347090120679618,4.901829512920377,9.494822195603085e-7,9.068479664025032e-6,UP,ENSMUSG00000062515
ENSMUSG00000110344.2,Smim36,104.62580117793208,0.8353322487733199,0.170501639639378,4.899262262463291,9.619716908448303e-7,9.172463479681627e-6,UP,ENSMUSG00000110344
ENSMUSG00000007827.11,NA,86.10190706769777,-0.7794354832529055,0.15913221226101593,-4.89803712383788,9.679874962303003e-7,9.21882323651427e-6,DOWN,ENSMUSG00000007827
ENSMUSG00000022637.12,NA,1126.5972833344126,0.614846340397373,0.12553361644378902,4.8978620851944195,9.688499407654794e-7,9.221770326601105e-6,UP,ENSMUSG00000022637
ENSMUSG00000021575.17,NA,58.460477353270285,-1.0245032169947688,0.20919509777756995,-4.8973576717561915,9.71339409068867e-7,9.234923595001384e-6,DOWN,ENSMUSG00000021575
ENSMUSG00000074813.17,NA,600.1511588265199,0.5096245715719725,0.10413348277682138,4.893954931519947,9.882948033988537e-7,9.374746383094018e-6,UP,ENSMUSG00000074813
ENSMUSG00000007039.13,NA,754.243475389364,0.662832284220989,0.1354581126682866,4.893263837538843,9.917730690753302e-7,9.402392097726097e-6,UP,ENSMUSG00000007039
ENSMUSG00000029372.8,Ppbp,470.02018089733724,0.9046117674571602,0.1849200588080708,4.891907201890197,9.986352978109772e-7,9.451329299827386e-6,UP,ENSMUSG00000029372
ENSMUSG00000050796.5,B3galt6,147.7931538707661,-0.7853643286418092,0.160693191730901,-4.8873528503745884,1.0220082919846932e-6,9.656096474298438e-6,DOWN,ENSMUSG00000050796
ENSMUSG00000058325.7,Dock1,625.3797544445847,-0.5511704221889693,0.11281480263017818,-4.885621472882231,1.0310311487859412e-6,9.735829805863169e-6,DOWN,ENSMUSG00000058325
ENSMUSG00000107092.2,Gm7993,539.0281529786656,-0.5350666691892645,0.10959976686168471,-4.88200554171361,1.05012304331374e-6,9.893701621638377e-6,DOWN,ENSMUSG00000107092
ENSMUSG00000032024.11,NA,130.57095341224553,0.7378908682790114,0.1512730868477201,4.877872750899924,1.0723606605678125e-6,1.0091809467059166e-5,UP,ENSMUSG00000032024
ENSMUSG00000062944.5,Zfp696,163.28303831394885,-0.784442085258873,0.16100067983923644,-4.87229051481124,1.103117971815639e-6,1.035205137760135e-5,DOWN,ENSMUSG00000062944
ENSMUSG00000049999.5,Ppp1r3d,91.56577427789985,-0.8196479268156975,0.16824376050683895,-4.87178796019826,1.1059282551704927e-6,1.037258694219524e-5,DOWN,ENSMUSG00000049999
ENSMUSG00000020034.8,Tcp11l2,708.3396480572131,0.5534084435851568,0.11363786079327837,4.869930142313017,1.1163770970142143e-6,1.0458822735847775e-5,UP,ENSMUSG00000020034
ENSMUSG00000078134.2,Srsf3-ps,1161.9795613659476,-0.8186867435987663,0.16813489985171381,-4.869225510710775,1.120364919775916e-6,1.0490289389210093e-5,DOWN,ENSMUSG00000078134
ENSMUSG00000106252.3,Mir684-1,121.9272205438735,-2.07737529277255,0.4268867961646797,-4.8663376600928245,1.136852226652245e-6,1.0626764423572218e-5,DOWN,ENSMUSG00000106252
ENSMUSG00000135585.1,ENSMUSG00000135585,22.7091948894121,-1.5678509514541275,0.3221976163542647,-4.866115923496573,1.138127770394556e-6,1.0632727562520795e-5,DOWN,ENSMUSG00000135585
ENSMUSG00000098232.2,Gm3671,66.09675838249272,0.8967783751024871,0.18443919538532913,4.862189803143219,1.1609422172888972e-6,1.0833728268332204e-5,UP,ENSMUSG00000098232
ENSMUSG00000087598.10,NA,243.6403063143026,-0.6298733498511335,0.12976998691548638,-4.8537675376459966,1.2113772725023705e-6,1.1285434299580742e-5,DOWN,ENSMUSG00000087598
ENSMUSG00000039976.5,Tbc1d16,202.37443503263435,-0.6740968321061905,0.13889656553630547,-4.85322894416703,1.2146732496697717e-6,1.1309821949465725e-5,DOWN,ENSMUSG00000039976
ENSMUSG00000121816.2,Gm52969,71.17971313458652,0.7818746007955647,0.16117809748760825,4.850997827764266,1.2284189189780516e-6,1.1431425163436376e-5,UP,ENSMUSG00000121816
ENSMUSG00000062345.11,NA,391.258892856372,1.6502286243799686,0.34027217697150025,4.849731291777596,1.2362883686597494e-6,1.1487413813291415e-5,UP,ENSMUSG00000062345
ENSMUSG00000044037.16,NA,195.00822138707775,-0.6238793142967319,0.12866967693179815,-4.848689521676669,1.2427975957691e-6,1.1533051033414309e-5,DOWN,ENSMUSG00000044037
ENSMUSG00000085048.3,Gm15537,43.47706148087038,-0.953622330440359,0.19673696222006232,-4.8471945468674775,1.2521961857279925e-6,1.1613806225361513e-5,DOWN,ENSMUSG00000085048
ENSMUSG00000002908.19,NA,28.922374403646433,-1.1559824135316479,0.23875180103026028,-4.8417746318283665,1.2868466587997153e-6,1.192191937896892e-5,DOWN,ENSMUSG00000002908
ENSMUSG00000002617.15,NA,173.3230615115885,-0.8536812331562232,0.17641914552918705,-4.838937580133495,1.3053503176513521e-6,1.2086630703583538e-5,DOWN,ENSMUSG00000002617
ENSMUSG00000110360.2,Gm45380,344.3531052177287,0.5452387992553099,0.11268076092511849,4.838792308277418,1.3063046567975595e-6,1.2088754970452887e-5,UP,ENSMUSG00000110360
ENSMUSG00000055745.5,Rtl6,35.97304299458794,-1.4933240164197252,0.30893824170037476,-4.833729900838993,1.339983657752696e-6,1.2359274046838472e-5,DOWN,ENSMUSG00000055745
ENSMUSG00000141920.1,ENSMUSG00000141920,350.66691572436184,0.6051080443265114,0.1252467352369107,4.83132788397173,1.3562543517764412e-6,1.2488623727346181e-5,UP,ENSMUSG00000141920
ENSMUSG00000032311.18,NA,87.79802651829469,0.6516307166113318,0.1350085261345465,4.826589366377728,1.3889108455697142e-6,1.2733082606223504e-5,UP,ENSMUSG00000032311
ENSMUSG00000022385.12,NA,359.85091820151194,-0.578318154135287,0.11984015588174086,-4.825746010427219,1.3948017316248357e-6,1.278006245965701e-5,DOWN,ENSMUSG00000022385
ENSMUSG00000055202.12,NA,103.7611191469831,1.0489360404411165,0.21741226148624657,4.824640676981652,1.402558935839999e-6,1.2844081721069644e-5,UP,ENSMUSG00000055202
ENSMUSG00000057110.16,NA,532.8748212385868,-0.6489783462091965,0.13452460506677083,-4.824235283107342,1.4054143654007267e-6,1.2863166826247265e-5,DOWN,ENSMUSG00000057110
ENSMUSG00000032481.18,NA,948.0191743207098,-0.5178261750586599,0.10738244574069404,-4.8222609523078,1.4194008450559289e-6,1.2984052930418359e-5,DOWN,ENSMUSG00000032481
ENSMUSG00000026667.15,NA,3201.006733631877,-0.5587325686777919,0.11589656995770048,-4.820958626141533,1.4286998957767562e-6,1.3054794225738732e-5,DOWN,ENSMUSG00000026667
ENSMUSG00000070729.6,Gm12966,323.8968577074008,-0.6158986376792367,0.12779613292504313,-4.819383995292585,1.440021543640633e-6,1.3151040121440961e-5,DOWN,ENSMUSG00000070729
ENSMUSG00000026988.16,NA,194.44722538467178,-0.5005037901545913,0.10388980315755257,-4.817641144199297,1.4526532831661677e-6,1.3251885202450226e-5,DOWN,ENSMUSG00000026988
ENSMUSG00000049709.5,Nlrp10,66.57093802386963,-1.0105706993137202,0.20978215447151816,-4.817238634332569,1.4555856800657647e-6,1.3271376052912352e-5,DOWN,ENSMUSG00000049709
ENSMUSG00000003865.17,NA,3826.6314210423275,0.5490755307881957,0.11399806547118842,4.816533758873019,1.4607346114994809e-6,1.3311043924243356e-5,UP,ENSMUSG00000003865
ENSMUSG00000026012.3,Cd28,1108.0473952361435,0.643062112662743,0.13378883287263618,4.806545500512162,1.535605468086833e-6,1.3947579948701539e-5,UP,ENSMUSG00000026012
ENSMUSG00000078921.4,Tgtp2,7701.319221593534,-0.5958935155020086,0.12401366635792113,-4.805063288607039,1.5470256118302505e-6,1.4036016922133437e-5,DOWN,ENSMUSG00000078921
ENSMUSG00000049353.18,NA,90.98692700072142,-0.7598742356180194,0.1581725613172634,-4.8040837759076265,1.5546173198243313e-6,1.4097225897439124e-5,DOWN,ENSMUSG00000049353
ENSMUSG00000037313.17,NA,1999.2276951426215,-0.5001760328972635,0.1041537105488122,-4.8022872182057625,1.5686347162491084e-6,1.4208882416170632e-5,DOWN,ENSMUSG00000037313
ENSMUSG00000028214.14,NA,69.63790018374083,1.2535830467173108,0.2610474317062991,4.802127485121937,1.5698868767019765e-6,1.4212504644887165e-5,UP,ENSMUSG00000028214
ENSMUSG00000030246.13,NA,190.5003802597791,-0.7095545631333647,0.14798209672074109,-4.79486761477893,1.6278229475341161e-6,1.4689164217034047e-5,DOWN,ENSMUSG00000030246
ENSMUSG00000028718.17,NA,164.72437076103938,0.7924728144728758,0.16540108020690894,4.791219098941371,1.6577098263203655e-6,1.493461321648753e-5,UP,ENSMUSG00000028718
ENSMUSG00000070354.15,NA,180.55310053854066,-0.7271893505651894,0.15179034756629772,-4.790748306624528,1.6616045345392513e-6,1.4961618368237879e-5,DOWN,ENSMUSG00000070354
ENSMUSG00000024135.11,NA,245.77868230875478,-0.6863704334444716,0.14328020070419653,-4.7904067000959225,1.664436036216112e-6,1.4979026087393352e-5,DOWN,ENSMUSG00000024135
ENSMUSG00000028982.10,NA,592.651901405612,0.5412154671224574,0.11309165850900636,4.7856356008728635,1.7044706111996463e-6,1.5314521504507167e-5,UP,ENSMUSG00000028982
ENSMUSG00000086150.3,Bach2os,21.433274532468854,-1.5348993353879867,0.32083313041046335,-4.784104850469423,1.7175101720612205e-6,1.5423370828913794e-5,DOWN,ENSMUSG00000086150
ENSMUSG00000110148.4,5830408C22Rik,92.53901416549277,0.6358289290080779,0.1330296139660545,4.779604405755277,1.756404445736159e-6,1.573029029919237e-5,UP,ENSMUSG00000110148
ENSMUSG00000022718.13,NA,393.9436242874539,-0.6636284132762468,0.13892375675435872,-4.776925335021402,1.7799582687144506e-6,1.5924133095001168e-5,DOWN,ENSMUSG00000022718
ENSMUSG00000073737.4,Gm10566,44.7549994421912,1.0015158235029455,0.2098016248864136,4.773632349345079,1.80932550673275e-6,1.6143559202929555e-5,UP,ENSMUSG00000073737
ENSMUSG00000094191.2,Rpl31-ps14,1947.7667022770665,0.5192345174102533,0.10880101376369794,4.772331612074544,1.821053440311236e-6,1.6230832266504634e-5,UP,ENSMUSG00000094191
ENSMUSG00000050299.9,Gm9843,2004.1882896578782,0.5771762944202768,0.12104080861635631,4.768443808481652,1.8565443934668127e-6,1.651185829624137e-5,UP,ENSMUSG00000050299
ENSMUSG00000108371.3,Gm38832,77.10623057786069,-0.8434922701836058,0.17705165550924176,-4.764102700748693,1.8969587645993977e-6,1.684434736872181e-5,DOWN,ENSMUSG00000108371
ENSMUSG00000089976.2,Gm2389,63.88258219653581,0.9308686186597831,0.1954007138794177,4.763895689931944,1.8989069353295608e-6,1.685267272674601e-5,UP,ENSMUSG00000089976
ENSMUSG00000022672.9,Prkdc,207.4013017507583,-0.7353837124003685,0.15438158854552655,-4.763415892585575,1.9034296830201575e-6,1.6883826273427738e-5,DOWN,ENSMUSG00000022672
ENSMUSG00000079671.11,NA,103.49645735361675,-0.690007958731518,0.14487785874170372,-4.762687443922694,1.910316100305212e-6,1.6935901801536264e-5,DOWN,ENSMUSG00000079671
ENSMUSG00000044080.10,NA,3329.055711307978,0.5520793787453218,0.11593258020533655,4.762072730266972,1.916145935780701e-6,1.697855984329382e-5,UP,ENSMUSG00000044080
ENSMUSG00000041762.17,NA,199.66142710748275,-0.7493933576606254,0.15740616275460198,-4.760889564590545,1.927415016249012e-6,1.706934296918137e-5,DOWN,ENSMUSG00000041762
ENSMUSG00000033863.3,Klf9,268.4684203499344,0.5370613813091667,0.11284517384751265,4.759276475880982,1.9428815282099756e-6,1.719718278366749e-5,UP,ENSMUSG00000033863
ENSMUSG00000021770.12,NA,1646.9141422966502,0.6482648818478158,0.13624285755304572,4.75815682004039,1.9536869672380106e-6,1.7274487733648497e-5,UP,ENSMUSG00000021770
ENSMUSG00000097973.2,Gm4929,35.03260792441187,1.0091400439382712,0.2121355243681562,4.75705352483506,1.9643909742368337e-6,1.734385731251935e-5,UP,ENSMUSG00000097973
ENSMUSG00000082536.2,Gm13456,50182.59677893908,0.5458707398910769,0.11485034198996542,4.752887370059117,2.0053206901521898e-6,1.7646822073339272e-5,UP,ENSMUSG00000082536
ENSMUSG00000098154.3,Gm5787,42.57533270127202,1.1818218731824446,0.24884623344898008,4.749205390021499,2.0421745810135162e-6,1.79427309341314e-5,UP,ENSMUSG00000098154
ENSMUSG00000014361.6,Mertk,1210.442442259626,-0.5397834062128551,0.1136979614293697,-4.7475205309479005,2.059254924116015e-6,1.807375532345193e-5,DOWN,ENSMUSG00000014361
ENSMUSG00000022893.15,NA,12.863618723808859,1.8581887025498618,0.39149655097222086,4.746373110913337,2.0709654056700966e-6,1.816697480534168e-5,UP,ENSMUSG00000022893
ENSMUSG00000044551.14,NA,124.79145072498505,-0.6596665691486248,0.13904009552165073,-4.744434090567093,2.090900421578253e-6,1.8332205799284413e-5,DOWN,ENSMUSG00000044551
ENSMUSG00000078816.11,NA,27.946792066323404,1.7955364303175907,0.37852204667761263,4.743545180729855,2.100100772368839e-6,1.83935296638775e-5,UP,ENSMUSG00000078816
ENSMUSG00000079470.9,Utp14b,84.2703310828492,-1.0500755849019408,0.22149615403533965,-4.740829877950844,2.128445980565883e-6,1.8592962373974156e-5,DOWN,ENSMUSG00000079470
ENSMUSG00000022853.8,Ehhadh,90.75876493092362,-0.7722312512052233,0.16295585482740538,-4.7388984705283015,2.1488313063631933e-6,1.8741585180393622e-5,DOWN,ENSMUSG00000022853
ENSMUSG00000085342.2,Gm12254,4843.805058847465,0.5567174441739705,0.1175261469832929,4.7369666960417876,2.169407998014397e-6,1.8881548943052236e-5,UP,ENSMUSG00000085342
ENSMUSG00000038508.8,Gdf15,3879.004711408866,1.567593313224652,0.33094052507806,4.7367825770352505,2.171379026772492e-6,1.8888845409732955e-5,UP,ENSMUSG00000038508
ENSMUSG00000118280.3,Gm41804,152.12201633084527,-0.6330647615148692,0.13381466552937227,-4.730907176806505,2.2351871510129718e-6,1.940342578359829e-5,DOWN,ENSMUSG00000118280
ENSMUSG00000037992.17,NA,535.6581020247419,0.5010018094271185,0.10590700285416227,4.730582453711922,2.2387657220505205e-6,1.9424379386531985e-5,UP,ENSMUSG00000037992
ENSMUSG00000004791.8,Pgf,23.500892053760417,1.0107157957046775,0.21375268379573278,4.728435581517853,2.2625638643873833e-6,1.9620652627417577e-5,UP,ENSMUSG00000004791
ENSMUSG00000075272.5,Ift70a2,79.94206767543041,-0.9516197894798543,0.20131603064766693,-4.7269945985838095,2.278673241632992e-6,1.973982076751781e-5,DOWN,ENSMUSG00000075272
ENSMUSG00000107761.2,2010008C14Rik,46.29275030247495,-1.2302007045355703,0.260292135166966,-4.726230793513798,2.287256754618042e-6,1.9803890778821633e-5,DOWN,ENSMUSG00000107761
ENSMUSG00000036381.14,NA,435.23835458755235,-0.5455067495305262,0.11544159093983211,-4.7253918201356315,2.2967207749372925e-6,1.987551408554971e-5,DOWN,ENSMUSG00000036381
ENSMUSG00000027901.13,NA,161.5566171738882,-0.576858560007789,0.12209669691222691,-4.724604142423952,2.305640369803316e-6,1.992168850095342e-5,DOWN,ENSMUSG00000027901
ENSMUSG00000014980.15,NA,195.38318154645438,-0.569991845787406,0.12069729184499538,-4.722490762422523,2.3297367460509766e-6,2.0109052783201905e-5,DOWN,ENSMUSG00000014980
ENSMUSG00000078485.5,Plekhn1,649.239086105893,0.5072551944256546,0.10761502920329759,4.7136092252262385,2.4336717620508007e-6,2.0908763680555978e-5,UP,ENSMUSG00000078485
ENSMUSG00000092260.8,Zfp963,73.73228595986465,-0.771465032987039,0.1638219119634446,-4.709168778100848,2.487290496639195e-6,2.1336448725285604e-5,DOWN,ENSMUSG00000092260
ENSMUSG00000046873.19,NA,882.2742557854516,-0.535672888709662,0.11382518866300913,-4.706101478958012,2.5249886332209593e-6,2.1626456316174994e-5,DOWN,ENSMUSG00000046873
ENSMUSG00000035914.12,NA,189.81945088159495,0.6908942759072746,0.14684909541295046,4.704790819204089,2.5412637868392282e-6,2.175467911156621e-5,UP,ENSMUSG00000035914
ENSMUSG00000097558.3,Gm26902,51.90867797988835,0.8743047729294673,0.18586116015160942,4.704074655599294,2.550199261998416e-6,2.180878097081312e-5,UP,ENSMUSG00000097558
ENSMUSG00000046380.4,Jrk,51.75572186378744,-1.6041934534669369,0.3412792058254562,-4.700530902803921,2.5948598233503315e-6,2.2122639271058347e-5,DOWN,ENSMUSG00000046380
ENSMUSG00000062753.15,NA,2133.39800256052,0.5572128825716851,0.11854004199055972,4.700630042092109,2.593600264729466e-6,2.2122639271058347e-5,UP,ENSMUSG00000062753
ENSMUSG00000049939.7,Lrrc4,51.29597536511586,-1.5303557060057809,0.3258179804761166,-4.696965169845685,2.640554575036961e-6,2.2443368039406912e-5,DOWN,ENSMUSG00000049939
ENSMUSG00000084148.2,Gm12380,38.50470569896718,0.9628861958919426,0.20508287055630176,4.695107852157744,2.6646609449816852e-6,2.2590689333256016e-5,UP,ENSMUSG00000084148
ENSMUSG00000028069.17,NA,217.6991019158045,-0.6668386832693712,0.14205328794264077,-4.694285453911013,2.6754022968137307e-6,2.267022799881391e-5,DOWN,ENSMUSG00000028069
ENSMUSG00000022469.18,NA,29.7558607447899,-1.2747731851834148,0.2716028036857975,-4.693519978012195,2.6854375159254076e-6,2.2732160413995985e-5,DOWN,ENSMUSG00000022469
ENSMUSG00000047669.9,Msl3l2,117.82865109771878,-0.7610540955133084,0.1621688389849784,-4.6929736950500365,2.692621243008267e-6,2.2769853878501954e-5,DOWN,ENSMUSG00000047669
ENSMUSG00000078889.13,NA,227.3829732805217,-0.5834674701709965,0.1244193355701731,-4.689524079976445,2.7384120894218534e-6,2.311020243076864e-5,DOWN,ENSMUSG00000078889
ENSMUSG00000037868.16,NA,74.24311350877439,0.8612359647569368,0.18375234685826214,4.68693858599397,2.773221407730701e-6,2.3380303435448517e-5,UP,ENSMUSG00000037868
ENSMUSG00000025931.16,NA,37.12884503219564,-1.034075795678486,0.2206760728560248,-4.685944345009012,2.786719894686784e-6,2.3470374224139802e-5,DOWN,ENSMUSG00000025931
ENSMUSG00000111818.4,Gm17749,140.49280736937428,0.6907855006884349,0.14746207305888245,4.684496063015473,2.806495613810178e-6,2.3624997908075986e-5,UP,ENSMUSG00000111818
ENSMUSG00000052364.5,B630019K06Rik,91.46585552855204,-0.6857721072947257,0.1463961115515361,-4.684360124232617,2.80835870179619e-6,2.3628753638321523e-5,DOWN,ENSMUSG00000052364
ENSMUSG00000024038.18,NA,3764.774736020379,0.5161637610213574,0.1102127833664511,4.683338404630821,2.8223997526369843e-6,2.3734915922831242e-5,UP,ENSMUSG00000024038
ENSMUSG00000100594.4,2810414N06Rik,80.66239945215548,-0.6565263790947362,0.14018665748451375,-4.683230136700148,2.823891573084601e-6,2.37354918713502e-5,DOWN,ENSMUSG00000100594
ENSMUSG00000050931.8,Sgms2,159.3441809931979,0.554333959840924,0.11857792043865055,4.6748497341688795,2.941689295195073e-6,2.471315399832395e-5,UP,ENSMUSG00000050931
ENSMUSG00000072761.14,NA,124.48662180957089,-0.6450781831062974,0.1380555052898217,-4.672600210705662,2.974103263189597e-6,2.495787915909552e-5,DOWN,ENSMUSG00000072761
ENSMUSG00000103473.2,Gm37696,26.848063484930506,-1.6619534320030305,0.3557616515725723,-4.671536194687376,2.9895540509240385e-6,2.5064757844750763e-5,DOWN,ENSMUSG00000103473
ENSMUSG00000029752.13,NA,2611.5512646088614,-0.5450430723275979,0.11668808663795616,-4.670940179340527,2.9982425269342687e-6,2.5113247767235658e-5,DOWN,ENSMUSG00000029752
ENSMUSG00000098021.3,Gm9522,31.948761925564163,1.1951927851671604,0.255997657554648,4.668764537081836,3.030164248268952e-6,2.5366977411713378e-5,UP,ENSMUSG00000098021
ENSMUSG00000020641.17,NA,64908.6828936111,0.7415608611428474,0.15888687894713469,4.667225299262009,3.052945100105706e-6,2.5544863266112773e-5,UP,ENSMUSG00000020641
ENSMUSG00000040620.16,NA,489.40269836719534,-0.5530170625473128,0.11855006268489184,-4.66483989989311,3.0885741238892908e-06,2.580413932363618e-5,DOWN,ENSMUSG00000040620
ENSMUSG00000025574.14,NA,740.2922867436517,-0.8079737287164128,0.17329606703587294,-4.66238930020933,3.1255922094415136e-6,2.604816376044312e-5,DOWN,ENSMUSG00000025574
ENSMUSG00000056671.8,Prelid2,709.0284437502625,0.5628335164024358,0.12071536365945294,4.6624845366844205,3.1241456789350665e-6,2.604816376044312e-5,UP,ENSMUSG00000056671
ENSMUSG00000045817.9,Zfp36l2,2412.6572829564398,0.5393907677665281,0.11575086769938737,4.6599285040986596,3.1631923654333787e-6,2.632205383531289e-5,UP,ENSMUSG00000045817
ENSMUSG00000016181.11,NA,334.0647836696599,-0.53265203693116,0.11431147582248072,-4.65965497425944,3.167398504673765e-6,2.634390895957093e-5,DOWN,ENSMUSG00000016181
ENSMUSG00000021466.13,NA,380.57782090551626,0.6883696851789837,0.14790856497878746,4.654021795679697,3.255223710893819e-6,2.6966771288060267e-5,UP,ENSMUSG00000021466
ENSMUSG00000028549.18,NA,73.90372097721936,-0.9077787028779002,0.19523703266665554,-4.649623539545525,3.3254144867947975e-6,2.752089924654593e-5,DOWN,ENSMUSG00000028549
ENSMUSG00000052299.10,NA,1054.2274232271532,-0.507152009329493,0.10922459300495524,-4.643203470728289,3.430482109752069e-6,2.8334185072920012e-5,DOWN,ENSMUSG00000052299
ENSMUSG00000003559.9,As3mt,182.3888211565775,-0.5700043049023013,0.1227757269155585,-4.642646549299873,3.4397449621501973e-6,2.839662722218648e-5,DOWN,ENSMUSG00000003559
ENSMUSG00000023915.6,Tnfrsf21,816.6562932744465,-0.5027040208901377,0.10836199042638818,-4.639117636286236,3.4989985574181544e-6,2.883487611132327e-5,DOWN,ENSMUSG00000023915
ENSMUSG00000026435.16,NA,26.587532643707643,1.227702276143211,0.26496058829445857,4.6335278920004095,3.5948629909214993e-6,2.956012585631505e-5,UP,ENSMUSG00000026435
ENSMUSG00000023939.8,Mrpl14,1683.5503813400778,0.5562763131352788,0.12006091777702621,4.633283864849173,3.5991049213470403e-6,2.957316334141042e-5,UP,ENSMUSG00000023939
ENSMUSG00000034462.10,NA,433.813330646353,-0.5722677646686037,0.12355047498324653,-4.631854023598075,3.624056494231376e-6,2.973757924445232e-5,DOWN,ENSMUSG00000034462
ENSMUSG00000072594.4,Gm16439,1463.2208786370866,0.6075519042127193,0.13136846056968138,4.6247927514569405,3.7497313632131616e-6,3.0727528360168394e-5,UP,ENSMUSG00000072594
ENSMUSG00000120898.2,Gm56544,53.62949616209349,0.8300220492711432,0.17959197260898005,4.6217101867817005,3.8058945855557155e-6,3.111132260231721e-5,UP,ENSMUSG00000120898
ENSMUSG00000070443.7,Gm10291,52.74827277126327,0.8241492788274505,0.17860841555737733,4.614280218855059,3.944599346661269e-6,3.221358408664217e-5,UP,ENSMUSG00000070443
ENSMUSG00000021068.18,NA,553.0984049805168,-0.7264559670328488,0.1575807145207067,-4.610056308238085,4.025599221962323e-6,3.2794769235683294e-5,DOWN,ENSMUSG00000021068
ENSMUSG00000028347.15,NA,80.38851697611238,1.1052390598421609,0.2398998139180284,4.607085940549379,4.083512604366417e-6,3.321788106849481e-5,UP,ENSMUSG00000028347
ENSMUSG00000069830.11,NA,295.8939168673248,-0.6458090071393834,0.14019602941369927,-4.606471451724852,4.095592590075263e-6,3.329990347737449e-5,DOWN,ENSMUSG00000069830
ENSMUSG00000002083.14,NA,524.794348935898,0.6745645064178252,0.14657846507210665,4.602071021046545,4.183105043756048e-6,3.396176227345465e-5,UP,ENSMUSG00000002083
ENSMUSG00000087396.10,NA,33.70715440328855,-1.4407601247358996,0.31342840575541875,-4.596775845071888,4.2907879662395894e-6,3.4700863300199505e-5,DOWN,ENSMUSG00000087396
ENSMUSG00000085457.6,1110046J04Rik,366.751794680506,0.5796677608702049,0.12612145061917507,4.596107625026589,4.304564180729329e-6,3.479540100719451e-5,UP,ENSMUSG00000085457
ENSMUSG00000105954.2,Gm42793,44.11970149269637,1.1265868346207017,0.2454933481708054,4.589072750911619,4.452192552526205e-6,3.5902885237169405e-5,UP,ENSMUSG00000105954
ENSMUSG00000021360.17,NA,511.39172860822356,0.5705609546389151,0.12433051858791998,4.589065992155776,4.452336691680638e-6,3.5902885237169405e-5,UP,ENSMUSG00000021360
ENSMUSG00000018428.16,NA,254.08602379942832,-0.6638865120735832,0.1446817680715702,-4.588598279675268,4.462322128091754e-6,3.596601440698796e-5,DOWN,ENSMUSG00000018428
ENSMUSG00000062519.14,NA,97.68306796015787,-0.7620622592706404,0.16608118373129918,-4.588492459829598,4.464584305285492e-6,3.59668637077009e-5,DOWN,ENSMUSG00000062519
ENSMUSG00000044813.16,NA,239.59609544227322,0.543987978373028,0.11863498499175164,4.585392567047992,4.531342292090522e-6,3.643426425405089e-5,UP,ENSMUSG00000044813
ENSMUSG00000034570.13,NA,128.55275306895993,0.6143061285083172,0.13398298338889028,4.584956335277834,4.540813205886878e-6,3.649281976933473e-5,UP,ENSMUSG00000034570
ENSMUSG00000113019.4,Gm47467,65.96330050065106,-1.0006695015525398,0.21826042387087236,-4.58475010634341,4.545297187109223e-6,3.651126006369624e-5,DOWN,ENSMUSG00000113019
ENSMUSG00000072066.8,Zfp1008,111.71033279529946,-0.7525004525025375,0.1642949898626146,-4.580178939916471,4.645782791007243e-6,3.7246670107133074e-5,DOWN,ENSMUSG00000072066
ENSMUSG00000031647.11,NA,1844.2348580997716,0.5230957171684715,0.11421990321484293,4.5797247453847865,4.655882536731323e-6,3.7309705517795076e-5,UP,ENSMUSG00000031647
ENSMUSG00000012017.5,Scarf2,30.18691907698216,-1.256957158519492,0.27453445888197153,-4.578504147123789,4.683128816931315e-6,3.7492009674098226e-5,DOWN,ENSMUSG00000012017
ENSMUSG00000087303.4,Lipo2,155.61189498487332,-0.7270139340711564,0.15886993761697607,-4.576157987950713,4.735929468294941e-6,3.7805820877590445e-5,DOWN,ENSMUSG00000087303
ENSMUSG00000021643.16,NA,315.3347841973193,0.6244314946547754,0.13648507865651288,4.5750898252127605,4.7601570855447945e-6,3.7962878794139164e-5,UP,ENSMUSG00000021643
ENSMUSG00000030672.13,NA,62.33046106640951,0.8125898935810488,0.17771330226004797,4.5724764733254775,4.819933571421674e-6,3.842122955880872e-5,UP,ENSMUSG00000030672
ENSMUSG00000050106.19,NA,449.6270501955526,0.5441292317441201,0.11903560698646644,4.571146781365881,4.850623581578349e-6,3.864739553100838e-5,UP,ENSMUSG00000050106
ENSMUSG00000029433.17,NA,219.2977793314685,-0.5009539373213192,0.1095933285873895,-4.571025844167691,4.853424144069535e-6,3.865124213300075e-5,DOWN,ENSMUSG00000029433
ENSMUSG00000032356.13,NA,14.714432214255035,1.5627669074183315,0.3419240484183981,4.570508902918812,4.865412504150889e-6,3.87282190545204e-5,UP,ENSMUSG00000032356
ENSMUSG00000059970.8,Hspa2,161.14922471023453,-0.5751503680853769,0.12588308427783715,-4.568924978164341,4.902322064817199e-6,3.900339825996737e-5,DOWN,ENSMUSG00000059970
ENSMUSG00000037845.15,NA,178.48960091183903,0.5483869372556228,0.1200552634320173,4.567787546992085,4.928992433650446e-6,3.919688975849062e-5,UP,ENSMUSG00000037845
ENSMUSG00000021287.13,NA,31.93351897531247,-1.3054655985143393,0.2860857920758391,-4.563196197343035,5.038069279286843e-6,3.993100917366321e-5,DOWN,ENSMUSG00000021287
ENSMUSG00000116475.2,Gm19945,76.51105901352577,0.9142436924342844,0.20039677919465354,4.562167596247853,5.062820795602032e-6,4.0089078626523974e-5,UP,ENSMUSG00000116475
ENSMUSG00000090162.2,Gm6808,87.1020879259941,0.596060119420636,0.1306837648873036,4.561087752060511,5.0889306657302985e-6,4.025759382434462e-5,UP,ENSMUSG00000090162
ENSMUSG00000024617.17,NA,19.443337226787325,-1.6292959915189182,0.3577672759327631,-4.55406657098823,5.261869240541539e-6,4.1487910853555894e-5,DOWN,ENSMUSG00000024617
ENSMUSG00000071343.3,Gm10327,133.6081528511115,0.5321888161335436,0.11687088645822397,4.553647467402217,5.2723681911121065e-6,4.155104534734664e-5,UP,ENSMUSG00000071343
ENSMUSG00000078903.11,NA,446.8086087367753,-0.5557811307243256,0.12206690142427648,-4.553086252206551,5.286458591335342e-6,4.1642410708128563e-5,DOWN,ENSMUSG00000078903
ENSMUSG00000081453.2,Gm6767,6124.9992076664885,0.5334962696113029,0.11719896758460117,4.5520560513998864,5.3124176796580044e-6,4.1827137500461224e-5,UP,ENSMUSG00000081453
ENSMUSG00000024399.6,Ltb,20.139223250773025,1.4341800424425464,0.31507385545938477,4.551885272586262,5.316732754755152e-6,4.184135696946527e-5,UP,ENSMUSG00000024399
ENSMUSG00000039253.8,Fn3krp,158.47149258848717,-0.5149623884550154,0.11313551333686987,-4.551730692392534,5.3206414319607975e-6,4.18523662827256e-5,DOWN,ENSMUSG00000039253
ENSMUSG00000038811.14,NA,2687.720558873902,0.6291782934266164,0.1384907125537754,4.543108211551074,5.543077822122742e-6,4.3479005532323075e-5,UP,ENSMUSG00000038811
ENSMUSG00000082900.2,Gm11557,43.5610139167166,0.9432553763811186,0.20763114080592224,4.542937888410495,5.547560103682171e-6,4.3493705824637464e-5,UP,ENSMUSG00000082900
ENSMUSG00000071256.5,Zfp213,133.93478409806787,-0.8380855840461342,0.1844857267583355,-4.542820730754812,5.550645278241705e-6,4.349744391915351e-5,DOWN,ENSMUSG00000071256
ENSMUSG00000097439.9,Gm16754,96.20448712049682,0.8117441311048379,0.17873774301052023,4.541537324084146,5.584549630726927e-6,4.3712775256807824e-5,UP,ENSMUSG00000097439
ENSMUSG00000032194.10,NA,352.6368655643523,-0.5910791925093691,0.130151138654149,-4.54148306823535,5.585987291452235e-6,4.3712775256807824e-5,DOWN,ENSMUSG00000032194
ENSMUSG00000094942.8,Gm3604,61.839669290918124,-1.1690375603302077,0.2575620222048132,-4.538858447852181,5.655958639758882e-6,4.421883088449091e-5,DOWN,ENSMUSG00000094942
ENSMUSG00000028633.8,Ctps1,116.0607581740255,-0.8233124591607318,0.18145241837266096,-4.5373463001735255,5.696652020249424e-6,4.445361211496462e-5,DOWN,ENSMUSG00000028633
ENSMUSG00000029414.12,NA,255.4678227195318,-2.566551249678304,0.5656666761486426,-4.537214861502431,5.700202372304921e-6,4.446051204890405e-5,DOWN,ENSMUSG00000029414
ENSMUSG00000101585.9,1600010M07Rik,93.73539639984271,-0.6691992927368927,0.1475097727988727,-4.536643776472598,5.71565282775966e-6,4.456018071796171e-5,DOWN,ENSMUSG00000101585
ENSMUSG00000021257.16,NA,149.02147830959717,-0.5653128038742974,0.12467913554690488,-4.534141188856928,5.78383322336853e-6,4.507065552938953e-5,DOWN,ENSMUSG00000021257
ENSMUSG00000037112.17,NA,327.7896766784022,0.7567048569934836,0.16695688355122848,4.532336977656263,5.833469256892621e-6,4.542831911759298e-5,UP,ENSMUSG00000037112
ENSMUSG00000098113.2,Gm2445,62.10395158348593,0.8770007895905599,0.19354027974939808,4.5313605556741345,5.860501570000891e-6,4.560416434033358e-5,UP,ENSMUSG00000098113
ENSMUSG00000062380.5,Tubb3,15.999752617796881,-1.183511384035528,0.2612224071368809,-4.530665638554377,5.8798133845707955e-6,4.571177995389398e-5,DOWN,ENSMUSG00000062380
ENSMUSG00000009828.16,NA,191.1488277495057,-0.5839487913812796,0.12900647785187955,-4.526507514233107,5.996646804332141e-6,4.65116660972292e-5,DOWN,ENSMUSG00000009828
ENSMUSG00000115160.2,Gm6532,1626.67813625977,0.6095990824079169,0.1346980281094786,4.525671911933653,6.020391833949914e-6,4.667413027566191e-5,UP,ENSMUSG00000115160
ENSMUSG00000036898.17,NA,239.11357029156756,-0.5644885754645482,0.12474039590599713,-4.525306909318615,6.0307922036091655e-6,4.6733034752502994e-5,DOWN,ENSMUSG00000036898
ENSMUSG00000024177.10,NA,738.7788452475426,-0.5123431328645565,0.11330696377409229,-4.521726783589837,6.133719737756328e-6,4.7442444502237715e-5,DOWN,ENSMUSG00000024177
ENSMUSG00000087477.4,Gm13822,118.29178357215098,0.8935521472459136,0.19768857429911854,4.519998944875277,6.183993958428315e-6,4.778697092249795e-5,UP,ENSMUSG00000087477
ENSMUSG00000024975.14,NA,200.44651232508255,-0.5401407680543348,0.11951018171804202,-4.519621343465765,6.195033255184184e-6,4.782795118678308e-5,DOWN,ENSMUSG00000024975
ENSMUSG00000023904.11,NA,2549.8655668840647,0.5199892900642293,0.11512943536038443,4.516562497127954,6.285157327712145e-6,4.8434049721315956e-5,UP,ENSMUSG00000023904
ENSMUSG00000024294.16,NA,1241.7200388529263,-0.5895076436179056,0.1305626374394744,-4.515132775953509,6.327710753386247e-6,4.871694576337445e-5,DOWN,ENSMUSG00000024294
ENSMUSG00000014158.13,NA,138.8776458615206,-0.8157787020998816,0.18081479945383824,-4.511681038078682,6.431585488549375e-6,4.944818792395084e-5,DOWN,ENSMUSG00000014158
ENSMUSG00000040520.8,Manea,846.8604544544472,-0.5640449711485381,0.12502671136566212,-4.511395724861479,6.440244168607921e-6,4.946914406066591e-5,DOWN,ENSMUSG00000040520
ENSMUSG00000024592.16,NA,253.95737348802948,-0.5310476836493665,0.11775740703965518,-4.5096754166006265,6.4926888811116266e-6,4.9849023840431626e-5,DOWN,ENSMUSG00000024592
ENSMUSG00000115205.2,Gm16374,80.49273634480036,0.7735810916176945,0.17159440721471272,4.508195250499789,6.538139496510027e-6,5.0128742181058024e-5,UP,ENSMUSG00000115205
ENSMUSG00000081600.4,Gm12286,112.31214161764575,0.8120682875670286,0.1801822461419864,4.506927319171647,6.5773150465216955e-6,5.040593093556792e-5,UP,ENSMUSG00000081600
ENSMUSG00000032883.16,NA,602.007218028258,-0.5287625586000946,0.1174081005403096,-4.5036292740172135,6.680270005570774e-6,5.1147925901238855e-5,DOWN,ENSMUSG00000032883
ENSMUSG00000003380.12,NA,4705.154846042249,0.5024902642227563,0.11174172670635939,4.496890096778492,6.8954607601292024e-6,5.26264089866886e-5,UP,ENSMUSG00000003380
ENSMUSG00000028111.5,Ctsk,127.82583178559815,0.7077099899913086,0.1574755158111394,4.494095392200945,6.986630619496496e-6,5.324910978552266e-5,UP,ENSMUSG00000028111
ENSMUSG00000121482.2,ENSMUSG00000121482,45.95532776532685,-0.8931137136033458,0.19880423202989625,-4.492428076023246,7.0415703171201926e-6,5.359435262815898e-5,DOWN,ENSMUSG00000121482
ENSMUSG00000053062.17,NA,70.88739547345394,0.7291030907425111,0.16229401737577312,4.492482856311066,7.039758706511021e-6,5.359435262815898e-5,UP,ENSMUSG00000053062
ENSMUSG00000031520.7,Vegfc,84.72185626744758,1.0379213006189059,0.2311110394244166,4.491007020711148,7.08872141646689e-6,5.392861238184391e-5,UP,ENSMUSG00000031520
ENSMUSG00000048264.17,NA,278.5725344978038,-0.5311407631110069,0.11830406456440257,-4.489623962343775,7.134901627844135e-6,5.42304555815537e-5,DOWN,ENSMUSG00000048264
ENSMUSG00000120245.2,Gm57256,113.83454022264857,-0.916298856791436,0.20415625829747935,-4.488223209186574,7.181965862005503e-6,5.456330875389693e-5,DOWN,ENSMUSG00000120245
ENSMUSG00000112964.4,E430024I08Rik,218.6804076876093,-0.5092542827774321,0.1135006893870417,-4.486794622373222,7.230271023169042e-6,5.490528214133285e-5,DOWN,ENSMUSG00000112964
ENSMUSG00000061607.16,NA,474.1012571734282,-0.6902823384273575,0.15391072534919695,-4.484952798846381,7.293007720610788e-6,5.533129970377866e-5,DOWN,ENSMUSG00000061607
ENSMUSG00000116138.2,C030006K11Rik,113.34333510189688,-0.656618943613968,0.14641159172339474,-4.484746978603119,7.300050675989567e-6,5.5359547554707606e-5,DOWN,ENSMUSG00000116138
ENSMUSG00000109876.2,Gm45449,30.503808172611244,-1.2017676336328953,0.2680080990537191,-4.484072077956178,7.3231907372855325e-6,5.548456553156454e-5,DOWN,ENSMUSG00000109876
ENSMUSG00000135654.1,ENSMUSG00000135654,56.207228548449656,-0.8755282001080915,0.19531322943485938,-4.48268764303084,7.370878046305693e-6,5.570344613273424e-5,DOWN,ENSMUSG00000135654
ENSMUSG00000089662.2,Gm14057,64.25800804697424,0.8478344081039796,0.18923576216098653,4.48030751916073,7.453557072587356e-6,5.626777625281428e-5,UP,ENSMUSG00000089662
ENSMUSG00000121798.2,ENSMUSG00000121798,107.66814048691984,-0.9465415949578316,0.21155718599269666,-4.474164233733512,7.671076527099817e-6,5.7779075052356166e-5,DOWN,ENSMUSG00000121798
ENSMUSG00000121780.2,ENSMUSG00000121780,200.38084184316722,0.6420679404838484,0.14351717595863522,4.473805565048927,7.683961898481491e-6,5.782389378117209e-5,UP,ENSMUSG00000121780
ENSMUSG00000006471.19,NA,100.67038562081662,-0.8044565991438539,0.1798482117196681,-4.472975246469348,7.713871007075429e-6,5.7996624397650966e-5,DOWN,ENSMUSG00000006471
ENSMUSG00000021952.18,NA,435.200690802577,-0.6419312050225526,0.1436502390220254,-4.468709619927103,7.869287201457185e-6,5.896378270198114e-5,DOWN,ENSMUSG00000021952
ENSMUSG00000029730.17,NA,696.5323507055297,-0.6174367688003337,0.1381808472705597,-4.4683238017160605,7.88349100166706e-6,5.903237357153116e-5,DOWN,ENSMUSG00000029730
ENSMUSG00000033282.15,NA,217.31727317659622,-0.7081972626721339,0.15850307380286482,-4.468034882105446,7.894143550195932e-6,5.9085609444823764e-5,DOWN,ENSMUSG00000033282
ENSMUSG00000069727.6,Zfp975,80.81924274516474,-0.8214233355315399,0.18388649102608168,-4.467012943408838,7.931933250282547e-6,5.934182094289446e-5,DOWN,ENSMUSG00000069727
ENSMUSG00000127797.1,ENSMUSG00000127797,430.0239225875899,-0.7854174411140483,0.1758571964771407,-4.466222917503083,7.96126563798424e-6,5.948121226658835e-5,DOWN,ENSMUSG00000127797
ENSMUSG00000017639.14,NA,13.7299040841668,-2.080800422396932,0.4659102644297791,-4.46609697458285,7.965951268073077e-6,5.948956710541274e-5,DOWN,ENSMUSG00000017639
ENSMUSG00000078122.7,Mir223hg,135.8098210979999,-0.9646736911330975,0.21606031278621518,-4.464835205934426,8.01304035085374e-6,5.978767825093377e-5,DOWN,ENSMUSG00000078122
ENSMUSG00000030409.17,NA,128.84608697725676,-1.0756798149221534,0.24098088181679161,-4.463755824995075,8.053533814597603e-6,6.00360884632229e-5,DOWN,ENSMUSG00000030409
ENSMUSG00000073792.12,NA,227.31277379447258,-0.5919622061217045,0.13270536038657516,-4.460725658687025,8.168259935041773e-6,6.083693732771622e-5,DOWN,ENSMUSG00000073792
ENSMUSG00000000409.15,NA,67.03311295207388,0.8524922179441644,0.19112921031399202,4.460292681289626,8.184780047455936e-6,6.0905574329038457e-05,UP,ENSMUSG00000000409
ENSMUSG00000042312.12,NA,2453.331793132984,0.5319758097531733,0.11931512663706022,4.458578092712155,8.250513810369659e-6,6.133997695128151e-5,UP,ENSMUSG00000042312
ENSMUSG00000028807.3,Zbtb8a,106.20439906078951,-0.6598661257222348,0.14813696021025619,-4.454432741063829,8.411529218916031e-6,6.242575044710447e-5,DOWN,ENSMUSG00000028807
ENSMUSG00000027737.11,NA,4114.967625542859,1.003801204014719,0.2253694276939211,4.454025616012134,8.427503909951183e-6,6.251648363093681e-5,UP,ENSMUSG00000027737
ENSMUSG00000032417.11,NA,95.75715876319076,-0.5942212655670357,0.1336231350250676,-4.446993894100451,8.708031203933623e-6,6.448273905719231e-5,DOWN,ENSMUSG00000032417
ENSMUSG00000124599.1,ENSMUSG00000124599,18.017990564871635,1.2157477038264615,0.27359093083277514,4.443669606027816,8.843737938979384e-6,6.540052056337926e-5,UP,ENSMUSG00000124599
ENSMUSG00000107471.2,Gm44147,45.97004354472475,0.8180224955561062,0.18414928019197802,4.442170475514795,8.905595664464245e-6,6.582877362615502e-5,UP,ENSMUSG00000107471
ENSMUSG00000027646.16,NA,427.8835483629143,0.56133388404547635,0.12669193800727435,4.430699323687399,9.39279807777778e-6,6.924593313219374e-5,UP,ENSMUSG00000027646
ENSMUSG00000095847.2,Gm5451,957.4409255669176,0.617487950996919,0.13941608667164912,4.429101158542903,9.462663391624147e-6,6.966859810981204e-5,UP,ENSMUSG00000095847
ENSMUSG00000121163.2,Gm56872,126.90674320031744,0.6376539165023931,0.14402911448761288,4.42725707764616,9.54389607619398e-6,7.011189910423383e-5,UP,ENSMUSG00000121163
ENSMUSG00000020534.15,NA,44.544384603114395,-1.8889473474842566,0.4266733616085779,-4.427150878046006,9.548594451400098e-6,7.011552667175166e-5,DOWN,ENSMUSG00000020534
ENSMUSG00000020717.20,NA,108.3879292705577,0.8204373921944205,0.1853283989864172,4.426938325056975,9.558004643113043e-6,7.012287084406208e-5,UP,ENSMUSG00000020717
ENSMUSG00000024421.17,NA,84.384890711128,-1.052823870451483,0.23792592776434923,-4.425006893297645,9.643920370200333e-6,7.06599367721708e-5,DOWN,ENSMUSG00000024421
ENSMUSG00000034800.16,NA,59.81582074875015,-0.7902554399772073,0.17860683913743694,-4.424553078670802,9.664214139894494e-6,7.077752964289881e-5,DOWN,ENSMUSG00000034800
ENSMUSG00000003849.9,Nqo1,418.12302770402533,0.6671111270254454,0.15100765211900352,4.417730609437725,9.97426273257085e-6,7.298411817830254e-5,UP,ENSMUSG00000003849
ENSMUSG00000056228.11,NA,245.51474314997617,-0.5468789303113247,0.1240045615970176,-4.410151717551635,1.0329822068102219e-5,7.538735790270136e-5,DOWN,ENSMUSG00000056228
ENSMUSG00000071267.12,NA,250.21588391363662,-0.6563346047851735,0.1488232193184406,-4.41016266004029,1.0329300088117482e-5,7.538735790270136e-5,DOWN,ENSMUSG00000071267
ENSMUSG00000083391.3,Gm14148,69.72399471041024,0.7269960661460381,0.16490118915169358,4.408676916679298,1.0400404166291401e-5,7.5836090895092e-5,UP,ENSMUSG00000083391
ENSMUSG00000026930.16,NA,121.4873964920982,-0.6318902647983484,0.14342769094885882,-4.405636461258084,1.0547372709892777e-5,7.676277321702972e-5,DOWN,ENSMUSG00000026930
ENSMUSG00000138813.1,Gm12551,648.2976165311811,0.5163502001014652,0.1172643699178227,4.403300000360864,1.0661657162598602e-5,7.753763403554046e-5,UP,ENSMUSG00000138813
ENSMUSG00000064358.1,mt-Co3,80840.69565779745,-0.511341939866647,0.11626946266225477,-4.397904042543123,1.0930128063359605e-5,7.907627574168536e-5,DOWN,ENSMUSG00000064358
ENSMUSG00000101111.2,Gm28437,80844.69814969026,-0.511327379580435,0.11627498311983513,-4.397570017735041,1.0946957571529917e-5,7.91636879717402e-5,DOWN,ENSMUSG00000101111
ENSMUSG00000032715.10,NA,525.4022285162845,0.7216223093735634,0.1641581763686374,4.395896234574827,1.1031662745327593e-5,7.974165927225095e-5,UP,ENSMUSG00000032715
ENSMUSG00000051557.16,NA,240.66571399576088,-0.5921446904222227,0.13473364600410728,-4.394928126595576,1.1080941061644508e-5,8.00631599410675e-5,DOWN,ENSMUSG00000051557
ENSMUSG00002075486.1,Gm55632,647.79353909538,-1.7937795093841558,0.4084807412976836,-4.391344139470519,1.1265207429189576e-5,8.118349139549065e-5,DOWN,ENSMUSG00002075486
ENSMUSG00000019987.10,NA,25501.470154949537,1.3648751133812809,0.31095123062878394,4.38935427469229,1.136877309109704e-5,8.1846254834423e-5,UP,ENSMUSG00000019987
ENSMUSG00000039943.17,NA,34.61596092178223,1.4190274975647665,0.32332642522150423,4.388838606657715,1.1395759775133844e-5,8.187664369243085e-5,UP,ENSMUSG00000039943
ENSMUSG00000062949.14,NA,456.02994854901686,-0.778053625341828,0.17727573984602413,-4.38894586488608,1.1390141550667705e-5,8.187664369243085e-5,DOWN,ENSMUSG00000062949
ENSMUSG00000078861.9,Zfp931,234.60179382781763,-0.5599391864254442,0.12787194303464056,-4.378905748493682,1.1927670003180286e-5,8.529409304160997e-5,DOWN,ENSMUSG00000078861
ENSMUSG00000113591.3,4930447K03Rik,15.174953729999878,-1.5649295348794043,0.3574148748597283,-4.37846783935218,1.1951657350618694e-5,8.539466187595085e-5,DOWN,ENSMUSG00000113591
ENSMUSG00000034799.17,NA,134.24960609610633,0.5400431517630153,0.12336387533897851,4.3776441869962985,1.1996899345930418e-5,8.567892654935146e-5,UP,ENSMUSG00000034799
ENSMUSG00000036452.19,NA,163.14761081023565,0.7061715620195242,0.16138302590132528,4.375748676637778,1.2101638626062873e-5,8.638995108228787e-5,UP,ENSMUSG00000036452
ENSMUSG00000104818.4,Gm43661,82.23674564579308,0.6329245175740228,0.14475006472595034,4.372533572073451,1.2281292415804427e-5,8.755999671909133e-5,UP,ENSMUSG00000104818
ENSMUSG00000051098.7,Mblac2,124.76323541076475,-0.8571206262711685,0.19611577895194998,-4.3704827365327406,1.239721561528901e-5,8.827325687470518e-5,DOWN,ENSMUSG00000051098
ENSMUSG00000037108.14,NA,94.11690642342548,0.647178182769158,0.1481984668904203,4.366969485910332,1.2598231976001876e-5,8.955162678252655e-5,UP,ENSMUSG00000037108
ENSMUSG00000098123.2,Gm4518,48.93086594982219,0.8066396372761224,0.18494564790491363,4.361495641632191,1.291763699925952e-5,9.162676078249755e-5,UP,ENSMUSG00000098123
ENSMUSG00000032507.16,NA,150.65000989044233,-0.6013918145539066,0.1379312603745686,-4.360083514938935,1.300128141689052e-5,9.210253564488798e-5,DOWN,ENSMUSG00000032507
ENSMUSG00000082662.2,Gm15516,130.20656926885857,0.8954569322819586,0.20539334874884171,4.359717282651337,1.3023058671986903e-5,9.221763329683804e-5,UP,ENSMUSG00000082662
ENSMUSG00000046169.11,NA,45.40697374468031,0.8599196504507722,0.19736661331164512,4.356966135366294,1.318776625432341e-5,9.330470515786899e-5,UP,ENSMUSG00000046169
ENSMUSG00000081494.2,Gm14130,70.21148219179095,0.7386982310698056,0.1695481378151291,4.356864313515865,1.319390017123143e-5,9.330851537551116e-5,UP,ENSMUSG00000081494
ENSMUSG00000116861.2,Gm8253,556.978767400394,0.505013373616769,0.11599216652747579,4.353857581383682,1.337626245913694e-5,9.439803333413779e-5,UP,ENSMUSG00000116861
ENSMUSG00000068115.14,NA,53.22150060520688,-1.1448588304675442,0.2630419179280069,-4.352381702071096,1.346665389104358e-5,9.495556883173054e-5,DOWN,ENSMUSG00000068115
ENSMUSG00000006378.16,NA,102.56904822848033,-0.8282918522919244,0.19041571049700928,-4.349913408562649,1.3619130051363814e-5,9.594956178138697e-5,DOWN,ENSMUSG00000006378
ENSMUSG00000089824.11,NA,254.3094640926919,-0.5729777265452698,0.13185616890630605,-4.345475310695661,1.3897440343962485e-5,9.770392713993187e-5,DOWN,ENSMUSG00000089824
ENSMUSG00000089937.2,Gm7281,91.09148289819316,0.7570796437098573,0.1742442385865274,4.3449335820300385,1.393178095207169e-5,9.790407886925727e-5,UP,ENSMUSG00000089937
ENSMUSG00000037119.5,Fam91a1,2711.1441251206347,-0.5012690816368897,0.11538895019016389,-4.344168837750804,1.3980396493228295e-5,9.803914714931667e-5,DOWN,ENSMUSG00000037119
ENSMUSG00000079469.12,NA,247.31531814593552,-0.6460357660942723,0.14874741139444403,-4.343173168782975,1.4043934649575272e-5,9.844331829185256e-5,DOWN,ENSMUSG00000079469
ENSMUSG00000027368.7,Dusp2,566.9625445733417,0.8426554373633085,0.1940260557400761,4.343001429107844,1.4054921950217258e-5,9.847894052177437e-5,UP,ENSMUSG00000027368
ENSMUSG00000030725.5,Lipt2,110.38627195989534,-0.7238709172872672,0.16671839394033702,-4.3418779426721,1.4127001161501565e-5,9.894240712692149e-5,DOWN,ENSMUSG00000030725
ENSMUSG00000090192.4,Gm16556,79.29626521820872,0.7106549307994997,0.1638200109129196,4.338022728964757,1.4377028991938443e-5,1.0056683534797208e-4,UP,ENSMUSG00000090192
ENSMUSG00000097958.2,Gm8492,22.27227792186756,1.2000387277856932,0.2766573185476065,4.337635939239372,1.4402345674585814e-5,1.0070168405425284e-4,UP,ENSMUSG00000097958
ENSMUSG00000112140.2,Gm5780,32.31801620334079,1.1193872078324094,0.2582806510778353,4.333995609663658,1.4642709577906205e-5,1.0216812758207694e-4,UP,ENSMUSG00000112140
ENSMUSG00000069376.3,Gm5507,45.316646757818425,0.8402657924673739,0.19387552027023278,4.334047905048415,1.4639229691145058e-5,1.0216812758207694e-4,UP,ENSMUSG00000069376
ENSMUSG00000021597.17,NA,113.22347199390019,-0.7455912759026853,0.17216620830484008,-4.330648175642749,1.4867106195200666e-5,1.0364709987925013e-4,DOWN,ENSMUSG00000021597
ENSMUSG00000030346.17,NA,154.21652267024876,-1.5651688592777024,0.36164306021358644,-4.327938322259837,1.505116018687208e-5,1.0466770111604621e-4,DOWN,ENSMUSG00000030346
ENSMUSG00000020614.14,NA,43.71499558965145,1.1431051204249072,0.2641747580109306,4.327079275218299,1.5109959016679267e-5,1.0503279556571215e-4,UP,ENSMUSG00000020614
ENSMUSG00000040658.8,Dnph1,159.3140373514293,-0.9623098035179739,0.22241245788721656,-4.326690207281253,1.5136661384123987e-5,1.0517456885068817e-4,DOWN,ENSMUSG00000040658
ENSMUSG00000051285.18,NA,875.3510717100351,-0.5200270538572084,0.12029545108791823,-4.322915365080142,1.5398081493485246e-5,1.0690191797891756e-4,DOWN,ENSMUSG00000051285
ENSMUSG00000021403.4,Serpinb9b,157.24579081450042,0.8405609149264763,0.19446854083410167,4.322349061299055,1.5437669261709814e-5,1.0708759259911516e-4,UP,ENSMUSG00000021403
ENSMUSG00000056493.10,NA,676.485213245242,0.5210265849690754,0.1205656478115274,4.32151773267592,1.5495959547978034e-5,1.0740258579471392e-4,UP,ENSMUSG00000056493
ENSMUSG00000018476.8,Kdm6b,540.3512554271836,0.7788802384085628,0.18027057114163145,4.3206177995443715,1.5559296673938933e-5,1.0779677246971568e-4,UP,ENSMUSG00000018476
ENSMUSG00000141962.1,ENSMUSG00000141962,112.98026744091374,0.8160716817437027,0.18896119036409978,4.318726401814337,1.569321825388621e-5,1.0863433275292919e-4,UP,ENSMUSG00000141962
ENSMUSG00000029108.15,NA,2334.5041745581484,-0.5769417781533205,0.13360981888116566,-4.318109125396391,1.5737162211995215e-5,1.0884816136343103e-4,DOWN,ENSMUSG00000029108
ENSMUSG00000018509.9,Cenpv,63.03250004565175,-0.8691506456970125,0.20160090064099262,-4.3112438631649805,1.6233874724098725e-5,1.1205136378272779e-4,DOWN,ENSMUSG00000018509
ENSMUSG00000032293.9,Ireb2,2069.792589047759,-0.5025544167939479,0.11666289518944353,-4.307748543166812,1.6492472616956676e-5,1.1369511093855706e-4,DOWN,ENSMUSG00000032293
ENSMUSG00000120893.1,Gm56543,22.455688620365226,1.0806727577428024,0.2508795252449247,4.307536681950352,1.650827250637816e-5,1.1375700508940585e-4,UP,ENSMUSG00000120893
ENSMUSG00000097597.3,Gm26674,62.605456498332465,-0.7089823697764359,0.1646959609677618,-4.304795124363825,1.6714034170290352e-5,1.1507978275134679e-4,DOWN,ENSMUSG00000097597
ENSMUSG00000069236.6,Gm7251,102.94054304359496,0.6462099975898353,0.1503233967556367,4.298798533938825,1.717264798748204e-5,1.1809116611927855e-4,UP,ENSMUSG00000069236
ENSMUSG00000071252.7,2210408I21Rik,69.96432219192587,-0.727993328047025,0.1693874586735981,-4.297799457808945,1.7250212383368073e-5,1.1852679921921961e-4,DOWN,ENSMUSG00000071252
ENSMUSG00000028527.19,NA,2053.3641525063863,0.6118571866796781,0.14238397431231925,4.29723351686735,1.729429783836022e-5,1.1873186939172295e-4,UP,ENSMUSG00000028527
ENSMUSG00000041649.14,NA,178.71220171960567,-0.8716958993008358,0.20297924444195883,-4.294507557643875,1.7508151754682855e-5,1.2000244088002107e-4,DOWN,ENSMUSG00000041649
ENSMUSG00000085112.4,A530072M11Rik,37.6966295816044,-1.0241617569472168,0.23859875211688517,-4.292401983919424,1.7675058204480538e-5,1.2091792527219695e-4,DOWN,ENSMUSG00000085112
ENSMUSG00000037001.11,NA,63.44912676881128,-0.7451280018038492,0.1735937970617508,-4.292365363370629,1.7677974443128818e-5,1.2091792527219695e-4,DOWN,ENSMUSG00000037001
ENSMUSG00000109897.2,Gm6458,20.43471202342363,1.184276668363471,0.27593493458478124,4.291869277608997,1.771752490518012e-5,1.2113876396834099e-4,UP,ENSMUSG00000109897
ENSMUSG00000031730.19,NA,331.78766306564364,-0.5539082670594715,0.12907033984668004,-4.291522496318268,1.7745222110459928e-5,1.2127841144017613e-4,DOWN,ENSMUSG00000031730
ENSMUSG00000021733.12,NA,1918.9187151569308,-0.6697182607321713,0.15606421942218363,-4.291299204979555,1.7763078078358624e-5,1.2135071283683262e-4,DOWN,ENSMUSG00000021733
ENSMUSG00000050530.15,NA,22.728269431865787,-1.2497681281364192,0.2912513645873569,-4.291029262324943,1.778468747576604e-5,1.2144858654622216e-4,DOWN,ENSMUSG00000050530
ENSMUSG00000041231.16,NA,565.2535356145563,-0.5245788964816173,0.1223630151858695,-4.287070694398806,1.8104469001384155e-5,1.231281097337203e-4,DOWN,ENSMUSG00000041231
ENSMUSG00000049532.12,NA,48.2085267906742,-1.0189244733347,0.2378778887292091,-4.283392957529583,1.840646708490981e-5,1.2492724668618476e-4,DOWN,ENSMUSG00000049532
ENSMUSG00000044258.11,NA,204.79868272358146,0.5109013059851103,0.11930893800344851,4.282171265076077,1.8507844073835282e-5,1.2551313858286993e-4,UP,ENSMUSG00000044258
ENSMUSG00000027259.16,NA,113.41261411828994,-0.6011778759972446,0.14041434177072754,-4.281456355639687,1.8567414271776457e-5,1.258659351203838e-4,DOWN,ENSMUSG00000027259
ENSMUSG00000064345.1,mt-Nd2,3666.7491569198105,-0.6947372778394592,0.16242420604379787,-4.277301362656022,1.8917262941486982e-5,1.281854030118801e-4,DOWN,ENSMUSG00000064345
ENSMUSG00000039911.14,NA,166.9597721116919,0.567220500746257,0.1326656115001887,4.275565418438901,1.9065280600878997e-5,1.290834832725368e-4,UP,ENSMUSG00000039911
ENSMUSG00000083911.2,Gm4342,809.8311121195323,0.5379095505323226,0.12591489001408152,4.272009056849164,1.9371970649643e-5,1.3089423928421665e-4,UP,ENSMUSG00000083911
ENSMUSG00000036459.16,NA,102.86087265317803,-0.782071010253802,0.18339036898579286,-4.264515168265944,2.0033673504885566e-5,1.3487345150079601e-4,DOWN,ENSMUSG00000036459
ENSMUSG00000112105.2,Rps7-ps2,171.9220026141627,-0.6846886423645672,0.16067550733428843,-4.2613130882484755,2.032292852264159e-5,1.3649019574851838e-4,DOWN,ENSMUSG00000112105
ENSMUSG00000120423.2,D430040L24Rik,90.05533043861095,-0.6530046252978574,0.15333946236873197,-4.258555594303519,2.057520525220942e-5,1.378513952534529e-4,DOWN,ENSMUSG00000120423
ENSMUSG00000071102.2,Gm10313,44.89721512601619,0.9893989488302394,0.23234642527963797,4.258292106880746,2.0599466558940835e-5,1.3795851579795075e-4,UP,ENSMUSG00000071102
ENSMUSG00000052676.17,NA,66.18991943511242,-0.7718008593833376,0.1812538693532198,-4.258120734952615,2.061526070231219e-5,1.3800886690957772e-4,DOWN,ENSMUSG00000052676
ENSMUSG00000106783.4,Chaer1,10.64805263800413,-1.6888358991637533,0.39676043620404766,-4.256563268559397,2.075933092960893e-5,1.3875054211709762e-4,DOWN,ENSMUSG00000106783
ENSMUSG00000066389.2,Rpl31-ps1,123.95001783771835,0.7365017996710411,0.17302625823731924,4.256589763739042,2.0756872052160114e-5,1.3875054211709762e-4,UP,ENSMUSG00000066389
ENSMUSG00000038039.14,NA,673.3895321976928,-0.5209955514495732,0.12242653358137495,-4.255577089449125,2.0851050514034088e-5,1.393077397323848e-4,DOWN,ENSMUSG00000038039
ENSMUSG00000064373.14,NA,37323.787200001934,-0.5122928617432296,0.12048758001656094,-4.251831281471628,2.1202957498588847e-5,1.4160213025489292e-4,DOWN,ENSMUSG00000064373
ENSMUSG00000100078.2,Gm6170,15932.38408071249,0.5941807921787721,0.13984856291251455,4.248744354637919,2.1497207207401893e-5,1.4328034667891046e-4,UP,ENSMUSG00000100078
ENSMUSG00000078162.7,Gm2574,33.304876224930354,0.9939437736246602,0.23399654106555753,4.24768575252654,2.1599006556026312e-5,1.438027932203755e-4,UP,ENSMUSG00000078162
ENSMUSG00000025856.16,NA,468.5094606651104,0.5357578904715239,0.12636240647478636,4.2398519102152905,2.23667294541238e-5,1.4848231702904797e-4,UP,ENSMUSG00000025856
ENSMUSG00000024238.16,NA,152.97471719776897,-1.3058628682168767,0.3080064984176765,-4.23972505426182,2.2379372571279777e-5,1.4850712972489517e-4,DOWN,ENSMUSG00000024238
ENSMUSG00000082362.2,Gm5187,17.64062666241997,1.3050367277178807,0.3080047446197552,4.237066962487878,2.2645861400110368e-5,1.4973924849652674e-4,UP,ENSMUSG00000082362
ENSMUSG00000105814.3,Mir703,24.747960969257218,-1.5350253628921484,0.36238339919692386,-4.2359152386503105,2.2762263610954107e-5,1.5038966243116904e-4,DOWN,ENSMUSG00000105814
ENSMUSG00000126658.1,ENSMUSG00000126658,12.261286082187304,-1.4697273809269467,0.3469811878947962,-4.235755228818238,2.2778480433700003e-5,1.504372038464876e-4,DOWN,ENSMUSG00000126658
ENSMUSG00000062480.13,NA,462.00857316524235,-0.7294872496792884,0.17228887295270284,-4.234093805231107,2.2947514984738646e-5,1.5137371830913833e-4,DOWN,ENSMUSG00000062480
ENSMUSG00000121489.2,ENSMUSG00000121489,52.93929998099087,-0.9738320777757351,0.23006224987515494,-4.2329068689200104,2.3069005124530424e-5,1.5205483377733967e-4,DOWN,ENSMUSG00000121489
ENSMUSG00000069808.14,NA,235.7965968517622,-0.5628890433973341,0.13308193873619817,-4.229642645296306,2.340628248562231e-5,1.5409520992113604e-4,DOWN,ENSMUSG00000069808
ENSMUSG00000061544.14,NA,122.6263052524559,-0.6275785171867087,0.1484681573017577,-4.227024357224098,2.368020427470587e-5,1.5553016403505125e-4,DOWN,ENSMUSG00000061544
ENSMUSG00000055763.10,NA,116.38873944053304,0.566706083587636,0.1341123010831246,4.225608531139764,2.3829593990919797e-5,1.5644972810731437e-4,UP,ENSMUSG00000055763
ENSMUSG00000023908.9,Pkmyt1,262.86924776127876,0.6234707791313897,0.14757289477784882,4.224832616246644,2.391184393759004e-5,1.568045259548767e-4,UP,ENSMUSG00000023908
ENSMUSG00000023830.15,NA,3877.25559649211,-0.6248463915273176,0.1479021564719469,-4.224728066394585,2.392294724999494e-5,1.568156715176555e-4,DOWN,ENSMUSG00000023830
ENSMUSG00000049904.8,Tmem17,30.495833669477737,-1.169369463971188,0.27688920460334804,-4.223239637118913,2.408155312581561e-5,1.5779331234817333e-4,DOWN,ENSMUSG00000049904
ENSMUSG00000026390.8,Marco,10503.188922337802,-0.5759678213882998,0.1364074410376056,-4.222407641453472,2.4170645335616214e-5,1.5825272148281742e-4,DOWN,ENSMUSG00000026390
ENSMUSG00000087403.10,NA,113.67750809198176,-0.699168657609298,0.16568142923581716,-4.219957908584671,2.4434793555923772e-5,1.5973132784734804e-4,DOWN,ENSMUSG00000087403
ENSMUSG00000118164.2,Gm20570,79.01537426715767,0.9758354591084805,0.23127600612920693,4.219354508237705,2.450027690019931e-5,1.6007563781750834e-4,UP,ENSMUSG00000118164
ENSMUSG00000031239.6,Itm2a,43.01778099930088,0.8107423692421231,0.19239440536059266,4.213960212214071,2.50931509649455e-5,1.637141570780247e-4,UP,ENSMUSG00000031239
ENSMUSG00000032281.12,NA,47.4800022648701,1.3039379361018284,0.3094543905964533,4.213667589555192,2.512569955709691e-5,1.6386240352528277e-4,UP,ENSMUSG00000032281
ENSMUSG00000115946.4,Mirt2,18.97870684802592,1.2221144211146082,0.29008366803103824,4.212972172510742,2.520321241131592e-5,1.6430366308487266e-4,UP,ENSMUSG00000115946
ENSMUSG00000022704.17,NA,89.54334489138513,-0.7641721866266886,0.1816001754667849,-4.207992556518524,2.5764935158493356e-5,1.6763794721148467e-4,DOWN,ENSMUSG00000022704
ENSMUSG00000120849.2,Gm56768,3314.833592282443,-0.6857657783255118,0.16314268638668053,-4.2034723928727695,2.628512237890805e-5,1.7082256461054975e-4,DOWN,ENSMUSG00000120849
ENSMUSG00000000282.13,NA,1124.8066184514034,0.5149703690097921,0.12258288905021351,4.200997162000688,2.6574192290930886e-5,1.7235701606133316e-4,UP,ENSMUSG00000000282
ENSMUSG00000091818.4,Rpl19-ps4,106.8938724640482,0.6517415278833375,0.15513662532803643,4.201080992352579,2.6564352894178355e-5,1.7235701606133316e-4,UP,ENSMUSG00000091818
ENSMUSG00000026725.18,NA,123.04814239956006,1.450904504105101,0.3457103272350633,4.196879265103841,2.706181036599575e-5,1.7511942167766593e-4,UP,ENSMUSG00000026725
ENSMUSG00000018740.15,NA,101.56973855615497,-0.5986818950247876,0.14274121188733918,-4.194176910150567,2.738641888126506e-5,1.770825596215495e-4,DOWN,ENSMUSG00000018740
ENSMUSG00000064357.1,mt-Atp6,33521.53484600438,-0.7109156342926806,0.16976436361896238,-4.18766117421638,2.818438605483689e-5,1.8181927344311798e-4,DOWN,ENSMUSG00000064357
ENSMUSG00000047786.13,NA,458.72336553449856,0.6520421313945001,0.15577951833664253,4.185673048400526,2.8432236016758253e-5,1.8313478865023585e-4,UP,ENSMUSG00000047786
ENSMUSG00000098912.10,NA,77.92038905193125,0.63950161104901,0.1528222095857569,4.184611731386796,2.8565392123026966e-5,1.8385043575592347e-4,UP,ENSMUSG00000098912
ENSMUSG00000085786.4,Gm15987,74.79326269465868,-0.6231395771998055,0.14892750151990608,-4.184180697589389,2.8619640046653012e-5,1.8405750768144452e-4,DOWN,ENSMUSG00000085786
ENSMUSG00000034168.8,Irf2bpl,1883.849035881782,0.5228822755755455,0.12504057311959482,4.1817008874026484,2.8933644954281668e-5,1.860051901532772e-4,UP,ENSMUSG00000034168
ENSMUSG00000044468.15,NA,608.1050812404549,0.9424368491937793,0.2254394256169166,4.180443800434614,2.9094071219806385e-5,1.8682045886079756e-4,UP,ENSMUSG00000044468
ENSMUSG00000082186.3,Gm12403,94.91024234133576,0.6928904438085086,0.1658026582951647,4.1790068442389705,2.9278487549065624e-5,1.8793227804781305e-4,UP,ENSMUSG00000082186
ENSMUSG00000006678.7,Pola1,304.2953534508547,-0.6338998992609899,0.15175623761258006,-4.177092877587536,2.9525848662426212e-5,1.8944711515760657e-4,DOWN,ENSMUSG00000006678
ENSMUSG00000115503.2,Gm6392,1493.7802379870284,0.5851957975324252,0.14015586502496094,4.1753215067254255,2.9756549511142472e-5,1.9078055349781308e-4,UP,ENSMUSG00000115503
ENSMUSG00000049687.6,Pheta2,85.1504668975285,-0.647584317658195,0.1551385578139073,-4.174231904585507,2.9899307722187314e-5,1.9156247861968479e-4,DOWN,ENSMUSG00000049687
ENSMUSG00000118008.3,Gm36913,38.008907474544884,0.9643713582121254,0.23103057216530953,4.174215339440392,2.9901483080297404e-5,1.9156247861968479e-4,UP,ENSMUSG00000118008
ENSMUSG00000051495.9,Irf2bp2,2899.4518816415703,0.5275761123434077,0.1264718927131854,4.1714890243625256,3.0261563549273108e-5,1.9357185797762882e-4,UP,ENSMUSG00000051495
ENSMUSG00000071172.14,NA,5005.417024019735,-0.54523763063975,0.13079093077323095,-4.168772463169472,3.0624452130423484e-5,1.957429527508402e-4,DOWN,ENSMUSG00000071172
ENSMUSG00000054000.6,Tusc1,68.09698965631048,-0.7965160812631833,0.19134042056420625,-4.162821838242507,3.1433862972255364e-5,2.0030229229091727e-4,DOWN,ENSMUSG00000054000
ENSMUSG00000005718.9,Tfap4,21.399086647097466,-1.4461436956921212,0.34744071956666694,-4.1622746392414,3.1509305621198196e-5,2.0070633328460698e-4,DOWN,ENSMUSG00000005718
ENSMUSG00000079501.4,Gm5138,41.74893041914535,0.8772147716505625,0.21088595645743083,4.159664239319017,3.1871577123262456e-5,2.0247254099334274e-4,UP,ENSMUSG00000079501
ENSMUSG00000006205.14,NA,91.1427929809114,0.6357196317261455,0.15284396228743174,4.159272124407758,3.1926335545659555e-5,2.0274317271874284e-4,UP,ENSMUSG00000006205
ENSMUSG00000002870.9,Mcm2,493.01027940809223,-0.5778822212279722,0.13911587925524338,-4.153963043770874,3.2676597286923016e-5,2.0727080120073343e-4,DOWN,ENSMUSG00000002870
ENSMUSG00000000884.18,NA,59.22079743627188,-0.8104106131320545,0.19542057836858048,-4.1470075459686155,3.3684896477230034e-5,2.1309914023303795e-4,DOWN,ENSMUSG00000000884
ENSMUSG00000062997.7,Rpl35,17084.17256909547,0.5047566529447022,0.12177789888273276,4.144895400361297,3.399688603293546e-5,2.1482837115772329e-4,UP,ENSMUSG00000062997
ENSMUSG00000037991.10,NA,42.97439580821913,-0.976451586760195,0.23561524037593184,-4.144263270925236,3.409079157806528e-5,2.1534016680144568e-4,DOWN,ENSMUSG00000037991
ENSMUSG00000013974.4,Mcemp1,379.41478774110465,0.5497572430816534,0.13279416487245857,4.139920181053624,3.474266865841613e-5,2.1912584816480616e-4,UP,ENSMUSG00000013974
ENSMUSG00000024912.7,Fosl1,157.25373718634725,0.8580316299663961,0.20729422680224893,4.139196943409942,3.485236648911294e-5,2.1956859220719586e-4,UP,ENSMUSG00000024912
ENSMUSG00000074165.11,NA,131.03696789366725,-0.5496965703963966,0.1328443120644749,-4.137900688812374,3.504980085611722e-5,2.206457074656892e-4,DOWN,ENSMUSG00000074165
ENSMUSG00000032411.16,NA,129.55808704577578,-0.786152970077716,0.19001011157802017,-4.1374270219030596,3.51222103439901e-5,2.2085142522487895e-4,DOWN,ENSMUSG00000032411
ENSMUSG00000064339.1,mt-Rnr2,7527.228869058735,0.6106771851479975,0.14761221412157752,4.137036957151979,3.518194620426455e-5,2.2114366185537718e-4,UP,ENSMUSG00000064339
ENSMUSG00000026200.14,NA,206.83846041012285,-0.5067097316961782,0.12248995696809976,-4.136745119668393,3.522670228581029e-5,2.2134155513118777e-4,DOWN,ENSMUSG00000026200
ENSMUSG00000030309.17,NA,38.20212731705222,-0.7770950214969248,0.18794231235333653,-4.1347529024542675,3.55336753864691e-5,2.2310315048766974e-4,DOWN,ENSMUSG00000030309
ENSMUSG00000031639.13,NA,1714.2142590792496,-0.5829377418042373,0.1409849358671456,-4.134751973455924,3.5533819123006166e-5,2.2310315048766974e-4,DOWN,ENSMUSG00000031639
ENSMUSG00000098187.2,Gm8927,41.54145486800818,1.0312483349573973,0.24953653831561406,4.132654648166488,3.585973310387648e-5,2.2481086813543012e-4,UP,ENSMUSG00000098187
ENSMUSG00000114980.3,4933432I03Rik,47.183365183311246,0.9144232774148388,0.22135494658147406,4.131027074555423,3.611460392961513e-5,2.261536369246196e-4,UP,ENSMUSG00000114980
ENSMUSG00000083854.4,Dnajc19-ps,201.9952903087978,-0.5525324239671783,0.13384137759725628,-4.1282631267425405,3.6551370990483474e-5,2.2871694658060127e-4,DOWN,ENSMUSG00000083854
ENSMUSG00000111817.2,Gm47154,111.725381546169,-0.6076501129781448,0.14721367483584408,-4.127674373020896,3.664505327679895e-5,2.2921714495270043e-4,DOWN,ENSMUSG00000111817
ENSMUSG00000009207.16,NA,449.2018675394283,-0.5314537616145883,0.12898631035709834,-4.120233846082268,3.7848805790442936e-5,2.3586199004537608e-4,DOWN,ENSMUSG00000009207
ENSMUSG00000057396.8,Zfp759,95.3029740036979,-0.8910335362654244,0.21637805756208014,-4.117947754521189,3.822613264091678e-5,2.3812438846467247e-4,DOWN,ENSMUSG00000057396
ENSMUSG00000026807.9,Ak8,30.454497638722543,-0.9279253671974899,0.22540338127968182,-4.116732242122467,3.842820817764849e-5,2.390260349013302e-4,DOWN,ENSMUSG00000026807
ENSMUSG00000106990.2,Gm42547,266.3094814320954,-0.5394865409890183,0.1311023341399844,-4.1150033256691065,3.8717383243282435e-5,2.4046595268714262e-4,DOWN,ENSMUSG00000106990
ENSMUSG00000031362.18,NA,88.11527899297994,-0.6320602481863953,0.153621326953851,-4.114404299972431,3.8818055970132195e-5,2.4092612085765795e-4,DOWN,ENSMUSG00000031362
ENSMUSG00000018849.7,Wwc1,10.363769998126095,1.4651549749212751,0.3561762555923041,4.1135672350892465,3.895914999762331e-5,2.416075810191024e-4,UP,ENSMUSG00000018849
ENSMUSG00000052125.19,NA,36.71477701032005,0.8766344313261439,0.21341228195123374,4.107703752150784,3.996122054206569e-5,2.470868794065582e-4,UP,ENSMUSG00000052125
ENSMUSG00000038685.19,NA,264.3414833306945,-0.5327552615341556,0.129961155541316,-4.099342294358004,4.143258806139406e-5,2.553325345572089e-4,DOWN,ENSMUSG00000038685
ENSMUSG00000037185.10,NA,77.27951897327456,-0.7116615877693437,0.1736740289652697,-4.097685716219882,4.173013339587479e-5,2.568324284061643e-4,DOWN,ENSMUSG00000037185
ENSMUSG00000078716.11,NA,32.95836788326162,-0.9436178550227471,0.2302938221373302,-4.097451882404571,4.177229625010232e-5,2.5695124023117165e-4,DOWN,ENSMUSG00000078716
ENSMUSG00000027864.10,NA,49.01214546591397,-0.903132248673186,0.2204696537350967,-4.096401628853358,4.196216767322111e-5,2.580051044095287e-4,DOWN,ENSMUSG00000027864
ENSMUSG00000025436.13,NA,76.4735867978822,-0.6224876911675535,0.15196217182058921,-4.0963332104945165,4.197456513930507e-5,2.580051044095287e-4,DOWN,ENSMUSG00000025436
ENSMUSG00000032377.9,Plscr4,165.70248859810755,-0.5607674793784916,0.13691766175531406,-4.095654805883559,4.209768085025605e-5,2.584760404487739e-4,DOWN,ENSMUSG00000032377
ENSMUSG00000041889.8,Shisa4,23.801019631716134,0.9895613191977103,0.2419627853068566,4.08972527714438,4.3188442104562974e-05,2.6488064013817294e-4,UP,ENSMUSG00000041889
ENSMUSG00000091183.6,Gm5141,32.07315281737324,-1.1330439618238015,0.27728225983558086,-4.0862475749283735,4.3840597197435974e-5,2.686827632724889e-4,DOWN,ENSMUSG00000091183
ENSMUSG00000083246.2,Gm11839,38.7229625402875,-1.1980315126930685,0.29340445328232767,-4.083208347012599,4.4418165952982876e-5,2.7172316046659664e-4,DOWN,ENSMUSG00000083246
ENSMUSG00000040663.10,NA,24.608764377973515,1.1107635000695266,0.27208939904409973,4.082347581242944,4.458305105513857e-5,2.7248277828999316e-4,UP,ENSMUSG00000040663
ENSMUSG00000040269.6,Mrps28,458.1728249085266,-0.5277099140509999,0.12937590899046972,-4.078888551730855,4.5251522157312327e-5,2.76213171118353e-4,DOWN,ENSMUSG00000040269
ENSMUSG00000074865.13,NA,69.01279279534286,-0.9169132490971418,0.22487135995174717,-4.077501240237497,4.5522287174861116e-5,2.773967539809164e-4,DOWN,ENSMUSG00000074865
ENSMUSG00000055900.16,NA,140.5765779361488,-0.5562605619247704,0.13645132998745924,-4.076622499582044,4.569458723500591e-5,2.781032615806418e-4,DOWN,ENSMUSG00000055900
ENSMUSG00000080904.2,Gm11966,27.13070053106069,-1.2290627404988708,0.30148431693597805,-4.076705392141076,4.5678307602828116e-5,2.781032615806418e-4,DOWN,ENSMUSG00000080904
ENSMUSG00000051029.9,Serpinb1b,87.2075487427524,0.5974574031496784,0.14674247136760776,4.071468863659621,4.6717607759495704e-5,2.8350175654925415e-4,UP,ENSMUSG00000051029
ENSMUSG00000026579.9,F5,18.69610671332461,1.51440044605033,0.37208292692285494,4.070061635384617,4.700070137480906e-5,2.84955896786618e-4,UP,ENSMUSG00000026579
ENSMUSG00000038068.16,NA,191.94883133842558,0.58412792940189,0.14366583716618822,4.065879132602616,4.785173261240803e-5,2.89016839204823e-4,UP,ENSMUSG00000038068
ENSMUSG00000101316.2,Gm12663,83.89156947552624,-0.791565722218024,0.19473642008009015,-4.064805760999782,4.807248023525205e-5,2.901399494763167e-4,DOWN,ENSMUSG00000101316
ENSMUSG00000049848.8,Ceacam19,45.70752685516912,0.813473453257044,0.20026464972377805,4.06199224066282,4.8655694762304546e-5,2.932354050799388e-4,UP,ENSMUSG00000049848
ENSMUSG00000031104.3,Rab33a,48.95723403987824,0.7634320858223549,0.18799221776995848,4.060977070638893,4.886777128727681e-5,2.9430081400744966e-4,UP,ENSMUSG00000031104
ENSMUSG00000082927.4,Gm5863,60.920374574081976,0.7914262157720647,0.19500961941628578,4.058395776275079,4.941097669930224e-5,2.9714296698072994e-4,UP,ENSMUSG00000082927
ENSMUSG00000089951.10,NA,180.74509316780234,-0.5036983453112439,0.1241788653951221,-4.056232465230994,4.987062573016354e-5,2.9969101069412873e-4,DOWN,ENSMUSG00000089951
ENSMUSG00000021453.3,Gadd45g,549.7695893197892,0.5734305770451319,0.14140748595117242,4.055164217000051,5.009909359435201e-5,3.0052247653935757e-4,UP,ENSMUSG00000021453
ENSMUSG00000025899.15,NA,298.8696758516747,-0.508159605592024,0.1255040388228377,-4.048950219915595,5.144788538942987e-5,3.073969676654004e-4,DOWN,ENSMUSG00000025899
ENSMUSG00000117499.2,Gm50010,32.3436976068748,-1.1734402848993881,0.2902050032938819,-4.043487436745122,5.2661979286196205e-5,3.1397610531877295e-4,DOWN,ENSMUSG00000117499
ENSMUSG00000049536.6,Tceal1,36.93380462691909,-1.1555608656551248,0.2858085738350735,-4.043128763246773,5.27426363439933e-5,3.143129461004436e-4,DOWN,ENSMUSG00000049536
ENSMUSG00000139678.1,ENSMUSG00000139678,2728.4096943795716,-0.6335864607863062,0.15677981710061425,-4.041250159002921,5.316700507195996e-5,3.1612718418990636e-4,DOWN,ENSMUSG00000139678
ENSMUSG00000033502.16,NA,132.66043067258568,-0.5732207124387428,0.14188383619446698,-4.0400705803660575,5.343511826934469e-5,3.1733761832606553e-4,DOWN,ENSMUSG00000033502
ENSMUSG00000063611.6,Gm10134,172.5891884937005,-0.5758371129628741,0.14255052901899257,-4.039529820939164,5.3558458393982146e-5,3.179568715478983e-4,DOWN,ENSMUSG00000063611
ENSMUSG00000112892.2,Gm8613,14.509275269579328,1.7567827174363502,0.4350002681906012,4.038578469718534,5.377610411784023e-5,3.190218115507306e-4,UP,ENSMUSG00000112892
ENSMUSG00000100862.2,Atp6-ps,41326.84684631063,-0.7483882872047727,0.185570702371534,-4.032901086435578,5.509247302227926e-5,3.2613492372010253e-4,DOWN,ENSMUSG00000100862
ENSMUSG00000032892.15,NA,84.54817057702229,-0.7789854135627249,0.19330125995891412,-4.029903445680059,5.5799768397202514e-5,3.2973668950806134e-4,DOWN,ENSMUSG00000032892
ENSMUSG00000027860.17,NA,52.82724974952285,-0.8022547734624511,0.19909629526884068,-4.029481173314464,5.590009235289877e-5,3.3021251862449163e-4,DOWN,ENSMUSG00000027860
ENSMUSG00000082791.4,Gm4875,128.1204260211476,0.6594955742067744,0.16367544243015072,4.029288477336588,5.5945930040097955e-5,3.3024932012342426e-4,UP,ENSMUSG00000082791
ENSMUSG00000057894.11,NA,88.02626368448907,-0.7060250540723626,0.17522281835768394,-4.029298585023026,5.5943524782723885e-5,3.3024932012342426e-4,DOWN,ENSMUSG00000057894
ENSMUSG00000033610.17,NA,150.7778088194206,-0.6291869182010766,0.15620664023458,-4.027914032695464,5.6273911184544214e-5,3.318330066879276e-4,DOWN,ENSMUSG00000033610
ENSMUSG00000059495.15,NA,393.2444555512223,-0.5977815481834042,0.14846448633811707,-4.026427888094397,5.663059612919056e-5,3.338182471015842e-4,DOWN,ENSMUSG00000059495
ENSMUSG00000034066.14,NA,45.13566331212081,-1.054190431662166,0.26186464121026115,-4.0257074295712805,5.680428084986534e-5,3.347237411492418e-4,DOWN,ENSMUSG00000034066
ENSMUSG00000121044.2,Gm57169,611.1237627868265,0.5267208090513084,0.13095050022399174,4.02228940057769,5.763518051352725e-5,3.3881239368833835e-4,UP,ENSMUSG00000121044
ENSMUSG00000044072.15,NA,33.62158291955475,-1.0464853285681721,0.2602120570243157,-4.021663486832136,5.778857753809166e-5,3.395398675725706e-4,DOWN,ENSMUSG00000044072
ENSMUSG00000038274.14,NA,26916.76333313474,0.5315221177847178,0.13216692123313573,4.021597180486181,5.7804850326129046e-5,3.395398675725706e-4,UP,ENSMUSG00000038274
ENSMUSG00000080962.2,Gm11453,26.233354711547722,0.9867431402447977,0.24546310094547422,4.019924528143182,5.8216788240782846e-5,3.4183914109270943e-4,UP,ENSMUSG00000080962
ENSMUSG00000021392.9,Nol8,258.8612176530674,-0.5235400359382636,0.13024922519993537,-4.0195251460008175,5.831555774082027e-5,3.4229857123756386e-4,DOWN,ENSMUSG00000021392
ENSMUSG00000071369.12,NA,291.0285862235656,-0.5672863373045249,0.14115604949735194,-4.018859548170956,5.848051662791121e-5,3.4314605745497796e-4,DOWN,ENSMUSG00000071369
ENSMUSG00000071302.11,NA,170.05728975517445,-0.511698953773573,0.12738684710119094,-4.016890011942128,5.8971230335265294e-5,0.00034565686822657393,DOWN,ENSMUSG00000071302
ENSMUSG00000084211.2,Gm11949,80.49685588893902,0.7255676897961684,0.18063282815190781,4.0168096642210775,5.8991331672633095e-5,0.00034565686822657393,UP,ENSMUSG00000084211
ENSMUSG00000066057.10,NA,78.74479866579956,-0.9826976676353535,0.24466942205437822,-4.016430248553688,5.908634131945217e-5,3.460919662252141e-4,DOWN,ENSMUSG00000066057
ENSMUSG00000028621.18,NA,73.90622684224206,-0.8651653658945772,0.21550520480951096,-4.014591511417614,5.9548836677005395e-5,3.4855612510556054e-4,DOWN,ENSMUSG00000028621
ENSMUSG00000036136.10,NA,13.730755935162927,1.5547367700417276,0.38731857446015894,4.014103305550749,5.967220923370079e-5,3.49155705677612e-4,UP,ENSMUSG00000036136
ENSMUSG00000029223.13,NA,2446.2464938368266,0.530744761013415,0.1322596907678997,4.012898850223459,5.997761831303475e-5,3.506966209635931e-4,UP,ENSMUSG00000029223
ENSMUSG00000049957.15,NA,242.23778484079793,-0.5140887640715562,0.12827433301389204,-4.007728997631044,6.130540845728634e-5,3.575827182349448e-4,DOWN,ENSMUSG00000049957
ENSMUSG00000097028.4,Ptgs2os,14.81920152287594,2.0552691238535825,0.5128489418038384,4.007552626753221,6.135119364123979e-5,3.5772465215430584e-4,UP,ENSMUSG00000097028
ENSMUSG00000038070.16,NA,90.42232506389583,-0.8216952159462964,0.20538936477930508,-4.000670710624301,6.316320157148981e-5,3.6739084388076875e-4,DOWN,ENSMUSG00000038070
ENSMUSG00000125801.1,ENSMUSG00000125801,113.6524408606474,-0.8221710038545246,0.2056707177754701,-3.9975112293432327,6.401195524813295e-5,3.720680954053207e-4,DOWN,ENSMUSG00000125801
ENSMUSG00000022098.11,NA,108.03290785046778,0.6182478990002643,0.15485257037199301,3.992493618382211,6.538209309444962e-5,3.7923888154540585e-4,UP,ENSMUSG00000022098
ENSMUSG00000040152.9,Thbs1,8024.859722934118,0.9804817564955598,0.24559704901501267,3.9922375306538216,6.54527610766346e-5,3.7951677458760726e-4,UP,ENSMUSG00000040152
ENSMUSG00000034121.13,NA,68.93732730594947,-0.6142291155197626,0.15391613053423975,-3.990674098860112,6.588576389562134e-5,3.8162938475977127e-4,DOWN,ENSMUSG00000034121
ENSMUSG00000029005.5,Draxin,38.19856241487062,1.5739828444715154,0.39497709367769784,3.984997787633449,6.748075437680115e-5,3.899199792056604e-4,UP,ENSMUSG00000029005
ENSMUSG00000116961.3,Gm49662,24.43128367581492,1.2953208801268061,0.32513733092150815,3.983919276373439,6.778790758017358e-5,3.9155910869656204e-4,UP,ENSMUSG00000116961
ENSMUSG00000131099.1,ENSMUSG00000131099,17.477518919050606,1.1252610859420573,0.28248152840751833,3.983485547836296,6.791180332404615e-5,3.921389308281834e-4,UP,ENSMUSG00000131099
ENSMUSG00000020272.9,Stk10,1451.2003083339816,-0.5680600642580169,0.14264024378615164,-3.9824670035593948,6.82035962140646e-5,3.934151402510346e-4,DOWN,ENSMUSG00000020272
ENSMUSG00000045725.6,Prr15,130.46940833330862,0.5759697549675102,0.14469512488718797,3.9805747112528285,6.874885264914287e-5,3.964231904485154e-4,UP,ENSMUSG00000045725
ENSMUSG00000020439.19,NA,151.11850994867936,0.654493325136925,0.16445647652326312,3.9797357876893584,6.899190237476793e-5,3.976871634986623e-4,UP,ENSMUSG00000020439
ENSMUSG00000068457.15,NA,658.5623896058545,-0.7098010810746301,0.1784401605277847,-3.977810146411003,6.955287010327293e-5,4.006437519316682e-4,DOWN,ENSMUSG00000068457
ENSMUSG00000037674.17,NA,555.2556959761845,-0.5311077823338938,0.1336505683149731,-3.973853527373238,7.071906248762307e-5,4.067992707980691e-4,DOWN,ENSMUSG00000037674
ENSMUSG00000132177.1,ENSMUSG00000132177,60.21579817953154,0.7270560546416465,0.18296494206858502,3.973745169001322,7.07512592949431e-5,4.068441379318866e-4,UP,ENSMUSG00000132177
ENSMUSG00000047583.10,NA,49.95552703156548,-1.0628461058241196,0.2675155574934302,-3.9730254037663646,7.096547725996218e-5,4.0765425380197355e-4,DOWN,ENSMUSG00000047583
ENSMUSG00000079652.9,Garin1a,11.700667109829421,1.2553153897903444,0.3161428724047024,3.9707217823446097,7.165521743493226e-5,4.113330140946404e-4,UP,ENSMUSG00000079652
ENSMUSG00000073968.5,Trim68,54.2075178715632,-0.7833008634506256,0.1974731719867777,-3.9666191390447376,7.289934325593402e-5,4.173255915331121e-4,DOWN,ENSMUSG00000073968
ENSMUSG00000009093.8,Gstt4,89.12560143842052,0.5910514352791344,0.14907965945456292,3.9646685365502687,7.349800354804073e-5,4.201757652269891e-4,UP,ENSMUSG00000009093
ENSMUSG00000032526.12,NA,316.9314133243702,0.5359709167846698,0.13525891223514697,3.9625552795581185,7.415183043609966e-5,4.236231327003761e-4,UP,ENSMUSG00000032526
ENSMUSG00000038214.17,NA,34.63003278525194,-1.4179799376348867,0.3579759834396145,-3.9611035466966737,7.460416960233811e-5,4.25785665280622e-4,DOWN,ENSMUSG00000038214
ENSMUSG00000032238.18,NA,169.43595048261412,0.5764428861801484,0.14560456811897832,3.9589615465163,7.527635432202856e-5,4.2901862087291464e-4,UP,ENSMUSG00000032238
ENSMUSG00000050332.8,Amer1,127.49068373577808,-0.6243720366577504,0.15781691057309663,-3.9563062943660765,7.611755479884757e-5,4.3336850250105227e-4,DOWN,ENSMUSG00000050332
ENSMUSG00000067714.15,NA,121.5037860533074,-0.7345823596579287,0.1856849692163398,-3.9560679723196857,7.619348986171558e-5,4.3365277711056966e-4,DOWN,ENSMUSG00000067714
ENSMUSG00000079164.11,NA,31.192462922674874,-1.071563961462831,0.27087281471948443,-3.955967166998805,7.622563038262132e-5,4.3368768756758553e-4,DOWN,ENSMUSG00000079164
ENSMUSG00000032946.17,NA,75.66022376477197,0.6377156164912241,0.16122843349889518,3.9553545404607187,7.64212345913527e-5,4.3450409411708066e-4,UP,ENSMUSG00000032946
ENSMUSG00000021226.8,Acot2,70.00316537901435,-0.7924934707228386,0.20039762114510845,-3.9546051804127553,7.666114150627035e-5,4.3557110588026045e-4,DOWN,ENSMUSG00000021226
ENSMUSG00000116529.2,Gm4600,389.26270616537107,0.5150745903595633,0.13041176247459674,3.9496022489527816,7.82811660817995e-5,4.4311497813309176e-4,UP,ENSMUSG00000116529
ENSMUSG00000006585.4,Cdt1,781.6564931500253,0.5639243212286704,0.14286371585820298,3.9472886298742513,7.904124689792236e-5,4.4711391901959064e-4,UP,ENSMUSG00000006585
ENSMUSG00000101496.2,Gm8885,845.1468872119248,0.5578860330481951,0.14143067942261606,3.9445899243766482,7.993665308010875e-5,4.5187241585216734e-4,UP,ENSMUSG00000101496
ENSMUSG00000110185.3,Igip,83.94005737241568,-0.6119199952917211,0.15513479754435933,-3.944440608927526,7.998647349171513e-5,4.520008241097396e-4,DOWN,ENSMUSG00000110185
ENSMUSG00000030032.15,NA,137.0095253298082,0.5763619006337547,0.1461347411606139,3.944044352877639,8.011883015064314e-5,4.5259539688080114e-4,UP,ENSMUSG00000030032
ENSMUSG00000029090.13,NA,48.58420662048528,-0.9675510065256371,0.24535819415561053,-3.943422431255746,8.032698071855296e-5,4.535582138628761e-4,DOWN,ENSMUSG00000029090
ENSMUSG00000097628.2,Gm2383,31.713803875214875,0.9238324422024188,0.23434360474308027,3.9422131583887303,8.073317568312673e-5,4.554487272299802e-4,UP,ENSMUSG00000097628
ENSMUSG00000030729.18,NA,967.7061375923336,-0.5282442002154305,0.13402748713627008,-3.941312424057817,8.103699337402457e-5,4.5685358401123527e-4,DOWN,ENSMUSG00000030729
ENSMUSG00000000686.12,NA,107.44396082167103,-0.6294463747242396,0.1597969929504802,-3.9390376696218556,8.18090861689161e-5,4.608947030246097e-4,DOWN,ENSMUSG00000000686
ENSMUSG00000024334.10,NA,33.51407016413839,0.8323120263728977,0.2113411823175191,3.9382387154550487,8.208191169366859e-5,4.622755688630927e-4,UP,ENSMUSG00000024334
ENSMUSG00000033257.15,NA,230.3103092875502,-0.5273137512089552,0.13395795681615416,-3.9364123172813708,8.270882040016697e-5,4.647076445394826e-4,DOWN,ENSMUSG00000033257
ENSMUSG00000082778.2,Gm15191,62.402500061562606,0.8047524120946988,0.20444480524436992,3.9362820255217046,8.275371536517607e-5,4.648032864364015e-4,UP,ENSMUSG00000082778
ENSMUSG00000050965.15,NA,31.954032928044555,-1.404606151200397,0.35702506739390566,-3.934194765239538,8.347607531271544e-5,4.687027043484319e-4,DOWN,ENSMUSG00000050965
ENSMUSG00000047867.12,NA,22.001283675205936,1.7096892140287903,0.43502632763809496,3.930082170684407,8.491683676509157e-5,4.763111906810181e-4,UP,ENSMUSG00000047867
ENSMUSG00000064065.16,NA,10.646220780452689,-1.7346439248130707,0.4418108197068771,-3.9262142243685525,8.62933070933323e-5,4.8338162183955225e-4,DOWN,ENSMUSG00000064065
ENSMUSG00000098194.2,Gm7286,24.044326112029125,1.097057431478942,0.27944025824519125,3.9259104553086375,8.640229631297577e-5,4.8366723508398257e-4,UP,ENSMUSG00000098194
ENSMUSG00000106558.2,Gm5552,145.3037549081709,0.5411228391388003,0.13805415131271065,3.9196419230674677,8.86806274174117e-5,4.952572480953642e-4,UP,ENSMUSG00000106558
ENSMUSG00000035246.17,NA,63.32999899261432,-0.7930791614523794,0.20247055905773603,-3.9170097872166534,8.965411028157069e-5,5.001913492992549e-4,DOWN,ENSMUSG00000035246
ENSMUSG00000020256.15,NA,57.47618343326566,0.8129827611861856,0.20757189053009228,3.916632252613825,8.979456466853097e-5,5.008074115091714e-4,UP,ENSMUSG00000020256
ENSMUSG00000121225.1,Gm57457,76.94027245899076,-0.7737341270399647,0.19761788653749945,-3.9153041285721013,9.029032086951613e-5,5.028995961322816e-4,DOWN,ENSMUSG00000121225
ENSMUSG00000015316.12,NA,367.25777427596717,0.871679755114747,0.2226786311644714,3.914519101165664,9.058456695654253e-5,5.042016817647874e-4,UP,ENSMUSG00000015316
ENSMUSG00000037216.6,Lipt1,44.78016376824192,-0.7818969508940015,0.19975755831402753,-3.914229616607676,9.069330074866411e-5,5.046384662278021e-4,DOWN,ENSMUSG00000037216
ENSMUSG00000112758.4,Gm36172,65.08729735568411,0.632468728383158,0.16168289002677508,3.9117851510349655,9.16163992015595e-5,5.094348359737267e-4,UP,ENSMUSG00000112758
ENSMUSG00000043079.18,NA,94.34542744985919,0.6938575012878531,0.17748997512175754,3.909277134169798,9.257271518957086e-5,5.137246584030894e-4,UP,ENSMUSG00000043079
ENSMUSG00000096171.2,Gm8055,45.61342659369175,0.7695433083496457,0.19706654141563643,3.9049922062953786,9.422842183544454e-5,5.216975971208079e-4,UP,ENSMUSG00000096171
ENSMUSG00000031860.18,NA,21.045725498397577,1.1365996991682454,0.29118346368328446,3.903379968048277,9.485860447117997e-5,5.248069962585548e-4,UP,ENSMUSG00000031860
ENSMUSG00000005583.17,NA,957.5280878679445,-0.5231803252504803,0.1340558618411082,-3.9027038285769846,9.512407279892904e-5,5.257835724212597e-4,DOWN,ENSMUSG00000005583
ENSMUSG00000101438.5,Gm19412,39.358465620261555,0.8420616866511955,0.21589158020960622,3.9003915105612235,9.603725530361965e-5,5.303037316036958e-4,UP,ENSMUSG00000101438
ENSMUSG00000050821.15,NA,127.48989044929321,0.6323400642377307,0.16218846119700278,3.8987980992658695,9.667133717056974e-5,5.330989479683931e-4,UP,ENSMUSG00000050821
ENSMUSG00000032579.15,NA,113.69244719685823,-0.537013240927397,0.13781211757468864,-3.896705531981666,9.751005880131327e-5,5.368364940807858e-4,DOWN,ENSMUSG00000032579
ENSMUSG00000054099.12,NA,185.96755528651178,-0.5043363085601676,0.1295184624554968,-3.8939337218696535,9.863160867269472e-5,0.00054229499051297635,DOWN,ENSMUSG00000054099
ENSMUSG00000105333.2,Mir684-2,19.189904734634798,-2.2491127348462356,0.5778859188784067,-3.8919666691506163,9.943490784743366e-5,5.465314842662503e-4,DOWN,ENSMUSG00000105333
ENSMUSG00000039929.15,NA,142.93027574072954,-0.6483170295688572,0.1667942538084267,-3.88692664624699,1.0152141584525188e-4,5.565322585915254e-4,DOWN,ENSMUSG00000039929
ENSMUSG00000014907.11,NA,194.42514766209283,-0.5455145110412902,0.14035738093471803,-3.88661078889051,1.0165354358251153e-4,5.570734448839838e-4,DOWN,ENSMUSG00000014907
ENSMUSG00000098557.2,Kctd12,9363.988793095152,-0.5970276765560989,0.15371946345179216,-3.883878223028877,1.0280341131430596e-4,5.624506847366688e-4,DOWN,ENSMUSG00000098557
ENSMUSG00000054793.9,Cadm4,7.327862859328539,2.130309857791976,0.5487468873963389,3.8821356562034306,1.0354308472594702e-4,5.657550723754562e-4,UP,ENSMUSG00000054793
ENSMUSG00000022748.9,Cmss1,162.74895354738902,-0.5716198384594146,0.14724254745825713,-3.882164824820538,1.0353066219225587e-4,5.657550723754562e-4,DOWN,ENSMUSG00000022748
ENSMUSG00000051379.13,NA,96.76398782166152,1.0631368097269691,0.273912948220725,3.8812944646569627,1.0390194310750573e-4,5.67529906079517e-4,UP,ENSMUSG00000051379
ENSMUSG00000120602.2,Gm57281,8.771881118947883,1.3990954362437211,0.3606031220367509,3.8798761040708136,1.0450968544007105e-4,5.702891081147333e-4,UP,ENSMUSG00000120602
ENSMUSG00000031562.17,NA,17.173308184626094,-2.3107830218794225,0.5956003584110992,-3.8797542500544617,1.0456205391422154e-4,5.703882273711346e-4,DOWN,ENSMUSG00000031562
ENSMUSG00000090659.10,NA,52.997553389769635,-0.7402220869340473,0.19090254732343193,-3.8774866931447716,1.0554109815707832e-4,5.749765935535569e-4,DOWN,ENSMUSG00000090659
ENSMUSG00000038538.18,NA,452.64675299720096,-0.603619557170077,0.15569519574124557,-3.8769311685972,1.0578226822439118e-4,5.761022550326412e-4,DOWN,ENSMUSG00000038538
ENSMUSG00000028019.10,NA,39.471435009026486,0.9996501994593264,0.2579726868504584,3.8750234052444616,1.0661445166991132e-4,5.800660998523462e-4,UP,ENSMUSG00000028019
ENSMUSG00000038545.14,NA,373.6734050111504,-0.5011884056320506,0.12937442122371032,-3.873937374107443,1.0709094353050907e-4,5.824685500048171e-4,DOWN,ENSMUSG00000038545
ENSMUSG00000098105.2,Gm8825,41.22132936673202,0.8132934505065375,0.20996556857224294,3.873461044288827,1.0730056466662549e-4,5.834183946464449e-4,UP,ENSMUSG00000098105
ENSMUSG00000108518.2,Gm5587,52.78266990127365,0.6817271127475363,0.17601660592232476,3.8730840716720727,1.0746673550487848e-4,5.841314476138701e-4,UP,ENSMUSG00000108518
ENSMUSG00000090015.10,NA,160.22409373405898,-0.5050776316206905,0.13040996286637888,-3.872998814808382,1.0750435067935458e-4,5.841455040498263e-4,DOWN,ENSMUSG00000090015
ENSMUSG00000074867.5,Zfp808,38.12081853554647,-1.0282468025979556,0.26563732937994977,-3.870867114189439,1.0844890149539824e-4,5.885108627846603e-4,DOWN,ENSMUSG00000074867
ENSMUSG00000032547.13,NA,35.18081059114031,-1.284782399581267,0.33229300026394293,-3.866414274633394,1.1044726190403193e-4,5.974111383430544e-4,DOWN,ENSMUSG00000032547
ENSMUSG00000055602.18,NA,95.77050293746353,0.6627368684247243,0.17144706711441357,3.865548006035316,1.1084004372453525e-4,5.993412999839008e-4,UP,ENSMUSG00000055602
ENSMUSG00000032501.10,NA,483.1772630122031,-0.5177339482108463,0.13395328078969954,-3.865033727868634,1.11073849706908e-4,6.002163051563181e-4,DOWN,ENSMUSG00000032501
ENSMUSG00000073555.2,Iigp1c,1021.2203708474967,-0.5944990203201604,0.1538202999317791,-3.864893129085218,1.1113785098879373e-4,6.002177819399803e-4,DOWN,ENSMUSG00000073555
ENSMUSG00000017713.10,NA,167.61825272730812,-0.7876835360882495,0.20382554366012653,-3.8644986390993763,1.1131761063036999e-4,6.009493282201522e-4,DOWN,ENSMUSG00000017713
ENSMUSG00000050947.10,NA,80.00210921787776,-0.697540314012413,0.18054180343718182,-3.8635944735930203,1.1173065248549204e-4,6.027888582491314e-4,DOWN,ENSMUSG00000050947
ENSMUSG00000032409.16,NA,164.84457532362234,-0.6731836375609417,0.17427374174581947,-3.8627944222531747,1.1209733798345594e-4,6.04180739564354e-4,DOWN,ENSMUSG00000032409
ENSMUSG00000098149.2,Gapdh-ps14,33.185362577732946,0.8652060361539513,0.22429575703006852,3.85743380797865,1.1458369514264687e-4,6.166368667993015e-4,UP,ENSMUSG00000098149
ENSMUSG00000044501.18,NA,269.5607340509481,-0.75914590034474,0.1968160050331395,-3.8571349937568162,1.1472381028808837e-4,6.171400839884392e-4,DOWN,ENSMUSG00000044501
ENSMUSG00000075297.11,NA,100.98355772752643,0.6909048584556094,0.17945836397841058,3.8499451523960593,1.1814427806105176e-4,6.345148588019601e-4,UP,ENSMUSG00000075297
ENSMUSG00000123040.1,ENSMUSG00000123040,19.30075345154121,1.3152115306211942,0.3417269103872966,3.8487209834619045,1.1873615558415714e-4,6.366701384313198e-4,UP,ENSMUSG00000123040
ENSMUSG00000035936.7,Aldh5a1,22.45192856260172,-1.0565685778441039,0.27460342199309895,-3.8476162102257283,1.192727053030518e-4,6.38725637005039e-4,DOWN,ENSMUSG00000035936
ENSMUSG00000034218.17,NA,249.24985171024798,-0.7649400461323372,0.1989234441743439,-3.8453991650271013,1.2035635140334009e-4,6.439084106519407e-4,DOWN,ENSMUSG00000034218
ENSMUSG00000022120.5,Obi1,124.16357182165086,-0.5241944225490224,0.13642195848411787,-3.842449033672601,1.2181271461532941e-4,6.508647321131795e-4,DOWN,ENSMUSG00000022120
ENSMUSG00000130836.1,ENSMUSG00000130836,42.959040724168474,-1.090094931821121,0.2837623825726251,-3.841576610466069,1.2224656846915031e-4,6.527645775829494e-4,DOWN,ENSMUSG00000130836
ENSMUSG00000055296.15,NA,452.2707875626213,-0.5100310299518952,0.1328208480754157,-3.8399922703572824,1.230381841877047e-4,6.567812930583111e-4,DOWN,ENSMUSG00000055296
ENSMUSG00000066233.7,Tmem42,81.65470828323917,-0.6989242509060197,0.18202438276964727,-3.8397287235442064,1.2317033326503365e-4,6.572763128088644e-4,DOWN,ENSMUSG00000066233
ENSMUSG00000037683.15,NA,56.76683240761478,-0.6806099952057441,0.17731145492806122,-3.838499861624175,1.237882843271494e-4,6.603625813946075e-4,DOWN,ENSMUSG00000037683
ENSMUSG00000000184.13,NA,3270.031190455224,-0.5286788343166468,0.13793545655378434,-3.8327986692131057,1.2669363820916904e-4,6.737286039346521e-4,DOWN,ENSMUSG00000000184
ENSMUSG00000030600.16,NA,98.27408158152768,-0.7610978503533335,0.19858404439774116,-3.832623374458733,1.267839796178474e-4,6.739718342707119e-4,DOWN,ENSMUSG00000030600
ENSMUSG00000019256.18,NA,254.2396968354068,0.5428186857130225,0.14183027511371374,3.8272412944120187,1.2958746803600006e-4,6.87341163157868e-4,UP,ENSMUSG00000019256
ENSMUSG00000111897.2,Gm19810,23.52587962260354,1.0607605385656054,0.27724579520906967,3.8260653791545916,1.3020772192853122e-4,6.900085847477545e-4,UP,ENSMUSG00000111897
ENSMUSG00000037007.18,NA,90.22111552191542,-0.6381878518342969,0.1669121571126632,-3.8234953215752268,1.3157308941881416e-4,6.9676495368312e-4,DOWN,ENSMUSG00000037007
ENSMUSG00000009248.7,Ascl2,5.92865044317061,-4.274870145206414,1.1181729577849273,-3.823084895269534,1.317923776053109e-4,6.974832399067485e-4,DOWN,ENSMUSG00000009248
ENSMUSG00000039783.16,NA,64.1484398161781,-1.3627734082879146,0.3566536358582828,-3.8209996233696493,1.3291185518548183e-4,7.024882360317522e-4,DOWN,ENSMUSG00000039783
ENSMUSG00000027380.11,NA,20.394749683154235,1.0757676688823061,0.2815348364384946,3.821081904076632,1.3286751353936782e-4,7.024882360317522e-4,UP,ENSMUSG00000027380
ENSMUSG00000136861.1,ENSMUSG00000136861,44.719554617348685,0.7431669329038831,0.19453733109452567,3.820176460335926,1.333562316496188e-4,7.041952245057134e-4,UP,ENSMUSG00000136861
ENSMUSG00000013418.9,B4galnt2,17.62141043098592,1.3483475914117407,0.35330735431725935,3.81635868864752,1.3543558189444134e-4,7.138191414891604e-4,UP,ENSMUSG00000013418
ENSMUSG00000033964.13,NA,252.00662750891462,-0.6974895143329041,0.18279923834086992,-3.8156040509987217,1.3585019468064944e-4,7.157781505511881e-4,DOWN,ENSMUSG00000033964
ENSMUSG00000135669.1,ENSMUSG00000135669,61.926711032883716,0.7671221415714584,0.20125237633891183,3.811742030213914,1.3799084972796502e-4,7.243107995163816e-4,UP,ENSMUSG00000135669
ENSMUSG00000026475.8,Rgs16,55.147027740906616,1.2930659656760468,0.3393431721851001,3.810496487522441,1.386879828661797e-4,7.272832711561046e-4,UP,ENSMUSG00000026475
ENSMUSG00000066191.13,NA,51.46758770403278,-0.7816075030462475,0.2053192285198686,-3.806791544468578,1.4078131039530484e-4,7.377967102929301e-4,DOWN,ENSMUSG00000066191
ENSMUSG00000062232.15,NA,1936.4556976052656,0.5019613736736145,0.13188833472390654,3.8059573253723644,1.4125673923692667e-4,7.395910152323356e-4,UP,ENSMUSG00000062232
ENSMUSG00000074829.11,NA,404.78511455986916,-0.5788182342090183,0.15213330736405453,-3.8046779120098146,1.4198882721659862e-4,7.431907352994345e-4,DOWN,ENSMUSG00000074829
ENSMUSG00000081467.2,Gm13337,23.183340745182985,-2.205255068465807,0.5797161267307338,-3.804025740843505,1.423633770302911e-4,7.444501960981921e-4,DOWN,ENSMUSG00000081467
ENSMUSG00000045140.9,Pigw,77.51997134132411,-0.7470875937548568,0.19647280663276917,-3.802498709916897,1.432440127146337e-4,7.488204250875335e-4,DOWN,ENSMUSG00000045140
ENSMUSG00000032855.7,Pkd1,840.5020793848764,-0.5620111567887865,0.14783552613959633,-3.8015974337460503,1.4376618173958476e-4,7.513145868659716e-4,DOWN,ENSMUSG00000032855
ENSMUSG00000091955.3,Tmsb10b,4123.0068290003455,0.6086065802963316,0.16015538067507998,3.800100737989318,1.4463727881465152e-4,7.553934423780548e-4,UP,ENSMUSG00000091955
ENSMUSG00000048752.8,Prss50,46.041627744687425,0.810659920330065,0.21334145750619257,3.7998236714330793,1.447990795166451e-4,7.560017063304864e-4,UP,ENSMUSG00000048752
ENSMUSG00000099681.3,1700052K11Rik,85.3457455148129,-0.6966988423371119,0.18346051179867828,-3.797541146629087,1.4613852407565858e-4,7.622790201706858e-4,DOWN,ENSMUSG00000099681
ENSMUSG00000117771.2,Gm25432,229.56429244174515,-0.5897418613785222,0.1552934255750821,-3.797597092050691,1.4610555483843702e-4,7.622790201706858e-4,DOWN,ENSMUSG00000117771
ENSMUSG00000000562.6,Adora3,129.16616898062267,-0.5693535045991153,0.14996750772806197,-3.79651241275231,1.467460181459775e-4,7.652084423396876e-4,DOWN,ENSMUSG00000000562
ENSMUSG00000051723.8,Rpl31-ps13,1421.6259898821718,0.5999896461109164,0.15816206826854087,3.7935116344849735,1.4853166816006805e-4,7.742776174546092e-4,UP,ENSMUSG00000051723
ENSMUSG00000085126.3,Gm12589,83.10320552895071,0.6293174344120861,0.1659042508465614,3.7932568406225955,1.4868422493342969e-4,7.748306671843355e-4,UP,ENSMUSG00000085126
ENSMUSG00000081892.3,Gm8864,49.911177705179085,0.8100309386710252,0.2136367991621708,3.7916264512844253,1.4966391152169864e-4,7.792055537108482e-4,UP,ENSMUSG00000081892
ENSMUSG00000074220.11,NA,97.68694947338274,0.5914655270824999,0.1561070794886955,3.788844996778835,1.5134930458289648e-4,7.869935044903001e-4,UP,ENSMUSG00000074220
ENSMUSG00000025903.15,NA,1294.9567397604387,-0.5679972976201434,0.15008049870272672,-3.784617605417271,1.5394509740504576e-4,7.985034041451144e-4,DOWN,ENSMUSG00000025903
ENSMUSG00000024669.9,Cd5,10.661046458899749,1.8544669143872614,0.4900893579111856,3.7839363055978246,1.5436734447592937e-4,7.999471213426346e-4,UP,ENSMUSG00000024669
ENSMUSG00000039748.12,NA,44.13067048431249,-3.8895556140734096,1.0282125901565062,-3.7828321217904683,1.5505399691536658e-4,8.027570482957631e-4,DOWN,ENSMUSG00000039748
ENSMUSG00000060336.7,Zfp937,78.9622416735811,-0.7997764713548701,0.21144026524895776,-3.7825173479288963,1.5525026949149615e-4,8.035237411670359e-4,DOWN,ENSMUSG00000060336
ENSMUSG00000092349.2,Smim40,29.601129232872246,-0.892522145814047,0.2360144748729638,-3.7816415552243243,1.5579758820327507e-4,8.05856259577486e-4,DOWN,ENSMUSG00000092349
ENSMUSG00000051727.15,NA,15.174853430612073,3.5651778276658774,0.9432828299799221,3.779542799206642,1.5711658646712598e-4,8.114203146255165e-4,UP,ENSMUSG00000051727
ENSMUSG00000080928.2,Hmgb1-ps6,144.91718808779316,-0.5353680594545003,0.14183761993911062,-3.7745138397297424,1.6032000823749194e-4,8.266841241089721e-4,DOWN,ENSMUSG00000080928
ENSMUSG00000039096.11,NA,76.38960699310115,-0.7796526114181327,0.2065685693064109,-3.774304164645904,1.6045489577900138e-4,8.271239078858198e-4,DOWN,ENSMUSG00000039096
ENSMUSG00000036572.17,NA,248.44984030923808,-0.503730952516575,0.13346717617174594,-3.7741935280654513,1.6052611320501763e-4,8.272353101998992e-4,DOWN,ENSMUSG00000036572
ENSMUSG00000090110.9,Cmc4,75.23989085376557,-0.5849536968345621,0.1551963801487745,-3.7691194618960395,1.6382446951929575e-4,8.424103773369646e-4,DOWN,ENSMUSG00000090110
ENSMUSG00000033066.18,NA,6186.834000340934,0.5104194825905964,0.1354558351634737,3.7681616445286474,1.644542024069894e-4,8.453698087211212e-4,UP,ENSMUSG00000033066
ENSMUSG00000072964.15,NA,26.684012267589747,-1.3338486538332242,0.3542052651978315,-3.765750498057221,1.6604954810057413e-4,8.52275242882479e-4,DOWN,ENSMUSG00000072964
ENSMUSG00000027353.15,NA,68.10438455686047,-0.7582492573631451,0.20143664108732393,-3.764207213098037,1.6707829923665247e-4,8.56237774453109e-4,DOWN,ENSMUSG00000027353
ENSMUSG00000103041.3,Gm37305,93.0924601371539,-0.766950162630266,0.2037861612057324,-3.763504636882537,1.675486187936768e-4,8.583842602160844e-4,DOWN,ENSMUSG00000103041
ENSMUSG00000039131.16,NA,65.96280722770109,0.5751286156098803,0.15291756432054232,3.7610369885588075,1.6921040330415062e-4,8.658339016569547e-4,UP,ENSMUSG00000039131
ENSMUSG00000021066.10,NA,26.87190281723786,-1.0068566049547176,0.2679476410661551,-3.7576617616354726,1.7150849448423414e-4,8.765172093224298e-4,DOWN,ENSMUSG00000021066
ENSMUSG00000128549.1,ENSMUSG00000128549,173.98542259891474,-0.520080713402926,0.13852246226019996,-3.754486492060824,1.7369721152045913e-4,8.866160695791787e-4,DOWN,ENSMUSG00000128549
ENSMUSG00000038042.12,NA,38.946822140805416,-0.7519863787093575,0.20057164058413401,-3.749215873786109,1.773883431577909e-4,9.029694781743958e-4,DOWN,ENSMUSG00000038042
ENSMUSG00000063851.13,NA,184.84299762305412,0.5138512112426208,0.1370800892250905,3.7485473940628853,1.7786173027393973e-4,9.051029032798959e-4,UP,ENSMUSG00000063851
ENSMUSG00000042265.14,NA,1243.5908290450461,1.014102909839048,0.2705798094737829,3.747888328442728,1.783296134774864e-4,9.069303550931878e-4,UP,ENSMUSG00000042265
ENSMUSG00000040209.13,NA,199.85311534142448,-0.5438031156473611,0.14513671923797988,-3.7468334581525857,1.7908089525867736e-4,9.104168718140415e-4,DOWN,ENSMUSG00000040209
ENSMUSG00000098192.2,Gm3534,81.34074694894738,0.6922861089089533,0.18488186826299383,3.744478111418577,1.8076913474001792e-4,9.179372993071068e-4,UP,ENSMUSG00000098192
ENSMUSG00000057895.12,NA,46.12247792298796,-0.766546118003517,0.2049625330035896,-3.7399328880761447,1.8406939385689103e-4,9.327077520381388e-4,DOWN,ENSMUSG00000057895
ENSMUSG00000034685.5,Fam171a2,12.935946135568035,1.3029032070695585,0.348472726516695,3.7388957812947745,1.8483032654292332e-4,9.359946934193105e-4,UP,ENSMUSG00000034685
ENSMUSG00000098091.2,Gm16470,78.11350977559891,0.5824679292196564,0.15585289576013248,3.7372929542233955,1.8601215118806087e-4,9.40836710103762e-4,UP,ENSMUSG00000098091
ENSMUSG00000032198.10,NA,125.03607511282435,-0.6909168326558079,0.1848835922449748,-3.7370370418827,1.8620150131354663e-4,9.415088647376299e-4,DOWN,ENSMUSG00000032198
ENSMUSG00000110631.3,Gm42047,141.17730368680589,-0.520478110274277,0.13931500478489095,-3.7359802777735265,1.8698532400648118e-4,9.451855905220006e-4,DOWN,ENSMUSG00000110631
ENSMUSG00000050232.7,Cxcr3,104.71409105062928,-0.9546891076194282,0.25597982302139066,-3.729548275918804,1.9182335330311776e-4,9.670030954301063e-4,DOWN,ENSMUSG00000050232
ENSMUSG00000048232.13,NA,143.2792761015764,-0.5420035525487993,0.14536327585943426,-3.728614048798093,1.9253576845255525e-4,9.70301140741859e-4,DOWN,ENSMUSG00000048232
ENSMUSG00000032113.17,NA,53.47139056494777,-1.583710138413164,0.42503587609248655,-3.726062263197174,1.9449438015978885e-4,9.786929039060466e-4,DOWN,ENSMUSG00000032113
ENSMUSG00000024437.8,Gm8615,249.81847614426513,-0.5139798553291909,0.13794479044321337,-3.7259823562585126,1.9455601365611587e-4,9.787077175654262e-4,DOWN,ENSMUSG00000024437
ENSMUSG00000083072.3,Gm13668,11.679971359080666,1.357367086771741,0.364460736670863,3.7243163671634436,1.9584520548151512e-4,9.843021840294595e-4,UP,ENSMUSG00000083072
ENSMUSG00000016758.5,Bik,100.56716709577451,0.5996321248699683,0.16103957133352914,3.7235079546260708,1.964736676796011e-4,9.86271788749256e-4,UP,ENSMUSG00000016758
ENSMUSG00000103676.3,Gm38204,33.372081540483386,1.6648856443017372,0.4475029067904944,3.7203906813530034,1.989148303651539e-4,9.95828193085952e-4,UP,ENSMUSG00000103676
ENSMUSG00000026630.10,NA,89.1883505425622,0.577137734055101,0.1551279623939221,3.720397826083438,1.989092028256835e-4,9.95828193085952e-4,UP,ENSMUSG00000026630
ENSMUSG00000097111.2,Peak1os,161.01608950132749,-0.5922723258975378,0.15921777166257706,-3.719888299609628,1.9931090609213021e-4,9.97511605639965e-4,DOWN,ENSMUSG00000097111
ENSMUSG00000047603.10,NA,90.52486483851015,-0.5549489176298347,0.1492771271074422,-3.717575012214766,2.011442725108869e-4,0.0010060833498474954,DOWN,ENSMUSG00000047603
ENSMUSG00000021514.19,NA,118.19397024314665,-0.5381796898648847,0.14492181770444024,-3.713586390162946,2.0434266476242318e-4,0.001019939622142523,DOWN,ENSMUSG00000021514
ENSMUSG00000026023.17,NA,48.28876451060114,-0.7547604181977546,0.20334631136143744,-3.7116995786375857,2.0587224789916724e-4,0.0010263454726357289,DOWN,ENSMUSG00000026023
ENSMUSG00002076984.1,Gm56260,117.71794330278388,-0.5143651517016514,0.1386268708803819,-3.7104289264776518,2.0690838152985798e-4,0.0010302789400991076,DOWN,ENSMUSG00002076984
ENSMUSG00000097954.2,Gm4217,81.13078673421063,0.6334022407956589,0.1707052468562133,3.710502474063845,2.0684827498706647e-4,0.0010302789400991076,UP,ENSMUSG00000097954
ENSMUSG00000072640.12,NA,101.62196964973849,-0.5394126946698663,0.14560173911769822,-3.704713267427583,2.1162998833583103e-4,0.0010522187494002141,DOWN,ENSMUSG00000072640
ENSMUSG00000026490.19,NA,146.9030542709726,-0.5724949574230681,0.15468955382975444,-3.7009283642587447,2.1481211845061348e-4,0.0010661330021673899,DOWN,ENSMUSG00000026490
ENSMUSG00000098222.3,Gm8318,40.560507957249335,0.8442396187683179,0.22812460446631522,3.7007828276277754,2.1493536979007364e-4,0.0010664273212196572,UP,ENSMUSG00000098222
ENSMUSG00000045777.15,NA,21.551648756733847,1.0286800410783552,0.2779839487930545,3.7005015776797867,2.1517374152836698e-4,0.001066975115589369,UP,ENSMUSG00000045777
ENSMUSG00000074604.10,NA,300.3834954347211,0.6474335781440101,0.1750513220052231,3.698535782121613,2.168467839280168e-4,0.0010739937537224853,UP,ENSMUSG00000074604
ENSMUSG00000029322.13,NA,409.4983593729694,1.1800797761789694,0.31912120980790243,3.6979045576109715,2.1738658977106052e-4,0.001075628106579899,UP,ENSMUSG00000029322
ENSMUSG00000093577.3,Gm20632,27.910669413511776,-1.1007096658759903,0.2977232623993003,-3.697089898201307,2.180851291301998e-4,0.0010782056369330602,DOWN,ENSMUSG00000093577
ENSMUSG00000082061.2,Gm12726,432.6628589228867,0.5058183853431005,0.1368548464026523,3.696020993329598,2.1900487128698407e-4,0.0010824319008837422,UP,ENSMUSG00000082061
ENSMUSG00000046753.11,NA,172.08461714698578,-0.5012794011423319,0.13572361318414544,-3.6933838510636474,2.2128960722338876e-4,0.0010917826893660448,DOWN,ENSMUSG00000046753
ENSMUSG00000071724.6,Smpd5,83.40376362935113,0.553853469874936,0.15000178182655116,3.6923126054286697,2.2222407571301282e-4,0.0010957447328770555,UP,ENSMUSG00000071724
ENSMUSG00000041540.17,NA,15.733814462786567,1.7460909318505786,0.47370889967907437,3.685999847234262,2.2780648652943094e-4,0.001120115405336922,UP,ENSMUSG00000041540
ENSMUSG00000097935.2,Gm3809,41.90581964947392,0.7979425522374664,0.21661917428831687,3.6836192126529705,2.299456681667983e-4,0.0011287697018047204,UP,ENSMUSG00000097935
ENSMUSG00000022178.12,NA,39.33918738692784,-0.82271323387523565,0.22335982195063916,-3.6833537325125962,2.301853872385658e-4,0.0011293237768727046,DOWN,ENSMUSG00000022178
ENSMUSG00000079845.9,Xlr4a,85.80902617091827,-0.5560735969310923,0.1510643546236118,-3.681037782318611,2.3228657752937947e-4,0.0011386275622809912,DOWN,ENSMUSG00000079845
ENSMUSG00000078867.11,NA,98.87303715675677,-0.5562631490733694,0.15116110780974287,-3.679935647028357,2.3329281973524696e-4,0.0011428880910414154,DOWN,ENSMUSG00000078867
ENSMUSG00000096810.2,Gm10481,81.29478794603648,0.6014574291740236,0.16345763888138296,3.6795920538806137,2.336073534394076e-4,0.001144092871058902,UP,ENSMUSG00000096810
ENSMUSG00000061175.13,NA,6660.504983292796,0.5608357012993038,0.15254270837727998,3.676581511272261,2.363803479818289e-4,0.0011559761533562988,UP,ENSMUSG00000061175
ENSMUSG00000134766.1,ENSMUSG00000134766,116.09240543994254,-0.6407574298686811,0.17438211490835176,-3.6744446539453746,2.3836730495059707e-4,0.0011646683789499435,DOWN,ENSMUSG00000134766
ENSMUSG00000070709.13,NA,118.43578246858696,-0.7155470188047155,0.19474557789672703,-3.6742658114895312,2.3853431033239616e-4,0.0011648018035440816,DOWN,ENSMUSG00000070709
ENSMUSG00000058006.13,NA,292.6211325959274,-0.7983470240012428,0.21761163069164502,-3.6686781008157507,2.4380782290521678e-4,0.0011867306639718022,DOWN,ENSMUSG00000058006
ENSMUSG00000120744.1,Gm56621,73.26095972445287,1.265824944755257,0.34528036086347885,3.666078608090178,2.462982438609338e-4,0.0011978038829469036,UP,ENSMUSG00000120744
ENSMUSG00000063885.6,Gm6498,14.43340666277117,1.22445039766937,0.3340211626420531,3.665786886028916,2.465792099609227e-4,0.0011988206721015588,UP,ENSMUSG00000063885
ENSMUSG00000020902.13,NA,33.809719508804406,-1.3927758990540346,0.37996844329980867,-3.665504132286809,2.468518253083785e-4,0.001199446689639429,DOWN,ENSMUSG00000020902
ENSMUSG00000058230.14,NA,470.7662306935378,-0.5540883719931425,0.151243055826973,-3.663562396061593,2.487315895978449e-4,0.0012081803750891458,DOWN,ENSMUSG00000058230
ENSMUSG00000014786.9,Slc9a5,79.02323087553641,0.5310934212415584,0.14500893133302747,3.6624876575488265,2.497777908392373e-4,0.001212251001174366,UP,ENSMUSG00000014786
ENSMUSG00000107985.3,Gm35037,59.693352197443645,0.7134105895832633,0.19485907515071083,3.661161734609931,2.5107419390554895e-4,0.0012178339899851468,UP,ENSMUSG00000107985
ENSMUSG00000078919.11,NA,74.6790645216904,-0.6571736644716738,0.1795881254804759,-3.659338069894377,2.5286756838172156e-4,0.0012261760890763561,DOWN,ENSMUSG00000078919
ENSMUSG00000038807.20,NA,73.17911092113559,-0.9228599784840387,0.25232209937958805,-3.65746789818718,2.5471914922283893e-4,0.0012332757956210081,DOWN,ENSMUSG00000038807
ENSMUSG00000050212.5,Eva1b,761.6111292845129,0.5683103084346518,0.15543331565488983,3.656296631389354,2.5588523958277123e-4,0.0012382885244580073,UP,ENSMUSG00000050212
ENSMUSG00000049871.15,NA,314.6585746541697,-0.5407638647814753,0.14798065771439128,-3.6542874800919702,2.5789717749261066e-4,0.0012462165551627863,DOWN,ENSMUSG00000049871
ENSMUSG00000025507.14,NA,64.28388976704268,-0.676562633842145,0.1853430603589121,-3.650326224958187,2.619074542248863e-4,0.0012644958617991327,DOWN,ENSMUSG00000025507
ENSMUSG00000121501.1,Gvin-ps7,267.2500438077623,-0.6843151701298585,0.18763068235495048,-3.6471389515884445,2.651765394437254e-4,0.0012791680566281646,DOWN,ENSMUSG00000121501
ENSMUSG00000110980.4,Gm47204,46.1263904713346,0.6647753494003974,0.182278596366816,3.647029122731496,2.652898663087218e-4,0.001279344653141771,UP,ENSMUSG00000110980
ENSMUSG00000074218.4,Cox7a1,148.43169997069384,0.5759429732298506,0.1581981628083252,3.640642615601485,2.719584158408055e-4,0.0013088538362370195,UP,ENSMUSG00000074218
ENSMUSG00000120025.1,Gm56824,31.272023022757022,0.9424864529182392,0.25906902459597825,3.6379742981163417,2.747908391979265e-4,0.0013205798370215052,UP,ENSMUSG00000120025
ENSMUSG00000079962.3,Gm12643,175.77642223737263,0.5508976035771682,0.15144739434154808,3.6375508867109967,2.752428246412116e-4,0.0013215313650991314,UP,ENSMUSG00000079962
ENSMUSG00000090290.3,Tarbp1,63.94152911267131,-0.7074422665603949,0.19449939479330525,-3.637246621318255,2.7556805360838766e-4,0.0013224094566830138,DOWN,ENSMUSG00000090290
ENSMUSG00000086914.4,Gm16124,12.343826461850073,-1.4948237347984585,0.41127681388874765,-3.6345927713853947,2.784200603994839e-4,0.001334559622656451,DOWN,ENSMUSG00000086914
ENSMUSG00000069045.12,NA,1092.1445598923851,-0.5203343718272341,0.1433331649209123,-3.6302440688750695,2.831533444916251e-4,0.001352969963536487,DOWN,ENSMUSG00000069045
ENSMUSG00000025019.18,NA,372.47263844100644,0.5413086081747659,0.14913839939507595,3.629572332614414,2.8389117429300964e-4,0.0013561069099141303,UP,ENSMUSG00000025019
ENSMUSG00000106895.2,Gm4754,153.2177772387735,0.5034392728439874,0.13870894371812825,3.6294651184643945,2.84009104039569e-4,0.0013562817350984686,UP,ENSMUSG00000106895
ENSMUSG00000031398.14,NA,17.856235869349515,-1.286761174036764,0.35468967693513587,-3.627850647235164,2.85790493620498e-4,0.0013636172450974032,DOWN,ENSMUSG00000031398
ENSMUSG00000055723.7,Rras2,150.5870076316923,-0.9541548325570283,0.2634911306060903,-3.6212028479374325,2.932364794375329e-4,0.0013931656783761535,DOWN,ENSMUSG00000055723
ENSMUSG00000060771.16,NA,201.59698954040954,-0.5531286380684407,0.1527674359701803,-3.6207234516681264,2.9378040070973346e-4,0.0013949550006365362,DOWN,ENSMUSG00000060771
ENSMUSG00000124722.1,ENSMUSG00000124722,10.034767825836337,1.2858728117509581,0.3554157593911652,3.617939772714878,2.9695747452953923e-4,0.0014072358184866712,UP,ENSMUSG00000124722
ENSMUSG00000031927.10,NA,15.095771492884264,1.1482755562254288,0.3176146301046359,3.6153106544466715,2.999876695131767e-4,0.0014199813729212985,UP,ENSMUSG00000031927
ENSMUSG00000062488.10,NA,5805.471846716336,0.5197510497821997,0.1438042897396156,3.6142944742698955,3.011666102193405e-4,0.0014243489483884634,UP,ENSMUSG00000062488
ENSMUSG00000111336.2,Aldoa-ps4,11.459415103738635,1.2364263033892064,0.34220782002762484,3.6130860577335593,3.025742253077814e-4,0.0014301949493289575,UP,ENSMUSG00000111336
ENSMUSG00000030031.15,NA,35.685528423493345,-1.7632519911959443,0.4882239185559786,-3.611564129039643,3.04355799243454e-4,0.001438208361627611,DOWN,ENSMUSG00000030031
ENSMUSG00000020546.15,NA,98.93173900699566,-0.6192970093109208,0.1715573832464375,-3.6098534355779814,3.063700660475226e-4,0.0014460875237499254,DOWN,ENSMUSG00000020546
ENSMUSG00000017861.12,NA,82.59489809185929,-1.8239140594401901,0.5053414753293214,-3.609270460635712,3.070593405321295e-4,0.0014481113016724524,DOWN,ENSMUSG00000017861
ENSMUSG00000021013.17,NA,128.9370651474961,-0.5786986654416363,0.16046073251152665,-3.606481513475988,3.1037695972268236e-4,0.0014621034407727262,DOWN,ENSMUSG00000021013
ENSMUSG00000001131.12,NA,634.0308093459222,0.7913496341108726,0.21976225055076576,3.6009352476487693,3.17074545442196e-4,0.0014911266553282742,UP,ENSMUSG00000001131
ENSMUSG00000021338.18,NA,100.43582149181833,0.9483049997007412,0.2635361484212888,3.598386807204836,3.2019715480772755e-4,0.0015049627264863768,UP,ENSMUSG00000021338
ENSMUSG00000032313.12,NA,9.878679059929029,1.4164634428518774,0.3942914936649215,3.592427089121082,3.276123343922383e-4,0.0015359188328155655,UP,ENSMUSG00000032313
ENSMUSG00000071669.15,NA,363.0179783154583,0.7044570147493392,0.19621452257011185,3.590238915662427,3.303750029783274e-4,0.0015471403825170987,UP,ENSMUSG00000071669
ENSMUSG00000097048.10,NA,65.23350671699919,0.5892749340182795,0.16439222277694723,3.5845669829394975,3.3763790738070774e-4,0.0015771407262128256,UP,ENSMUSG00000097048
ENSMUSG00000118264.3,Rps15-ps3,406.1006648242386,0.5012092589553576,0.13982696135892903,3.5844965383233767,3.3772904373386906e-4,0.0015771407262128256,UP,ENSMUSG00000118264
ENSMUSG00000033278.11,NA,75.13640985060233,-0.5763282748528336,0.1608801835212437,-3.5823447129318526,3.405240407023121e-4,0.0015897477331331905,DOWN,ENSMUSG00000033278
ENSMUSG00000111162.2,Gm7293,51.76768653722449,0.6488885123127894,0.18131332102237055,3.5788242620779593,3.451434482446605e-4,0.00160919761292782,UP,ENSMUSG00000111162
ENSMUSG00000043153.7,Crppa,25.85850982211452,-1.4165793070839634,0.39583307017721125,-3.5787290497223294,3.4526919279537894e-4,0.00160919761292782,DOWN,ENSMUSG00000043153
ENSMUSG00000064356.1,mt-Atp8,7076.974654997492,-1.1792722809348364,0.3295170839220643,-3.5787895028039025,3.451893489733151e-4,0.00160919761292782,DOWN,ENSMUSG00000064356
ENSMUSG00000035172.16,NA,216.99141996449146,0.503651676509898,0.14082310041920496,3.5764847884375346,3.4824557097920783e-4,0.0016199004579216933,UP,ENSMUSG00000035172
ENSMUSG00000121596.1,AB010352,124.35978579720536,-0.548315285227206,0.15347397027731297,-3.57269238709634,3.5332972483731126e-4,0.0016408038126947933,DOWN,ENSMUSG00000121596
ENSMUSG00000101589.2,Rbm6-ps1,33.295397998248475,-0.9198379496585894,0.2578074612318502,-3.5679260222471414,3.59818054105039e-4,0.00166629432664694,DOWN,ENSMUSG00000101589
ENSMUSG00000028358.16,NA,97.18865374262978,0.7878384303197444,0.22087934370216164,3.566827106214524,3.6132970295684564e-4,0.001671917776045184,UP,ENSMUSG00000028358
ENSMUSG00000121714.1,Gm5088,61.36938827370334,-0.7422239720566609,0.2081847137194294,-3.5652184005063714,3.635533218455313e-4,0.0016817240485703414,DOWN,ENSMUSG00000121714
ENSMUSG00000037406.8,Htra4,90.7008344984439,1.0932969761108917,0.30673816415440375,3.564267847546207,3.6487322213644757e-4,0.00168736157857665,UP,ENSMUSG00000037406
ENSMUSG00000110562.2,Gm9204,19.46792244277317,0.9605183598543595,0.2699245983889397,3.5584691635637062,3.7302257459403287e-4,0.0017188517418983398,UP,ENSMUSG00000110562
ENSMUSG00000070896.3,Rpl23a-ps1,338.44808429732825,0.5831881707389417,0.16404486450545389,3.555052896639461,3.779030541831717e-4,0.001740859483855959,UP,ENSMUSG00000070896
ENSMUSG00000071637.6,Cebpd,1951.5114031984301,-0.5505058621159676,0.15489722377063384,-3.5540072876395556,3.794086999077808e-4,0.001746348186492452,DOWN,ENSMUSG00000071637
ENSMUSG00000062980.16,NA,69.65273635792016,-0.6311814988262178,0.17766689515875364,-3.5526117471813063,3.814269732645467e-4,0.0017546692982509187,DOWN,ENSMUSG00000062980
ENSMUSG00000055912.9,Tmem150a,22.371558422833658,-0.9658094295367173,0.27187100045332974,-3.5524547595230236,3.816546404552744e-4,0.0017552324280838822,DOWN,ENSMUSG00000055912
ENSMUSG00000131512.1,ENSMUSG00000131512,15.999819778316203,1.838881396502816,0.5177434802362332,3.5517229413758744,3.827176173424318e-4,0.0017596357835132047,UP,ENSMUSG00000131512
ENSMUSG00000020798.15,NA,6.2343069015464625,-2.478189183053372,0.6979594227341576,-3.550620712799342,3.8432384434209526e-4,0.0017665337453827952,DOWN,ENSMUSG00000020798
ENSMUSG00000026409.15,NA,97.88455247742591,-0.5905696180350226,0.1663344869938081,-3.5504941200618663,3.845087249201402e-4,0.001766896527078605,DOWN,ENSMUSG00000026409
ENSMUSG00000037474.14,NA,116.21269730029091,-0.5558624426383973,0.15657901980326858,-3.550044209861593,3.8516646277841974e-4,0.0017694313865820736,DOWN,ENSMUSG00000037474
ENSMUSG00000078546.9,Zfp995,148.63689732124047,-0.5530348713863287,0.15581328221543483,-3.5493435702206466,3.861928439794594e-4,0.0017731695666854252,DOWN,ENSMUSG00000078546
ENSMUSG00000038126.18,NA,52.560484204812674,-0.8218106852603729,0.23159425857805632,-3.5484933448097142,3.874417892245789e-4,0.0017774358396448631,DOWN,ENSMUSG00000038126
ENSMUSG00000032363.16,NA,8.537877640842597,1.8165522801036016,0.5121661662867412,3.5468025802520255,3.899366753846857e-4,0.0017874062668265583,UP,ENSMUSG00000032363
ENSMUSG00000040022.15,NA,55.263220567790455,-0.8452316248579996,0.23850689445915318,-3.543845668590324,3.943360039637903e-4,0.0018060827251030393,DOWN,ENSMUSG00000040022
ENSMUSG00000059708.13,NA,104.44443850623607,-0.531231538237341,0.15003726748428378,-3.5406639106713063,3.9912163621802407e-4,0.0018249938046536248,DOWN,ENSMUSG00000059708
ENSMUSG00000113070.2,Gm48420,8.125266229374144,-2.2773270267890298,0.6433359612387963,-3.5398721103727033,4.0032097377351095e-4,0.0018294745296374537,DOWN,ENSMUSG00000113070
ENSMUSG00000100794.2,Gm29667,16.703425258402635,1.0129046658905727,0.2862896065395153,3.538042048169031,4.031058596298956e-4,0.001840184318419967,UP,ENSMUSG00000100794
ENSMUSG00000051034.8,Zfp11,59.51063767018151,-0.7244180331143123,0.20480853321844336,-3.5370500522147053,4.046229770797642e-4,0.0018460992519239803,DOWN,ENSMUSG00000051034
ENSMUSG00000036225.16,NA,93.75563124182084,-0.6090303553044172,0.17226456960911746,-3.53543596739804,4.0710289628745594e-4,0.0018553834103551832,DOWN,ENSMUSG00000036225
ENSMUSG00000079597.3,Cstdc4,77.68565301809745,0.8964516069762106,0.2538775536546153,3.5310392512911073,4.139303179259102e-4,0.0018808452266301033,UP,ENSMUSG00000079597
ENSMUSG00000096606.3,Tpbgl,92.47152755331908,-0.892203626628073,0.2528387178921964,-3.5287460483345927,4.1753359917759365e-4,0.001895668472607011,DOWN,ENSMUSG00000096606
ENSMUSG00000031949.18,NA,38.16798032935968,-1.0516615752940428,0.2982487663361564,-3.5261221302377974,4.2169245602125666e-4,0.0019129878663249392,DOWN,ENSMUSG00000031949
ENSMUSG00000041849.8,Card6,193.28651768651665,-0.5695493387161612,0.1615785662517602,-3.5249065016997987,4.236322859279649e-4,0.0019212651618533431,DOWN,ENSMUSG00000041849
ENSMUSG00000083767.2,Gm11405,133.95905459881143,0.6237093019061632,0.1771071952031343,3.5216485766758128,4.2887226320524044e-4,0.0019408070179675956,UP,ENSMUSG00000083767
ENSMUSG00000046994.10,NA,138.28454299806043,-0.5093445739494374,0.14464434696092915,-3.5213583154205113,4.2934203738182055e-4,0.001941878984371912,DOWN,ENSMUSG00000046994
ENSMUSG00000042606.10,NA,128.90489695599155,-0.657661411324206,0.18686310388056265,-3.519482432147566,4.323896709804804e-4,0.0019540732122684257,DOWN,ENSMUSG00000042606
ENSMUSG00000130678.1,Gm26536,19.83821088721848,-1.5608520315306806,0.4435535517812354,-3.5189708779527638,4.3322426003893105e-4,0.001956784333805313,DOWN,ENSMUSG00000130678
ENSMUSG00000117916.4,9630028I04Rik,13.224359413595034,-1.1713437788359107,0.3334466395659643,-3.5128372574412725,4.4334894225958637e-4,0.001997645760908096,DOWN,ENSMUSG00000117916
ENSMUSG00000138098.1,ENSMUSG00000138098,13.58097473744548,-3.699915816279271,1.0539720981402045,-3.51044949179204,4.4734978521153527e-4,0.0020145841258945615,DOWN,ENSMUSG00000138098
ENSMUSG00000004768.15,NA,118.88593664478904,-0.5137843414331726,0.14636437491138335,-3.5103100856628844,4.4758440640489824e-4,0.002015096533803478,DOWN,ENSMUSG00000004768
ENSMUSG00000034023.17,NA,105.48057684303349,-1.414313489011027,0.4030281024400194,-3.5092180432294096,4.494262966101214e-4,0.002021342023847064,DOWN,ENSMUSG00000034023
ENSMUSG00000071322.13,NA,39.017563003453944,0.9663594280602095,0.275569191246668,3.5067760067387215,4.535707772822974e-4,0.0020387456285605363,UP,ENSMUSG00000071322
ENSMUSG00000092193.2,Cd9-ps,58.861481822272744,0.9235425883393147,0.263429373217362,3.505845141943519,4.5515995412732257e-4,0.002044235764887485,UP,ENSMUSG00000092193
ENSMUSG00000111001.2,Gm8767,15.696242620800934,1.272578852925032,0.36300642337211075,3.5056648339815637,4.5546837681740757e-4,0.0020450701808850534,UP,ENSMUSG00000111001
ENSMUSG00000061414.9,Cracr2a,69.78494051479908,-0.6321353179419357,0.18036566928718983,-3.5047430059176565,4.5704824357250114e-4,0.002050531417449889,DOWN,ENSMUSG00000061414
ENSMUSG00000040428.20,NA,110.87574052061798,0.8508717968546192,0.24307394279210295,3.5004648671139362,4.6444745482868274e-4,0.002080904287136785,UP,ENSMUSG00000040428
ENSMUSG00000108732.2,2310043P16Rik,285.6761061407369,-0.6129953985434994,0.17522687477089816,-3.498295563080523,4.6824191282675433e-4,0.002095652747798968,DOWN,ENSMUSG00000108732
ENSMUSG00000085152.4,Gm11496,20.66506016110071,0.97952428538762,0.28009795498222184,3.4970776043323544,4.703849738720403e-4,0.0021029865480670625,UP,ENSMUSG00000085152
ENSMUSG00000081137.4,Gm15246,13.19604837039617,1.759240173406367,0.5031057183362353,3.496760440776053,4.709445391761005e-4,0.002104923917260963,UP,ENSMUSG00000081137
ENSMUSG00000049281.17,NA,48.46295232380518,-1.0674187029308808,0.3053619907864059,-3.495584699922647,4.7302429753714667e-4,0.002113653050838547,DOWN,ENSMUSG00000049281
ENSMUSG00002075685.1,Gm56426,26.637672948288607,-2.125904945696646,0.6083448720611698,-3.4945719826547395,4.7482254971760256e-4,0.0021211199676106993,DOWN,ENSMUSG00002075685
ENSMUSG00000037628.11,NA,301.58151530008195,0.5316316249751067,0.15216604573969628,3.4937598752125387,4.762691900202657e-4,0.002125873932756411,UP,ENSMUSG00000037628
ENSMUSG00000043085.15,NA,63.4402332110159,0.5709698953093914,0.16355523200390673,3.4909913202639276,4.8123188705155833e-4,0.002146876123186674,UP,ENSMUSG00000043085
ENSMUSG00000078435.6,AU041133,52.738535101226084,-0.6741024634643651,0.1932265262957823,-3.4886641931992295,4.854405796397061e-4,0.002164040324732571,DOWN,ENSMUSG00000078435
ENSMUSG00000097148.3,Gapdhrt,76.69061236512583,0.5971619704895055,0.17127569643120186,3.4865540349992035,4.892865281227254e-4,0.0021775666247596925,UP,ENSMUSG00000097148
ENSMUSG00000040010.11,NA,530.597747042233,-0.5136637014387645,0.14742777932489937,-3.4841717333797675,4.936626216278392e-4,0.002195870332959682,DOWN,ENSMUSG00000040010
ENSMUSG00000063129.2,Aldoart2,20.96525355402412,0.9315926490538381,0.26739593164601283,3.4839447381238013,4.94081492283112e-4,0.0021971474574168466,UP,ENSMUSG00000063129
ENSMUSG00000025921.8,Rdh10,121.30907483682911,-0.5564489532524768,0.15972549508072548,-3.4837829300278376,4.94380276422712e-4,0.0021978900265596226,DOWN,ENSMUSG00000025921
ENSMUSG00000108461.4,AV356131,34.602034487119056,0.7221403724739369,0.2074840575393842,3.480461973984973,5.005498724341305e-4,0.0022223561428944515,UP,ENSMUSG00000108461
ENSMUSG00000020808.4,Pimreg,299.2397642903495,1.5028594251272762,0.4319028598967707,3.4796236947504244,5.021185158328568e-4,0.0022276906169638898,UP,ENSMUSG00000020808
ENSMUSG00000046442.5,Ppm1e,18.950382804060467,-1.3836534557531563,0.3976466166894144,-3.4796057546589707,5.021521365535657e-4,0.0022276906169638898,DOWN,ENSMUSG00000046442
ENSMUSG00000081034.2,Gm5944,68.2880885079274,0.6180246452791008,0.177674104349046,3.4784171139817497,5.043843968681024e-4,0.0022358091978129917,UP,ENSMUSG00000081034
ENSMUSG00000046057.5,Gm15428,143.00800659852752,-2.7156584015989353,0.7809814586533103,-3.477237995229357,5.066079127168104e-4,0.0022447914185687572,DOWN,ENSMUSG00000046057
ENSMUSG00000091764.5,Zfp964,21.448869905476002,-1.4472325761508096,0.4162063237343468,-3.4771998732881793,5.066799531957785e-4,0.0022447914185687572,DOWN,ENSMUSG00000091764
ENSMUSG00000044150.13,NA,164.74450381679088,-0.5907332213125918,0.16995249219775238,-3.4758726610800723,5.09193998648242e-4,0.0022547315776574837,DOWN,ENSMUSG00000044150
ENSMUSG00000120514.2,Gm56644,429.577233862378,-0.5327163912746368,0.1534545736628542,-3.4714924329660963,5.175739185678841e-4,0.0022833499116502736,DOWN,ENSMUSG00000120514
ENSMUSG00000041750.15,NA,43.075027003143845,-0.7105938864053782,0.20484508011482022,-3.46893313721313,5.225294810391169e-4,0.002303383987789668,DOWN,ENSMUSG00000041750
ENSMUSG00000038046.5,Mrm3,90.03839939350328,-0.567824523186118,0.1637364356789285,-3.4679179428308036,5.245074225056071e-4,0.0023096608866394253,DOWN,ENSMUSG00000038046
ENSMUSG00000083460.2,Gm12182,37.803463491161466,0.8213601928257281,0.23694277370221187,3.4664918452335174,5.272977298042251e-4,0.0023201100111385907,UP,ENSMUSG00000083460
ENSMUSG00000021188.15,NA,742.269103082244,-0.5035055113571881,0.14551867415581402,-3.4600748960786984,5.400251626680976e-4,0.002371730211391413,DOWN,ENSMUSG00000021188
ENSMUSG00000042607.16,NA,73.95542959456463,-0.6204033833961335,0.17934623474763486,-3.4592495586490988,5.416827612262748e-4,0.0023783838141678143,DOWN,ENSMUSG00000042607
ENSMUSG00000024664.6,Fads3,162.2331700511185,0.5208784222173864,0.15058143879692756,3.459114392709697,5.41954678306749e-4,0.0023789331433766354,UP,ENSMUSG00000024664
ENSMUSG00000037171.7,Nodal,14.065949789961879,1.0611175762599914,0.30691431234258987,3.457374040854537,5.454671714633886e-4,0.0023912225424089035,UP,ENSMUSG00000037171
ENSMUSG00000037071.4,Scd1,420.86340643492275,-0.6032926480568118,0.1747192498058755,-3.452926044079913,5.545410143559209e-4,0.002427326757935886,DOWN,ENSMUSG00000037071
ENSMUSG00000020122.17,NA,35.664339977575736,0.8809179057578876,0.2552913778925235,3.4506371230788297,5.592649807602452e-4,0.002444640319569554,UP,ENSMUSG00000020122
ENSMUSG00000144194.3,4933421O10Rik,31.21212512719577,-0.818249319139326,0.23746341605911286,-3.4457910726578422,5.69390393504925e-4,0.002484341758788103,DOWN,ENSMUSG00000144194
ENSMUSG00000094852.4,Gm9034,24.968733538435707,1.118538586170582,0.3250956247236928,3.440644847562181,5.803297218403146e-4,0.0025274427896080144,UP,ENSMUSG00000094852
ENSMUSG00000090083.12,NA,90.96227730798894,-0.5766159505168353,0.16774352454095834,-3.4374856024683185,5.871419327428268e-4,0.0025537764398589928,DOWN,ENSMUSG00000090083
ENSMUSG00000027365.15,NA,1550.3636123581368,-0.529174469046079,0.15400283247809962,-3.4361346511034574,5.900776208767187e-4,0.0025652070922158915,DOWN,ENSMUSG00000027365
ENSMUSG00000036743.5,Psma8,50.14635493039723,-0.6530486274379022,0.1902607641394543,-3.43238728379773,5.982925209500634e-4,0.0025955062641423664,DOWN,ENSMUSG00000036743
ENSMUSG00000060044.9,Tmem26,24.00952711042818,0.9993806968574664,0.29122469915193827,3.431648138937789,5.999253759729994e-4,0.002601913022035303,UP,ENSMUSG00000060044
ENSMUSG00000024534.16,NA,42.61527602809665,-0.8869946238362427,0.25850137302928505,-3.4312955998719477,6.007056349045092e-4,0.0026046196483795097,DOWN,ENSMUSG00000024534
ENSMUSG00000033368.9,Trim69,10.281959794814284,1.369064297206021,0.3992479015178979,3.429108310904039,6.055678115540732e-4,0.0026229737209027856,UP,ENSMUSG00000033368
ENSMUSG00000026170.7,Cyp27a1,156.91636607591704,-0.5134332549986906,0.1497410666153086,-3.4288072511044905,6.062399048402619e-4,0.0026252029740628947,DOWN,ENSMUSG00000026170
ENSMUSG00000130847.1,ENSMUSG00000130847,41.85848013145366,-0.7999573342278065,0.233314298700992,-3.4286682757193794,6.065503910358675e-4,0.0026258656077139475,DOWN,ENSMUSG00000130847
ENSMUSG00000063488.7,Zkscan7,25.315959044685783,-0.9936907472347625,0.28988826118347494,-3.427840586500464,6.084026065106558e-4,0.002631834465932995,DOWN,ENSMUSG00000063488
ENSMUSG00000117047.2,Gm5230,11.620281625355268,1.3355861910461393,0.39017910457524735,3.423007986294066,6.193225769995745e-4,0.0026749089080665383,UP,ENSMUSG00000117047
ENSMUSG00000085085.5,1700086P04Rik,14.05466800730955,1.0720423757762731,0.31319545946341376,3.422918000193757,6.195276326321595e-4,0.002675101709418408,UP,ENSMUSG00000085085
ENSMUSG00000057766.15,NA,17.614200110721942,-1.6104909753294872,0.4705224503057063,-3.422771802457299,6.198609151030392e-4,0.0026758479472581624,DOWN,ENSMUSG00000057766
ENSMUSG00000114778.2,Gm9634,64.38616642729887,0.5790279734123167,0.16919555644589124,3.422241018471959,6.21072329790048e-4,0.0026803835847771323,UP,ENSMUSG00000114778
ENSMUSG00000107499.2,Ccdc142,40.58140783869777,-0.8400028839689369,0.2459606267631763,-3.415192484355374,6.373695345446809e-4,0.002741091144784637,DOWN,ENSMUSG00000107499
ENSMUSG00000096740.9,Lbhd1,70.43334665129053,-0.7452791822912276,0.21851126132329318,-3.4107129205966524,6.479327256547557e-4,0.002782623263718441,DOWN,ENSMUSG00000096740
ENSMUSG00000056418.6,BC043934,34.230037828730815,-0.9692892486220114,0.2842481820452758,-3.4100103706824076,6.496040929647642e-4,0.002788364956056733,DOWN,ENSMUSG00000056418
ENSMUSG00000040229.12,NA,128.4652069706256,-2.4383436713291586,0.7151309983372246,-3.409646172517531,6.504720981536921e-4,0.0027913722873934557,DOWN,ENSMUSG00000040229
ENSMUSG00000075592.12,NA,39.54223638170379,-0.8395026402697037,0.24668767823776347,-3.4030991992253905,6.662608578600108e-4,0.0028510562139270053,DOWN,ENSMUSG00000075592
ENSMUSG00000081593.2,Gm11841,39.88599919710122,-0.9804830350459639,0.2882756351365007,-3.4011998085849253,6.709077006153448e-4,0.0028672621259511768,DOWN,ENSMUSG00000081593
ENSMUSG00000064368.1,mt-Nd6,36.14818422650598,-1.0437774209030453,0.30705005043510103,-3.399372250302434,6.754072338206277e-4,0.0028835358502797715,DOWN,ENSMUSG00000064368
ENSMUSG00000032656.15,NA,34.67803078930652,-0.7576751745022489,0.22332509570098305,-3.3927005477106067,6.920725042360648e-4,0.0029478929963322135,DOWN,ENSMUSG00000032656
ENSMUSG00000035509.18,NA,24.178836212498684,-0.9290817218874241,0.27391575173016564,-3.3918521151812486,6.942189861268623e-4,0.002956280851034616,DOWN,ENSMUSG00000035509
ENSMUSG00000059031.4,Or5p58,147.21972941675565,-0.5112672051654213,0.15075719786863473,-3.391328655570556,6.955463912099312e-4,0.0029604215466607483,DOWN,ENSMUSG00000059031
ENSMUSG00000098208.2,Gm8349,81.98592056017493,0.5873121169572033,0.17322711078155606,3.3904168597363453,6.978641856954539e-4,0.0029687708058277387,UP,ENSMUSG00000098208
ENSMUSG00000098092.2,Gm2076,31.433817203484487,0.8708400788101239,0.2572394725660096,3.3853283484192334,7.109315801594835e-4,0.0030151309844200272,UP,ENSMUSG00000098092
ENSMUSG00000029371.8,Cxcl5,14.563133907609853,1.1498863391637484,0.3399725041271038,3.382292171292318,7.18836467373701e-4,0.0030447845897698346,UP,ENSMUSG00000029371
ENSMUSG00000000365.10,NA,20.580550845703293,-1.0927024052047916,0.32380013462333546,-3.3746199842563107,7.391768550257261e-4,0.0031253836801239878,DOWN,ENSMUSG00000000365
ENSMUSG00000101236.2,Gm6750,229.50485191616914,-0.5356392932471559,0.158890262179496,-3.371127254117386,7.486126900734885e-4,0.003158073670545281,DOWN,ENSMUSG00000101236
ENSMUSG00000091492.3,Gm17025,10.954320085803941,-1.5358863885491068,0.4557126252677256,-3.370295891290684,7.508750919060017e-4,0.003165215630087079,DOWN,ENSMUSG00000091492
ENSMUSG00000032782.20,NA,87.69599402982809,-0.5280110416275716,0.1567681871982379,-3.3681007037472876,7.568794460987213e-4,0.0031873034452379488,DOWN,ENSMUSG00000032782
ENSMUSG00000074607.12,NA,75.45943267257897,-0.7198824501444097,0.2144599524693271,-3.3567220446314803,7.88723605647612e-4,0.003303882152167691,DOWN,ENSMUSG00000074607
ENSMUSG00000022836.12,NA,41.427173639612334,-1.203457557753977,0.35875605428425694,-3.35452891563031,7.950024383820606e-4,0.003328511338804731,DOWN,ENSMUSG00000022836
ENSMUSG00000038390.12,NA,353.802662876821,-0.6131208372727964,0.182841320080103,-3.3532947421523067,7.985561898471445e-4,0.003339198350524318,DOWN,ENSMUSG00000038390
ENSMUSG00000098044.2,Gm9162,12.703714625576678,1.150558664477332,0.343370060012039,3.3507833048606273,8.058333378260975e-4,0.003365408650535438,UP,ENSMUSG00000098044
ENSMUSG00000002346.18,NA,38.820770608366246,-0.6402987058543771,0.19116665281398657,-3.349426777260234,8.097895657102757e-4,0.00337770155022125,DOWN,ENSMUSG00000002346
ENSMUSG00000126399.1,ENSMUSG00000126399,12.71547304909719,-1.3280973187593823,0.39655093840066435,-3.349121613772374,8.106820356270372e-4,0.00338057855116691,DOWN,ENSMUSG00000126399
ENSMUSG00000113831.2,Gm49602,27.360321290899858,-0.7635933537145057,0.22839985225740875,-3.3432305063574597,8.28090830919572e-4,0.0034454198344348267,DOWN,ENSMUSG00000113831
ENSMUSG00000096699.2,Rps19-ps4,3104.1459464245954,0.5577376196151802,0.16698213900894338,3.3401034561265766,8.374718565922273e-4,0.0034792959045771682,UP,ENSMUSG00000096699
ENSMUSG00000117183.2,Gm20008,21.961769452702445,-1.173654954197738,0.351462419562537,-3.339346936888953,8.397561452310465e-4,0.0034861273283228605,DOWN,ENSMUSG00000117183
ENSMUSG00000043484.4,Gm5867,113.14944609840462,-0.5828600864312767,0.17455363156761622,-3.3391461477872277,8.403633920443988e-4,0.003487779971561074,DOWN,ENSMUSG00000043484
ENSMUSG00000063382.7,Bcl9l,283.2732408504564,-0.5356686939422955,0.16047692410134948,-3.3379795689752445,8.438995432122706e-4,0.003499843019798017,DOWN,ENSMUSG00000063382
ENSMUSG00000019303.15,NA,61.28008231209484,-0.8768914300010238,0.2628118965992365,-3.336574338330662,8.481774228576978e-4,0.0035149619044669406,DOWN,ENSMUSG00000019303
ENSMUSG00000029027.10,NA,62.79094086606698,-0.7059045130002204,0.21171963550692616,-3.3341475924519415,8.556124426452699e-4,0.0035413733168410326,DOWN,ENSMUSG00000029027
ENSMUSG00000082394.2,Gm4596,182.12046922616383,-0.6217371652866088,0.18655936971123985,-3.3326504385651896,8.602294940133517e-4,0.0035587167060696233,DOWN,ENSMUSG00000082394
ENSMUSG00000096957.4,E230013L22Rik,57.7564276313314,-0.96027286914459,0.2882652129303584,-3.3312131539665906,8.646836415212783e-4,0.0035744829960359043,DOWN,ENSMUSG00000096957
ENSMUSG00000105775.2,Gm10290,74.50882810134159,0.6306572474549902,0.1894424344987488,3.329017857713159,8.715281614116849e-4,0.003596536406756065,UP,ENSMUSG00000105775
ENSMUSG00000008845.10,NA,79.67703685512791,-0.6190431339152925,0.1860293397450185,-3.3276639844219478,8.757742899754662e-4,0.0036113778584646082,DOWN,ENSMUSG00000008845
ENSMUSG00000130922.1,ENSMUSG00000130922,44.828823000629605,0.7005213817421134,0.21068598211370682,3.3249548674958516,8.843284911670482e-4,0.0036394525959283553,UP,ENSMUSG00000130922
ENSMUSG00000074482.6,Gm16589,128.74064812774878,-0.7447141073065081,0.2240530534990097,-3.323829314871621,8.879052148375443e-4,0.0036514691399829567,DOWN,ENSMUSG00000074482
ENSMUSG00000020599.14,NA,16.580667255553834,2.4183593060876123,0.7278988553256587,3.322383719102909,8.925186275714074e-4,0.0036659213382711302,UP,ENSMUSG00000020599
ENSMUSG00000029716.14,NA,6.919358912515668,1.3351701207376903,0.40193134680658366,3.321886016967463,8.941121078628753e-4,0.003670658175953055,UP,ENSMUSG00000029716
ENSMUSG00000063383.6,Zfp947,100.63334748866946,-0.5222513483668906,0.15727434670897916,-3.320639120716017,8.981158502290342e-4,0.0036843739036702032,DOWN,ENSMUSG00000063383
ENSMUSG00000025150.11,NA,1558.0256205072453,0.5249009801880735,0.15827176996669706,3.3164535930729855,9.116772709397862e-4,0.003732661470707556,UP,ENSMUSG00000025150
ENSMUSG00000041235.13,NA,366.2618408430588,0.512748417709098,0.154636425476867,3.3158320630335774,9.137071808720818e-4,0.0037400542337316725,UP,ENSMUSG00000041235
ENSMUSG00000034968.4,Lbx2,26.357702180633353,-0.8531845869815305,0.25739730474964323,-3.3146601430476443,9.175460566349035e-4,0.003753165196086595,DOWN,ENSMUSG00000034968
ENSMUSG00000084011.2,Gm12969,11.42696899064237,1.2611725759155556,0.3813067225533024,3.3075015501182463,9.413219089527801e-4,0.003838954305134889,UP,ENSMUSG00000084011
ENSMUSG00000055612.16,NA,75.63388427091787,0.5190590022858833,0.1569555568547151,3.3070444442202636,9.428593148031253e-4,0.00384428409135866,UP,ENSMUSG00000055612
ENSMUSG00000082389.3,Mkrn1-ps1,61.522831877412195,0.5546566908449685,0.16772996026289555,3.3068432734117037,9.435366589206389e-4,0.00384516552398841,UP,ENSMUSG00000082389
ENSMUSG00000030446.18,NA,76.11450258982927,-0.546271544707494,0.16526154329359516,-3.3054970552768954,9.480810028991441e-4,0.0038608544088757327,DOWN,ENSMUSG00000030446
ENSMUSG00000121743.2,Gm50433,65.480026676646915,0.5282952047981806,0.15986986703784958,3.3045327089257253,9.513487404400586e-4,0.003871325425958618,UP,ENSMUSG00000121743
ENSMUSG00000081607.4,Gm15294,9.995998601605953,1.388603402721652,0.42031063398574087,3.3037551050130243,9.539912860615607e-4,0.0038773479615799625,UP,ENSMUSG00000081607
ENSMUSG00000109663.2,Gm5331,34.968885983673275,0.7448033004702754,0.22550218693416593,3.3028650879014156,9.570241909426632e-4,0.0038877796365797447,UP,ENSMUSG00000109663
ENSMUSG00000016524.13,NA,325.74901902939854,1.4662530311148008,0.4441990541297549,3.3008918355024095,9.637803057374438e-4,0.003911414061445026,UP,ENSMUSG00000016524
ENSMUSG00000120933.2,Gm57185,12.855032766788867,-1.3965065121355424,0.4231884155535411,-3.29996394232313,9.669725158269092e-4,0.003923414519204267,DOWN,ENSMUSG00000120933
ENSMUSG00000024925.12,NA,606.2748067678461,0.5053669944844121,0.15320378021299347,3.298658778404941,9.714792174673081e-4,0.003938825049959842,UP,ENSMUSG00000024925
ENSMUSG00000059658.6,Mif-ps6,309.9597775486275,0.5413340434044079,0.1642505701212994,3.2957818228857994,9.814820579294933e-4,0.0039735845588813375,UP,ENSMUSG00000059658
ENSMUSG00000090682.5,Gm3852,12.772093137129195,1.2145953457154073,0.3685730441263963,3.295399283998862,9.828192614025307e-4,0.003977067217459015,UP,ENSMUSG00000090682
ENSMUSG00000110648.2,Gm38574,65.2348408196112,-0.6654862444977606,0.20204642491343672,-3.2937293732511064,9.886763824505137e-4,0.003995920347490248,DOWN,ENSMUSG00000110648
ENSMUSG00000029442.20,NA,88.49453355417664,0.514591125148652,0.15625056478889177,3.2933712965704145,9.899365175676177e-4,0.0039997661385392244,UP,ENSMUSG00000029442
ENSMUSG00000075028.13,NA,24.128943589740032,-1.5095227782849607,0.45845418514034153,-3.2926360522215914,9.925286352007996e-4,0.004007604726539596,DOWN,ENSMUSG00000075028
ENSMUSG00000084413.2,Gm12017,36.28347446746676,0.7133102653220773,0.2167568621851,3.290831294249611,9.989180102910342e-4,0.0040314512922587815,UP,ENSMUSG00000084413
ENSMUSG00000030431.9,Tmem238,17.556596853801246,-1.5211346429458263,0.4627980380395588,-3.2868217190147284,0.0010132495963370296,0.004078246394358688,DOWN,ENSMUSG00000030431
ENSMUSG00000112341.2,Gm4796,14.090380669960435,1.1902854452642595,0.3621447952433109,3.2867666770263906,0.0010134476528077718,0.004078246394358688,UP,ENSMUSG00000112341
ENSMUSG00000097166.4,9330179D12Rik,45.09495333196098,-0.7220273418886808,0.21993000688306694,-3.2829869471725632,0.0010271342145774373,0.0041263527251971435,DOWN,ENSMUSG00000097166
ENSMUSG00000096052.4,9930004E17Rik,15.77663035666308,-1.8809446891730486,0.5730464420275242,-3.2823599471588802,0.001029421081877062,0.00413354826905415,DOWN,ENSMUSG00000096052
ENSMUSG00000020988.10,NA,69.70622120181972,-0.5615722855027359,0.17122249407605955,-3.279781015532207,0.001038876898764084,0.004162496675586224,DOWN,ENSMUSG00000020988
ENSMUSG00000022033.10,NA,229.16932591440653,-2.331970724027054,0.7114194816881633,-3.2779123766661584,0.001045778530060713,0.004185121854401836,DOWN,ENSMUSG00000022033
ENSMUSG00000114886.2,Gm48432,70.90373129177937,0.5889785073761302,0.17980065468326922,3.2757306051730173,0.0010538903599334863,0.004209078458500679,UP,ENSMUSG00000114886
ENSMUSG00000120878.2,Gm56663,1122.8753996517512,-0.527620346736467,0.16106249370870473,-3.2758734487913332,0.0010533574912996034,0.004209078458500679,DOWN,ENSMUSG00000120878
ENSMUSG00000026017.14,NA,83.19486644729092,-0.5242357426253503,0.16006465881448426,-3.275149845744164,0.001056059413777673,0.004215138052694226,DOWN,ENSMUSG00000026017
ENSMUSG00000102222.2,Pcdhga10,30.635851247313887,-1.1750117403804763,0.35882274229595146,-3.2746300662608077,0.0010580042179629072,0.004220879985346756,DOWN,ENSMUSG00000102222
ENSMUSG00000116864.2,Gm3320,21.645597242050187,-3.700826811994593,1.1305561135933566,-3.2734569894384937,0.0010624055799352398,0.004236412111669072,DOWN,ENSMUSG00000116864
ENSMUSG00000063894.16,NA,163.8872695877079,-0.616196833633529,0.1883025490061434,-3.2723764860635285,0.0010664745887410394,0.00425162090409887,DOWN,ENSMUSG00000063894
ENSMUSG00000010538.15,NA,21.25642016909285,-0.9549016735013771,0.2919717169115832,-3.27052799360887,0.001073469170720558,0.004276438578818926,DOWN,ENSMUSG00000010538
ENSMUSG00000030882.20,NA,82.36132209776677,-0.5936847071948016,0.18159644124114513,-3.269252982807285,0.0010783184366115516,0.004293414471541228,DOWN,ENSMUSG00000030882
ENSMUSG00000097304.2,Rpl31-ps15,229.51484868923833,0.6057784540019394,0.1854196801911817,3.2670666532125177,0.0010866809222669263,0.0043208133189611975,UP,ENSMUSG00000097304
ENSMUSG00000058622.2,Gm5265,36.348299966448,0.6844278152235364,0.2095968844273471,3.2654484206361407,0.0010929090787783933,0.00434247124081689,UP,ENSMUSG00000058622
ENSMUSG00000038930.12,NA,19.819196892868334,-0.9736153541070719,0.29831175244591307,-3.2637512472244894,0.0010994765129277101,0.00436544531656726,DOWN,ENSMUSG00000038930
ENSMUSG00000028211.12,NA,793.8865161127048,-0.5142164216431334,0.15770033810243606,-3.260718574421307,0.0011113027868351413,0.0044082029669987675,DOWN,ENSMUSG00000028211
ENSMUSG00000017737.3,Mmp9,1206.959286428921,-0.555752774654192,0.17056092565101,-3.2583827305870456,0.0011204917590911271,0.004438442872499766,DOWN,ENSMUSG00000017737
ENSMUSG00000140700.1,ENSMUSG00000140700,167.0428759228621,0.8325103871846969,0.25562591103419857,3.2567527439474655,0.0011269455198684765,0.004457883581976373,UP,ENSMUSG00000140700
ENSMUSG00000040026.9,Saa3,828381.0599726281,0.5008459073428279,0.1540106280577318,3.252021718625047,0.0011458726565301447,0.004520599105818948,UP,ENSMUSG00000040026
ENSMUSG00000024043.14,NA,55.86502195025059,0.5581428439445912,0.17175083507371694,3.2497241932188072,0.0011551698369767832,0.004551893242302655,UP,ENSMUSG00000024043
ENSMUSG00000098190.2,Gm5210,13.284794953280624,1.092634835170858,0.3362390241291202,3.2495777014605887,0.0011557649893511267,0.004552087142753753,UP,ENSMUSG00000098190
ENSMUSG00000082280.5,Gm5847,25.040891189758515,-1.7915099261314968,0.5513475270690739,-3.249329756959358,0.0011567729597857248,0.0045549813169744385,DOWN,ENSMUSG00000082280
ENSMUSG00000126783.1,ENSMUSG00000126783,46.7088085645528,-1.1832488066129212,0.3643429564763859,-3.2476236622118173,0.0011637308173371712,0.004578054991723205,DOWN,ENSMUSG00000126783
ENSMUSG00000083245.2,Gm11185,57.136770788017486,0.5918568623070999,0.18229425701962737,3.246711509092552,0.0011674666404907648,0.0045905856394303215,UP,ENSMUSG00000083245
ENSMUSG00000120361.2,Gm56889,14.91634649093185,0.8883972207250909,0.27367789101325957,3.246141723161877,0.0011698058817287494,0.004598699406814857,UP,ENSMUSG00000120361
ENSMUSG00000096722.3,Hmgb1-ps9,98.43832905996734,-0.5279515164158621,0.16264514308806347,-3.246033090148934,0.0011702523630443564,0.004599370352610815,DOWN,ENSMUSG00000096722
ENSMUSG00000025922.10,NA,174.62112754970389,0.7417560843644165,0.22857639482895695,3.2451123613156576,0.0011740428837219003,0.004613180756113668,UP,ENSMUSG00000025922
ENSMUSG00000085396.10,NA,50.34370113240869,-0.7612228399023249,0.2346328085866234,-3.2443154241206265,0.0011773329267747573,0.004623929318628321,DOWN,ENSMUSG00000085396
ENSMUSG00000074738.3,Fndc10,9.60694770919259,-2.1081751023680018,0.6498699394759329,-3.243995412479108,0.0011786564454774615,0.004628037411062431,DOWN,ENSMUSG00000074738
ENSMUSG00000021714.16,NA,61.79542159629933,-0.8639713783128025,0.26635885971865153,-3.243636720871214,0.0011801415725652094,0.004632777981190544,DOWN,ENSMUSG00000021714
ENSMUSG00000034206.16,NA,67.4974615836503,-2.0094099814560606,0.6195554801180895,-3.243309188505701,0.0011814991979895747,0.004634834303851834,DOWN,ENSMUSG00000034206
ENSMUSG00000028919.12,NA,21.336588091668784,0.8204937165862543,0.2531403466969688,3.2412601439961577,0.0011900253168018345,0.004666085629670208,UP,ENSMUSG00000028919
ENSMUSG00000048997.18,NA,50.19145708020668,0.65492083854678,0.2021325381770913,3.240056472120259,0.001195060289715624,0.0046836252388478845,UP,ENSMUSG00000048997
ENSMUSG00000039396.12,NA,78.12138298133554,-2.546775155245193,0.7863339792571695,-3.2387957565449086,0.0012003549734950227,0.004698854351643896,DOWN,ENSMUSG00000039396
ENSMUSG00000112095.2,Sros1,73.53538555303689,-0.698319143455479,0.21568933766992116,-3.237615502923688,0.0012053313696993224,0.004715014290665236,DOWN,ENSMUSG00000112095
ENSMUSG00000041774.17,NA,112.24276099704579,-0.5234301494064818,0.1616837839547824,-3.2373694912587396,0.0012063710453500405,0.004717974566664464,DOWN,ENSMUSG00000041774
ENSMUSG00000026646.17,NA,40.094826406960436,-0.9304606318342384,0.28747793406096445,-3.2366332215150777,0.001209487563876672,0.0047248959968825685,DOWN,ENSMUSG00000026646
ENSMUSG00000085099.2,Gm16288,304.929647705209,0.5584439406300189,0.172719771065142,3.233236920047789,0.0012239601037924226,0.0047755635682832104,UP,ENSMUSG00000085099
ENSMUSG00000049577.16,NA,235.61543706191642,0.5096872863269158,0.15766778971233367,3.232665893628908,0.0012264090476488626,0.0047839993634134345,UP,ENSMUSG00000049577
ENSMUSG00000074476.7,Spc24,175.71446898197996,-1.1899596864719602,0.3682732334530121,-3.231187005676824,0.0012327725627957514,0.004804327005651309,DOWN,ENSMUSG00000074476
ENSMUSG00000035769.10,NA,60.041888493628235,-0.6639444297812125,0.20550779084226478,-3.230750654561878,0.001234655958099152,0.004810542700294733,DOWN,ENSMUSG00000035769
ENSMUSG00000083049.2,Gm14822,53.79942666892452,0.6312967075650466,0.19547110667797546,3.2296164803786698,0.0012395637606031538,0.004826281875278587,UP,ENSMUSG00000083049
ENSMUSG00000090394.9,4930523C07Rik,102.02196596109316,-0.5694698767258811,0.17639903170988272,-3.228305003751201,0.0012452612439766107,0.0048447002095702825,DOWN,ENSMUSG00000090394
ENSMUSG00000030752.9,Kdm8,85.27149916221427,-0.6037196337114197,0.18700751073438363,-3.2283175758053573,0.0012452065122549962,0.0048447002095702825,DOWN,ENSMUSG00000030752
ENSMUSG00000143385.1,ENSMUSG00000143385,15.175609718784237,-1.139131416850074,0.35288577458245846,-3.228045727255277,0.0012463904848602923,0.004847203294200148,DOWN,ENSMUSG00000143385
ENSMUSG00000043487.5,Acot6,5.980591259226016,-2.113570410645938,0.6551338141998686,-3.2261659600448107,0.0012546058581813665,0.004874605613008497,DOWN,ENSMUSG00000043487
ENSMUSG00000054580.15,NA,80.25282994553218,-0.639888866558887,0.19841187338452154,-3.225053297686397,0.0012594921873342723,0.004891311531436033,DOWN,ENSMUSG00000054580
ENSMUSG00000028555.16,NA,37.463747808240605,-0.8283766255051558,0.25693320171340905,-3.224093344032476,0.0012637219989785613,0.004905453457859983,DOWN,ENSMUSG00000028555
ENSMUSG00000072663.13,NA,20.546156707294,-0.9320843105653973,0.28941415254333147,-3.2205899482605447,0.0012792704123831095,0.004956974821958585,DOWN,ENSMUSG00000072663
ENSMUSG00000097993.9,Ptprv,16.29723441728016,-1.035675038770221,0.3216503882049205,-3.2198780935728326,0.0012824512007199894,0.004967748251615922,DOWN,ENSMUSG00000097993
ENSMUSG00000086320.2,Gm12840,65.65309286217952,1.6188021077571222,0.5028531340807744,3.2192344007486895,0.001285333704331001,0.004975446809058442,UP,ENSMUSG00000086320
ENSMUSG00000005465.10,NA,21.125368478955675,-1.108384320616465,0.34450529631934745,-3.2173215693874893,0.0012939348317576522,0.004999457195178547,DOWN,ENSMUSG00000005465
ENSMUSG00000097077.3,Gm16712,35.61442961348184,0.7935462796831787,0.2467701721152414,3.21573013821376,0.0013011312205901042,0.005022607461703838,UP,ENSMUSG00000097077
ENSMUSG00000020642.14,NA,32.24076462612343,0.8477232805299496,0.26440915283198013,3.2061041437118436,0.0013454528420375827,0.005173525565961841,UP,ENSMUSG00000020642
ENSMUSG00000059277.15,NA,55.24198679236468,0.5725682628901789,0.17859522158195495,3.2059551079726676,0.0013461498780599612,0.005174826041154429,UP,ENSMUSG00000059277
ENSMUSG00000083863.2,Gm13341,1821.98439952174,-0.5891704198229986,0.18388240754302515,-3.204060832655475,0.001355038425243594,0.005202998107152239,DOWN,ENSMUSG00000083863
ENSMUSG00000027954.10,NA,19.27120322976227,-0.9038104631175082,0.2825961875401423,-3.198240114223492,0.0013826909905096905,0.005293180755527758,DOWN,ENSMUSG00000027954
ENSMUSG00000097999.2,Gm9061,16.65975499726986,1.1053768988835189,0.3457768745179082,3.1967924414397766,0.0013896488149749012,0.005314105406383818,UP,ENSMUSG00000097999
ENSMUSG00000098135.2,Gm6946,12.812889693866873,1.0699336593897835,0.3347395696324486,3.1963166486848094,0.0013919426167968067,0.005321420237896274,UP,ENSMUSG00000098135
ENSMUSG00000054072.13,NA,3633.935874708271,-0.5801533408596403,0.1815590099858841,-3.195398239419494,0.001396380154644688,0.005333494149989651,DOWN,ENSMUSG00000054072
ENSMUSG00000067629.14,NA,46.57278806847088,0.6884759972096512,0.2155736456966864,3.19369278644729,0.0014046551244562386,0.005362643968734486,UP,ENSMUSG00000067629
ENSMUSG00000022802.3,Lmln,92.81869474503416,-0.5269065615674483,0.16504764775040442,-3.1924512027234098,0.0014107077847722701,0.0053845188873569184,DOWN,ENSMUSG00000022802
ENSMUSG00000122788.1,ENSMUSG00000122788,25.425002437907377,-0.9390220468537293,0.29418136632979036,-3.1919834303884627,0.0014129943819111085,0.005390778840711426,DOWN,ENSMUSG00000122788
ENSMUSG00000095202.3,Gm6100,63.86833993542616,0.713822938908298,0.2238315431122998,3.1891078843617753,0.0014271260588875278,0.0054397152361162085,UP,ENSMUSG00000095202
ENSMUSG00000097772.10,NA,35.21554316808218,0.6752745734183956,0.21188297061314224,3.1870167360043187,0.0014374845679917343,0.005474193344560439,UP,ENSMUSG00000097772
ENSMUSG00000073434.13,NA,61.961851180129635,-0.6869385826541521,0.2156223029044156,-3.1858419718236144,0.001443334124624609,0.005492706495262433,DOWN,ENSMUSG00000073434
ENSMUSG00000089646.2,Gm15796,200.6706816369505,0.9205304219309581,0.2889657691622808,3.1856036948583895,0.0014445232611086703,0.005495977618582748,UP,ENSMUSG00000089646
ENSMUSG00000029601.14,NA,26.506207241759363,0.7721713927429504,0.24247689556521196,3.1845153367830132,0.0014499662727906863,0.005514170482339221,UP,ENSMUSG00000029601
ENSMUSG00000103088.2,Pcdhgb6,46.50334035762382,-0.9988112333259616,0.3137383277514089,-3.1835805350418367,0.0014546564145894044,0.005529484925847483,DOWN,ENSMUSG00000103088
ENSMUSG00000027358.7,Bmp2,23.198566851249222,-1.6298619649975081,0.5122720134130002,-3.181633824066615,0.0014644684762179989,0.005560445425640106,DOWN,ENSMUSG00000027358
ENSMUSG00000100017.4,2410022M11Rik,22.697154756387175,-0.8302816158940141,0.26101621810029524,-3.180957957083644,0.0014678893066404526,0.005569629596709031,DOWN,ENSMUSG00000100017
ENSMUSG00000094622.4,Gm3055,80.59844535520952,-0.528069496415518,0.16619182872835608,-3.177469677397066,0.001485662245010527,0.005629380503929913,DOWN,ENSMUSG00000094622
ENSMUSG00000066235.8,Pomgnt2,34.25262509646797,-0.9096698380345659,0.28631907239027715,-3.177119255243356,0.001487458577736474,0.005634906688399237,DOWN,ENSMUSG00000066235
ENSMUSG00000055632.19,NA,71.40069450257315,0.6171609807896475,0.19431314652480172,3.1761154189887733,0.0014926155228387377,0.005650474128254171,UP,ENSMUSG00000055632
ENSMUSG00000081540.4,Gm12538,7.988866161863719,1.2919747100740058,0.4069471014183257,3.1747976716657,0.0014994101090741061,0.0056673080187941505,UP,ENSMUSG00000081540
ENSMUSG00000098180.2,Gm5430,67.42869455025877,0.5672417237126611,0.17875832873129663,3.1732324179720846,0.0015075179127585281,0.005696661843000502,UP,ENSMUSG00000098180
ENSMUSG00000099835.2,Gm29668,43.67240365348209,0.6689872808911371,0.21095538249279677,3.1712264128362793,0.0015179677976555205,0.0057322533953132835,UP,ENSMUSG00000099835
ENSMUSG00000032997.17,NA,93.20560091930942,-0.5818659348288093,0.18358284889053736,-3.1695005189496284,0.0015270118551193312,0.005762491445116535,DOWN,ENSMUSG00000032997
ENSMUSG00000020160.19,NA,40.35704713955683,-0.6209162190069699,0.19618708344882899,-3.164918954355739,0.0015512615399674813,0.005840785152516983,DOWN,ENSMUSG00000020160
ENSMUSG00000113192.2,Gm18032,43.020843286553486,0.648415548248779,0.20491655052799243,3.1642907641088893,0.0015546139848639088,0.00585208641345159,UP,ENSMUSG00000113192
ENSMUSG00000058173.13,NA,109.45158453457978,0.5113279785525366,0.16167326167588997,3.16272445580771,0.0015630019344094873,0.005877496683374901,UP,ENSMUSG00000058173
ENSMUSG00000126127.1,ENSMUSG00000126127,7.048749551027994,-1.5112952839673492,0.4779730679731733,-3.1618837654931893,0.0015675211960454285,0.005890265547942616,DOWN,ENSMUSG00000126127
ENSMUSG00000101077.2,Gm29164,10.42922249696031,1.2894512227823431,0.40798940176270315,3.160501761102903,0.0015749765296830802,0.0059140528279655585,UP,ENSMUSG00000101077
ENSMUSG00000092627.5,D130058E05Rik,8.126795444862857,-1.9526784518355222,0.6181022528348216,-3.1591511645199355,0.0015822939611932119,0.0059401922775457,DOWN,ENSMUSG00000092627
ENSMUSG00000090164.9,BC035044,28.41718749406286,-1.2686043335753532,0.40182927786987244,-3.157072924850875,0.0015936148651032422,0.005973279723637147,DOWN,ENSMUSG00000090164
ENSMUSG00000115480.3,Gm49249,51.39463485883247,0.5263305400874214,0.16675201079901864,3.1563669761187607,0.001597477351143607,0.0059864117545327614,UP,ENSMUSG00000115480
ENSMUSG00000031434.16,NA,10.236168052136758,-1.5291954156177168,0.4844947387023576,-3.1562683626109633,0.001598017584702835,0.005987090820603117,DOWN,ENSMUSG00000031434
ENSMUSG00000025912.17,NA,31.52467696730399,-1.0369153814114624,0.3286659892689369,-3.1549214560286845,0.0016054131869319651,0.006013447957160254,DOWN,ENSMUSG00000025912
ENSMUSG00000033147.17,NA,52.16220763147923,-0.7058133649950002,0.22377070546169717,-3.1541812568303955,0.0016094908785906467,0.0060273680420789635,DOWN,ENSMUSG00000033147
ENSMUSG00000131361.1,ENSMUSG00000131361,46.00234647188494,0.5825374665969146,0.1847004884814984,3.153957368419564,0.0016107261365391075,0.0060306396616358685,UP,ENSMUSG00000131361
ENSMUSG00000040852.7,Plekhh2,32.271658016524974,-0.7285370895926357,0.2309992628810632,-3.153850278594805,0.0016113172909374925,0.006031498797682071,DOWN,ENSMUSG00000040852
ENSMUSG00000032586.10,NA,88.00706845800433,-1.0976942519410948,0.3482180403486195,-3.1523187335214886,0.0016197935646013006,0.006061866580630899,DOWN,ENSMUSG00000032586
ENSMUSG00000037455.18,NA,39.05615149640036,-0.7871175828076543,0.249977348338817,-3.1487556294132797,0.0016396724570444993,0.006129383074125548,DOWN,ENSMUSG00000037455
ENSMUSG00000024395.10,NA,35.86843674449,0.7638286086498457,0.24279847916142083,3.1459365449403247,0.0016555592058990303,0.006177691948438628,UP,ENSMUSG00000024395
ENSMUSG00000089857.10,NA,14.042066741579387,-1.6493954257493095,0.524369349992555,-3.1454840481670554,0.001658122370636434,0.006185872181819502,DOWN,ENSMUSG00000089857
ENSMUSG00000126831.1,ENSMUSG00000126831,23.1852254174397,0.918941940108806,0.2922873358756633,3.1439676897247324,0.0016667384149359026,0.006213346203380635,UP,ENSMUSG00000126831
ENSMUSG00000018199.10,NA,630.238791648202,-0.5166062794355959,0.1643362868697072,-3.1435922599686297,0.001668877982681239,0.006219041170769238,DOWN,ENSMUSG00000018199
ENSMUSG00000102918.2,Pcdhgc3,519.8520504230523,-0.5854519648109041,0.18632358878711835,-3.142124776695906,0.0016772654093887447,0.0062475045715806804,DOWN,ENSMUSG00000102918
ENSMUSG00000082481.2,Rps12-ps19,405.1347838402247,0.5150486403408773,0.16397819918049772,3.1409580231695404,0.0016839616641141793,0.006266391428514681,UP,ENSMUSG00000082481
ENSMUSG00000116815.2,Gm49760,21.779933426479985,-1.2710554711789772,0.40470542437930707,-3.1406929450683374,0.0016854864299020633,0.006269723779845373,DOWN,ENSMUSG00000116815
ENSMUSG00000108911.2,Gm45113,31.343743851468858,0.7440518873941542,0.23714596522438727,3.137527078270689,0.0017037953555088428,0.006327949075382063,UP,ENSMUSG00000108911
ENSMUSG00000112278.4,Gm30025,29.52381610354778,0.6873352650049233,0.21918590510184593,3.135855221555187,0.001713537722301036,0.006358467969980435,UP,ENSMUSG00000112278
ENSMUSG00000036667.15,NA,73.48499177179761,0.5063711685078446,0.16153276261385183,3.1347892546005527,0.001719776123316189,0.006377359713680402,UP,ENSMUSG00000036667
ENSMUSG00000112880.4,Gm20337,22.80799820434278,0.8103213101049942,0.2585964842101831,3.133535680424711,0.0017271391871619155,0.006401816644834875,UP,ENSMUSG00000112880
ENSMUSG00000086213.4,A330040F15Rik,226.60950071463023,-0.5877722072130781,0.18758273100174408,-3.1334025476343728,0.0017279228639241655,0.0064032981508443075,DOWN,ENSMUSG00000086213
ENSMUSG00000073888.14,NA,27.8342389612752,0.7301186086282312,0.23303544839409876,3.1330795965148117,0.0017298252517678548,0.006408923772157464,UP,ENSMUSG00000073888
ENSMUSG00000082675.2,Gm6382,83.2383361863864,-0.5869335720088142,0.18737914794095042,-3.1323313103855988,0.0017342405375177043,0.006422428426303628,DOWN,ENSMUSG00000082675
ENSMUSG00000026784.15,NA,215.79655811745346,-0.5645167586356319,0.18036716362307742,-3.129820014331055,0.0017491343791504708,0.006473272282892422,DOWN,ENSMUSG00000026784
ENSMUSG00000110533.2,LOC665443,46.24895250896206,0.6646467599635768,0.2124315707301374,3.128756981267682,0.001755474306388981,0.006493853046438032,UP,ENSMUSG00000110533
ENSMUSG00000073242.5,Dnmt3aos,31.405467717884626,-0.9231333438691822,0.29516450437710146,-3.127521535210715,0.001762869046562987,0.006518315791681679,DOWN,ENSMUSG00000073242
ENSMUSG00000092232.2,Gm20521,11.648870255701894,1.036575449387579,0.3314721736396143,3.1271869309747022,0.0017648767367229124,0.006524292720370492,UP,ENSMUSG00000092232
ENSMUSG00000117627.2,Tpi-rs10,54.4022192235854,0.573923871825026,0.18369444013282812,3.1243399169295807,0.001782044598568999,0.006580464066815019,UP,ENSMUSG00000117627
ENSMUSG00000087088.5,Gm16638,45.97158160717515,-0.6718092655220689,0.2152965306380326,-3.1203905772710687,0.0018061138616104538,0.006663441317746887,DOWN,ENSMUSG00000087088
ENSMUSG00000130122.1,ENSMUSG00000130122,8.889783991058463,-1.5190179902318834,0.48721998303258407,-3.117725140863722,0.0018225268557286352,0.006713597933759823,DOWN,ENSMUSG00000130122
ENSMUSG00000120077.2,Gm41659,7.355267628085317,-1.3841769546118465,0.444357778916441,-3.115005565981401,0.001839414389074192,0.00676833061610795,DOWN,ENSMUSG00000120077
ENSMUSG00000067555.3,Gm10212,42.89044923948213,0.7357021227883612,0.23623015799206443,3.1143446249275053,0.0018435402429118873,0.006782015682946974,UP,ENSMUSG00000067555
ENSMUSG00000071722.5,Spin4,8.159817081547606,-1.8849125484589022,0.6063200822236442,-3.108774727609373,0.0018786489778573755,0.006895960896929253,DOWN,ENSMUSG00000071722
ENSMUSG00000025001.12,NA,166.4808660208128,-0.5103425927242774,0.16456986035822108,-3.1010696102762005,0.0019282295546217767,0.00705806718857505,DOWN,ENSMUSG00000025001
ENSMUSG00000030340.17,NA,32.800142187766674,-0.6520288657184053,0.21027900661101365,-3.10077965569129,0.0019301185897693202,0.007062554801656808,DOWN,ENSMUSG00000030340
ENSMUSG00000091277.3,Gm1818,137.5176771083389,-0.5695560515462043,0.183833676425115,-3.0982138997705024,0.001946908519581592,0.007115197561372481,DOWN,ENSMUSG00000091277
ENSMUSG00000027603.16,NA,10.336677130535898,1.4089221743201732,0.45486078858830636,3.097479953576271,0.0019517359618233202,0.007131277147100283,UP,ENSMUSG00000027603
ENSMUSG00000097418.8,Mir155hg,58.35447212133957,1.4435414787571552,0.4660888999835928,3.097137646504713,0.001953991200909342,0.0071379533989844885,UP,ENSMUSG00000097418
ENSMUSG00000135430.1,ENSMUSG00000135430,9.10135967626362,-1.2650242965444043,0.4092958588886485,-3.0907331923154446,0.001996629551740903,0.007279360385839813,DOWN,ENSMUSG00000135430
ENSMUSG00000120129.2,Gm56848,23.640172723454313,0.6688831997482563,0.21647916151715252,3.0898271919593423,0.0020027298203586508,0.007296105620501607,UP,ENSMUSG00000120129
ENSMUSG00000116180.2,Gm49492,7.593923489863037,1.3081889647989196,0.424179869730834,3.084043016065423,0.0020420806690670907,0.0074207315836484645,UP,ENSMUSG00000116180
ENSMUSG00000042857.6,Gm9776,67.27860956279889,-0.580849343106028,0.18835120580918605,-3.0838631513433055,0.002043315618929642,0.007423601581976189,DOWN,ENSMUSG00000042857
ENSMUSG00000102674.3,8030442B05Rik,6.427724957887556,1.5557648710065053,0.5046838444401065,3.0826524132795696,0.0020516463841361997,0.007445757367106696,UP,ENSMUSG00000102674
ENSMUSG00000051502.8,Ufsp1,52.93692602406347,-0.5968989467380904,0.19376386557188516,-3.080548300253871,0.0020661983941172575,0.007492047058121197,DOWN,ENSMUSG00000051502
ENSMUSG00000045104.10,NA,40.48306715924651,-0.6562506587262792,0.21318467527939577,-3.0783200427807937,0.0020817121661976918,0.007534303708125372,DOWN,ENSMUSG00000045104
ENSMUSG00000031480.16,NA,108.28500064478267,-0.5113048837108748,0.16610745998383972,-3.078157258925148,0.0020828496917586537,0.007536038502878566,DOWN,ENSMUSG00000031480
ENSMUSG00000060143.10,NA,9189.227837927152,0.5130603329243708,0.1667272849636002,3.077242774248869,0.002089250670825238,0.007555276680594083,UP,ENSMUSG00000060143
ENSMUSG00000097920.2,Gm7784,6.526864481786889,1.6348099418604225,0.5313718744357551,3.0765835011429035,0.002093876471365274,0.007569365713524238,UP,ENSMUSG00000097920
ENSMUSG00000109326.2,Gm9165,64.22879290373862,0.5332599679163107,0.17341392252316626,3.0750700990866107,0.0021045308358141677,0.0076029367890028295,UP,ENSMUSG00000109326
ENSMUSG00000020648.4,Dus4l,47.101341763080526,-0.6387413513810659,0.2078387495956446,-3.0732543985361387,0.002117378984021767,0.007642729856611901,DOWN,ENSMUSG00000020648
ENSMUSG00000030206.14,NA,11.39524863454846,-1.4013943742600035,0.45645366207666555,-3.0701788389302624,0.0021393062882447914,0.007705199063233292,DOWN,ENSMUSG00000030206
ENSMUSG00000081703.2,Gm6285,163.61160953838615,0.5976423175649026,0.19480689280062508,3.067870489452132,0.0021559003077273203,0.007758263601998445,UP,ENSMUSG00000081703
ENSMUSG00000002808.8,Epdr1,48.51179331206716,-0.68641968390965,0.22410982913577218,-3.062871836352154,0.0021922392872399466,0.007866964139017291,DOWN,ENSMUSG00000002808
ENSMUSG00000118038.4,Gm9895,49.22762763067766,0.7114321065021052,0.23243028647132616,3.0608408108203715,0.002207164085558954,0.007913710662391124,UP,ENSMUSG00000118038
ENSMUSG00000043183.19,NA,91.43264310354519,-0.5595855747575064,0.18284151070347554,-3.0604952486146217,0.0022097126671548465,0.007921145407883539,DOWN,ENSMUSG00000043183
ENSMUSG00000060586.12,NA,307.4514639728316,0.5817692887468112,0.19054111335199894,3.053248081279294,0.0022637870565175083,0.008090637152697379,UP,ENSMUSG00000060586
ENSMUSG00000046798.15,NA,87.13358493175576,-0.6998323929473306,0.22925077774313946,-3.052693647702461,0.002267973452492081,0.00810039093890725,DOWN,ENSMUSG00000046798
ENSMUSG00000080996.4,Gm4986,136.45335213796636,0.5123950214920534,0.16815401353702286,3.047176875021411,0.002310017378755293,0.008225891481555257,UP,ENSMUSG00000080996
ENSMUSG00000001761.8,Smo,24.43664580465334,-1.1758771001061976,0.3859298893892535,-3.0468671446180577,0.002312398899778186,0.008232614016375112,DOWN,ENSMUSG00000001761
ENSMUSG00000079481.12,NA,141.2278970866439,-0.6444233370894912,0.21157276138708075,-3.0458709942840567,0.0023200735668940883,0.008254650480376748,DOWN,ENSMUSG00000079481
ENSMUSG00000124310.1,ENSMUSG00000124310,8.815400429723043,1.402006324067347,0.46055616972622726,3.0441592496757885,0.002333315909633011,0.0082964554603497,UP,ENSMUSG00000124310
ENSMUSG00000019817.19,NA,54.736313503340625,-3.192729630881646,1.0500656365253405,-3.040504821628451,0.0023618190995709706,0.008389364600882026,DOWN,ENSMUSG00000019817
ENSMUSG00000106239.2,Gm9260,170.18063554404404,-0.5342906239550667,0.17572877974646553,-3.0404275539039185,0.002362425186208553,0.008389364600882026,DOWN,ENSMUSG00000106239
ENSMUSG00000058794.13,NA,48.12801310431556,-0.6603574301142658,0.21734073820917948,-3.0383509118235588,0.0023787677692348975,0.008438275115881973,DOWN,ENSMUSG00000058794
ENSMUSG00000103933.2,Gm36964,1980.0052416952265,0.6541975991596581,0.21537196935801503,3.0375243403758767,0.002385301399538584,0.00845965251780209,UP,ENSMUSG00000103933
ENSMUSG00000120176.2,Gm56911,5.845781016274158,1.311818436177863,0.432470758568773,3.0333112937374542,0.0024188594031273117,0.008565916204406679,UP,ENSMUSG00000120176
ENSMUSG00000103103.4,4833445I07Rik,33.45678561532452,-0.7486495427149631,0.24692172158880643,-3.0319306778594126,0.002429950017999091,0.008601538208480756,DOWN,ENSMUSG00000103103
ENSMUSG00000000037.18,NA,13.289581089762214,-4.729929158770477,1.5627461110397398,-3.026677926348202,0.0024725725522257848,0.008726480398077711,DOWN,ENSMUSG00000000037
ENSMUSG00000097937.2,Gm6967,14.44810243612784,0.9460299647990308,0.31270318166304173,3.0253288750302527,0.00248362904539327,0.008758087959606295,UP,ENSMUSG00000097937
ENSMUSG00000030091.18,NA,135.18193448074356,-0.6451297659909948,0.2133297444525479,-3.024096652093888,0.0024937675508296337,0.008787711846974036,DOWN,ENSMUSG00000030091
ENSMUSG00000000673.10,NA,47.654038747687636,0.5639417791295963,0.1864989379951302,3.0238337289852115,0.002495935729648062,0.008792189317197103,UP,ENSMUSG00000000673
ENSMUSG00000091383.3,H2af-ps2,155.82841627309227,0.6178865247042515,0.2047191181691087,3.018216032924902,0.0025426757410359816,0.008939839902491257,UP,ENSMUSG00000091383
ENSMUSG00000121016.2,Gm41818,39.32169848469457,-0.6216440898613558,0.2062113890549469,-3.0145962970828593,0.0025732151004097077,0.009031979586283368,DOWN,ENSMUSG00000121016
ENSMUSG00000053475.6,Tnfaip6,10.272162719082173,1.8587685984918154,0.6168140802073844,3.013498975034524,0.0025825391353247263,0.009058986668211009,UP,ENSMUSG00000053475
ENSMUSG00000047515.9,BC049715,36.34916544269345,-0.7412228942227139,0.24597961359760306,-3.0133509171019233,0.0025837995582701475,0.009060090163276392,DOWN,ENSMUSG00000047515
ENSMUSG00000054967.8,Zfp647,22.821505005456476,-0.8872588627260024,0.2944442099837611,-3.013334386079236,0.0025839403224120006,0.009060090163276392,DOWN,ENSMUSG00000054967
ENSMUSG00000046733.8,Gprc5a,8.709598183946808,1.4845492676763794,0.49289321486788684,3.0119085085687214,0.00259610830396688,0.009097016616295795,UP,ENSMUSG00000046733
ENSMUSG00000105509.3,C130013H08Rik,15.293954029028129,-3.3537883521652976,1.1139535578538757,-3.010707518746697,0.0026063977889990895,0.00912348646711772,DOWN,ENSMUSG00000105509
ENSMUSG00000034258.5,Flvcr2,27.61922026564749,1.727432991076437,0.5739723005825729,3.009610375488712,0.002615830142586916,0.009150741233014351,UP,ENSMUSG00000034258
ENSMUSG00000097828.3,6430562O15Rik,20.909479447347334,0.8623483622476147,0.2865309452084201,3.0096168552417613,0.0026157743434015897,0.009150741233014351,UP,ENSMUSG00000097828
ENSMUSG00000110620.2,Gm45733,36.620670136095455,-0.8467741651602446,0.28142322616938364,-3.0088993601778493,0.0026219595333021894,0.009166414502588534,DOWN,ENSMUSG00000110620
ENSMUSG00000014846.13,NA,63.18478787065304,0.5498001208671947,0.18276961551121598,3.008159312090117,0.0026283531468909655,0.009182991216751256,UP,ENSMUSG00000014846
ENSMUSG00000119983.2,Gm56907,57.45214848542737,0.5334334977494903,0.17756919949635427,3.0040879795735207,0.0026637828356968884,0.009285376790986895,UP,ENSMUSG00000119983
ENSMUSG00000057829.6,Gm5278,48.25396442095825,0.5997272265421216,0.1997400465562064,3.0025387341309133,0.0026773789925684673,0.009321079766194522,UP,ENSMUSG00000057829
ENSMUSG00000087700.5,Gm15283,20.717093866507792,0.8384332317102307,0.27927367869802555,3.0021920992304327,0.002680429725007938,0.00932975288963314,UP,ENSMUSG00000087700
ENSMUSG00000120340.2,A330069E16Rik,27.66203963673276,0.6313349452926188,0.2104005048362186,3.0006341752082144,0.0026941802706465486,0.009359775397887939,UP,ENSMUSG00000120340
ENSMUSG00000031292.15,NA,63.48143868176692,-0.6584244811024981,0.21943523183048871,-3.0005413242442476,0.0026950018234210395,0.009359775397887939,DOWN,ENSMUSG00000031292
ENSMUSG00000082588.2,Gm15443,13.489257994415933,-1.3900755034029926,0.4635899841379885,-2.998502018950508,0.0027131035873919143,0.009406177842691802,DOWN,ENSMUSG00000082588
ENSMUSG00000104394.3,Gm37254,43.97754073253936,-0.607800493427611,0.20279264776385564,-2.99715251085124,0.0027251434199476485,0.009436148602792148,DOWN,ENSMUSG00000104394
ENSMUSG00000028476.14,NA,45.75548982765628,-0.667511771740081,0.2228254107924967,-2.995671675712483,0.002738411062106995,0.009474220512800053,DOWN,ENSMUSG00000028476
ENSMUSG00000026723.11,NA,181.5498400867606,-0.5218284840496114,0.1744842408397276,-2.9906912024733314,0.002783468113848483,0.00961016858520441,DOWN,ENSMUSG00000026723
ENSMUSG00000022070.8,Bora,87.56635225675639,-0.5396913208242006,0.18066910066731087,-2.9871810886909946,0.002815628865351541,0.009705131657420896,DOWN,ENSMUSG00000022070
ENSMUSG00000028133.18,NA,9.575881121303167,-1.429784650619103,0.4787203199178554,-2.986680512881598,0.0028202428414537623,0.009717018517372509,DOWN,ENSMUSG00000028133
ENSMUSG00000080779.2,Gm8731,9.778836224441472,1.3224654818089707,0.44283045775338253,2.9863923283828577,0.002822902265763687,0.00972417231643777,UP,ENSMUSG00000080779
ENSMUSG00000105867.3,Tmem217rt,56.18197168223151,-0.6969473448296005,0.2334827030422631,-2.985006322731517,0.0028357246230042953,0.009758263271403143,DOWN,ENSMUSG00000105867
ENSMUSG00000035285.7,Nat14,39.711839950381886,0.6103956595633317,0.20469392188617508,2.98199210772246,0.0028637938139793847,0.00983658612603918,UP,ENSMUSG00000035285
ENSMUSG00000082755.2,Gm8692,114.2793708075282,0.5264790525781553,0.17664340047415317,2.9804626222375674,0.0028781335982157414,0.009875669934947677,UP,ENSMUSG00000082755
ENSMUSG00000041688.17,NA,55.70502464382282,-0.6542983963751792,0.2196342340549914,-2.979036483954308,0.002891563466253647,0.00991359217994363,DOWN,ENSMUSG00000041688
ENSMUSG00000114220.3,Gm10353,8.418121185070255,-2.4760969792941436,0.8316533018528582,-2.9773187622505604,0.0029078150885657275,0.009963165074362455,DOWN,ENSMUSG00000114220
