gene_id,gene_name,baseMean,log2FoldChange,lfcSE,stat,pvalue,padj,regulation,gene_id_clean
ENSMUSG00000020826.10,NA,24104.52636928401,3.6820318254561775,0.14411102148190166,25.54996687688172,5.495317000909174e-144,8.982645169686137e-140,UP,ENSMUSG00000020826
ENSMUSG00000037411.12,NA,16117.5326821036,2.890413210289892,0.13003928847939533,22.227230278546752,1.873425893752011e-109,1.5311509829635185e-105,UP,ENSMUSG00000037411
ENSMUSG00000029449.12,NA,625.5911544672983,1.1066296588367497,0.06940255872485093,15.945084434480648,3.08223284212435e-57,1.6794059345788209e-53,UP,ENSMUSG00000029449
ENSMUSG00000121137.2,Gm56555,1471.3861752439097,1.0651200248938364,0.06941672499796284,15.343853011289344,3.893808504501451e-53,1.591204845364518e-49,UP,ENSMUSG00000121137
ENSMUSG00000078780.8,Gm5150,503.57550226759423,-1.2973438401445005,0.08493227168909216,-15.275039915258951,1.1215933448676617e-52,3.6667129630413595e-49,DOWN,ENSMUSG00000078780
ENSMUSG00000026797.17,NA,1545.8178747349612,1.0924810014435429,0.07424570081526455,14.714400826545019,5.2105697412331815e-49,1.4195328831699598e-45,UP,ENSMUSG00000026797
ENSMUSG00000026833.19,NA,1597.2944027220813,1.1263113911522038,0.08077503187286149,13.943806211367376,3.431415182184119e-44,8.012844652568802e-41,UP,ENSMUSG00000026833
ENSMUSG00000037012.19,NA,10069.134722046098,1.0463581178982733,0.07584044204594287,13.796835694396494,2.6628704399583456e-43,5.44091002644489e-40,UP,ENSMUSG00000037012
ENSMUSG00000025151.17,NA,3418.0319653842644,0.673181366367434,0.04918516355971011,13.686675364008927,1.2196325897837432e-42,2.215123812511674e-39,UP,ENSMUSG00000025151
ENSMUSG00000090877.4,Hspa1b,6383.382138810836,1.975068993434787,0.14505478030429722,13.616021404406455,3.216175684743903e-42,5.257160774282384e-39,UP,ENSMUSG00000090877
ENSMUSG00000005125.14,NA,3719.008870987512,1.140183394466332,0.08457375647110887,13.481527155008521,2.0090491342557688e-41,2.9854470135040724e-38,UP,ENSMUSG00000005125
ENSMUSG00000032487.9,Ptgs2,21393.731903522432,2.3397221973026134,0.1758108632952714,13.308177625935942,2.074808958432731e-40,2.8262356028784516e-37,UP,ENSMUSG00000032487
ENSMUSG00000091971.4,Hspa1a,8074.88448061835,1.9398458059179393,0.14597179789756615,13.289182115021982,2.674859782461731e-40,3.36332753877842e-37,UP,ENSMUSG00000091971
ENSMUSG00000024013.16,NA,494.8388817301603,-1.3825218477739893,0.10498927674087917,-13.168219561947733,1.3371382100601496e-39,1.561204370117372e-36,DOWN,ENSMUSG00000024013
ENSMUSG00000025025.15,NA,1680.9473676163427,1.0598417609728437,0.08058364040224313,13.152071011963638,1.6557635007633493e-39,1.8043406788985137e-36,UP,ENSMUSG00000025025
ENSMUSG00000074677.12,NA,2329.2215104369766,-1.1162028215915423,0.08550923036885304,-13.053594527475973,6.061842097773933e-39,6.082930039509716e-36,DOWN,ENSMUSG00000074677
ENSMUSG00000047592.18,NA,1501.67775472327,-1.5246908708426534,0.1168314908695675,-13.050341645856784,6.326306782801001e-39,6.082930039509716e-36,DOWN,ENSMUSG00000047592
ENSMUSG00000106874.4,Gm20186,3094.3628322277495,1.1038780614239245,0.08562501471926028,12.892004340591617,4.992906156881633e-38,4.534113557799287e-35,UP,ENSMUSG00000106874
ENSMUSG00000043157.9,Arl11,2399.06143913261,-0.7263655106246101,0.05642527527076679,-12.873052140889257,6.38291137960025e-38,5.491319442681351e-35,DOWN,ENSMUSG00000043157
ENSMUSG00000140105.1,ENSMUSG00000140105,1257.740381885824,1.219094184992702,0.09507423843773696,12.822550093746719,1.2260088295220795e-37,1.0020170163683956e-34,UP,ENSMUSG00000140105
ENSMUSG00000134796.1,ENSMUSG00000134796,703.4053466931572,1.213785438872923,0.09498636771877009,12.77852251879581,2.161363706457978e-37,1.6823643402743862e-34,UP,ENSMUSG00000134796
ENSMUSG00000052397.9,Ezr,5827.417415307311,1.0098173587876909,0.08049221883257762,12.54552767253308,4.206032161210181e-36,3.1250818957791645e-33,UP,ENSMUSG00000052397
ENSMUSG00000068923.15,NA,796.3327671493795,0.8924694349484418,0.07132165599447436,12.513302201193783,6.314358976344431e-36,4.487587470753307e-33,UP,ENSMUSG00000068923
ENSMUSG00000038963.16,NA,640.58170619147,1.3919842758634178,0.11185317438236213,12.444745386528043,1.493599017133506e-35,1.0172653972526789e-32,UP,ENSMUSG00000038963
ENSMUSG00000064037.14,NA,590.413672179309,-1.1624030159369472,0.09350553344824948,-12.43138211259206,1.7655510177466926e-35,1.1543878774434976e-32,DOWN,ENSMUSG00000064037
ENSMUSG00000015314.11,NA,223.85901394282925,-1.09608516183534,0.08837898805018339,-12.402101291462632,2.5455933237838546e-35,1.6003949411758034e-32,DOWN,ENSMUSG00000015314
ENSMUSG00000095028.7,Sirpb1b,1727.3983793930627,-1.1290125064230256,0.09212148454169278,-12.255691623293933,1.5660748752409478e-34,9.481133300255011e-32,DOWN,ENSMUSG00000095028
ENSMUSG00000130275.1,ENSMUSG00000130275,387.1804251422521,1.243970603682893,0.1015320780329264,12.251995899064323,1.6391157906130908e-34,9.568923826200566e-32,UP,ENSMUSG00000130275
ENSMUSG00000054720.13,NA,2054.591009502987,1.1072681002338172,0.09054261205886119,12.229248472685867,2.1693637805407992e-34,1.2227731157489623e-31,UP,ENSMUSG00000054720
ENSMUSG00000021196.15,NA,7435.96168694104,0.694684241630895,0.05729631497192811,12.124413969227344,7.841914393414703e-34,4.2727977558252245e-31,UP,ENSMUSG00000021196
ENSMUSG00000001473.8,Tubb6,6203.561012491326,0.8257229485616918,0.06896067216497152,11.973823958478128,4.872984015741244e-33,2.5694773135905282e-30,UP,ENSMUSG00000001473
ENSMUSG00000007033.5,Hspa1l,373.950243664063,1.230858177272049,0.10310688740451848,11.9376911499911,7.528402851913347e-33,3.845602281792987e-30,UP,ENSMUSG00000007033
ENSMUSG00000026456.19,NA,1773.4653226389187,-0.6443977327142053,0.054188221703412566,-11.891841297933267,1.304974957020941e-32,6.46397595377706e-30,DOWN,ENSMUSG00000026456
ENSMUSG00000027472.15,NA,1058.5090992302764,-0.9546612891449106,0.08033518195121161,-11.883477026599456,1.4424015162001573e-32,6.919390144283752e-30,DOWN,ENSMUSG00000027472
ENSMUSG00000018906.15,NA,1814.7533165859707,1.1255739528223363,0.09473541474584427,11.88123740041695,1.4815774810346956e-32,6.919390144283752e-30,UP,ENSMUSG00000018906
ENSMUSG00000027423.16,NA,12598.469205812735,-0.6197213944951269,0.0529709184826629,-11.699275984764327,1.285455486650957e-31,5.836682051332374e-29,DOWN,ENSMUSG00000027423
ENSMUSG00000028645.12,NA,19908.7508933275,1.0927020355463302,0.09382688083498776,11.645937985171354,2.4065914173575236e-31,1.063193062381786e-28,UP,ENSMUSG00000028645
ENSMUSG00000005410.7,Mcm5,1487.7776874449237,-1.5078703478462407,0.12958262833511827,-11.636361811914197,2.6925803284691085e-31,1.1582346855041065e-28,DOWN,ENSMUSG00000005410
ENSMUSG00000001441.14,NA,5392.459999152833,0.7497813516524234,0.06470603785574532,11.5875021327063,4.768361465215314e-31,1.9985547823181931e-28,UP,ENSMUSG00000001441
ENSMUSG00000030109.16,NA,183.3977720303695,2.028111677448673,0.17535904662733676,11.565480746246886,6.164505954825267e-31,2.519125358439345e-28,UP,ENSMUSG00000030109
ENSMUSG00000068566.14,NA,17684.019496814944,0.876261243515026,0.07589920257666546,11.545065215012215,7.818215104971015e-31,3.1169888806306393e-28,UP,ENSMUSG00000068566
ENSMUSG00000068747.15,NA,1975.4965619330499,1.0332645549419763,0.09022375557375872,11.452245014310819,2.2913318478444158e-30,8.91764532972972e-28,UP,ENSMUSG00000068747
ENSMUSG00000022106.15,NA,3392.620447621937,-0.768009432154378,0.06729895999075163,-11.411906398849545,3.646485607627749e-30,1.3861733428437951e-27,DOWN,ENSMUSG00000022106
ENSMUSG00000057193.9,Slc44a2,4278.21200429718,0.8720511719188165,0.07657487323411544,11.388215678172388,4.786918216188662e-30,1.7783401173140878e-27,UP,ENSMUSG00000057193
ENSMUSG00000022476.9,Polr3h,220.04359058188112,-1.1469338841315264,0.10077790594825778,-11.380806867731451,5.211530715587627e-30,1.893059579488786e-27,DOWN,ENSMUSG00000022476
ENSMUSG00000121069.2,Gm56730,3023.983451354453,1.2151170562362403,0.10706419586569575,11.3494249539829,7.465204053558272e-30,2.6527440317274675e-27,UP,ENSMUSG00000121069
ENSMUSG00000032515.9,Csrnp1,1248.9504326732392,1.0118590875782747,0.08936481853009605,11.322790156369013,1.0119882270099345e-29,3.519565863554125e-27,UP,ENSMUSG00000032515
ENSMUSG00000004951.11,NA,61.62747017148753,2.3034970559998436,0.20383793436777106,11.300629900633702,1.3028014279823136e-29,4.436581696208104e-27,UP,ENSMUSG00000004951
ENSMUSG00000053113.4,Socs3,19671.81607288934,0.7956714460705487,0.07057050393677947,11.27484432849382,1.746873313991409e-29,5.827426773572158e-27,UP,ENSMUSG00000053113
ENSMUSG00000143161.1,ENSMUSG00000143161,978.4012901567979,1.2395462643181943,0.11031616415400461,11.236306789889388,2.704620266505459e-29,8.841944575259647e-27,UP,ENSMUSG00000143161
ENSMUSG00000025791.19,NA,4953.905932006857,1.0272954567450865,0.0915940657556456,11.215742507660948,3.413098463805001e-29,1.093931519399148e-26,UP,ENSMUSG00000025791
ENSMUSG00000021483.9,Cdk20,1227.9476358548227,-0.5543907768948904,0.04949141723209378,-11.201755938712212,3.9973081506251365e-29,1.256538442886894e-26,DOWN,ENSMUSG00000021483
ENSMUSG00000022822.18,NA,5894.678178702818,0.8616649036421397,0.07693794360587702,11.199479258974112,4.101371937961357e-29,1.264925013168233e-26,UP,ENSMUSG00000022822
ENSMUSG00000021831.10,NA,13944.32236712847,1.1102701228586114,0.09935224123837787,11.175088845703215,5.39963136374252e-29,1.6344884124395414e-26,UP,ENSMUSG00000021831
ENSMUSG00000009995.18,NA,790.9526063650991,-0.9246182819004768,0.08295671553995614,-11.145791825076946,7.50735241444544e-29,2.2311851375731846e-26,DOWN,ENSMUSG00000009995
ENSMUSG00000019823.18,NA,845.3501172393727,0.7968218740119236,0.07160404711925861,11.128168114363616,9.149650486287016e-29,2.6707176223008493e-26,UP,ENSMUSG00000019823
ENSMUSG00000024190.8,Dusp1,5659.963924419032,0.9102437497164529,0.08185982202223824,11.119542251987475,1.007877681382486e-28,2.8903102771715997e-26,UP,ENSMUSG00000024190
ENSMUSG00000023079.15,NA,418.3236737103645,1.0084956554069362,0.09081610895570372,11.10481022589107,1.188695857599479e-28,3.35007284281398e-26,UP,ENSMUSG00000023079
ENSMUSG00000010751.16,NA,432.561067518591,0.9340841483985028,0.08447056200455771,11.058102683726707,2.0028943461035173e-28,5.549035759560694e-26,UP,ENSMUSG00000010751
ENSMUSG00000025264.13,NA,276.2179858473422,-1.253425568110024,0.11375635322894175,-11.01851046145464,3.1116545832504446e-28,8.477184302968628e-26,DOWN,ENSMUSG00000025264
ENSMUSG00000024201.13,NA,1112.4882129006246,0.9383059185487568,0.08533664034210445,10.995346369240691,4.023657129387577e-28,1.0782081874913006e-25,UP,ENSMUSG00000024201
ENSMUSG00000038058.15,NA,1377.2087171825613,0.9961347209013838,0.09065009012433466,10.988789084876766,4.326921825617627e-28,1.1407720026055762e-25,UP,ENSMUSG00000038058
ENSMUSG00000026773.20,NA,10050.104783619297,1.0691076484609954,0.0977138987832149,10.94120347027484,7.322141959998939e-28,1.899805277430836e-25,UP,ENSMUSG00000026773
ENSMUSG00000001525.11,NA,27636.16836656989,0.6809553935057605,0.06253976517204186,10.888358656808304,1.3097953510108026e-27,3.345299188691028e-25,UP,ENSMUSG00000001525
ENSMUSG00000023087.17,NA,477.26853188378954,1.1798533588693545,0.10859478069845216,10.864733565286084,1.6971784819331176e-27,4.268012225489037e-25,UP,ENSMUSG00000023087
ENSMUSG00000022126.7,Acod1,138960.90356345405,0.9405504072660306,0.08659107503189048,10.86197863832545,1.749175230789688e-27,4.332123988255794e-25,UP,ENSMUSG00000022126
ENSMUSG00000060098.12,NA,520.0385840561256,-1.0499011842965411,0.09746541402975283,-10.772038417402532,4.66555528480216e-27,1.138256219184718e-24,DOWN,ENSMUSG00000060098
ENSMUSG00000045348.17,NA,208.0171024715895,1.3170035866175205,0.12249496093310154,10.7514919518753,5.8310709289088126e-27,1.401686550057992e-24,UP,ENSMUSG00000045348
ENSMUSG00000058056.17,NA,459.83096376739803,1.0960091846234816,0.10228233949601107,10.715527138154922,8.606556196425799e-27,2.038880689663422e-24,UP,ENSMUSG00000058056
ENSMUSG00000121008.2,Gm56974,224.31961472525637,-1.0228432960602531,0.09550500373512683,-10.7098398623909,9.151998450013638e-27,2.1371223809131845e-24,DOWN,ENSMUSG00000121008
ENSMUSG00000142744.1,ENSMUSG00000142744,34.56054621574009,2.4276567021638438,0.22846896218287394,10.625761499370181,2.2615878238906254e-26,5.2067485308896e-24,UP,ENSMUSG00000142744
ENSMUSG00000060477.15,NA,5224.806045199793,0.6115812375527534,0.057951074364815176,10.553406373498973,4.8988170507581355e-26,1.1121675487735066e-23,UP,ENSMUSG00000060477
ENSMUSG00000036959.16,NA,479.7932377005604,1.2039888586762009,0.11436010551880259,10.528049560764407,6.41498817053811e-26,1.4364300908988486e-23,UP,ENSMUSG00000036959
ENSMUSG00000035107.14,NA,677.3958097284169,1.1104621547778208,0.10584840194243601,10.491062069900009,9.495496663594857e-26,2.0974782224746155e-23,UP,ENSMUSG00000035107
ENSMUSG00000070691.11,NA,361.8846762662701,1.3993113732903832,0.13352857906697582,10.479489732220626,1.0732121548115095e-25,2.339030117673191e-23,UP,ENSMUSG00000070691
ENSMUSG00000020328.11,NA,1015.5029156193907,-0.8479424776508415,0.08095197853837861,-10.474635616828555,1.1297182488952102e-25,2.429786117952777e-23,DOWN,ENSMUSG00000020328
ENSMUSG00000062300.15,NA,2132.259093974686,0.9403718961562344,0.0898894448955432,10.461427337202958,1.2988414574277415e-25,2.721905443988957e-23,UP,ENSMUSG00000062300
ENSMUSG00000135102.1,ENSMUSG00000135102,20704.452413371386,1.4044672391205733,0.13424614272440685,10.461881515685677,1.2926295673457386e-25,2.721905443988957e-23,UP,ENSMUSG00000135102
ENSMUSG00000068742.12,NA,266.64367655825293,1.0647878624117295,0.10200323876116316,10.438765232787278,1.6494212115993565e-25,3.4128403955446936e-23,UP,ENSMUSG00000068742
ENSMUSG00000003352.15,NA,106.71199113467635,1.6894843729725382,0.16198578720976306,10.429830925751189,1.8121044702906199e-25,3.702582458921309e-23,UP,ENSMUSG00000003352
ENSMUSG00000123342.1,ENSMUSG00000123342,10563.754768298846,1.2367722618686434,0.11865840899739608,10.42296346562159,1.9478745294892008e-25,3.9308588961766025e-23,UP,ENSMUSG00000123342
ENSMUSG00000027076.11,NA,352.5712953994056,-1.1650022349992968,0.11201704736587259,-10.400222666056715,2.473545062361569e-25,4.9308009255319765e-23,DOWN,ENSMUSG00000027076
ENSMUSG00000017400.11,NA,437.72838297722257,1.5351443530942814,0.14767475435682603,10.395442063068662,2.600781327915518e-25,5.121972480253862e-23,UP,ENSMUSG00000017400
ENSMUSG00000002108.11,NA,737.0754378551259,-0.8969211910408368,0.08638530947072647,-10.382797683265556,2.9694340935779475e-25,5.778377344479182e-23,DOWN,ENSMUSG00000002108
ENSMUSG00000031803.9,B3gnt3,2626.589668949255,0.8782248019392408,0.08469527064422361,10.369230716888175,3.4226897836870687e-25,6.582033788723392e-23,UP,ENSMUSG00000031803
ENSMUSG00000032578.8,Cish,231.36772577308292,1.5524008097542739,0.1501356869876682,10.339985388562445,4.646083639000407e-25,8.830800367802403e-23,UP,ENSMUSG00000032578
ENSMUSG00000030530.16,NA,6944.240528179777,1.0648254063065317,0.103258298590233,10.312250161434012,6.203164854276247e-25,1.1654819851494199e-22,UP,ENSMUSG00000030530
ENSMUSG00000015355.14,NA,6086.119532718666,-0.545938341159348,0.05306517817593308,-10.2880713855202,7.975784546963315e-25,1.4485797133851372e-22,DOWN,ENSMUSG00000015355
ENSMUSG00000054733.10,NA,776.6724355823928,-0.8591260125715204,0.08350332360145347,-10.288524761864284,7.938324853015986e-25,1.4485797133851372e-22,DOWN,ENSMUSG00000054733
ENSMUSG00000031432.4,Prps1,334.09646868144154,-1.1710447732506915,0.11381327182205393,-10.289175897531615,7.884830290632091e-25,1.4485797133851372e-22,DOWN,ENSMUSG00000031432
ENSMUSG00000040751.13,NA,8629.150864163463,-0.8351714160246884,0.08126034914922287,-10.277723696350565,8.880007099202622e-25,1.5777456091691962e-22,DOWN,ENSMUSG00000040751
ENSMUSG00000050106.19,NA,449.6270501955526,1.2088343624908844,0.11783562424908482,10.258649455071502,1.0820950946130968e-24,1.9019275716715784e-22,UP,ENSMUSG00000050106
ENSMUSG00000095788.7,Sirpb1a,943.0355143185334,-1.05043244195371,0.10246704736847045,-10.25141710365056,1.1662103819974808e-24,2.0279654153330659e-22,DOWN,ENSMUSG00000095788
ENSMUSG00000029464.11,NA,399.53156598698075,-0.9374062619392005,0.09155264598016292,-10.238986016224064,1.3261894650646496e-24,2.2818834732575536e-22,DOWN,ENSMUSG00000029464
ENSMUSG00000029135.11,NA,2495.2111528434352,1.20808367464829,0.11855157072244538,10.190364136774473,2.1894258143046206e-24,3.689521068105498e-22,UP,ENSMUSG00000029135
ENSMUSG00000020057.3,Dram1,5200.141745151872,0.5701162920727302,0.055979479283784904,10.184380050813921,2.3283922936454147e-24,3.8836633093804026e-22,UP,ENSMUSG00000020057
ENSMUSG00000028042.16,NA,5045.494654485464,0.8381158885874328,0.08231705601029944,10.181558102400654,2.3969230689416825e-24,3.957586311608156e-22,UP,ENSMUSG00000028042
ENSMUSG00000035105.6,Egln3,3476.2617679811237,1.3796541461585352,0.13606476060665934,10.139687454761976,3.6827596489930035e-24,6.019838922243964e-22,UP,ENSMUSG00000035105
ENSMUSG00000051439.8,Cd14,68039.21222313333,1.160560371336497,0.11484170249549187,10.105739867293023,5.210080039120585e-24,8.432076071234167e-22,UP,ENSMUSG00000051439
ENSMUSG00000060950.13,NA,186.2162451748975,-1.1360303554402795,0.11268624532008063,-10.081357775418217,6.679662197775774e-24,1.0704486106357137e-21,DOWN,ENSMUSG00000060950
ENSMUSG00000086763.3,Plxna4os1,289.8097491381215,-1.2136075831674586,0.12046826662844382,-10.074085210427633,7.192698333734296e-24,1.141474242361367e-21,DOWN,ENSMUSG00000086763
ENSMUSG00000051790.16,NA,246.14491893829742,1.433098692375819,0.14296744397927533,10.02395127511381,1.1962274740048835e-23,1.8801475278926757e-21,UP,ENSMUSG00000051790
ENSMUSG00000026207.17,NA,2703.5201150263892,-0.5309498600363406,0.05347936410036755,-9.928125903664055,3.141034046656078e-23,4.889842145394309e-21,DOWN,ENSMUSG00000026207
ENSMUSG00000000628.11,NA,3181.284072831248,0.9274820113230261,0.09354862471436998,9.91443769649086,3.6027937823911364e-23,5.555779921411842e-21,UP,ENSMUSG00000000628
ENSMUSG00000030103.12,NA,1096.266448340651,0.7799979336218641,0.07871269653524637,9.909429710270345,3.7880215822983e-23,5.786822503200748e-21,UP,ENSMUSG00000030103
ENSMUSG00000040734.15,NA,317.57264130328275,1.3236775549878843,0.13395132105822963,9.881780519450585,4.993759746932091e-23,7.55814785401407e-21,UP,ENSMUSG00000040734
ENSMUSG00000051212.9,Gpr183,636.0545110534481,-0.7980462862969993,0.08103687469054699,-9.84794008091346,6.996314823056231e-23,1.0491904779603408e-20,DOWN,ENSMUSG00000051212
ENSMUSG00000018983.10,NA,607.0893890805926,0.8579204883236127,0.08738941813933969,9.817212502269843,9.493224761177644e-23,1.410693199510998e-20,UP,ENSMUSG00000018983
ENSMUSG00000052248.19,NA,1041.129226890275,-0.8124822470718472,0.08301685157587613,-9.78695568006757,1.2809459336504374e-22,1.886337137968473e-20,DOWN,ENSMUSG00000052248
ENSMUSG00000042354.8,Gnl3,459.34184660903054,-1.0848428946657938,0.11089866029706327,-9.78229035192882,1.3414010371642535e-22,1.9577269065613294e-20,DOWN,ENSMUSG00000042354
ENSMUSG00000021466.13,NA,380.57782090551626,1.42278981486168,0.14576635813634134,9.760755726166153,1.659142014819307e-22,2.4000296791359642e-20,UP,ENSMUSG00000021466
ENSMUSG00000059316.3,Slc27a4,2321.1639259025374,0.6697253787437512,0.06884630350449335,9.727833516871979,2.2942712393591346e-22,3.2896629542600364e-20,UP,ENSMUSG00000059316
ENSMUSG00000025790.15,NA,3834.2617801788756,0.9973673931246857,0.10263837258553715,9.7172954714719,2.544499946021223e-22,3.616730097188079e-20,UP,ENSMUSG00000025790
ENSMUSG00000009739.19,NA,534.7272303499127,0.9337428025822089,0.09641049769363985,9.685073979695963,3.489558027636418e-22,4.9172685792883526e-20,UP,ENSMUSG00000009739
ENSMUSG00000030609.19,NA,1102.0711860311635,-0.6432607726154816,0.06652988238494927,-9.668749583735975,4.0934884464165116e-22,5.718988217531991e-20,DOWN,ENSMUSG00000030609
ENSMUSG00000025402.13,NA,1801.2277180996039,0.8837268215216285,0.09148968532280168,9.659305509725916,4.488967281392342e-22,6.166105813583127e-20,UP,ENSMUSG00000025402
ENSMUSG00000022175.10,NA,7757.344887106262,0.9764863843903481,0.10109126160129507,9.659453932246093,4.482468723599239e-22,6.166105813583127e-20,UP,ENSMUSG00000022175
ENSMUSG00000058756.14,NA,872.3349594967231,0.6639440339375609,0.06877602134739412,9.653713909734869,4.7407021561486185e-22,6.457626453700444e-20,UP,ENSMUSG00000058756
ENSMUSG00000035596.15,NA,2409.276376881274,0.8249589034070245,0.08550641806885836,9.647917922870827,5.016385110970074e-22,6.776680249910482e-20,UP,ENSMUSG00000035596
ENSMUSG00000027405.17,NA,1135.2876513017554,-0.9338378111450666,0.09687770440049734,-9.639347019253613,5.453375770841065e-22,7.24722604472911e-20,DOWN,ENSMUSG00000027405
ENSMUSG00000031488.15,NA,1798.0619411554826,1.0911933646147494,0.1131976552748556,9.639717023866078,5.433755708865462e-22,7.24722604472911e-20,UP,ENSMUSG00000031488
ENSMUSG00000021905.15,NA,919.2565408291741,-0.8566731196471594,0.08904440799673206,-9.620740245458192,6.535909046941661e-22,8.615803974299063e-20,DOWN,ENSMUSG00000021905
ENSMUSG00000037278.10,NA,1379.3494029009316,-0.6951692138839936,0.07234925500508349,-9.60851931143104,7.359972189353976e-22,9.624488432574407e-20,DOWN,ENSMUSG00000037278
ENSMUSG00000025278.10,NA,3936.230261333952,1.2115621766061822,0.12637808563926045,9.586805896589716,9.085410642768602e-22,1.178651764815044e-19,UP,ENSMUSG00000025278
ENSMUSG00000025746.12,NA,2062.314052264062,1.3255856699023691,0.13841414637720356,9.576952245111627,9.995085181699157e-22,1.2864540344886176e-19,UP,ENSMUSG00000025746
ENSMUSG00000032615.15,NA,542.5998301336555,-0.6006410495345876,0.06276812440867068,-9.569204993667393,1.0773086616680153e-21,1.3757568268457326e-19,DOWN,ENSMUSG00000032615
ENSMUSG00000004044.10,NA,196.28999441349362,1.177580616300947,0.12307380394577579,9.568084990854503,1.0890409888217624e-21,1.3799584498667076e-19,UP,ENSMUSG00000004044
ENSMUSG00000032527.14,NA,610.5605148234059,-0.788664514648601,0.08266053572780187,-9.541004152763351,1.4145591881094976e-21,1.7786449606798344e-19,DOWN,ENSMUSG00000032527
ENSMUSG00000024222.19,NA,689.4737492323345,0.8362091166008981,0.08783458566411803,9.520271659259437,1.727269331038222e-21,2.155262937797769e-19,UP,ENSMUSG00000024222
ENSMUSG00000053063.12,NA,19076.17505774839,-0.5349881213210935,0.05627682514925808,-9.50636642884867,1.974386356300386e-21,2.444948437885311e-19,DOWN,ENSMUSG00000053063
ENSMUSG00000039834.18,NA,837.1246195530805,0.9955376581438667,0.10480346969736389,9.499090640974336,2.117311334993577e-21,2.6022233896093993e-19,UP,ENSMUSG00000039834
ENSMUSG00000005846.13,NA,1947.2386112866084,-0.617099446284052,0.06498380459978402,-9.496203709287022,2.1768169027882838e-21,2.655391723356514e-19,DOWN,ENSMUSG00000005846
ENSMUSG00000032067.7,Pts,466.80918535506464,-0.7977139272870252,0.0840714970131542,-9.488518173551869,2.3434170903026536e-21,2.8374441302286797e-19,DOWN,ENSMUSG00000032067
ENSMUSG00000003541.7,Ier3,5268.603501544744,1.1345824692478221,0.11962249483758496,9.484691577351557,2.4310090801370858e-21,2.9218584135235887e-19,UP,ENSMUSG00000003541
ENSMUSG00000003863.19,NA,252.8699365201708,1.2281378823857532,0.1295200024297146,9.48222559717921,2.4891642110332028e-21,2.9699181163174257e-19,UP,ENSMUSG00000003863
ENSMUSG00000020893.18,NA,1154.2907060245786,0.96000043190945,0.10139092456129156,9.468307307219815,2.8441503429385974e-21,3.3688754714256748e-19,UP,ENSMUSG00000020893
ENSMUSG00000023951.19,NA,3717.862352374108,1.0009661342995162,0.10581976571611101,9.459160370708698,3.104257644776185e-21,3.650517659101548e-19,UP,ENSMUSG00000023951
ENSMUSG00000085795.9,Zfp703,1069.0897435537236,1.1030569513530777,0.11672186435636278,9.450302712654945,3.378522066123952e-21,3.944665835204437e-19,UP,ENSMUSG00000085795
ENSMUSG00000064043.16,NA,1297.8190758500537,0.9590544440400823,0.10150539369119764,9.448310175100081,3.4434464358607465e-21,3.991955705005657e-19,UP,ENSMUSG00000064043
ENSMUSG00000037752.5,Xkr8,1338.6056221225822,0.5104791172273676,0.05413888224203256,9.429066432240447,4.137550527441452e-21,4.762845135320985e-19,UP,ENSMUSG00000037752
ENSMUSG00000026519.17,NA,2115.4865486155927,0.8504609551587575,0.09044080360414411,9.403509492034061,5.2772839072863005e-21,6.032341450944187e-19,UP,ENSMUSG00000026519
ENSMUSG00000052040.11,NA,2577.580350230743,0.9037521662381403,0.09613006127956347,9.401348071649167,5.386840879327285e-21,6.11481257038082e-19,UP,ENSMUSG00000052040
ENSMUSG00000024960.10,NA,2498.9032835056364,0.8457164348000429,0.08996989284529472,9.399993798528488,5.456628743597399e-21,6.151314030540902e-19,UP,ENSMUSG00000024960
ENSMUSG00000027845.16,NA,571.7848886444634,0.6852391777699921,0.07298717096540369,9.38848798639968,6.0867726195017684e-21,6.814683920436706e-19,UP,ENSMUSG00000027845
ENSMUSG00000004665.11,NA,2786.4849364242705,0.7214678222322957,0.07685812948829975,9.387007295592928,6.1729242952556824e-21,6.817744630422256e-19,UP,ENSMUSG00000004665
ENSMUSG00000130235.1,ENSMUSG00000130235,975.3723826689744,1.270414448372308,0.13532813243481523,9.38765965003057,6.134820456513792e-21,6.817744630422256e-19,UP,ENSMUSG00000130235
ENSMUSG00000050860.7,Phospho1,760.3142726150386,1.4043513448464275,0.1496482777358711,9.384346857135935,6.330758498604302e-21,6.945139491153417e-19,UP,ENSMUSG00000050860
ENSMUSG00000127564.1,ENSMUSG00000127564,347.04954724835454,1.2382898805533422,0.1320660084316872,9.376295197063241,6.833158979910238e-21,7.446321112374183e-19,UP,ENSMUSG00000127564
ENSMUSG00000031917.13,NA,1013.6091669733139,-0.815725606699402,0.08706599839624841,-9.369049017125274,7.318896699891254e-21,7.922826851418705e-19,DOWN,ENSMUSG00000031917
ENSMUSG00000001305.6,Rrp15,234.84731829789118,-1.0546839460555044,0.11272875308691316,-9.355944399050966,8.285615804784708e-21,8.852070323203323e-19,DOWN,ENSMUSG00000001305
ENSMUSG00000037110.21,NA,2346.4998367135304,1.236330274771638,0.1321430002888392,9.356002755115727,8.281042743541427e-21,8.852070323203323e-19,UP,ENSMUSG00000037110
ENSMUSG00000002250.17,NA,1450.2527625007717,1.081247865957907,0.11569791982983448,9.345439118941625,9.150895534064325e-21,9.71302197401399e-19,UP,ENSMUSG00000002250
ENSMUSG00000034765.7,Dusp5,460.7193366801768,1.0191996339948717,0.10932454308988063,9.322697403426986,1.1341946445074967e-20,1.1960997199431962e-18,UP,ENSMUSG00000034765
ENSMUSG00000023495.14,NA,511.69138618006303,0.9303821675442754,0.09990518287631887,9.312651663888897,1.2468001487699499e-20,1.3064227712688206e-18,UP,ENSMUSG00000023495
ENSMUSG00000027367.17,NA,5093.658890619346,0.552328678913125,0.059440076293586275,9.292193303808437,1.5114112692199448e-20,1.5736005481954917e-18,UP,ENSMUSG00000027367
ENSMUSG00000016503.19,NA,971.0011928419038,-0.7714532045377227,0.083092621554940585,-9.284256412919168,1.6284020840367827e-20,1.6846747130167879e-18,DOWN,ENSMUSG00000016503
ENSMUSG00000141856.1,ENSMUSG00000141856,1004.5383481537131,-0.886110187816795,0.09552255039069416,-9.276450264283564,1.7521887062170478e-20,1.801338150429174e-18,DOWN,ENSMUSG00000141856
ENSMUSG00000024177.10,NA,738.7788452475426,-1.0751540192935056,0.11596776433998744,-9.271145524039186,1.84157320613485e-20,1.881397226717516e-18,DOWN,ENSMUSG00000024177
ENSMUSG00000029560.13,NA,4570.577515117439,-0.5469579532979298,0.05905057364230103,-9.262534122210713,1.996367903576269e-20,2.026871413158863e-18,DOWN,ENSMUSG00000029560
ENSMUSG00000134447.1,ENSMUSG00000134447,518.4322926065794,1.0543949565569002,0.1138838806053885,9.258509202109247,2.0730633279202333e-20,2.0917464912459345e-18,UP,ENSMUSG00000134447
ENSMUSG00000022218.17,NA,374.77163759356756,1.2589674223276608,0.13619531930793868,9.243837664355597,2.37811265039396e-20,2.384823888548446e-18,UP,ENSMUSG00000022218
ENSMUSG00000001707.9,Eef1e1,701.3194171570267,-0.8227224420925784,0.08903908832655565,-9.24001421797132,2.4646448490695244e-20,2.4565295550542954e-18,DOWN,ENSMUSG00000001707
ENSMUSG00000024948.16,NA,784.8307125300789,0.9308328519354458,0.10097894334879128,9.218088653594412,3.024430556265835e-20,2.9962025377406875e-18,UP,ENSMUSG00000024948
ENSMUSG00000030257.17,NA,188.9884059927211,1.1699577457794965,0.1270420084517244,9.209219533270188,3.285047111517123e-20,3.234781932822825e-18,UP,ENSMUSG00000030257
ENSMUSG00000034487.5,Poglut3,483.4749352337151,-0.7640339583833387,0.08303320063491046,-9.201547724779724,3.528305535874247e-20,3.4535139095449364e-18,DOWN,ENSMUSG00000034487
ENSMUSG00000023952.14,NA,3083.769198178766,0.5796653458537951,0.0630686015614062,9.19102899862793,3.89101170299586e-20,3.7858617438791865e-18,UP,ENSMUSG00000023952
ENSMUSG00000074364.7,Ehd2,51.46491031686266,1.4377229866544616,0.15664040506503538,9.178493799588521,4.371631176829306e-20,4.228324450677623e-18,UP,ENSMUSG00000074364
ENSMUSG00000056692.14,NA,9265.404335886178,0.5710470307969537,0.06223560025916939,9.175568780873443,4.491967365909417e-20,4.3191587390091375e-18,UP,ENSMUSG00000056692
ENSMUSG00000024456.18,NA,6580.966395027378,0.7360876121916486,0.08035336193006282,9.160632417997862,5.159405577631246e-20,4.931908980816395e-18,UP,ENSMUSG00000024456
ENSMUSG00000139315.1,ENSMUSG00000139315,517.9862332783438,1.0536845815358415,0.11526828009448259,9.141149505069063,6.179197474691799e-20,5.872393134960009e-18,UP,ENSMUSG00000139315
ENSMUSG00000005882.19,NA,1365.220836858437,-0.5825404175341518,0.06373459530015328,-9.14009753714951,6.239602829419804e-20,5.895522997092261e-18,DOWN,ENSMUSG00000005882
ENSMUSG00000039182.7,AW209491,347.9560914073899,-0.8208414851730869,0.0899612628504166,-9.124388199595908,7.21425728261354e-20,6.777255720781663e-18,DOWN,ENSMUSG00000039182
ENSMUSG00000015850.12,NA,169.58513780143426,1.4114119591349494,0.15478013527276013,9.118818488223306,7.594776321055932e-20,7.093955071084587e-18,UP,ENSMUSG00000015850
ENSMUSG00000039983.14,NA,931.9460627828847,-0.6159206484242026,0.06759186261734641,-9.112349099048737,8.061716620032838e-20,7.487319310855498e-18,DOWN,ENSMUSG00000039983
ENSMUSG00000003865.17,NA,3826.6314210423275,1.0352730745756806,0.11387688196820073,9.09116105641857,9.79869991813057e-20,9.049127054336853e-18,UP,ENSMUSG00000003865
ENSMUSG00000040722.8,Scamp5,1623.393640955595,-0.5480375804444849,0.06034036849629743,-9.08243675174296,1.0617078295188545e-19,9.749818079390559e-18,DOWN,ENSMUSG00000040722
ENSMUSG00000028885.9,Smpdl3b,2681.464549926124,0.6224333013669284,0.06862748957566624,9.069737290632721,1.1930431737758355e-19,1.089468364164235e-17,UP,ENSMUSG00000028885
ENSMUSG00000025357.9,Dgka,839.1719535794106,0.7621907113969028,0.08410677626086384,9.062179592199655,1.278694448809745e-19,1.1547811856488449e-17,UP,ENSMUSG00000025357
ENSMUSG00000022895.17,NA,7054.489686351876,1.1050088779510514,0.12193022188843786,9.062633208049913,1.2733864406944067e-19,1.1547811856488449e-17,UP,ENSMUSG00000022895
ENSMUSG00000028599.11,NA,64926.080935468904,1.0395727852965355,0.1148795373552132,9.049242443257107,1.4396361471777413e-19,1.2929831022949098e-17,UP,ENSMUSG00000028599
ENSMUSG00000034620.18,NA,798.5978470185186,-0.5344295154907165,0.05919300039531827,-9.028593109346522,1.7389296004803345e-19,1.5532537294782266e-17,DOWN,ENSMUSG00000034620
ENSMUSG00000024220.15,NA,193.20482841740085,0.8686862903806786,0.09641777669213633,9.009607151121202,2.067959264669916e-19,1.8271817373132134e-17,UP,ENSMUSG00000024220
ENSMUSG00000039156.20,NA,1061.019496852549,0.6861074857658155,0.07624754264236243,8.998420958744715,2.289872949692589e-19,2.012379743853498e-17,UP,ENSMUSG00000039156
ENSMUSG00000001052.16,NA,2488.419720023875,0.9016776195794963,0.10022816680764392,8.996249739955632,2.3355962530507825e-19,2.0415859011961547e-17,UP,ENSMUSG00000001052
ENSMUSG00000075701.11,NA,3660.9821831619256,-0.723406535591081,0.08044405627472287,-8.992666072439087,2.413045154146898e-19,2.09806574945134e-17,DOWN,ENSMUSG00000075701
ENSMUSG00000016481.16,NA,3221.884307268919,-0.6183394947409975,0.06897030032271097,-8.965300888176454,3.0943486463315407e-19,2.6762022737002836e-17,DOWN,ENSMUSG00000016481
ENSMUSG00000042524.15,NA,2609.4162125809294,0.5812157986201555,0.06484301534583221,8.963429530849433,3.1473373737227544e-19,2.707704037414323e-17,UP,ENSMUSG00000042524
ENSMUSG00000029860.17,NA,5980.320060061784,0.8617732535372936,0.09615064464809951,8.962740257138018,3.167079697541681e-19,2.710423284608184e-17,UP,ENSMUSG00000029860
ENSMUSG00000034203.9,Chchd4,927.2621523188244,-0.7695443287381721,0.08591038444439238,-8.957523979377356,3.3205052709690683e-19,2.826925997878145e-17,DOWN,ENSMUSG00000034203
ENSMUSG00000041135.16,NA,1673.6012848720504,0.5961862280644965,0.0665882017147897,8.953331261566108,3.4491289156095735e-19,2.921215609044253e-17,UP,ENSMUSG00000041135
ENSMUSG00000106825.2,2510016D11Rik,118.68923034229334,1.1697427794270026,0.13071532579494338,8.948780659905244,3.594305631842341e-19,3.0284804050564387e-17,UP,ENSMUSG00000106825
ENSMUSG00000042364.12,NA,5174.686542373473,0.6109375670788578,0.06827677719958658,8.947955544137152,3.621268218754965e-19,3.035551297629162e-17,UP,ENSMUSG00000042364
ENSMUSG00000120245.2,Gm57256,113.83454022264857,-1.3231295013577993,0.1478953453133962,-8.94639042597341,3.6729622639889397e-19,3.063175569753225e-17,DOWN,ENSMUSG00000120245
ENSMUSG00000041506.16,NA,485.16324521744906,-0.8771367846940625,0.09827147420613923,-8.92565000962676,4.430894444474924e-19,3.676517796415589e-17,DOWN,ENSMUSG00000041506
ENSMUSG00000070002.8,Ell,1766.2087760883667,0.7397631590909147,0.08291172503634366,8.922298489949954,4.56709355878846e-19,3.770389460199806e-17,UP,ENSMUSG00000070002
ENSMUSG00000056749.8,Nfil3,1963.250719917562,0.8512813174293046,0.09550030391389339,8.913912129503288,4.926286976564346e-19,4.046486779845267e-17,UP,ENSMUSG00000056749
ENSMUSG00000066043.14,NA,666.7235853936156,0.9062903719930797,0.10180406715429813,8.902300245229608,5.470106121373024e-19,4.4707177329981733e-17,UP,ENSMUSG00000066043
ENSMUSG00000032612.15,NA,5662.880509056531,0.583084330809395,0.06570153277381827,8.874744715875963,7.009400370063614e-19,5.700281514878598e-17,UP,ENSMUSG00000032612
ENSMUSG00000095648.9,Gm2004,331.1949681499551,-0.8660914205571472,0.09759739977418674,-8.874123927082504,7.0486040272346225e-19,5.703786209365205e-17,DOWN,ENSMUSG00000095648
ENSMUSG00000055541.20,NA,3952.9860142075704,-0.7421632662497103,0.08366509564864169,-8.87064385088956,7.272419265883048e-19,5.827204182359034e-17,DOWN,ENSMUSG00000055541
ENSMUSG00000041598.8,Cdc42ep4,1178.3226659807085,0.7611624026763866,0.0858019354704036,8.871156559620276,7.239009653049205e-19,5.827204182359034e-17,UP,ENSMUSG00000041598
ENSMUSG00000027368.7,Dusp2,566.9625445733417,1.4613225662164002,0.1647674249193245,8.869001666633507,7.380457315385483e-19,5.884924647672736e-17,UP,ENSMUSG00000027368
ENSMUSG00000031647.11,NA,1844.2348580997716,1.0022279400042449,0.11302682317499635,8.8671689768058215,7.5029011439405e-19,5.953515635866574e-17,UP,ENSMUSG00000031647
ENSMUSG00000031153.17,NA,1526.8743800856664,0.6691118903951357,0.07547531578632818,8.865307596584321,7.629315393246774e-19,5.995614875865951e-17,UP,ENSMUSG00000031153
ENSMUSG00000046417.15,NA,916.1055782907553,0.8214688024278135,0.09267415547395808,8.864054905346837,7.715572967828057e-19,6.034390226417102e-17,UP,ENSMUSG00000046417
ENSMUSG00000098188.2,Sowahc,1174.480776827534,0.7020312952895872,0.07927655858832702,8.855471375027081,8.333090302939734e-19,6.486318766278708e-17,UP,ENSMUSG00000098188
ENSMUSG00000022407.11,NA,1072.2186230115688,-0.8327161969933826,0.09412752365490208,-8.846681232647253,9.016045622031338e-19,6.984657902261812e-17,DOWN,ENSMUSG00000022407
ENSMUSG00000019984.17,NA,1578.0353265284539,0.8226266893800123,0.09316635652291091,8.82965396610435,1.0500005661668416e-18,8.095900591775091e-17,UP,ENSMUSG00000019984
ENSMUSG00000024078.8,Ttc27,562.176463621975,-0.8366992212532027,0.09480012180184909,-8.825929812643794,1.0855409464835987e-18,8.330634887897138e-17,DOWN,ENSMUSG00000024078
ENSMUSG00000029036.19,NA,351.71783157858425,-0.8761037142331325,0.09927717778350349,-8.824824937546838,1.0963116910248193e-18,8.373977056771821e-17,DOWN,ENSMUSG00000029036
ENSMUSG00000029428.14,NA,3381.3293509757873,0.5787978360477363,0.06565858244421034,8.815265491598709,1.1940177603462509e-18,9.018877942008665e-17,UP,ENSMUSG00000029428
ENSMUSG00000029925.14,NA,3602.309319612071,-0.5589334592351906,0.06340738394938296,-8.814958517786788,1.1972938415611649e-18,9.018877942008665e-17,DOWN,ENSMUSG00000029925
ENSMUSG00000006732.15,NA,240.8300715511479,-1.0940641204348207,0.12410182073754093,-8.815858735454194,1.1877116187418622e-18,9.018877942008665e-17,DOWN,ENSMUSG00000006732
ENSMUSG00000045763.9,Basp1,7554.877185751888,0.8809922309208498,0.10002901270764313,8.807367053554193,1.2811962240328623e-18,9.587858079410872e-17,UP,ENSMUSG00000045763
ENSMUSG00000035356.18,NA,3313.4424997376827,0.6927642687542338,0.0787048939848777,8.802048178698277,1.3434148375213247e-18,9.971864912150863e-17,UP,ENSMUSG00000035356
ENSMUSG00000024451.10,NA,1011.3128849784936,0.9430381380024637,0.1071433535753251,8.801648506731485,1.3482088251470334e-18,9.971864912150863e-17,UP,ENSMUSG00000024451
ENSMUSG00000020886.18,NA,626.3641603152807,0.7229366956433768,0.0823473393567601,8.779114192279355,1.6476717462178698e-18,1.2077507786402377e-16,UP,ENSMUSG00000020886
ENSMUSG00000034165.17,NA,4747.343815832954,0.652610523463702,0.07433614131314747,8.779182130459574,1.6466768710264824e-18,1.2077507786402377e-16,UP,ENSMUSG00000034165
ENSMUSG00000020536.13,NA,1306.3003255134954,0.8707648998642131,0.0992574030141529,8.772795513701407,1.7428436802515395e-18,1.271809053454985e-16,UP,ENSMUSG00000020536
ENSMUSG00000024014.9,Pim1,6868.549136559856,0.775569825887974,0.08846214125632568,8.767251333434292,1.830807966769527e-18,1.3300616455473194e-16,UP,ENSMUSG00000024014
ENSMUSG00000038235.5,F11r,585.4337058071412,0.8601697785412538,0.09813806264450406,8.764894632749561,1.8695142802742566e-18,1.352171700237301e-16,UP,ENSMUSG00000038235
ENSMUSG00000096544.3,Gm4617,5321.43440413826,-0.5964720308451492,0.06806571371729445,-8.763178967351294,1.898199445418758e-18,1.366870842943393e-16,DOWN,ENSMUSG00000096544
ENSMUSG00000056941.18,NA,1982.8549443985526,-0.702553420690355,0.08018092882564533,-8.762101299899735,1.916439352148598e-18,1.3739525285184643e-16,DOWN,ENSMUSG00000056941
ENSMUSG00000017697.4,Ada,171.31151603033828,-1.1577449588050852,0.13223051678351133,-8.755505060156066,2.0319151267151863e-18,1.450379242850936e-16,DOWN,ENSMUSG00000017697
ENSMUSG00000134910.1,ENSMUSG00000134910,115.45174731012769,1.3943630097145967,0.1594355411680219,8.745622208821938,2.217900300051791e-18,1.576252100202025e-16,UP,ENSMUSG00000134910
ENSMUSG00000018476.8,Kdm6b,540.3512554271836,1.5734341948609019,0.1799746240385262,8.742533583646132,2.2794009198018133e-18,1.6129475080121403e-16,UP,ENSMUSG00000018476
ENSMUSG00000035513.21,NA,179.1895489526093,1.2946321936778993,0.14813959390655584,8.739271922768555,2.3461753223480665e-18,1.6530423197888575e-16,UP,ENSMUSG00000035513
ENSMUSG00000057541.15,NA,222.0660160315927,-1.281833000305322,0.14678064657564693,-8.7329837428172,2.480407548206003e-18,1.7401176730890697e-16,DOWN,ENSMUSG00000057541
ENSMUSG00000051457.8,Spn,2246.133782121905,0.8702284690815812,0.09970918512650234,8.727666041774498,2.599820021059937e-18,1.8160964984720397e-16,UP,ENSMUSG00000051457
ENSMUSG00000004565.16,NA,573.2649473393776,0.6816051362496741,0.07813614263236421,8.723301577052146,2.7020537499648667e-18,1.879479599869179e-16,UP,ENSMUSG00000004565
ENSMUSG00000025512.16,NA,2576.138491285152,-0.5374595482743955,0.061633762334603534,-8.720213206465983,2.77678421104974e-18,1.9151609583889896e-16,DOWN,ENSMUSG00000025512
ENSMUSG00000134766.1,ENSMUSG00000134766,116.09240543994254,-1.1298560281247034,0.1295647345843999,-8.720397813100158,2.7722604292907046e-18,1.9151609583889896e-16,DOWN,ENSMUSG00000134766
ENSMUSG00000027646.16,NA,427.8835483629143,1.0245993704807774,0.11753552912949217,8.71735872607463,2.847667964071035e-18,1.9557975017102999e-16,UP,ENSMUSG00000027646
ENSMUSG00000030203.18,NA,2906.215622983474,0.7412647826886977,0.08507364883785783,8.713212526025266,2.9538212882217542e-18,2.0202160157854726e-16,UP,ENSMUSG00000030203
ENSMUSG00000044456.17,NA,903.9801814683725,1.074075238669458,0.12335202603547947,8.707398436735236,3.1092860574628597e-18,2.1176829123036626e-16,UP,ENSMUSG00000044456
ENSMUSG00000011179.9,Odc1,5726.908707465268,-0.6016755212603555,0.06916879837315079,-8.698655107675075,3.3584053579397917e-18,2.276891874589911e-16,DOWN,ENSMUSG00000011179
ENSMUSG00000117975.2,Itprip,847.9913170990609,0.9019709323532981,0.10369587464115088,8.698233516758998,3.3709031790698547e-18,2.276891874589911e-16,UP,ENSMUSG00000117975
ENSMUSG00000053931.12,NA,224.19510583920024,1.3134558484269905,0.15107892089148253,8.693839224403938,3.503934232617409e-18,2.3570085994388547e-16,UP,ENSMUSG00000053931
ENSMUSG00000024947.18,NA,1586.5231999146408,0.5840910799267724,0.06724724395451513,8.68572517740417,3.7633375667363376e-18,2.5211276994209905e-16,UP,ENSMUSG00000024947
ENSMUSG00000035352.4,Ccl12,7408.967840685374,-1.042308790638866,0.1200698782655807,-8.680851564897894,3.928165307410503e-18,2.6208077597931463e-16,DOWN,ENSMUSG00000035352
ENSMUSG00000031987.7,Egln1,2684.8408867309417,0.8674365818927131,0.099965937847138,8.677321501441279,4.0519846062089786e-18,2.692428470450893e-16,UP,ENSMUSG00000031987
ENSMUSG00000042608.16,NA,1998.4953617129174,0.9465437839839954,0.10910278248261855,8.675707094223668,4.109887423953497e-18,2.7198469567588604e-16,UP,ENSMUSG00000042608
ENSMUSG00000120732.2,Gm56936,388.3588784018016,1.2623699992007502,0.1456447836131606,8.667457686323077,4.418757755604876e-18,2.912460252948278e-16,UP,ENSMUSG00000120732
ENSMUSG00000030225.12,NA,3228.435319682594,-0.614756293641118,0.0710218499455021,-8.655875538483508,4.89142172853429e-18,3.1982071829848605e-16,DOWN,ENSMUSG00000030225
ENSMUSG00000020739.12,NA,549.9332329942681,-0.8482421131928088,0.09802258921159594,-8.653537108285882,4.992739946446157e-18,3.251447297394776e-16,DOWN,ENSMUSG00000020739
ENSMUSG00000025481.13,NA,205.78926459399102,1.4107206563390808,0.1631511175157769,8.646711575252695,5.3004717070982834e-18,3.4381551795328786e-16,UP,ENSMUSG00000025481
ENSMUSG00000034485.11,NA,225.045531103858,0.9389733268403557,0.10884990770751952,8.626312567608084,6.3361706230858045e-18,4.0937171938719586e-16,UP,ENSMUSG00000034485
ENSMUSG00000038518.16,NA,1210.616878565103,0.7032113557701368,0.081564653862165,8.621520750379007,6.607070952719983e-18,4.251936291069325e-16,UP,ENSMUSG00000038518
ENSMUSG00000002329.8,Mdp1,766.7133028523112,-0.6832065125503436,0.07926967811407554,-8.618762291013137,6.7681694508338075e-18,4.3385293271893893e-16,DOWN,ENSMUSG00000002329
ENSMUSG00000023868.18,NA,163.09322113701347,1.0420091904921116,0.120965882845167,8.614075026640814,7.050851068922274e-18,4.502078577054824e-16,UP,ENSMUSG00000023868
ENSMUSG00000028538.13,NA,1253.2779752205765,0.7988672528048575,0.09278033481172858,8.61030793245069,7.286458378763881e-18,4.634414344718849e-16,UP,ENSMUSG00000028538
ENSMUSG00000004040.17,NA,6755.552525692813,0.6042963204091141,0.0701983321267341,8.608414218704434,7.407816035752207e-18,4.693339570558356e-16,UP,ENSMUSG00000004040
ENSMUSG00000006342.16,NA,169.1599294648915,1.3597426255298442,0.15809347892355263,8.600877371971544,7.910897667174274e-18,4.992723292186513e-16,UP,ENSMUSG00000006342
ENSMUSG00000011008.14,NA,7404.755470791124,-0.7140942800498054,0.08304928671241861,-8.598439653341714,8.08072083931755e-18,5.080287032287872e-16,DOWN,ENSMUSG00000011008
ENSMUSG00000021990.17,NA,1515.3960692015858,1.0974485463773673,0.1277404385060191,8.591238289241161,8.603699035195267e-18,5.388354958977081e-16,UP,ENSMUSG00000021990
ENSMUSG00000071078.7,Nr2c2ap,762.8097788172819,-0.8086701033339575,0.09413468777320669,-8.590564461022488,8.654310008219575e-18,5.399364557036533e-16,DOWN,ENSMUSG00000071078
ENSMUSG00000029254.17,NA,4335.269417046842,0.7223044726048412,0.08415322646179699,8.583205932487276,9.226496922353117e-18,5.734460786797872e-16,UP,ENSMUSG00000029254
ENSMUSG00000007655.17,NA,381.1919590539955,1.1059264707494199,0.12887368762442752,8.581476103736444,9.366334714041976e-18,5.799322243777657e-16,UP,ENSMUSG00000007655
ENSMUSG00000031984.9,2810004N23Rik,428.7938340142644,-0.7733729424336242,0.09028198981154711,-8.566192925609505,1.0696261965920666e-17,6.597777286601479e-16,DOWN,ENSMUSG00000031984
ENSMUSG00000029326.14,NA,570.7450200531936,-0.5650602966058729,0.0659831528699243,-8.563705613155571,1.0929668980191648e-17,6.716404855271154e-16,DOWN,ENSMUSG00000029326
ENSMUSG00000020629.13,NA,912.5489579214104,-0.5842892549308362,0.06826379567951911,-8.55928459756213,1.135700448178201e-17,6.952868736299953e-16,DOWN,ENSMUSG00000020629
ENSMUSG00000020668.11,NA,1445.5271732845092,0.7338577799041834,0.08579321244529262,8.553797660533336,1.1910361304724118e-17,7.264431562948523e-16,UP,ENSMUSG00000020668
ENSMUSG00000069020.10,NA,1530.1678109364557,-0.7253725161274516,0.08482654354125117,-8.551244526127634,1.2176834370855286e-17,7.385032230671891e-16,DOWN,ENSMUSG00000069020
ENSMUSG00000029299.15,NA,160.91277444467124,-1.3038708646284023,0.15248097174935965,-8.551039842345954,1.2198450399372389e-17,7.385032230671891e-16,DOWN,ENSMUSG00000029299
ENSMUSG00000000555.9,Itga5,15625.739988921003,0.890238458845987,0.10416656974910142,8.546297156470073,1.271005135289928e-17,7.666365292047662e-16,UP,ENSMUSG00000000555
ENSMUSG00000015944.10,NA,1303.7484146626734,0.9033083250017878,0.10570725245115292,8.545377011092068,1.2811733681637685e-17,7.69928671911947e-16,UP,ENSMUSG00000015944
ENSMUSG00000042492.13,NA,5290.8237471564,0.8261998574525058,0.09685087896154236,8.530638712949358,1.45541903075826e-17,8.714388086730593e-16,UP,ENSMUSG00000042492
ENSMUSG00000050989.11,NA,3284.5920564386897,0.7111292411383414,0.08341907098236138,8.524780158349003,1.5310031807225314e-17,9.133495617551276e-16,UP,ENSMUSG00000050989
ENSMUSG00000030272.16,NA,5003.375900446564,-0.7430892297781497,0.08739850174536666,-8.502310851313236,1.8585333376099562e-17,1.1047122158753579e-15,DOWN,ENSMUSG00000030272
ENSMUSG00000022475.20,NA,516.0145750599896,0.8969698905185127,0.1056274736748429,8.491823758652881,2.0341933387658284e-17,1.2047436346183417e-15,UP,ENSMUSG00000022475
ENSMUSG00000011877.14,NA,1869.2617460192548,0.891391239927623,0.10512808094522201,8.479097420146868,2.2694759438853386e-17,1.3344192006744513e-15,UP,ENSMUSG00000011877
ENSMUSG00000035671.7,Zswim4,1922.9703371161856,0.8909279645444993,0.10525383163827974,8.464565618915463,2.5710913290940905e-17,1.5063461958914696e-15,UP,ENSMUSG00000035671
ENSMUSG00000036478.9,Btg1,8843.78762824891,0.626002704582397,0.07403946832854152,8.45498649186111,2.79119662030046e-17,1.623661920122111e-15,UP,ENSMUSG00000036478
ENSMUSG00000037787.15,NA,617.2016936766198,-0.8402731583961318,0.09953529805053765,-8.44196154382835,3.1205603266217167e-17,1.808818407764489e-15,DOWN,ENSMUSG00000037787
ENSMUSG00000040502.6,Marchf9,319.0124723296015,1.2707139510781629,0.15053650422767567,8.441234620117783,3.140031477775975e-17,1.8136733051493317e-15,UP,ENSMUSG00000040502
ENSMUSG00000118087.4,4833438C02Rik,307.3382454761773,-0.7324266607273744,0.0868467987346909,-8.433548172165464,3.353395556353092e-17,1.9300916818361845e-15,DOWN,ENSMUSG00000118087
ENSMUSG00000039062.16,NA,18294.60942776446,0.8017922706747744,0.09518172867350636,8.42380446172703,3.644523271264169e-17,2.0902939435818986e-15,UP,ENSMUSG00000039062
ENSMUSG00000073755.5,5730409E04Rik,300.66923705321864,-0.7318133587000699,0.08688491505253094,-8.422789597683474,3.6762432415871687e-17,2.1011144065378973e-15,DOWN,ENSMUSG00000073755
ENSMUSG00000022721.20,NA,1065.7199443625204,-0.5673905701158921,0.06747704490803887,-8.408645797828887,4.1477160037370145e-17,2.362319365752099e-15,DOWN,ENSMUSG00000022721
ENSMUSG00000035765.11,NA,1088.2136469879292,0.5824877777776679,0.06929319572923918,8.406132400845232,4.237527505974716e-17,2.4050911323841215e-15,UP,ENSMUSG00000035765
ENSMUSG00000040128.10,NA,2424.152356706627,0.7901888883606644,0.09409512614926864,8.39776639554254,4.550513308839593e-17,2.5737955206329407e-15,UP,ENSMUSG00000040128
ENSMUSG00000022335.18,NA,319.3266426279967,0.8221870825598347,0.09792884655762746,8.395759895691292,4.628906969307595e-17,2.609107355872481e-15,UP,ENSMUSG00000022335
ENSMUSG00000024527.11,NA,3458.4705104392,0.6102611473334691,0.07269330032390935,8.39501225854716,4.6584564341788846e-17,2.6167398238174585e-15,UP,ENSMUSG00000024527
ENSMUSG00000078875.12,NA,349.99148651109675,-0.8708858460458041,0.10405851793540849,-8.369193251304837,5.801404024762729e-17,3.2365102453505656e-15,DOWN,ENSMUSG00000078875
ENSMUSG00000028394.10,NA,910.8122450428228,-0.6464844475148478,0.07725813648760534,-8.367849354204452,5.867934472442078e-17,3.262491730834633e-15,DOWN,ENSMUSG00000028394
ENSMUSG00000061559.16,NA,1457.9915963610692,-0.7117338290396247,0.08507884168706538,-8.365579677935722,5.982008927608108e-17,3.303443173333856e-15,DOWN,ENSMUSG00000061559
ENSMUSG00000024287.9,Thoc1,681.2526140299498,-0.6850965842321088,0.08190568443700727,-8.36445710625871,6.039235291143647e-17,3.323816163940541e-15,DOWN,ENSMUSG00000024287
ENSMUSG00000020528.15,NA,694.1783031490503,-0.5546757517643991,0.06636094337693885,-8.358466946646136,6.353851246794002e-17,3.4852366604058642e-15,DOWN,ENSMUSG00000020528
ENSMUSG00000019189.14,NA,1702.408604630941,0.6806143740926679,0.08147028287944783,8.354142762702542,6.590959518335384e-17,3.603204825642481e-15,UP,ENSMUSG00000019189
ENSMUSG00000066233.7,Tmem42,81.65470828323917,-1.5135682650381912,0.18126761019836013,-8.34991018738484,6.831489335219489e-17,3.722250822449925e-15,DOWN,ENSMUSG00000066233
ENSMUSG00000025465.14,NA,2527.9837562535304,-0.6883500889077248,0.08252298189332952,-8.341313814829144,7.34696344366558e-17,3.98981609468962e-15,DOWN,ENSMUSG00000025465
ENSMUSG00000097705.4,Gm26740,366.62837319670757,-0.6816624460126648,0.08173670101925243,-8.339735241481113,7.445705320419782e-17,4.030049641310655e-15,DOWN,ENSMUSG00000097705
ENSMUSG00000020393.17,NA,1965.3420890614163,0.604473622956896,0.0725112621865102,8.336272252468811,7.666927673310598e-17,4.136092400921948e-15,UP,ENSMUSG00000020393
ENSMUSG00000026019.16,NA,528.3476057588998,-0.7639952645899071,0.0917023015334678,-8.33125507009307,7.99897819701141e-17,4.301029526590411e-15,DOWN,ENSMUSG00000026019
ENSMUSG00000034135.16,NA,1542.3208860862821,0.8397388323957652,0.10083594971677243,8.327772334712172,8.237773936966318e-17,4.41490664831644e-15,UP,ENSMUSG00000034135
ENSMUSG00000016528.11,NA,26708.237751674027,0.6456660622722589,0.07754716883051042,8.326107477675261,8.354395976680809e-17,4.46277636061518e-15,UP,ENSMUSG00000016528
ENSMUSG00000022558.17,NA,2881.051094370688,0.792191538351547,0.09525135232439604,8.31685345162967,9.032932887350418e-17,4.8095218559162846e-15,UP,ENSMUSG00000022558
ENSMUSG00000140700.1,ENSMUSG00000140700,167.0428759228621,1.2798493991410758,0.15392421378389587,8.314802250268038,9.190538596816712e-17,4.877550126739155e-15,UP,ENSMUSG00000140700
ENSMUSG00000073775.5,Kti12,236.74393882616266,-0.9177629735078934,0.11043060629891586,-8.31076641038874,9.508593561870918e-17,5.030015222082266e-15,DOWN,ENSMUSG00000073775
ENSMUSG00000037552.18,NA,738.5291978860681,1.1021239071359474,0.13265748203307776,8.308041809968442,9.729425008376914e-17,5.130231651191259e-15,UP,ENSMUSG00000037552
ENSMUSG00000029166.15,NA,221.08195984454247,0.8580915133432303,0.10331350921026641,8.305704838626859,9.922862473546785e-17,5.215405465999863e-15,UP,ENSMUSG00000029166
ENSMUSG00000048285.10,NA,379.36484329085977,1.0564896205951402,0.12723580463245296,8.303398745714933,1.0117460254470979e-16,5.300641196140469e-15,UP,ENSMUSG00000048285
ENSMUSG00000024672.12,NA,13470.052473677018,-0.7294390574056112,0.08786693216677514,-8.301633383775197,1.0268967474559254e-16,5.362828828726695e-15,DOWN,ENSMUSG00000024672
ENSMUSG00000021493.16,NA,635.4028997271807,0.8650345438546613,0.10432006642285949,8.292120332326665,1.1124729995459975e-16,5.791236831394546e-15,UP,ENSMUSG00000021493
ENSMUSG00000026360.10,NA,1474.157545983739,-0.917138696131707,0.1106530381824337,-8.288418566687884,1.1476409418662173e-16,5.95534566214133e-15,DOWN,ENSMUSG00000026360
ENSMUSG00000047921.19,NA,1133.894475411781,0.7208385970256156,0.08715771134737947,8.270508551476423,1.3338880692425443e-16,6.899915942986908e-15,UP,ENSMUSG00000047921
ENSMUSG00000041025.16,NA,850.6537243787232,0.5427866952038958,0.06568103753981261,8.26397869971048,1.4089576512153934e-16,7.242396782002145e-15,UP,ENSMUSG00000041025
ENSMUSG00000006289.15,NA,930.8100481051616,-0.7636453354377849,0.09240361276379788,-8.26423678249264,1.4059130891823097e-16,7.242396782002145e-15,DOWN,ENSMUSG00000006289
ENSMUSG00000033902.13,NA,759.8512510966542,0.9237183170309197,0.11178386450759682,8.263431588269556,1.415433352154699e-16,7.25117516741008e-15,UP,ENSMUSG00000033902
ENSMUSG00000040669.15,NA,212.26725503368647,0.9387573704364578,0.11360856674491214,8.263086115189454,1.4195375343027197e-16,7.25117516741008e-15,UP,ENSMUSG00000040669
ENSMUSG00000037638.6,Zbtb42,285.34235973879925,0.8238838944917889,0.09979466359390307,8.255791089636219,1.5089937102432116e-16,7.684115634777426e-15,UP,ENSMUSG00000037638
ENSMUSG00000021948.18,NA,10839.751757701564,0.6646099458970358,0.08051130056960758,8.254865356726347,1.5207358137959416e-16,7.695959013098595e-15,UP,ENSMUSG00000021948
ENSMUSG00000036427.6,Gpi1,47916.60122144611,0.5720571776565697,0.06931100682576803,8.253482438865593,1.5384448986410945e-16,7.761549479378805e-15,UP,ENSMUSG00000036427
ENSMUSG00000022844.9,Pdia5,235.81019186540325,-0.9794644679532538,0.11894687128918033,-8.234470207896491,1.8035398702250881e-16,9.043148073220641e-15,DOWN,ENSMUSG00000022844
ENSMUSG00000078713.9,Tomm5,1516.4678651734594,-0.8475764123783299,0.10298091333086494,-8.230422366280358,1.8655447812098938e-16,9.325441894084687e-15,DOWN,ENSMUSG00000078713
ENSMUSG00000032557.14,NA,2003.4552941719355,-0.528876139861873,0.06430279830331126,-8.224776429902874,1.955552807610067e-16,9.745568961339682e-15,DOWN,ENSMUSG00000032557
ENSMUSG00000074406.6,Zfp628,309.41677378429034,0.7964924522437951,0.09687640270813619,8.221738524327984,2.0057411265188728e-16,9.94026765928221e-15,UP,ENSMUSG00000074406
ENSMUSG00000092558.4,Med20,675.4835684329445,-0.5489191965300236,0.06676487633809529,-8.22167622613893,2.006783511295197e-16,9.94026765928221e-15,DOWN,ENSMUSG00000092558
ENSMUSG00000036661.15,NA,38.736201532034244,1.4490784374784125,0.1763133240424827,8.218768747898242,2.0560306287490323e-16,1.0153437056656097e-14,UP,ENSMUSG00000036661
ENSMUSG00000050931.8,Sgms2,159.3441809931979,0.9606168310383073,0.11694022842063256,8.214596841584578,2.1287824090200347e-16,1.0456456311656325e-14,UP,ENSMUSG00000050931
ENSMUSG00000140914.1,ENSMUSG00000140914,275.7293147115612,1.1463694864397491,0.13955408123529817,8.214517814831142,2.1301847251814246e-16,1.0456456311656325e-14,UP,ENSMUSG00000140914
ENSMUSG00000044864.17,NA,1559.1246848297278,0.7838020960323503,0.09553131085007534,8.204661791592407,2.312409192171482e-16,1.1316958280010493e-14,UP,ENSMUSG00000044864
ENSMUSG00000016757.12,NA,943.0844634255712,0.5939499103028368,0.07240865812125871,8.202747098395088,2.349551413061647e-16,1.1464408178479307e-14,UP,ENSMUSG00000016757
ENSMUSG00000025227.15,NA,1141.4772852924932,0.8058657554117962,0.09832539266059533,8.195906811107536,2.4871096990806923e-16,1.2099492601539582e-14,UP,ENSMUSG00000025227
ENSMUSG00000041642.19,NA,1326.8194248380883,1.1296325804321588,0.137854266723725,8.194396932929655,2.518526672062895e-16,1.221597536544216e-14,UP,ENSMUSG00000041642
ENSMUSG00000085786.4,Gm15987,74.79326269465868,-1.1968068027278527,0.14606707036402355,-8.193542868664444,2.5364706028825518e-16,1.2266611974768696e-14,DOWN,ENSMUSG00000085786
ENSMUSG00000015468.15,NA,62.061651585208324,1.3881057824701393,0.16960570077966503,8.184310881586635,2.7386625216806083e-16,1.320536211781452e-14,UP,ENSMUSG00000015468
ENSMUSG00000037992.17,NA,535.6581020247419,0.8482377643058281,0.10375103729600706,8.175703939091829,2.9414345029093077e-16,1.4141378936633984e-14,UP,ENSMUSG00000037992
ENSMUSG00000006611.16,NA,1889.2636555681172,-0.7542942511183435,0.09232399775675385,-8.170077871905889,3.081904607152567e-16,1.4773258858802304e-14,DOWN,ENSMUSG00000006611
ENSMUSG00000026478.15,NA,3687.4780161143126,1.0044462133184071,0.12296935900694726,8.168264203618888,3.128581670490005e-16,1.4953156721002814e-14,UP,ENSMUSG00000026478
ENSMUSG00000024164.16,NA,26680.33227224598,0.7916010462991818,0.09696880196440248,8.163461136601242,3.2555872947995074e-16,1.546971800023045e-14,UP,ENSMUSG00000024164
ENSMUSG00000121141.1,Gm56878,1737.5410439174423,0.8926070201566629,0.10937614831847667,8.160892789510278,3.325572531797905e-16,1.5756466262251755e-14,UP,ENSMUSG00000121141
ENSMUSG00000026202.14,NA,3556.4682905423274,0.5981284793548897,0.07331027997220747,8.158862298461349,3.3819493638595483e-16,1.5977267139204675e-14,UP,ENSMUSG00000026202
ENSMUSG00000042558.17,NA,853.1464508383411,-0.564461497372052,0.06922613724457885,-8.153878287008645,3.5243557519755653e-16,1.6602051620113138e-14,DOWN,ENSMUSG00000042558
ENSMUSG00000029304.15,NA,281444.80231556983,0.5642793510087966,0.06922944511487472,8.150857631062463,3.6135233177449736e-16,1.6924542163856544e-14,UP,ENSMUSG00000029304
ENSMUSG00000062867.14,NA,1569.165797659178,-0.6579514485510716,0.08071932867689742,-8.151101592837987,3.6062399580182174e-16,1.6924542163856544e-14,DOWN,ENSMUSG00000062867
ENSMUSG00000035227.8,Spcs2,7789.616841065052,-0.5602112933288447,0.06875145578167488,-8.148355361489877,3.6890693620406376e-16,1.7229007940547502e-14,DOWN,ENSMUSG00000035227
ENSMUSG00000020961.16,NA,31.839268362801985,1.9520668492221964,0.2402769612747753,8.124236459732222,4.501873511678187e-16,2.0965135162932095e-14,UP,ENSMUSG00000020961
ENSMUSG00000048163.14,NA,13064.204674936655,0.60862549926034,0.07491869290195123,8.123813639632901,4.517592518849973e-16,2.0978570259409564e-14,UP,ENSMUSG00000048163
ENSMUSG00000042099.17,NA,134.04838476426016,-1.2496468347885406,0.15387873230390545,-8.120984726599703,4.624162312091329e-16,2.1352134789108717e-14,DOWN,ENSMUSG00000042099
ENSMUSG00000047810.10,NA,2767.7484505564566,1.0045168500249466,0.12369190851433708,8.12112014512666,4.619004880224877e-16,2.1352134789108717e-14,UP,ENSMUSG00000047810
ENSMUSG00000035914.12,NA,189.81945088159495,1.169595594847555,0.14424114418674217,8.108612847200762,5.120089996534078e-16,2.357549044601297e-14,UP,ENSMUSG00000035914
ENSMUSG00000041057.11,NA,1452.4260799637213,-0.5274518415175502,0.0650772709514279,-8.10500861216549,5.274178111756917e-16,2.4216773992915326e-14,DOWN,ENSMUSG00000041057
ENSMUSG00000070808.5,Bicra,487.23051904008497,1.2052310161965154,0.14893659605504142,8.09224225690714,5.857625888509678e-16,2.6820378928173445e-14,UP,ENSMUSG00000070808
ENSMUSG00000080717.12,NA,565.4926620749251,-0.6687734474423661,0.08267226553289836,-8.089453496060736,5.993303110874874e-16,2.73649532542907e-14,DOWN,ENSMUSG00000080717
ENSMUSG00000031822.21,NA,896.0098745881046,1.037903275277393,0.1285468953567568,8.074121684517506,6.796407338639082e-16,3.0859465099276235e-14,UP,ENSMUSG00000031822
ENSMUSG00000004296.15,NA,2285.4109241521205,0.9555560771888281,0.11834456938591675,8.074355098397453,6.783420123956855e-16,3.0859465099276235e-14,UP,ENSMUSG00000004296
ENSMUSG00000078771.12,NA,7471.019235513697,-0.5967384546039746,0.07398826675590546,-8.065311984840424,7.304907702820871e-16,3.307646019676176e-14,DOWN,ENSMUSG00000078771
ENSMUSG00000007872.4,Id3,1090.1013321358148,1.2403972936816516,0.15384737570449403,8.062518375771154,7.473850684370432e-16,3.365497611204383e-14,UP,ENSMUSG00000007872
ENSMUSG00000022724.16,NA,1028.6989085313714,-0.6057489967141124,0.07512922941729382,-8.062760677998869,7.459046309085727e-16,3.365497611204383e-14,DOWN,ENSMUSG00000022724
ENSMUSG00000032171.8,Pin1,1725.158622899305,-0.6863754417662662,0.08522066568237549,-8.05409622502181,8.006821169758507e-16,3.595590627496499e-14,DOWN,ENSMUSG00000032171
ENSMUSG00000024851.15,NA,2038.2786087961638,0.6432837927013253,0.07987627313656713,8.053502841844931,8.045753020001259e-16,3.59863390725705e-14,UP,ENSMUSG00000024851
ENSMUSG00000015668.14,NA,2039.5635621142821,-0.5426767877524447,0.06738545421365234,-8.053322398508044,8.057628839202742e-16,3.59863390725705e-14,DOWN,ENSMUSG00000015668
ENSMUSG00000031161.16,NA,308.1689575547305,0.7121773284139132,0.08850342963946066,8.046889609986115,8.492471785054421e-16,3.7825052806130676e-14,UP,ENSMUSG00000031161
ENSMUSG00000097431.5,Gm26782,373.99209611618386,-0.6792870473075878,0.0844534811522067,-8.043327972275522,8.743091461310259e-16,3.88354818007004e-14,DOWN,ENSMUSG00000097431
ENSMUSG00000026037.15,NA,702.2018179468341,-0.780911006974879,0.09710101466910755,-8.042253828510445,8.820095225776274e-16,3.907134866139267e-14,DOWN,ENSMUSG00000026037
ENSMUSG00000057497.9,Fam136a,856.4752772370596,-0.6601823998044996,0.08210160712128821,-8.041041131256007,8.907834880097783e-16,3.935336998650766e-14,DOWN,ENSMUSG00000057497
ENSMUSG00000037703.15,NA,106.89387465958383,1.088764056808432,0.1354455874309619,8.038387056081742,9.102870794764149e-16,4.0106610784694007e-14,UP,ENSMUSG00000037703
ENSMUSG00000025358.17,NA,900.5742580785178,0.5024982172839906,0.06252295344912809,8.037019839327474,9.204977034756074e-16,4.0447460916699674e-14,UP,ENSMUSG00000025358
ENSMUSG00000032047.6,Acat1,1875.8760792474854,-0.5856151937323554,0.07292853743886821,-8.029986810351748,9.748314561192314e-16,4.2720093784785406e-14,DOWN,ENSMUSG00000032047
ENSMUSG00000023156.5,Rpp14,428.62865531726555,-0.8226048234165916,0.10259208004781008,-8.01820981730013,1.0729741360470322e-15,4.689528135782029e-14,DOWN,ENSMUSG00000023156
ENSMUSG00000063760.10,NA,294.53449898774153,0.8865923275189155,0.11061101060795826,8.015407531726563,1.0977242586455945e-15,4.7849068618189034e-14,UP,ENSMUSG00000063760
ENSMUSG00000026883.18,NA,125.32997928142335,1.2079132130981298,0.15072257121819913,8.014149462388414,1.109017792183501e-15,4.808489345101196e-14,UP,ENSMUSG00000026883
ENSMUSG00000019338.14,NA,493.6432605601278,0.8872928812827343,0.11071311796637782,8.014342813036789,1.1072746930236063e-15,4.808489345101196e-14,UP,ENSMUSG00000019338
ENSMUSG00000035215.10,NA,496.0487693315562,-1.0049895619838836,0.12551421739906926,-8.006977877163866,1.175616286966187e-15,5.083762917129442e-14,DOWN,ENSMUSG00000035215
ENSMUSG00000026796.17,NA,16259.440707096592,0.7928917868106655,0.09909706738966392,8.001162977839707,1.2324952560013626e-15,5.3156642360417607e-14,UP,ENSMUSG00000026796
ENSMUSG00000023991.17,NA,1313.64386565061,0.8447427563347781,0.10559762196399688,7.99963806592908,1.247854592598906e-15,5.3677450449004516e-14,UP,ENSMUSG00000023991
ENSMUSG00000014980.15,NA,195.38318154645438,-0.9705599797319315,0.12136197272283966,-7.997233053787346,1.2724625403207452e-15,5.444940493215419e-14,DOWN,ENSMUSG00000014980
ENSMUSG00000024150.13,NA,6265.920192093323,-0.5734405063062911,0.07170271254220356,-7.997472982193933,1.2699862964592754e-15,5.444940493215419e-14,DOWN,ENSMUSG00000024150
ENSMUSG00000070738.11,NA,3495.141750991409,0.6491478314636379,0.08118790215789654,7.995622675422217,1.2892064017189685e-15,5.5021848152736974e-14,UP,ENSMUSG00000070738
ENSMUSG00000025995.17,NA,563.060650656494,-0.6710563604540547,0.08401955888138166,-7.986906494015855,1.3836696088183837e-15,5.874665824868909e-14,DOWN,ENSMUSG00000025995
ENSMUSG00000030057.16,NA,7371.156576807775,-0.5229044420035528,0.06546783782872913,-7.987195840674115,1.3804270515908208e-15,5.874665824868909e-14,DOWN,ENSMUSG00000030057
ENSMUSG00000123750.1,ENSMUSG00000123750,542.8733318251578,0.6555776835918702,0.08210074985560571,7.985038927718251,1.4047796800024403e-15,5.94884161899479e-14,UP,ENSMUSG00000123750
ENSMUSG00000063235.19,NA,1512.5425186159925,-0.6743588560626089,0.0845896241548468,-7.972122619059652,1.5597193358956137e-15,6.554028859781414e-14,DOWN,ENSMUSG00000063235
ENSMUSG00000030406.8,Gipr,87.19600171195916,1.6759128730706048,0.2102748526247148,7.970106040505318,1.5853827422507068e-15,6.634123369297558e-14,UP,ENSMUSG00000030406
ENSMUSG00000041168.11,NA,1709.9488420469297,0.6961220270781878,0.0873519523457494,7.969163921177791,1.5975144579130462e-15,6.661472277818023e-14,UP,ENSMUSG00000041168
ENSMUSG00000079499.11,NA,337.82677375639224,1.2290828495081367,0.15423884083942266,7.968698693656089,1.6035388936157964e-15,6.669579326983157e-14,UP,ENSMUSG00000079499
ENSMUSG00000024097.12,NA,1792.9766214385943,-0.71146170146873,0.08930493965337805,-7.966655643351284,1.6302612388928883e-15,6.763515281965266e-14,DOWN,ENSMUSG00000024097
ENSMUSG00000018761.15,NA,2226.675908109465,-0.6401862852198111,0.08039660773245698,-7.962851957015607,1.6811856204265552e-15,6.957129152276574e-14,DOWN,ENSMUSG00000018761
ENSMUSG00000085295.9,4930430E12Rik,7824.8902812472925,-0.7378327507506776,0.09269961766798974,-7.9593936772563385,1.7288435561567368e-15,7.136282012358086e-14,DOWN,ENSMUSG00000085295
ENSMUSG00000018537.17,NA,285.65910224322886,0.8380182640061287,0.10535598937858175,7.954158742649451,1.8035276186303627e-15,7.407151370384902e-14,UP,ENSMUSG00000018537
ENSMUSG00000002728.15,NA,2807.8043853884906,-0.5692116383560566,0.0715958542338033,-7.950343556167932,1.859949844783613e-15,7.619734376649858e-14,DOWN,ENSMUSG00000002728
ENSMUSG00000030079.16,NA,713.9919412313387,-0.5197717068469989,0.06538822737998157,-7.949010512649647,1.8800710020000945e-15,7.669255041727289e-14,DOWN,ENSMUSG00000030079
ENSMUSG00000013846.11,NA,4078.740770788896,0.717048330201345,0.0902069953789052,7.948921557463002,1.8814213090252313e-15,7.669255041727289e-14,UP,ENSMUSG00000013846
ENSMUSG00000036180.16,NA,2495.445469848511,0.6673291927974263,0.08405205298431079,7.939475231164079,2.0303842876979478e-15,8.255885961868322e-14,UP,ENSMUSG00000036180
ENSMUSG00000075585.5,6330403L08Rik,73.51615259304997,1.1277387996632608,0.1420658738783885,7.938140025300023,2.0523556931508292e-15,8.321988764454576e-14,UP,ENSMUSG00000075585
ENSMUSG00000019876.16,NA,575.0885188194161,-0.626330174864503,0.07894077286017448,-7.934178399467961,2.118933317949896e-15,8.552119509928149e-14,DOWN,ENSMUSG00000019876
ENSMUSG00000036026.16,NA,970.1979999907963,0.6799144508088389,0.08570887300410117,7.932836204441809,2.1419685987749588e-15,8.62379771319593e-14,UP,ENSMUSG00000036026
ENSMUSG00000105143.2,Gm8069,167.54395817190058,-0.8577858057829484,0.10817827966676294,-7.92937185195872,2.2025711011953436e-15,8.846001773989948e-14,DOWN,ENSMUSG00000105143
ENSMUSG00000023007.16,NA,178.8919430071018,0.8896004270855972,0.1122597907357111,7.924479648995153,2.291036675522307e-15,9.178746445609712e-14,UP,ENSMUSG00000023007
ENSMUSG00000139808.1,ENSMUSG00000139808,274.0874823845397,-0.8251215249812422,0.10427024086555527,-7.913298349863251,2.506576920663469e-15,1.0017727712754296e-13,DOWN,ENSMUSG00000139808
ENSMUSG00000042476.13,NA,939.5412121168649,0.5351624615470731,0.06765085546442785,7.910653278116668,2.560417128692713e-15,1.0207945947710022e-13,UP,ENSMUSG00000042476
ENSMUSG00000038295.15,NA,144.49908058601318,-1.0231358469690202,0.12935541272191245,-7.909493893143474,2.584373782224575e-15,1.0278387796652775e-13,DOWN,ENSMUSG00000038295
ENSMUSG00000052949.15,NA,824.5927063807691,0.8372698544235945,0.10590882529691109,7.905572100118592,2.6670584657908822e-15,1.0581489728596544e-13,UP,ENSMUSG00000052949
ENSMUSG00000042700.17,NA,2236.2576299848374,1.0138706541633276,0.1282750404391907,7.903880994244996,2.7035114801650863e-15,1.0700144952730872e-13,UP,ENSMUSG00000042700
ENSMUSG00000028015.4,Ctso,2321.2825036383138,-0.6808034263673259,0.086140745583258585,-7.9033844176482235,2.7143084245267422e-15,1.0716928866500997e-13,DOWN,ENSMUSG00000028015
ENSMUSG00000056493.10,NA,676.485213245242,0.9427072542707926,0.11929859712594221,7.90208164204636,2.7428365877995597e-15,1.0803471533535326e-13,UP,ENSMUSG00000056493
ENSMUSG00000048897.16,NA,2963.6168880786176,0.7581155221275351,0.09596568177161474,7.899860743257645,2.7921520046072154e-15,1.0971278045026332e-13,UP,ENSMUSG00000048897
ENSMUSG00000037239.9,Spred3,413.51142191577213,0.8840163687977982,0.11193901841769284,7.897303203956562,2.8500248777005332e-15,1.1171824136904777e-13,UP,ENSMUSG00000037239
ENSMUSG00000020451.18,NA,615.4393582483708,0.5295153130854618,0.06706700550815521,7.89531766139572,2.8957673895465365e-15,1.132397458122672e-13,UP,ENSMUSG00000020451
ENSMUSG00000028675.13,NA,2606.957489974451,-0.5643613847370915,0.07157724106256376,-7.8846484770738545,3.1542216509779117e-15,1.2246771284295711e-13,DOWN,ENSMUSG00000028675
ENSMUSG00000028741.14,NA,824.5935602173594,-0.8362425745069209,0.10609710053625994,-7.881860769806099,3.2254130921273393e-15,1.2463972199506736e-13,DOWN,ENSMUSG00000028741
ENSMUSG00000038147.15,NA,17167.059392972027,-0.5577266104038634,0.07085662090769208,-7.871199660091573,3.5125653230921796e-15,1.3446462007321959e-13,DOWN,ENSMUSG00000038147
ENSMUSG00000047731.18,NA,3227.7379338651244,0.5623435532388348,0.07160384745550004,7.853538227653436,4.044614506990331e-15,1.5411018352275978e-13,UP,ENSMUSG00000047731
ENSMUSG00000062591.6,Tubb4a,137.1145660181107,1.1253157221852323,0.14339999691698035,7.847390142112205,4.2478422647904805e-15,1.6110262102149697e-13,UP,ENSMUSG00000062591
ENSMUSG00000020978.11,NA,497.7252687867596,-0.623947334268699,0.07953559011128902,-7.844882189163992,4.333601296887429e-15,1.6397464536787482e-13,DOWN,ENSMUSG00000020978
ENSMUSG00000022438.7,Parvb,2818.339156706077,0.6267931256830128,0.08002035607040706,7.832920977401299,4.766639264085095e-15,1.7994338432040406e-13,UP,ENSMUSG00000022438
ENSMUSG00000029535.5,Triap1,2104.7800366704387,-0.6526999125450774,0.08337563555874264,-7.828425032936812,4.940193777414293e-15,1.856377183577334e-13,DOWN,ENSMUSG00000029535
ENSMUSG00000024773.16,NA,1066.672622089126,1.0178622805876416,0.13003377588212886,7.82767610709312,4.969702422677657e-15,1.863182472502041e-13,UP,ENSMUSG00000024773
ENSMUSG00000035960.15,NA,750.4709084083955,-0.8302941514967036,0.1062341247675192,-7.815700965332034,5.465799582779825e-15,2.0444842100713734e-13,DOWN,ENSMUSG00000035960
ENSMUSG00000048911.16,NA,397.4099962092777,0.9438796021961751,0.12077679402369661,7.815074160777809,5.493067863347748e-15,2.0499928606000523e-13,UP,ENSMUSG00000048911
ENSMUSG00000004945.16,NA,2677.803578374346,-0.65881613600458,0.08431828931019185,-7.8134428650575884,5.564664512124675e-15,2.0719819160635524e-13,DOWN,ENSMUSG00000004945
ENSMUSG00000033365.15,NA,1804.569607849783,0.7045489407727008,0.09019201678979485,7.811655242334263,5.644177336969699e-15,2.096811880684243e-13,UP,ENSMUSG00000033365
ENSMUSG00000037553.15,NA,2502.1966860095613,0.9767224169918286,0.12509906882344307,7.807591424763625,5.829119073146547e-15,2.150852830014751e-13,UP,ENSMUSG00000037553
ENSMUSG00000022706.17,NA,1077.8297281579978,-0.5056204382266326,0.0647579021968478,-7.807856973032776,5.816854093903957e-15,2.150852830014751e-13,DOWN,ENSMUSG00000022706
ENSMUSG00000041538.17,NA,196.46925973128376,1.0014882486532561,0.12828944643971196,7.80647416016323,5.881002064970992e-15,2.1651094539192758e-13,UP,ENSMUSG00000041538
ENSMUSG00000025962.16,NA,548.1545842556156,-0.8539464061044747,0.1094109068483819,-7.80494770313755,5.952622373105711e-15,2.1865520294558643e-13,DOWN,ENSMUSG00000025962
ENSMUSG00000128619.1,ENSMUSG00000128619,288.3032857337987,-0.7079111282815879,0.09071379773879053,-7.80378669979192,6.007670029154141e-15,2.2018245357971657e-13,DOWN,ENSMUSG00000128619
ENSMUSG00000036718.18,NA,2048.9716620162,0.7035552982539978,0.09016345954514501,7.80310895126785,6.040036021008125e-15,2.208734425042479e-13,UP,ENSMUSG00000036718
ENSMUSG00000032536.13,NA,2097.579979369784,0.7757138008428796,0.09949852197396783,7.7962344108572035,6.378185650422494e-15,2.3271835411117433e-13,UP,ENSMUSG00000032536
ENSMUSG00000056209.8,Npm3,627.2136324156274,-0.8705023992835182,0.11177192175519887,-7.788202847492227,6.7969000914515085e-15,2.4744349419792063e-13,DOWN,ENSMUSG00000056209
ENSMUSG00000037376.15,NA,614.2493675028367,-0.7485995019258405,0.0961494032910274,-7.785794568687659,6.9276435821763245e-15,2.51642804431676e-13,DOWN,ENSMUSG00000037376
ENSMUSG00000026854.17,NA,628.3494100803946,0.5628563558564501,0.07236248763430263,7.778289197311044,7.351186921753656e-15,2.664357016030715e-13,UP,ENSMUSG00000026854
ENSMUSG00000042211.8,Fbxo38,2154.8995480086883,0.565559829319629,0.07271868331911148,7.777366194018973,7.405002492515399e-15,2.677924131474706e-13,UP,ENSMUSG00000042211
ENSMUSG00000001768.17,NA,5938.922987178371,0.6574976611150836,0.08456022035839945,7.775496070473208,7.515231228793109e-15,2.705814309820532e-13,UP,ENSMUSG00000001768
ENSMUSG00000026659.14,NA,259.0754593203556,-0.8488202475763176,0.1091829159329971,-7.7742954593484015,7.586847137150884e-15,2.7255956770080955e-13,DOWN,ENSMUSG00000026659
ENSMUSG00000078485.5,Plekhn1,649.239086105893,0.8247398205660544,0.10609040000250412,7.773934498753776,7.608509298641798e-15,2.727383618324536e-13,UP,ENSMUSG00000078485
ENSMUSG00000035722.16,NA,1714.206846142614,0.8472032930112376,0.10900885326757875,7.771876023057033,7.733212084280622e-15,2.7660193595109644e-13,UP,ENSMUSG00000035722
ENSMUSG00000056917.14,NA,2734.8427021482203,0.7907117681647936,0.10177091116981837,7.769526273036755,7.878020194154063e-15,2.811661967110094e-13,UP,ENSMUSG00000056917
ENSMUSG00000030946.14,NA,634.4657117718749,-0.7049176524956544,0.09074169475462397,-7.768398577983729,7.94846118685529e-15,2.830621929419098e-13,DOWN,ENSMUSG00000030946
ENSMUSG00000038291.17,NA,640.1456788963801,0.6841594550181546,0.08814020804594229,7.76217200056463,8.348707377164447e-15,2.9666950171115224e-13,UP,ENSMUSG00000038291
ENSMUSG00000025757.14,NA,1312.5187902448324,0.7122829703220374,0.09176791944858106,7.7617861950236335,8.374149440373362e-15,2.969280840614815e-13,UP,ENSMUSG00000025757
ENSMUSG00000032374.15,NA,441.7695484256765,1.1878845713884936,0.15309938300234197,7.758911552049315,8.566136236169851e-15,3.0307805826067614e-13,UP,ENSMUSG00000032374
ENSMUSG00000027164.9,Traf6,1466.5537004312162,0.7347493533859893,0.09472314870510957,7.756808799435056,8.709308127810483e-15,3.074780791731969e-13,UP,ENSMUSG00000027164
ENSMUSG00000031103.13,NA,2571.2702504188896,0.8995924748790606,0.1160163086666246,7.754017389607346,8.903012839432574e-15,3.1296483413626855e-13,UP,ENSMUSG00000031103
ENSMUSG00000046079.17,NA,3168.0463237118893,0.7056275984308606,0.09103479912374961,7.751185318392964,9.103871049932339e-15,3.1933879009054503e-13,UP,ENSMUSG00000046079
ENSMUSG00000096210.3,H1f0,1549.49658888753,-0.5476631079438612,0.07069672227733695,-7.746654870298337,9.434492833919968e-15,3.3022745152731437e-13,DOWN,ENSMUSG00000096210
ENSMUSG00000033039.11,NA,680.1064485204037,0.9152288326992214,0.11818257583475984,7.744194321664416,9.618980605865471e-15,3.3596550637495083e-13,UP,ENSMUSG00000033039
ENSMUSG00000001156.10,NA,4422.404413455264,0.977333069128994,0.1262364933976269,7.742080303597586,9.780318152483426e-15,3.4087223991576565e-13,UP,ENSMUSG00000001156
ENSMUSG00000068114.8,Ccdc134,382.34044933267893,-0.6942013174048891,0.08974659547970222,-7.735127039575501,1.0329990002886329e-14,3.592638650791062e-13,DOWN,ENSMUSG00000068114
ENSMUSG00000039007.11,NA,1814.7793369474139,-0.5391219681955698,0.0697442309164041,-7.729986568233364,1.0755793168170969e-14,3.7327854591703324e-13,DOWN,ENSMUSG00000039007
ENSMUSG00000003038.16,NA,3236.5863787819635,-0.5735784486348181,0.0742312541541924,-7.726913079541763,1.1018582611429431e-14,3.812442369262539e-13,DOWN,ENSMUSG00000003038
ENSMUSG00000034248.8,Slc25a37,1826.022546721188,0.7078893262002874,0.09161530384525139,7.726758483451548,1.1031966479023497e-14,3.812442369262539e-13,UP,ENSMUSG00000034248
ENSMUSG00000008730.18,NA,3185.342729418912,0.9138735210269922,0.11845232017387093,7.715117101003657,1.2087120468011196e-14,4.159496235160232e-13,UP,ENSMUSG00000008730
ENSMUSG00000033581.18,NA,3907.783936705689,0.8358196135891917,0.10845902000698826,7.706317220415028,1.2950049307288543e-14,4.447090461700389e-13,UP,ENSMUSG00000033581
ENSMUSG00000026020.10,NA,563.4854735226796,-0.7681769465696046,0.09982656680369653,-7.695115350207149,1.4136658305954623e-14,4.824171537977751e-13,DOWN,ENSMUSG00000026020
ENSMUSG00000039844.21,NA,3092.1196088862016,0.8643765395211526,0.1123357598610466,7.694580430936156,1.4195922438049807e-14,4.834303086924212e-13,UP,ENSMUSG00000039844
ENSMUSG00000032563.17,NA,1639.6291808269511,-0.6020881620366559,0.07826970796140015,-7.6924799864282685,1.4431006038165564e-14,4.904141885651857e-13,DOWN,ENSMUSG00000032563
ENSMUSG00000023908.9,Pkmyt1,262.86924776127876,1.1897488510751897,0.15467865566186598,7.691745483462376,1.451411278940212e-14,4.922151196173591e-13,UP,ENSMUSG00000023908
ENSMUSG00000032185.17,NA,945.5203858602656,0.6285600314874731,0.08172579039756256,7.691085377452889,1.458920340557014e-14,4.937373061437878e-13,UP,ENSMUSG00000032185
ENSMUSG00000021646.10,NA,276.6192725104274,-0.7313869174746543,0.0951344905674446,-7.6879259363473995,1.4953932817605773e-14,5.050350947036859e-13,DOWN,ENSMUSG00000021646
ENSMUSG00000117679.2,Apbb3,186.24640261275118,0.9529100818574361,0.12399244795223174,7.685226782719428,1.5272620911145768e-14,5.136754350073842e-13,UP,ENSMUSG00000117679
ENSMUSG00000027878.12,NA,3763.3063493324275,1.045034298029833,0.13601135320682395,7.683434311845386,1.548793974505428e-14,5.198477681163393e-13,UP,ENSMUSG00000027878
ENSMUSG00000037418.7,Best1,142.7188036536914,0.9381593468601925,0.12214833200259045,7.680492492032528,1.5847813568910524e-14,5.308368045028922e-13,UP,ENSMUSG00000037418
ENSMUSG00000063354.8,Slc39a4,722.3357874069327,0.9028450337606573,0.11755874027799527,7.679948182718427,1.591529523457171e-14,5.320069854893849e-13,UP,ENSMUSG00000063354
ENSMUSG00000062937.8,Mtap,791.4701586027868,-0.5728688744615195,0.07463319641775083,-7.675791765033766,1.6440000474649485e-14,5.484249954257561e-13,DOWN,ENSMUSG00000062937
ENSMUSG00000078789.10,NA,220.58305752506888,-0.8786642912746699,0.11457761472466657,-7.668725635335719,1.7371356431638505e-14,5.771386020966728e-13,DOWN,ENSMUSG00000078789
ENSMUSG00000036632.10,NA,1638.292210093641,-0.6141841083455811,0.08014966968368234,-7.662964935095956,1.8168896426065157e-14,6.024113204471827e-13,DOWN,ENSMUSG00000036632
ENSMUSG00000030123.16,NA,3831.14044588055,0.9472489446469856,0.12362354755932296,7.662366623093641,1.8253766331861245e-14,6.040001304870524e-13,UP,ENSMUSG00000030123
ENSMUSG00000044991.11,NA,199.38184569454168,-0.8978769457072435,0.11731404478300299,-7.653618519147097,1.9540137806465556e-14,6.439578479525927e-13,DOWN,ENSMUSG00000044991
ENSMUSG00000096199.3,Ptrhd1,359.79982629245643,-0.7141141015477044,0.09335965024880337,-7.6490657328363065,2.0244474145543486e-14,6.658273126419594e-13,DOWN,ENSMUSG00000096199
ENSMUSG00000020564.18,NA,1291.7117235994035,0.6375805720673416,0.08336575868221692,7.647990999491095,2.0414349898591184e-14,6.700661916513483e-13,UP,ENSMUSG00000020564
ENSMUSG00000028035.14,NA,1515.5891243536178,0.5437396851546037,0.07110082106279009,7.647445937008518,2.0501039334089668e-14,6.71563104118296e-13,UP,ENSMUSG00000028035
ENSMUSG00000025579.15,NA,3340.631538663161,0.7275772966038775,0.09516145931040759,7.645713946342393,2.077891429854401e-14,6.793042662480008e-13,UP,ENSMUSG00000025579
ENSMUSG00000003363.16,NA,13021.775441219725,0.609252480698394,0.07969371273617289,7.644925299381302,2.0906666690661184e-14,6.821165144222509e-13,UP,ENSMUSG00000003363
ENSMUSG00000045294.12,NA,3672.652294566225,-0.6882398656869336,0.09008518505674687,-7.639878468955739,2.1742687156324826e-14,7.079800084806486e-13,DOWN,ENSMUSG00000045294
ENSMUSG00000048756.12,NA,1809.9712017669674,0.7843408231217738,0.10268136062415197,7.638590084452843,2.1961327464777818e-14,7.136776515691018e-13,UP,ENSMUSG00000048756
ENSMUSG00000047098.19,NA,2316.474191533845,0.7479891747444326,0.09797262218473039,7.634675464070728,2.2638997120339213e-14,7.342401724783032e-13,UP,ENSMUSG00000047098
ENSMUSG00000005732.15,NA,1519.7779392435332,-0.7066835687003951,0.09265374250601048,-7.62714542971162,2.4000878962665985e-14,7.768680545024518e-13,DOWN,ENSMUSG00000005732
ENSMUSG00000028893.9,Sesn2,1464.891212911499,0.7575153307682253,0.0993422351304843,7.625309917511339,2.4344879208546726e-14,7.864454457369659e-13,UP,ENSMUSG00000028893
ENSMUSG00000047989.12,NA,993.2431696170524,-0.5590390051482212,0.07334610955533281,-7.621931259032605,2.4990812028416437e-14,8.057195530897339e-13,DOWN,ENSMUSG00000047989
ENSMUSG00000002228.8,Ppm1j,76.16384671285948,1.4130032116126923,0.18544777998843986,7.619412924224672,2.5483204671248456e-14,8.199772904650143e-13,UP,ENSMUSG00000002228
ENSMUSG00000046841.7,Ckap4,1605.0806390228486,0.5997292219760421,0.07873259022835885,7.617293172199285,2.590505190804541e-14,8.319135137306686e-13,UP,ENSMUSG00000046841
ENSMUSG00000016933.18,NA,315.0603855934984,0.7311418394448599,0.09600350890561354,7.615782462323191,2.620987938272884e-14,8.400523301766385e-13,UP,ENSMUSG00000016933
ENSMUSG00000037936.16,NA,4593.9859170758255,0.5039779437071532,0.06620807064490666,7.612031868594012,2.69820005016376e-14,8.631072019564936e-13,UP,ENSMUSG00000037936
ENSMUSG00000033213.17,NA,5312.064778651047,0.899135293244212,0.11814660290426386,7.610335558888614,2.7338519751681072e-14,8.728036012909742e-13,UP,ENSMUSG00000033213
ENSMUSG00000028793.16,NA,8179.4099991257,0.5198669491636798,0.0683643925796593,7.604352639539982,2.863335193231533e-14,9.123601767751002e-13,UP,ENSMUSG00000028793
ENSMUSG00000045502.7,Hcar2,2496.2703813365124,1.2481031324695815,0.1641891783570149,7.601616287741517,2.924548026851417e-14,9.300517907959778e-13,UP,ENSMUSG00000045502
ENSMUSG00000021079.17,NA,184.17903856449402,-0.8059839979014422,0.106088260335899,-7.597296772984284,3.023805514782944e-14,9.597499989250873e-13,DOWN,ENSMUSG00000021079
ENSMUSG00000039065.12,NA,283.58087455475544,-0.7701872180388356,0.1014604693337274,-7.5910078387821,3.1742674799303035e-14,1.0055538028476887e-12,DOWN,ENSMUSG00000039065
ENSMUSG00000044018.4,Mrpl50,731.4518382955663,-0.5903700830764522,0.07779744769367948,-7.588553359757788,3.2349674930539066e-14,1.0228003605698096e-12,DOWN,ENSMUSG00000044018
ENSMUSG00000071041.5,Impdh2-ps,668.5438386978916,-0.7175570582680936,0.09463959112342141,-7.581996601531307,3.402771934502254e-14,1.0737781861269081e-12,DOWN,ENSMUSG00000071041
ENSMUSG00000038181.17,NA,3878.54072984092,0.6288308756177838,0.08295230121089767,7.58063207938073,3.438754878948446e-14,1.08304214357016e-12,UP,ENSMUSG00000038181
ENSMUSG00000019256.18,NA,254.2396968354068,1.0350355410860141,0.1366829607123076,7.572527955877199,3.660304131052401e-14,1.1506025255035105e-12,UP,ENSMUSG00000019256
ENSMUSG00000110980.4,Gm47204,46.1263904713346,1.3640170521249444,0.1802007525604578,7.569430386631228,3.7486427479170843e-14,1.1738565968860663e-12,UP,ENSMUSG00000110980
ENSMUSG00000016206.7,H2-M3,2624.0989290839775,-0.591180857103359,0.07809897775189997,-7.569636301532473,3.742705829410364e-14,1.1738565968860663e-12,DOWN,ENSMUSG00000016206
ENSMUSG00000037905.14,NA,1065.7324688918857,0.7177802980987276,0.0948307456164858,7.5690673255019245,3.7591330590015754e-14,1.1748908027235135e-12,UP,ENSMUSG00000037905
ENSMUSG00000064351.1,mt-Co1,84842.34888421764,0.711521995588437,0.09404341858963147,7.565888248844286,3.852231217948544e-14,1.2016902955837195e-12,UP,ENSMUSG00000064351
ENSMUSG00000054385.15,NA,415.51729556293725,0.7863614511527585,0.10397035533190443,7.563323686280169,3.928982612643743e-14,1.2232980911671356e-12,UP,ENSMUSG00000054385
ENSMUSG00000031393.18,NA,1312.5880696319118,0.5573376053267374,0.07370440240039841,7.561795322605108,3.975436026551162e-14,1.2354083134981995e-12,UP,ENSMUSG00000031393
ENSMUSG00000052423.16,NA,824.934735226729,0.7308441202840683,0.09669038197853817,7.558602058747578,4.074242708530819e-14,1.2637110306194453e-12,UP,ENSMUSG00000052423
ENSMUSG00000022505.10,NA,2213.8558776591412,0.5217367550671932,0.0690280206015343,7.558332841078111,4.0826824356536685e-14,1.2639304373711148e-12,UP,ENSMUSG00000022505
ENSMUSG00000017774.20,NA,6812.761244032361,0.5377362847991329,0.07122186718343138,7.550157080467958,4.347335925884972e-14,1.3433185830721314e-12,UP,ENSMUSG00000017774
ENSMUSG00000030117.6,Gdf3,415.2941471607275,-0.6694676011126405,0.08867479845035325,-7.54969408233229,4.362817956799664e-14,1.345558911732968e-12,DOWN,ENSMUSG00000030117
ENSMUSG00000035673.11,NA,7196.9899037569785,0.6461857028150856,0.08562189534558497,7.5469679829787335,4.45508051192677e-14,1.3714264792458566e-12,UP,ENSMUSG00000035673
ENSMUSG00000022503.11,NA,1617.4387982743062,-0.6409106880643112,0.0850515225681612,-7.535558079523837,4.8625070507005386e-14,1.494032711480282e-12,DOWN,ENSMUSG00000022503
ENSMUSG00000020955.10,NA,294.2291535186685,-0.7439059790900518,0.09878987720041697,-7.530184267573034,5.0668767245463904e-14,1.553905571096347e-12,DOWN,ENSMUSG00000020955
ENSMUSG00000042745.10,NA,490.9446750492747,0.9946321387525314,0.1320965732116011,7.529583202429206,5.090254231025573e-14,1.5581516041262924e-12,UP,ENSMUSG00000042745
ENSMUSG00000046179.18,NA,201.09170628277462,1.0934717442420863,0.14534619449434893,7.523222386703771,5.344240669359918e-14,1.6328403361001349e-12,UP,ENSMUSG00000046179
ENSMUSG00000031862.12,NA,2137.575486990191,0.6411050431306607,0.08528888418203247,7.516865172750381,5.6105222946238324e-14,1.7109999520134544e-12,UP,ENSMUSG00000031862
ENSMUSG00000068580.12,NA,614.0050467141829,-0.579337022108502,0.07709560691571483,-7.514527030598062,5.711704742703639e-14,1.7386131419782811e-12,DOWN,ENSMUSG00000068580
ENSMUSG00000050567.17,NA,903.9148229317937,0.8695403951432713,0.11572271510398599,7.513999255564654,5.734791060574761e-14,1.7423958118244432e-12,UP,ENSMUSG00000050567
ENSMUSG00000024754.14,NA,1926.0633086782586,0.8570165324237781,0.11406310057793533,7.51353003803547,5.75539293516293e-14,1.7454110003371659e-12,UP,ENSMUSG00000024754
ENSMUSG00000054808.16,NA,9196.974177909035,0.5242125447193619,0.06983866116185826,7.506050889269563,6.093773651547441e-14,1.8411982275082156e-12,UP,ENSMUSG00000054808
ENSMUSG00000028076.13,NA,308.63161850887116,-0.9353987374125109,0.12468699031690986,-7.501975426907498,6.286315917262338e-14,1.895869372390594e-12,DOWN,ENSMUSG00000028076
ENSMUSG00000100863.2,Gm12669,1737.7329826696982,-0.578492029070776,0.07714593134639487,-7.4986719192393245,6.446765907647126e-14,1.937110947176469e-12,DOWN,ENSMUSG00000100863
ENSMUSG00000047030.16,NA,988.3101920847205,0.6341423631118223,0.08457003495949655,7.498428532228164,6.458745084469087e-14,1.9371494890042516e-12,UP,ENSMUSG00000047030
ENSMUSG00000037692.15,NA,315.0180646900068,1.0474174265346117,0.1398925552132575,7.487299270056859,7.030527008479755e-14,2.100932257415175e-12,UP,ENSMUSG00000037692
ENSMUSG00000001910.6,Nacc1,3357.6958461953113,0.6811846269319849,0.09099855228969672,7.48566443962111,7.118606514839514e-14,2.1233712060504873e-12,UP,ENSMUSG00000001910
ENSMUSG00000000134.18,NA,4389.503938141517,0.6355690441228932,0.08492132234784462,7.484210402654245,7.197856284033161e-14,2.14309943203654e-12,UP,ENSMUSG00000000134
ENSMUSG00000083563.2,Gm13340,6467.424108635493,0.6935907578008997,0.09274150447261509,7.478752493234619,7.503143088848349e-14,2.229934126005729e-12,UP,ENSMUSG00000083563
ENSMUSG00000042650.4,Alkbh5,4149.8593815403665,0.6941244150378426,0.0928238903207274,7.47786386284271,7.554038932675972e-14,2.2409858510620952e-12,UP,ENSMUSG00000042650
ENSMUSG00000044408.8,Sptssa,4250.700273462042,-0.6399439235492352,0.08558323176002339,-7.477445176920255,7.57813641970661e-14,2.2440619187776133e-12,DOWN,ENSMUSG00000044408
ENSMUSG00000032666.17,NA,764.1214203667297,0.5145207271356399,0.06881646957764836,7.476709140899558,7.62068232205047e-14,2.2485139573327977e-12,UP,ENSMUSG00000032666
ENSMUSG00000031227.9,Magee1,379.1535286295418,0.7178741651897909,0.09601180206165356,7.476936686687862,7.607504229019533e-14,2.2485139573327977e-12,UP,ENSMUSG00000031227
ENSMUSG00000035969.16,NA,2407.5396049371648,0.9023565861513986,0.12072612176039467,7.474410450642216,7.75507344953171e-14,2.2840437947035195e-12,UP,ENSMUSG00000035969
ENSMUSG00000063268.13,NA,3298.239152365327,0.6743848768268651,0.09025010511963087,7.472399903943995,7.874526497501564e-14,2.3150541389956935e-12,UP,ENSMUSG00000063268
ENSMUSG00000021892.15,NA,2806.0824292602797,0.5249649242974039,0.07028486663039918,7.469103228978019,8.074318064998342e-14,2.369529678464325e-12,UP,ENSMUSG00000021892
ENSMUSG00000027834.16,NA,166.52356662685992,1.0065524355175317,0.13483567109146677,7.465030784285039,8.328013996030245e-14,2.4352364361200426e-12,UP,ENSMUSG00000027834
ENSMUSG00000039159.17,NA,1919.9634444383769,0.6128668935097473,0.08213728385848114,7.461494521363642,8.554652042434056e-14,2.497041826529055e-12,UP,ENSMUSG00000039159
ENSMUSG00000032462.15,NA,2559.5685728184476,0.6832165600421176,0.09160882213389465,7.457977781261441,8.786048114325157e-14,2.56001323487984e-12,UP,ENSMUSG00000032462
ENSMUSG00000023147.18,NA,416.8962689560931,-0.6711153139453181,0.09002604099446312,-7.454679851873013,9.008631053942746e-14,2.6201972101022798e-12,DOWN,ENSMUSG00000023147
ENSMUSG00000041607.18,NA,1389.4229322536319,0.6843669816843656,0.09180733408633626,7.454382468406958,9.028972284743393e-14,2.621449040256048e-12,UP,ENSMUSG00000041607
ENSMUSG00000037979.14,NA,28.16259107536506,1.4845971838228778,0.19926193985703336,7.450480432379851,9.300093433065162e-14,2.695378142852538e-12,UP,ENSMUSG00000037979
ENSMUSG00000030505.18,NA,295.39252301884716,-0.6786263194194304,0.0910966160932981,-7.449522809106368,9.367844427402504e-14,2.7102085842534744e-12,DOWN,ENSMUSG00000030505
ENSMUSG00000063160.13,NA,345.00282621901914,0.8700798621123138,0.1169567328476586,7.439331117821425,1.0119638060734091e-13,2.90712836099753e-12,UP,ENSMUSG00000063160
ENSMUSG00000032120.12,NA,1800.1064305653667,0.5944857387317353,0.07991640761610183,7.4388446185856365,1.0156970639901077e-13,2.9127340715758424e-12,UP,ENSMUSG00000032120
ENSMUSG00000069622.6,Gm10273,2614.728434951965,-0.5545364623387443,0.07460109968311453,-7.43335506707363,1.0587719077243738e-13,3.0309431880319816e-12,DOWN,ENSMUSG00000069622
ENSMUSG00000047388.11,NA,1207.272621708439,0.7389594490118814,0.09942081304816511,7.432643390814832,1.0644860549469356e-13,3.038735873326136e-12,UP,ENSMUSG00000047388
ENSMUSG00000038332.14,NA,2378.7897304294693,-0.6319347330992336,0.08502256397859648,-7.432553236789195,1.0652120735445222e-13,3.038735873326136e-12,DOWN,ENSMUSG00000038332
ENSMUSG00000083734.2,Gm16209,711.316249028848,-0.5894256796171974,0.07933752447878506,-7.429342968405958,1.0913842748517003e-13,3.1079734070951034e-12,DOWN,ENSMUSG00000083734
ENSMUSG00000025869.12,NA,750.2117102082915,-0.7105374971078687,0.0956447451914371,-7.428923519903756,1.0948502372873615e-13,3.1124212136868193e-12,DOWN,ENSMUSG00000025869
ENSMUSG00000047613.11,NA,618.1910237933655,-0.6523349003782938,0.08791008598490808,-7.420478470357577,1.1669797778237773e-13,3.3059707882681914e-12,DOWN,ENSMUSG00000047613
ENSMUSG00000027333.19,NA,3017.0904477452505,0.5290380161490891,0.071304098799304,7.419461504424105,1.1759747295281038e-13,3.325689088039167e-12,UP,ENSMUSG00000027333
ENSMUSG00000036644.16,NA,4002.2803083052013,0.652458095669475,0.08808234755314395,7.407364969193383,1.288335512589712e-13,3.6184076097579782e-12,UP,ENSMUSG00000036644
ENSMUSG00000038463.9,Olfml2b,447.5991292898916,1.0009457627698806,0.13515853330032856,7.405716371201901,1.304443638026757e-13,3.651102004655029e-12,UP,ENSMUSG00000038463
ENSMUSG00000035011.16,NA,3454.490733764696,0.8839397098981636,0.11939603521127827,7.403425987588118,1.3271514445908333e-13,3.7083106860310706e-12,UP,ENSMUSG00000035011
ENSMUSG00000037993.9,Dhx38,2810.2373174735762,0.68472802161272,0.09249146361742971,7.403148299663032,1.3299308232426963e-13,3.709735364628859e-12,UP,ENSMUSG00000037993
ENSMUSG00000020806.16,NA,4665.631799044601,0.7215099774542297,0.09746322851111816,7.402894286145294,1.3324782534148435e-13,3.710509289662527e-12,UP,ENSMUSG00000020806
ENSMUSG00000066440.6,Zfyve26,1102.9343286830651,0.9748510034906469,0.13172531669472645,7.400635109117749,1.355346894217321e-13,3.7677721654551575e-12,UP,ENSMUSG00000066440
ENSMUSG00000023992.15,NA,16305.460950641409,-0.6348109725306671,0.08579736682606774,-7.398956355124327,1.3725895202861985e-13,3.809227215381698e-12,DOWN,ENSMUSG00000023992
ENSMUSG00000037613.17,NA,853.6179400008429,0.9250405687695552,0.12506139215731127,7.39669175924391,1.3961913035268212e-13,3.8681598385507495e-12,UP,ENSMUSG00000037613
ENSMUSG00000037622.15,NA,1297.6483901921792,0.7767506881679423,0.10509392224780907,7.391014357008981,1.4571288302446356e-13,4.030156998169004e-12,UP,ENSMUSG00000037622
ENSMUSG00000026035.16,NA,766.9598610300559,-0.5404783928300869,0.07315098343731358,-7.388532148624462,1.4845853292094252e-13,4.0889405488848374e-12,DOWN,ENSMUSG00000026035
ENSMUSG00000049950.7,Rpp38,131.07245328750676,-0.9621334944702782,0.13022189680660298,-7.388415604936055,1.4858868750994697e-13,4.0889405488848374e-12,DOWN,ENSMUSG00000049950
ENSMUSG00000029551.14,NA,567.0311881318495,-0.7881248093044326,0.10666633580155509,-7.388693005923455,1.4827907342325769e-13,4.0889405488848374e-12,DOWN,ENSMUSG00000029551
ENSMUSG00000001435.16,NA,3081.971713603299,0.5974484737505733,0.0809295884597702,7.382324377536687,1.5554964607191521e-13,4.273301705363909e-12,UP,ENSMUSG00000001435
ENSMUSG00000002233.14,NA,5291.369481604892,0.577425952522319,0.07822057544080688,7.382021281079476,1.559042648055772e-13,4.2758575713288005e-12,UP,ENSMUSG00000002233
ENSMUSG00000002227.16,NA,3408.959362783011,0.7574622925386604,0.10262975984960754,7.380532641298555,1.5765751745061787e-13,4.31669979941005e-12,UP,ENSMUSG00000002227
ENSMUSG00000027398.14,NA,43216.81627437193,1.6670898289066682,0.22589081566942298,7.38006910093392,1.5820739918993992e-13,4.320296357795797e-12,UP,ENSMUSG00000027398
ENSMUSG00000120374.2,Gm57280,125.23810765361006,-0.8400728315117438,0.11383136952042053,-7.379976495504087,1.5831747940289258e-13,4.320296357795797e-12,DOWN,ENSMUSG00000120374
ENSMUSG00000028458.13,NA,3324.8497243309707,0.7069459893680984,0.09582883369174416,7.37717409399091,1.6168453042644263e-13,4.404825557251052e-12,UP,ENSMUSG00000028458
ENSMUSG00000034168.8,Irf2bpl,1883.849035881782,0.9234762579829893,0.12519263779090922,7.376442211604609,1.6257540310543178e-13,4.42172635467785e-12,UP,ENSMUSG00000034168
ENSMUSG00000020107.11,NA,1000.2862686219325,-0.6048538695506883,0.08200158421969496,-7.376124196944671,1.6296400309716332e-13,4.424932881438923e-12,DOWN,ENSMUSG00000020107
ENSMUSG00000031706.8,Rfx1,500.94284080792,0.8168474350455929,0.11074993677731701,7.375601818067074,1.6360430895270942e-13,4.434951963749566e-12,UP,ENSMUSG00000031706
ENSMUSG00000028527.19,NA,2053.3641525063863,1.0501035876973377,0.14238387162063626,7.375158265784521,1.6414993317466915e-13,4.442375509392619e-12,UP,ENSMUSG00000028527
ENSMUSG00000042207.18,NA,1279.4801873609217,0.9356019963515525,0.12687990681037897,7.373917745303851,1.6568543741541108e-13,4.476519272714561e-12,UP,ENSMUSG00000042207
ENSMUSG00000068165.4,Gm10233,2566.13753544091,-0.5478812227677505,0.07438530950968174,-7.365449258451229,1.7655127224960409e-13,4.7543774237100966e-12,DOWN,ENSMUSG00000068165
ENSMUSG00000024622.9,Hmgxb3,1095.0939245100435,0.6107573899043749,0.08292990496438132,7.364742431173619,1.7748922427573092e-13,4.771774440807726e-12,UP,ENSMUSG00000024622
ENSMUSG00000001016.13,NA,1424.1627092362714,-0.6134962366673409,0.08338804105381273,-7.357124941590053,1.8791345361588028e-13,5.0437328617490626e-12,DOWN,ENSMUSG00000001016
ENSMUSG00000029016.14,NA,588.4555436683511,0.5636476800171385,0.076646044328730345,7.353904365888564,1.924994845748978e-13,5.1583550407561955e-12,UP,ENSMUSG00000029016
ENSMUSG00000037217.16,NA,555.2750856473097,0.7997283247301834,0.10876378687704814,7.352891506381946,1.9396437281587563e-13,5.1891025172639985e-12,UP,ENSMUSG00000037217
ENSMUSG00000009035.16,NA,4680.270474160553,0.7293048727560928,0.09919543090831583,7.352202274620626,1.9496745779861759e-13,5.207415139176803e-12,UP,ENSMUSG00000009035
ENSMUSG00000038943.17,NA,875.2196421798693,1.0244733783867925,0.13935131844632154,7.351730789554188,1.956565752612918e-13,5.217295887799471e-12,UP,ENSMUSG00000038943
ENSMUSG00000106990.2,Gm42547,266.3094814320954,0.8432366782745513,0.11471132449141397,7.350945357950834,1.9680987075425233e-13,5.239501868646594e-12,UP,ENSMUSG00000106990
ENSMUSG00000027330.17,NA,1263.0556687831404,0.6305365559587712,0.08584456323416814,7.345095975836976,2.0561150562406834e-13,5.447205301346873e-12,UP,ENSMUSG00000027330
ENSMUSG00000035621.14,NA,1753.022784672212,0.7818256959129128,0.10644142577329056,7.345126112629516,2.0556518216963584e-13,5.447205301346873e-12,UP,ENSMUSG00000035621
ENSMUSG00000044881.8,Coa4,733.980229207325,-0.614840695554891,0.08375964218428492,-7.340536319414317,2.1273963178256292e-13,5.6269288367601514e-12,DOWN,ENSMUSG00000044881
ENSMUSG00000028420.14,NA,2781.54985162457,0.5457020597297482,0.074349015288119,7.339734865553108,2.140173911455022e-13,5.651580413028076e-12,UP,ENSMUSG00000028420
ENSMUSG00000046876.17,NA,449.2213144777687,0.7752686693338993,0.10566457642947434,7.337072607784986,2.183161881536069e-13,5.75580066380461e-12,UP,ENSMUSG00000046876
ENSMUSG00000021127.9,Zfp36l1,1496.8232392154414,0.8331149973422036,0.11355272420813402,7.336812068155789,2.187414152856126e-13,5.757724918290859e-12,UP,ENSMUSG00000021127
ENSMUSG00000035561.6,Aldh1b1,2042.2768748177596,0.653135458937223,0.08902557728527513,7.336492262715739,2.1926448267174851e-13,5.762214202174278e-12,UP,ENSMUSG00000035561
ENSMUSG00000008855.18,NA,1965.4161489477021,0.6958769144038586,0.09488900088862054,7.333588802570171,2.240698893821897e-13,5.8790472100180935e-12,UP,ENSMUSG00000008855
ENSMUSG00000056498.14,NA,1169.39119665194,-0.5767994348982952,0.07868765904227819,-7.3302401153958074,2.2974073347731926e-13,6.018176329199136e-12,DOWN,ENSMUSG00000056498
ENSMUSG00000026047.14,NA,389.63045028789094,-0.623244494290294,0.08502858833189948,-7.329822904474547,2.3045706356546995e-13,6.027281857665875e-12,DOWN,ENSMUSG00000026047
ENSMUSG00000001034.18,NA,1082.149806452606,0.7077819447543872,0.09662930940572854,7.324712854797938,2.394107821025501e-13,6.25145150838384e-12,UP,ENSMUSG00000001034
ENSMUSG00000027357.17,NA,709.8670887358966,-0.5275047677793836,0.07205395453977294,-7.3209690036957955,2.4618670546393906e-13,6.418130602094972e-12,DOWN,ENSMUSG00000027357
ENSMUSG00000038611.18,NA,1317.2803252578815,0.6625401975929609,0.09050838665171937,7.320207796239342,2.4758726863976096e-13,6.44436543500881e-12,UP,ENSMUSG00000038611
ENSMUSG00000024737.3,Slc15a3,36285.47202215009,0.5785289019911788,0.07904900807835084,7.318610518398403,2.505516281041068e-13,6.5111556645305715e-12,UP,ENSMUSG00000024737
ENSMUSG00000041707.9,Tmem273,1254.5913409315206,-0.6558430154527564,0.08962422130405408,-7.317698339913943,2.5226013505238833e-13,6.545149472327523e-12,DOWN,ENSMUSG00000041707
ENSMUSG00000032456.14,NA,301.09003909509624,-0.685512013079176,0.0936855459778803,-7.317158756175999,2.5327615484562833e-13,6.561096714907513e-12,DOWN,ENSMUSG00000032456
ENSMUSG00000129268.1,ENSMUSG00000129268,69.2038202904221,1.109139832263923,0.15164160213959707,7.314218635351,2.588833398417055e-13,6.685161252847581e-12,UP,ENSMUSG00000129268
ENSMUSG00000038886.11,NA,1189.7275447667805,0.8667828986376996,0.11853777159013106,7.312292841431011,2.626219780684395e-13,6.771007655373362e-12,UP,ENSMUSG00000038886
ENSMUSG00000000148.18,NA,535.6287778266346,0.6597717148837018,0.09028563104350466,7.30760484540211,2.7194611994600694e-13,7.0003642151770544e-12,UP,ENSMUSG00000000148
ENSMUSG00000043192.5,Gpi-ps,4252.163656440646,0.5767389373278267,0.07892638925425043,7.30730168676464,2.7256015349729826e-13,7.00513878784094e-12,UP,ENSMUSG00000043192
ENSMUSG00000111133.2,Gm5831,862.5959872893555,0.6255057001054832,0.08560572530013927,7.306820868726003,2.7353682162579e-13,7.019203903132124e-12,UP,ENSMUSG00000111133
ENSMUSG00000051339.11,NA,847.3340073396691,0.773339988041691,0.10587128934714943,7.304529800387409,2.7823800097609356e-13,7.117493527316471e-12,UP,ENSMUSG00000051339
ENSMUSG00000034211.15,NA,1305.102317881128,-0.5107621982691481,0.06992263910125786,-7.304675636305609,2.7793640101262393e-13,7.117493527316471e-12,DOWN,ENSMUSG00000034211
ENSMUSG00000032381.6,Ciao2a,5862.865818298839,-0.5577946254301281,0.07638641132532652,-7.302275571691728,2.829410137571195e-13,7.2264903294904295e-12,DOWN,ENSMUSG00000032381
ENSMUSG00000032724.6,Abtb2,546.2785678638121,0.8116636937119849,0.11117373930854108,7.30085808717264,2.859382148850166e-13,7.291647520297163e-12,UP,ENSMUSG00000032724
ENSMUSG00000039089.16,NA,228.85821382526933,0.7934119985081916,0.10872756414140337,7.297247986502632,2.937131583913187e-13,7.478248110692361e-12,UP,ENSMUSG00000039089
ENSMUSG00000005442.14,NA,5837.412098953143,0.9148986186717781,0.1254161393861667,7.294903376468394,2.988734889723639e-13,7.597801012040839e-12,UP,ENSMUSG00000005442
ENSMUSG00000024789.14,NA,4869.627485952107,0.5832754504018891,0.08002028131695466,7.289095224391632,3.120434513590842e-13,7.920283006080109e-12,UP,ENSMUSG00000024789
ENSMUSG00000064317.6,Gm10146,316.15446072756157,-0.965478473263041,0.13247632804463091,-7.287932021619545,3.147487018105472e-13,7.976561674101093e-12,DOWN,ENSMUSG00000064317
ENSMUSG00000022962.16,NA,1116.0999035815928,-0.6068557469304279,0.08328915192569836,-7.28613190192883,3.189806927322332e-13,8.071297838082173e-12,DOWN,ENSMUSG00000022962
ENSMUSG00000107369.2,Gstm2-ps1,363.1247956986242,0.7204152054572547,0.09888024621676321,7.285734340486729,3.1992284685776975e-13,8.082625741479295e-12,UP,ENSMUSG00000107369
ENSMUSG00000030979.14,NA,168.11535568475907,-0.8319768965071064,0.11430233704749301,-7.278739157900307,3.3695446519979306e-13,8.49978038295651e-12,DOWN,ENSMUSG00000030979
ENSMUSG00000118667.1,Ahnak2,647.9462192059527,1.082743468159801,0.14895188964159067,7.269081787180462,3.619392273494629e-13,9.115960878666133e-12,UP,ENSMUSG00000118667
ENSMUSG00000028680.15,NA,725.9449547932618,0.7277632053524221,0.10018278685956913,7.264353769401141,3.748258583981988e-13,9.42600535596455e-12,UP,ENSMUSG00000028680
ENSMUSG00000028809.17,NA,2793.389568889488,0.6186692535429265,0.08521441058348063,7.260148246133143,3.866663099601973e-13,9.708828729046674e-12,UP,ENSMUSG00000028809
ENSMUSG00000004637.16,NA,351.7299111482279,0.5885378402236855,0.08112821267401428,7.254416445589917,4.0339719941887334e-13,1.011339052408114e-11,UP,ENSMUSG00000004637
ENSMUSG00000014601.14,NA,2171.427916368686,0.6102490146681584,0.08412511783386768,7.254064307800352,4.0444794036283245e-13,1.0124205257535773e-11,UP,ENSMUSG00000014601
ENSMUSG00000034906.16,NA,517.4141251886055,0.7562719285681697,0.10426260853324612,7.253529709330244,4.060482634209469e-13,1.0148723109906418e-11,UP,ENSMUSG00000034906
ENSMUSG00000026113.18,NA,680.9446603131605,0.7785576793072744,0.10736610700739585,7.251428788916076,4.1239783386797883e-13,1.0291687011306842e-11,UP,ENSMUSG00000026113
ENSMUSG00000022098.11,NA,108.03290785046778,0.8703927984177152,0.12010700688386775,7.246811164475223,4.2669820836804767e-13,1.0600013547088309e-11,UP,ENSMUSG00000022098
ENSMUSG00000030042.16,NA,1060.0912139223717,-0.580820331699199,0.08017225997619058,-7.24465459588753,4.3354264121956055e-13,1.0750244223102779e-11,DOWN,ENSMUSG00000030042
ENSMUSG00000049562.7,Ap5b1,983.4979445844169,0.8393163006094386,0.11585577392319008,7.244492632416297,4.340610049705025e-13,1.0750244223102779e-11,UP,ENSMUSG00000049562
ENSMUSG00000026786.15,NA,6839.43733490102,0.539767772344604,0.07455290229183935,7.240063843948938,4.484735762982952e-13,1.1090391948822894e-11,UP,ENSMUSG00000026786
ENSMUSG00000101585.9,1600010M07Rik,93.73539639984271,-1.0281274984203874,0.14205576559023408,-7.23749222109059,4.570569529612805e-13,1.128557847901071e-11,DOWN,ENSMUSG00000101585
ENSMUSG00000030216.13,NA,2633.105791919047,0.5025337081980034,0.06943918221560473,7.237033792213517,4.586039136798176e-13,1.1306696188552486e-11,UP,ENSMUSG00000030216
ENSMUSG00000042496.19,NA,366.7506924550952,0.8379234366491863,0.1157907422546464,7.236532216076735,4.603023640904982e-13,1.1331479583468801e-11,UP,ENSMUSG00000042496
ENSMUSG00000011832.17,NA,730.3470479962742,0.708552872995263,0.09793192386064284,7.235157291544012,4.649899044546087e-13,1.1429661621375991e-11,UP,ENSMUSG00000011832
ENSMUSG00000063849.7,Ppcdc,371.0533693134986,-0.558287586891495,0.07717912645722451,-7.233660349873465,4.70146740409392e-13,1.1539066995092976e-11,DOWN,ENSMUSG00000063849
ENSMUSG00000032479.16,NA,5349.378644955486,0.7097483700003325,0.09817447725516837,7.229459120577777,4.84921444820039e-13,1.186605679195862e-11,UP,ENSMUSG00000032479
ENSMUSG00000039356.16,NA,279.44766146016144,-0.8814688186815304,0.12204006637119597,-7.222782196794803,5.09345594463199e-13,1.2445086826749554e-11,DOWN,ENSMUSG00000039356
ENSMUSG00000021607.10,NA,734.055453026861,-0.5052558764484506,0.06999158029186488,-7.218809381664676,5.244470695024846e-13,1.2775874512798232e-11,DOWN,ENSMUSG00000021607
ENSMUSG00000001552.15,NA,151.43354498705392,1.1338643783094937,0.15731167040635227,7.207757538780213,5.688079279810929e-13,1.3835914271992477e-11,UP,ENSMUSG00000001552
ENSMUSG00000029528.20,NA,3864.4890671497205,0.6952940485377384,0.09648306595333396,7.2063842672042755,5.745711354416938e-13,1.3955333996924112e-11,UP,ENSMUSG00000029528
ENSMUSG00000020190.14,NA,5330.458553812312,0.8339610091680453,0.11577749972962158,7.203135420229472,5.884347826562817e-13,1.4270853052373266e-11,UP,ENSMUSG00000020190
ENSMUSG00000027430.13,NA,166.81935937783015,-1.0571081797039026,0.14681213183672862,-7.200414342321002,6.002985954720917e-13,1.4523826617212492e-11,DOWN,ENSMUSG00000027430
ENSMUSG00000061455.14,NA,521.8187872164846,-0.5117177738125509,0.07106859460012041,-7.200336191982104,6.006427745770002e-13,1.4523826617212492e-11,DOWN,ENSMUSG00000061455
ENSMUSG00000027134.5,Lpcat4,271.5378621340977,0.8185905735092583,0.11372539062191327,7.197957896937112,6.112100977656444e-13,1.4757518845018056e-11,UP,ENSMUSG00000027134
ENSMUSG00000023088.18,NA,10141.81682508944,0.8394484294113306,0.11663475124271952,7.1972411349720264,6.14430479726699e-13,1.4813393247216254e-11,UP,ENSMUSG00000023088
ENSMUSG00000021250.14,NA,1905.1093048883138,0.5445067941672899,0.07577982882861133,7.1853790459039235,6.702098555880165e-13,1.6087004844995177e-11,UP,ENSMUSG00000021250
ENSMUSG00000003154.17,NA,959.6935600920274,0.7787737889082741,0.10840290741451332,7.184067360208177,6.76674983132894e-13,1.6218371369927106e-11,UP,ENSMUSG00000003154
ENSMUSG00000027936.19,NA,1211.5802106661965,0.5768142617885043,0.08040446681742731,7.173908174756807,7.288650751398566e-13,1.7418170348298388e-11,UP,ENSMUSG00000027936
ENSMUSG00000009376.16,NA,459.9407370329985,1.038493898941374,0.14477767731635527,7.17302500075443,7.335844999067542e-13,1.7505360927701904e-11,UP,ENSMUSG00000009376
ENSMUSG00000024999.8,Noc3l,321.11158375788125,-0.6868435294820311,0.09576028588116693,-7.172530064648772,7.362423961055689e-13,1.7543175228486342e-11,DOWN,ENSMUSG00000024999
ENSMUSG00000030401.17,NA,100.76349144994661,1.002323709922926,0.13977604012078026,7.170926498252631,7.449189292512085e-13,1.7724082703843164e-11,UP,ENSMUSG00000030401
ENSMUSG00000019947.11,NA,958.3585146469375,0.8866228492525784,0.12375169613549072,7.16453088676741,7.805336965776681e-13,1.854448227363163e-11,UP,ENSMUSG00000019947
ENSMUSG00000027163.14,NA,1084.6769080711897,-0.5935654717345163,0.082864705040341,-7.163067453695165,7.889150555734592e-13,1.8716408560818234e-11,DOWN,ENSMUSG00000027163
ENSMUSG00000027035.11,NA,5615.461343309607,0.6956229616325128,0.09711836363040968,7.16263058426058,7.914341669822351e-13,1.8748960715205238e-11,UP,ENSMUSG00000027035
ENSMUSG00000096727.4,Psmb9,4627.258119651941,-0.6225130530178167,0.086933527959039,-7.160793627415305,8.021132503689307e-13,1.894702773198055e-11,DOWN,ENSMUSG00000096727
ENSMUSG00000109336.3,Samd4b,2981.758439011606,0.8233071494343843,0.11504535450309504,7.156370224512065,8.284122898935207e-13,1.9540010520345584e-11,UP,ENSMUSG00000109336
ENSMUSG00000078915.3,Hsp25-ps1,16.732495779929646,2.203701737658608,0.3079828401506957,7.155274419121334,8.350570283641636e-13,1.9668360498041235e-11,UP,ENSMUSG00000078915
ENSMUSG00000001288.16,NA,1091.6205813317308,0.70274901334705,0.09822401097027213,7.1545542317523525,8.394525555697666e-13,1.974344096883943e-11,UP,ENSMUSG00000001288
ENSMUSG00000024053.12,NA,11735.06689738179,0.6681417585114787,0.09349263593500727,7.1464640164381175,8.904171644946714e-13,2.085209021608868e-11,UP,ENSMUSG00000024053
ENSMUSG00000041235.13,NA,366.2618408430588,1.0618693678572733,0.1486060661083769,7.14553177851342,8.964814782519324e-13,2.0964071879121725e-11,UP,ENSMUSG00000041235
ENSMUSG00000041779.6,Tram2,796.344583050271,0.9125437434353376,0.12780796293840543,7.139960002923451,9.3358080468247e-13,2.1800445476199503e-11,UP,ENSMUSG00000041779
ENSMUSG00000039936.19,NA,4799.3761622557595,0.6073849628137941,0.08507438806151478,7.139457322627016,9.37001040462672e-13,2.1849099867907038e-11,UP,ENSMUSG00000039936
ENSMUSG00000045725.6,Prr15,130.46940833330862,1.0949288602950809,0.15337006062487524,7.139130387208658,9.392321053231997e-13,2.1869925916827668e-11,UP,ENSMUSG00000045725
ENSMUSG00000074527.12,NA,361.5063975282946,-0.7393793532006344,0.10357304557353238,-7.1387236814978765,9.42014814792535e-13,2.1903519434706653e-11,DOWN,ENSMUSG00000074527
ENSMUSG00000000561.15,NA,313.47680507448445,-0.6520115037900072,0.09134521004729693,-7.137883896182484,9.477863132431126e-13,2.1975198689747402e-11,DOWN,ENSMUSG00000000561
ENSMUSG00000061979.9,Rcc1l,308.7633794171008,-0.6560983408989313,0.09191608777027412,-7.138014212905992,9.46888430694039e-13,2.1975198689747402e-11,DOWN,ENSMUSG00000061979
ENSMUSG00000032238.18,NA,169.43595048261412,1.204409991454184,0.1688329704595514,7.133736900890064,9.767996194057519e-13,2.2615816683861788e-11,UP,ENSMUSG00000032238
ENSMUSG00000021823.11,NA,1110.8447242019574,0.6945317400508243,0.0974258320315911,7.128825338906184,1.0122908870018182e-12,2.33713373431239e-11,UP,ENSMUSG00000021823
ENSMUSG00000018446.9,C1qbp,1327.9179996335138,-0.5180906638741161,0.07267767505647911,-7.128608110695597,1.01388947697453e-12,2.337522904178514e-11,DOWN,ENSMUSG00000018446
ENSMUSG00000029616.10,NA,10649.988756702609,-0.5635615303591449,0.07906226421079417,-7.128072235024649,1.0178436063615982e-12,2.340248647937064e-11,DOWN,ENSMUSG00000029616
ENSMUSG00000029447.14,NA,7962.580972876832,-0.5381737909520387,0.07550073961309839,-7.12805985358417,1.0179351454075936e-12,2.340248647937064e-11,DOWN,ENSMUSG00000029447
ENSMUSG00000040721.10,NA,184.72181436924333,1.2575229792298284,0.17652515143843264,7.123760942748261,1.0502113509772822e-12,2.4110610594205973e-11,UP,ENSMUSG00000040721
ENSMUSG00000037426.19,NA,702.0162695616646,0.6823803594389695,0.09581437651801826,7.121899491885179,1.0644967505807273e-12,2.440429717390262e-11,UP,ENSMUSG00000037426
ENSMUSG00000051256.11,NA,1099.653998524005,-0.6247860264867258,0.08773305090669818,-7.121444199531707,1.0680197393885383e-12,2.445077123255609e-11,DOWN,ENSMUSG00000051256
ENSMUSG00000022946.11,NA,1428.666164293832,0.8932145257380972,0.1254421962975948,7.120526841056462,1.0751529195097737e-12,2.4579649821408057e-11,UP,ENSMUSG00000022946
ENSMUSG00000038517.16,NA,1537.1455158775404,0.6428430232720165,0.09028483017779441,7.120166499799475,1.0779676257983565e-12,2.4609579345390973e-11,UP,ENSMUSG00000038517
ENSMUSG00000049295.18,NA,418.2849172906615,0.8214715507890629,0.11537722718473611,7.119876000085915,1.0802420477876705e-12,2.462710810758335e-11,UP,ENSMUSG00000049295
ENSMUSG00000027984.9,Hadh,1588.648112122879,-0.6328552819668899,0.08889117118900781,-7.119439124288961,1.0836713675286143e-12,2.467088046465561e-11,DOWN,ENSMUSG00000027984
ENSMUSG00000031129.10,NA,1812.7429720864318,-0.674522389222578,0.09479897263191285,-7.1152921861466325,1.1167599629662982e-12,2.535355327034321e-11,DOWN,ENSMUSG00000031129
ENSMUSG00000020691.14,NA,282.94651817394873,-0.8055104705556132,0.11321739444368252,-7.114723620991795,1.1213731656159436e-12,2.5422976095919854e-11,DOWN,ENSMUSG00000020691
ENSMUSG00000078894.10,NA,381.817842808357,-0.729728933803182,0.1026196965030137,-7.111002650273397,1.152029274702087e-12,2.6045740697483148e-11,DOWN,ENSMUSG00000078894
ENSMUSG00000028085.13,NA,464.9897629748246,-0.5545237378923619,0.07804638105579927,-7.105053820444347,1.2027565947288865e-12,2.7080246966168567e-11,DOWN,ENSMUSG00000028085
ENSMUSG00000039157.13,NA,581.7936929387818,0.7458455599560101,0.10510452291654218,7.096227062923313,1.2820877223969831e-12,2.8826693136590214e-11,UP,ENSMUSG00000039157
ENSMUSG00000038855.11,NA,4183.5253218143025,0.7971511680618477,0.11240789292994172,7.091594258053326,1.3257573190361854e-12,2.976762244088666e-11,UP,ENSMUSG00000038855
ENSMUSG00000043832.14,NA,1862.4654621667823,-0.6870377104816356,0.0969055422414298,-7.089766948209779,1.343380334874338e-12,3.0121940951791395e-11,DOWN,ENSMUSG00000043832
ENSMUSG00000108371.3,Gm38832,77.10623057786069,-1.1196150844480692,0.1579612800177347,-7.087908405923067,1.3615403010302176e-12,3.0487312000876626e-11,DOWN,ENSMUSG00000108371
ENSMUSG00000028898.16,NA,772.8452392468155,-0.6637479617809542,0.09364978123227231,-7.0875548564786435,1.3650220273838068e-12,3.052346109386553e-11,DOWN,ENSMUSG00000028898
ENSMUSG00000002814.16,NA,654.5645267970164,0.5678451434754298,0.08015783496404517,7.084087834085551,1.3996311901233365e-12,3.116944337023986e-11,UP,ENSMUSG00000002814
ENSMUSG00000044345.10,NA,544.3427320374254,0.6506736813643192,0.09186337281353821,7.083058910595838,1.4100669584957093e-12,3.13329895091231e-11,UP,ENSMUSG00000044345
ENSMUSG00000031065.15,NA,1570.521365166951,0.6374034115878707,0.0899907760143427,7.082986054996143,1.4108087776039765e-12,3.13329895091231e-11,UP,ENSMUSG00000031065
ENSMUSG00000028223.9,Decr1,1145.7495550541908,-0.5415174823395377,0.07646362580436698,-7.082027259929003,1.4206070241775186e-12,3.1507791610862576e-11,DOWN,ENSMUSG00000028223
ENSMUSG00000027309.19,NA,1118.1398263215906,0.7173898189386663,0.10135075947097345,7.078287549923338,1.4594665026120579e-12,3.2282056091605815e-11,UP,ENSMUSG00000027309
ENSMUSG00000022564.8,Grina,10380.7136706825,0.6751188211214372,0.09556777779650422,7.06429339142939,1.6143533940101754e-12,3.556363959365273e-11,UP,ENSMUSG00000022564
ENSMUSG00000034731.12,NA,577.7633953985211,0.9544479549274119,0.13535581179856776,7.05139987891906,1.7712665603389707e-12,3.89154881657269e-11,UP,ENSMUSG00000034731
ENSMUSG00000060671.13,NA,1348.8444411581459,0.7759829899319861,0.11008658306068239,7.048842541549732,1.8041215991853427e-12,3.958412303393773e-11,UP,ENSMUSG00000060671
ENSMUSG00000078898.11,NA,538.7987323961052,-0.5487889174021509,0.07789227110571842,-7.045486151730166,1.848150923712131e-12,4.044159973092168e-11,DOWN,ENSMUSG00000078898
ENSMUSG00000027381.18,NA,1141.2490578988343,0.7340218829564953,0.10424285003905272,7.04146023138764,1.902355147364152e-12,4.157205513210484e-11,UP,ENSMUSG00000027381
ENSMUSG00000038982.11,NA,659.6445212656114,-0.5554148377825971,0.07891980807986265,-7.037711460480832,1.9542283215770552e-12,4.2648619685578834e-11,DOWN,ENSMUSG00000038982
ENSMUSG00000030527.16,NA,468.9031503817392,0.7664310595453186,0.10891655214328341,7.036864870061739,1.9661335847279726e-12,4.285122610128459e-11,UP,ENSMUSG00000030527
ENSMUSG00000038366.16,NA,13803.83500966645,0.6420581769828905,0.09128203425326936,7.033784711693084,2.010051946289258e-12,4.3750078713773915e-11,UP,ENSMUSG00000038366
ENSMUSG00000015806.13,NA,2567.5773319629116,-0.7240570227217873,0.10294396761804182,-7.033506085643526,2.01407186388001e-12,4.3779280168859895e-11,DOWN,ENSMUSG00000015806
ENSMUSG00000024163.19,NA,951.1813774161222,0.7587534765043717,0.10789179250635773,7.032541205204842,2.0280538495282658e-12,4.4024658996532577e-11,UP,ENSMUSG00000024163
ENSMUSG00000027360.6,Hdc,817.0474960123596,0.877137628843405,0.12475937280637504,7.030635126746841,2.0559550299448877e-12,4.4571141803022726e-11,UP,ENSMUSG00000027360
ENSMUSG00000003208.10,NA,559.8858372250638,0.5041673452714014,0.07173697326967647,7.027998566040911,2.0951705044504297e-12,4.5361135186419505e-11,UP,ENSMUSG00000003208
ENSMUSG00000078861.9,Zfp931,234.60179382781763,-0.8999441843822938,0.12807733741127805,-7.026568498159986,2.1167468775523446e-12,4.5711626191610396e-11,DOWN,ENSMUSG00000078861
ENSMUSG00000028882.14,NA,1163.4462853130804,-0.6244526561218169,0.08887038669126814,-7.026554956839991,2.1169522223815653e-12,4.5711626191610396e-11,DOWN,ENSMUSG00000028882
ENSMUSG00000031068.9,Glrx3,4147.854381459209,-0.540096122058387,0.0768838441652131,-7.024832432907395,2.143233069116026e-12,4.621805771473689e-11,DOWN,ENSMUSG00000031068
ENSMUSG00000079036.11,NA,228.15069534087783,-0.7152864188252405,0.10189143496963908,-7.0200838670922305,2.2173510797316337e-12,4.775338702146678e-11,DOWN,ENSMUSG00000079036
ENSMUSG00000033287.18,NA,241.73924526900592,0.8679236200386071,0.12375362543198959,7.013318737200033,2.3273042578873614e-12,5.00554149992458e-11,UP,ENSMUSG00000033287
ENSMUSG00000034612.8,Chst11,1557.1264448064655,0.8202686828681992,0.11696190390846933,7.013126970899135,2.330497716728748e-12,5.005823347916967e-11,UP,ENSMUSG00000034612
ENSMUSG00000029387.11,NA,461.20139844770875,-0.5192942258942114,0.0740558609615855,-7.012196187464235,2.3460590880491692e-12,5.0260395613698193e-11,DOWN,ENSMUSG00000029387
ENSMUSG00000109812.2,Gm45640,358.08042536653255,-0.5684871784639046,0.08110614806096751,-7.0091749152798215,2.397276017053672e-12,5.122336441145009e-11,DOWN,ENSMUSG00000109812
ENSMUSG00000083097.4,Gm14494,2153.817230405751,-0.6143275877946712,0.0876707870388247,-7.007209682315484,2.4311778354434518e-12,5.187993850934552e-11,DOWN,ENSMUSG00000083097
ENSMUSG00000052609.10,NA,710.36909648866,0.6309591770505115,0.09005426798243105,7.006432800870773,2.4447089456756587e-12,5.210066809128333e-11,UP,ENSMUSG00000052609
ENSMUSG00000023094.15,NA,238.59630489529206,-0.8779577468068208,0.12538515818767432,-7.002086686310265,2.5217795970107437e-12,5.3673189183252106e-11,DOWN,ENSMUSG00000023094
ENSMUSG00000043279.10,NA,1177.6927239976565,0.813377912739652,0.11617903929190708,7.001072807083465,2.54009891512673e-12,5.399279176418924e-11,UP,ENSMUSG00000043279
ENSMUSG00000113204.4,Gm46430,218.33850906133944,-0.7431168019513853,0.10621228976607869,-6.996523694084943,2.6239141615897554e-12,5.5629702834430794e-11,DOWN,ENSMUSG00000113204
ENSMUSG00000043017.10,NA,2775.739534613096,0.6728979744688577,0.09622206693095156,6.993177302579934,2.687295405595468e-12,5.689965116562632e-11,UP,ENSMUSG00000043017
ENSMUSG00000025817.14,NA,1182.3320080586182,-0.5926325806767708,0.0847695557128653,-6.991101648381392,2.7273605812041807e-12,5.7673267865929544e-11,DOWN,ENSMUSG00000025817
ENSMUSG00000026357.4,Rgs18,604.292988784333,-0.7335376948285262,0.10495801878551325,-6.988867580737644,2.7711381360566183e-12,5.844777286707288e-11,DOWN,ENSMUSG00000026357
ENSMUSG00000001323.18,NA,538.2446819428436,0.5772337077812043,0.08264756461744469,6.984279699626693,2.863211377828463e-12,6.023430267951617e-11,UP,ENSMUSG00000001323
ENSMUSG00000093904.3,Tomm20,4953.97168571049,-0.5471079141183104,0.07834641569919043,-6.9831900953697845,2.8855154691840655e-12,6.062549596308836e-11,DOWN,ENSMUSG00000093904
ENSMUSG00000040112.10,NA,451.16271044015497,-0.6701651585958925,0.09606788277462709,-6.975954286075853,3.0380150856366505e-12,6.358437207402905e-11,DOWN,ENSMUSG00000040112
ENSMUSG00000090213.2,Peds1,8366.810491410406,0.5898129504937274,0.08473372817055204,6.960781299585355,3.3839074742309042e-12,7.064285003036827e-11,UP,ENSMUSG00000090213
ENSMUSG00000024130.17,NA,3030.375872336821,0.7222610387007787,0.10378888099237976,6.958944270280817,3.428320873079709e-12,7.147874106040933e-11,UP,ENSMUSG00000024130
ENSMUSG00000032766.10,NA,344.5962784936982,-0.811756208362769,0.1167126994517953,-6.955166080260534,3.521469342400962e-12,7.323401764743781e-11,DOWN,ENSMUSG00000032766
ENSMUSG00000040463.17,NA,2600.1144699048086,-0.6012998735471096,0.08647733594229426,-6.953265465397233,3.569261226212332e-12,7.413360102117762e-11,DOWN,ENSMUSG00000040463
ENSMUSG00000039824.5,Myl6b,153.08956881128162,0.8598901921299088,0.12370587956686016,6.951085875147576,3.624851194445223e-12,7.519266195990052e-11,UP,ENSMUSG00000039824
ENSMUSG00000063870.13,NA,7163.476203822061,0.7196715148916041,0.10354442691095612,6.9503645571431045,3.643434527285837e-12,7.548235840686222e-11,UP,ENSMUSG00000063870
ENSMUSG00000020472.15,NA,732.839926985971,0.7115537593395332,0.10238774575030979,6.949598842372993,3.66326386540111e-12,7.57971027137298e-11,UP,ENSMUSG00000020472
ENSMUSG00000039738.17,NA,492.37629736038195,0.7296734300596502,0.1050092310569009,6.948659872237949,3.687724387692724e-12,7.62067545401078e-11,UP,ENSMUSG00000039738
ENSMUSG00000025499.19,NA,1650.4401454088106,-0.5504633788005839,0.07925741599132702,-6.945260224744396,3.777633321578039e-12,7.796615438701341e-11,DOWN,ENSMUSG00000025499
ENSMUSG00000042594.17,NA,1925.7983901070972,0.6533200024424153,0.09409853497983142,6.942934898853042,3.840364282826086e-12,7.916090109341135e-11,UP,ENSMUSG00000042594
ENSMUSG00000001588.13,NA,98.83950135518992,1.1467581468669024,0.1652008568683112,6.941599266528219,3.876856608349228e-12,7.981246614619203e-11,UP,ENSMUSG00000001588
ENSMUSG00000101249.2,Gm29216,29251.678793575786,0.7217363931866032,0.1039832881192833,6.940888350815288,3.89641875778071e-12,8.011429058450752e-11,UP,ENSMUSG00000101249
ENSMUSG00000031245.9,Hmgn5,348.81059931889337,0.8766525954778805,0.1263410535302545,6.9387785757853555,3.955044599348463e-12,8.111563239767876e-11,UP,ENSMUSG00000031245
ENSMUSG00000032035.17,NA,272.75265935669944,0.9207327815679179,0.13279942807389147,6.933258636141183,4.112553102489127e-12,8.413490990398906e-11,UP,ENSMUSG00000032035
ENSMUSG00000061461.12,NA,948.0663909942807,-0.6080734997523395,0.08777578708528119,-6.927576726387511,4.2811036700110864e-12,8.725551195760751e-11,DOWN,ENSMUSG00000061461
ENSMUSG00000008496.20,NA,2345.6388200377714,0.7446511363436675,0.10752496943255631,6.925378730851355,4.348106722782375e-12,8.851077520622751e-11,UP,ENSMUSG00000008496
ENSMUSG00000038260.11,NA,428.6000327223573,0.5318691147182926,0.07682773866529449,6.922878688847243,4.425567393012361e-12,8.997552811713937e-11,UP,ENSMUSG00000038260
ENSMUSG00000030019.7,Fbxl14,778.7662210632137,0.6122697361143326,0.08846691603608504,6.920889339745854,4.488169932600132e-12,9.113493878047423e-11,UP,ENSMUSG00000030019
ENSMUSG00000045100.12,NA,162.3335074494343,-0.7571706420108496,0.10941281294172452,-6.920310534508733,4.506546740639843e-12,9.139455709987453e-11,DOWN,ENSMUSG00000045100
ENSMUSG00000047657.7,Crry-ps,436.2886593024825,-0.6264219527102631,0.09052611947833349,-6.91979239052869,4.523060138521274e-12,9.1615788134162e-11,DOWN,ENSMUSG00000047657
ENSMUSG00000039414.11,NA,1063.959078741509,0.7110170656690405,0.10275406089418113,6.9196006413923135,4.529186264396874e-12,9.162633499731598e-11,UP,ENSMUSG00000039414
ENSMUSG00000028068.15,NA,751.7080773010947,0.8354182089921922,0.12091673019947842,6.909037381460682,4.879533798034021e-12,9.834877862227388e-11,UP,ENSMUSG00000028068
ENSMUSG00000034855.14,NA,42419.778984996985,0.983611867753552,0.1424099636881075,6.906903437653868,4.953468541447869e-12,9.971600588486066e-11,UP,ENSMUSG00000034855
ENSMUSG00000023067.15,NA,36367.7948806409,0.52241213872604,0.07565063013340063,6.905588728141855,4.99956478147076e-12,1.0052015488059168e-10,UP,ENSMUSG00000023067
ENSMUSG00000036986.17,NA,3421.7253506464185,0.7744469669413231,0.11215535344519499,6.905127068408363,5.015850998341929e-12,1.0072371058832576e-10,UP,ENSMUSG00000036986
ENSMUSG00000032834.12,NA,457.67022337590305,-0.6343538899770699,0.09188691596873257,-6.903636750556835,5.068781445118083e-12,1.0149408338042435e-10,DOWN,ENSMUSG00000032834
ENSMUSG00000049106.8,Dcaf5,1229.2315001435331,0.5606833918745642,0.08121872486174342,6.903375949684033,5.078100226155217e-12,1.0149408338042435e-10,UP,ENSMUSG00000049106
ENSMUSG00000057506.6,Bloc1s2,1140.0836563540347,-0.5806583147633563,0.08413107232867356,-6.901829475023299,5.133703953484995e-12,1.0246095827065413e-10,DOWN,ENSMUSG00000057506
ENSMUSG00000006403.14,NA,104.05813356070283,1.8450101138488666,0.26743681738659386,6.898863559170345,5.242018741729373e-12,1.0436789080670931e-10,UP,ENSMUSG00000006403
ENSMUSG00000024158.18,NA,813.9055774813495,-0.6539129085840827,0.09479567533748048,-6.898130175834481,5.2691453349543555e-12,1.0466934273261784e-10,DOWN,ENSMUSG00000024158
ENSMUSG00000135122.1,ENSMUSG00000135122,1569.8161688032428,0.9853896077431655,0.14284925696361392,6.898108038420953,5.269966295665269e-12,1.0466934273261784e-10,UP,ENSMUSG00000135122
ENSMUSG00000020857.12,NA,2733.3695140004206,-0.7215884320711614,0.10464824257226439,-6.895370761461872,5.372449686103947e-12,1.0657531865176592e-10,DOWN,ENSMUSG00000020857
ENSMUSG00000061079.15,NA,795.276164615513,0.6086950328569464,0.08830657830717659,6.8929749575347135,5.463749616617946e-12,1.0812403297002051e-10,UP,ENSMUSG00000061079
ENSMUSG00000030172.16,NA,552.5939663373214,0.9154249548491376,0.13281586776511672,6.892436651229472,5.4844718278567456e-12,1.0840287363742002e-10,UP,ENSMUSG00000030172
ENSMUSG00000024397.15,NA,3381.0856001273146,-0.6249847609279412,0.0907857617513853,-6.884171580114594,5.812478354777626e-12,1.1433305798699769e-10,DOWN,ENSMUSG00000024397
ENSMUSG00000037815.8,Ctnna1,4392.303077135027,0.5132971370055852,0.07468316525136573,6.872996548525353,6.286708786761943e-12,1.2351267046683982e-10,UP,ENSMUSG00000037815
ENSMUSG00000036206.13,NA,595.3300370391042,0.7172351641013514,0.10442957374884768,6.868123064700967,6.5052093309947475e-12,1.2749898288302176e-10,UP,ENSMUSG00000036206
ENSMUSG00000078887.11,NA,429.88532744408013,-0.8177419764775445,0.11908084850457053,-6.867115801968427,6.5512889090785086e-12,1.2824834551832013e-10,DOWN,ENSMUSG00000078887
ENSMUSG00000031983.8,2310022B05Rik,555.6547041307809,0.6797039052348899,0.09901659473481651,6.864545352779036,6.670334718529228e-12,1.304225972596636e-10,UP,ENSMUSG00000031983
ENSMUSG00000019564.13,NA,999.6972529586087,0.7858098947242614,0.1145991525300503,6.857030592073581,7.030657967630985e-12,1.3714974246682903e-10,UP,ENSMUSG00000019564
ENSMUSG00000020171.9,Yeats4,1091.4418809864978,-0.5011958745882784,0.07309237237821647,-6.857020209917943,7.031168737746404e-12,1.3714974246682903e-10,DOWN,ENSMUSG00000020171
ENSMUSG00000002608.9,Ccdc97,1357.4155634334288,0.5991145179613169,0.08737565737492173,6.85676692983912,7.0436406088934546e-12,1.3722926030151657e-10,UP,ENSMUSG00000002608
ENSMUSG00000058046.2,4933430I17Rik,55.119933632610355,-1.3118276598551946,0.19134501187159952,-6.855823661269444,7.090279494378133e-12,1.3797346263702971e-10,DOWN,ENSMUSG00000058046
ENSMUSG00000089872.11,NA,857.5194798185425,0.6069184363378746,0.08854789928333354,6.854125747194418,7.174994832499366e-12,1.3945596377174155e-10,UP,ENSMUSG00000089872
ENSMUSG00000036634.16,NA,149.3325726969908,-0.71724840479876,0.10468540990703049,-6.85146483579457,7.309756846646481e-12,1.4190651474499212e-10,DOWN,ENSMUSG00000036634
ENSMUSG00000041827.16,NA,12770.792484621505,0.8586818179382611,0.12534186267915706,6.850718503651615,7.347998210376454e-12,1.4247969009111924e-10,UP,ENSMUSG00000041827
ENSMUSG00000046909.10,NA,378.63956582763694,-0.6246316315689767,0.09121241025067722,-6.848099176990436,7.483767825526978e-12,1.4494036596690046e-10,DOWN,ENSMUSG00000046909
ENSMUSG00000021109.14,NA,10860.264687653611,0.7530707515810994,0.10999159881214397,6.846620648430417,7.561487810624623e-12,1.4627228373073382e-10,UP,ENSMUSG00000021109
ENSMUSG00000074521.11,NA,163.84545755306934,-0.7069355282368909,0.10325744170136228,-6.846339756135603,7.576342273617937e-12,1.463863957500695e-10,DOWN,ENSMUSG00000074521
ENSMUSG00000002102.16,NA,7348.238706730449,-0.5336496318319134,0.07798530417142742,-6.842951213716419,7.757807792225388e-12,1.4971561531489516e-10,DOWN,ENSMUSG00000002102
ENSMUSG00000028718.17,NA,164.72437076103938,1.3140036511811704,0.19208043157467414,6.840903263330767,7.869538667638547e-12,1.5169278191181568e-10,UP,ENSMUSG00000028718
ENSMUSG00000078671.12,NA,1134.5498165431545,0.7878625692233571,0.11522828897737233,6.837405781301427,8.064008897737688e-12,1.5525829145161396e-10,UP,ENSMUSG00000078671
ENSMUSG00000070056.7,Mfhas1,1053.9129874611504,0.7162121580040905,0.1048089428643202,6.833502356103894,8.286613486282914e-12,1.5935645181974176e-10,UP,ENSMUSG00000070056
ENSMUSG00000045598.11,NA,329.30587509453625,0.7819246187432652,0.11445844897615398,6.831515067150435,8.402246443009745e-12,1.6120084548994987e-10,UP,ENSMUSG00000045598
ENSMUSG00000036854.15,NA,131.3807868669619,0.8799150755903407,0.12895709188746657,6.823316676202592,8.896224783119132e-12,1.6948448753480807e-10,UP,ENSMUSG00000036854
ENSMUSG00000027955.17,NA,574.7396940904707,-0.744511903681909,0.10913653675962194,-6.821839191413316,8.988224937033935e-12,1.7103786358644551e-10,DOWN,ENSMUSG00000027955
ENSMUSG00000095545.9,Zfp969,530.2823876975824,-0.5440986200658228,0.07979048198264334,-6.819091783205162,9.16178562852538e-12,1.7413784637659986e-10,DOWN,ENSMUSG00000095545
ENSMUSG00000027288.17,NA,4481.71732817946,0.6792400271847824,0.0996319878073652,6.817489464308071,9.264519616373994e-12,1.7566724642523597e-10,UP,ENSMUSG00000027288
ENSMUSG00000018697.15,NA,278.2487578414853,-0.7512505542392754,0.11019710324807287,-6.817334867215879,9.274491231186753e-12,1.7566724642523597e-10,DOWN,ENSMUSG00000018697
ENSMUSG00000032691.15,NA,6729.386212986328,0.6781173433041842,0.09947969335071166,6.816640868740002,9.319384297831202e-12,1.763132589494778e-10,UP,ENSMUSG00000032691
ENSMUSG00000044813.16,NA,239.59609544227322,0.8009324131079374,0.11751748269555098,6.815432008383714,9.398091465473848e-12,1.7759676658339365e-10,UP,ENSMUSG00000044813
ENSMUSG00000038013.15,NA,737.6831211593336,0.8304946242050639,0.1219616029469628,6.809476131321588,9.795478270023018e-12,1.8467922468488613e-10,UP,ENSMUSG00000038013
ENSMUSG00000063884.7,Ptcd3,735.9118803726144,-0.6356483785769607,0.09336491139958766,-6.808214874820392,9.881719871306945e-12,1.8587640162990025e-10,DOWN,ENSMUSG00000063884
ENSMUSG00000106864.4,Gtf3c2,490.5697025458853,0.5681555227359983,0.08345492498353096,6.807932819400634,9.901107660723074e-12,1.8589544963595362e-10,UP,ENSMUSG00000106864
ENSMUSG00000020611.15,NA,7819.906207478427,0.6080790153736834,0.08936671169832502,6.80431229724972,1.0153307209432154e-11,1.903279353731399e-10,UP,ENSMUSG00000020611
ENSMUSG00000039715.9,Dync2i2,193.67656349538535,-0.7066234582828033,0.10400743066520123,-6.793970909226826,1.0908839196602901e-11,2.037895834373383e-10,DOWN,ENSMUSG00000039715
ENSMUSG00000001665.12,NA,349.80596597613055,0.6158615669662193,0.0906714235735862,6.792234451534828,1.1040992237424579e-11,2.0602289853075593e-10,UP,ENSMUSG00000001665
ENSMUSG00000022614.9,Lmf2,1905.3741830175493,0.5710108649374139,0.0841137237940304,6.788557671464534,1.1326010490654044e-11,2.1110030499456213e-10,UP,ENSMUSG00000022614
ENSMUSG00000126454.1,ENSMUSG00000126454,27.818583904236988,-1.5520363954951555,0.22893312783691588,-6.779431225876462,1.2064991317853904e-11,2.2436217074134234e-10,DOWN,ENSMUSG00000126454
ENSMUSG00000089803.4,Gm10171,2486.5057984824066,-0.5381138159890467,0.07937724840964167,-6.779194627810807,1.2084763885112924e-11,2.2447448916597255e-10,DOWN,ENSMUSG00000089803
ENSMUSG00000028268.15,NA,8159.791989065321,0.7054226668080612,0.10409104621388997,6.776977391105607,1.2271608192006893e-11,2.2768638763512448e-10,UP,ENSMUSG00000028268
ENSMUSG00000027074.15,NA,662.4087391293149,0.6537230525969222,0.09647798787860594,6.775877762080543,1.2365319564110342e-11,2.291649814001674e-10,UP,ENSMUSG00000027074
ENSMUSG00000025509.16,NA,2319.6509234278697,0.637555148608967,0.0941288334136841,6.773218422956484,1.259485781948969e-11,2.3315463863802774e-10,UP,ENSMUSG00000025509
ENSMUSG00000037523.14,NA,2135.9140055867415,0.58731107295185,0.08673164692739277,6.771589076862755,1.2737549641664954e-11,2.353357125668557e-10,UP,ENSMUSG00000037523
ENSMUSG00000034875.6,Nudt19,771.7124083557604,-0.568306261072788,0.08392564765942186,-6.771544538792576,1.2741472263652717e-11,2.353357125668557e-10,DOWN,ENSMUSG00000034875
ENSMUSG00000028337.15,NA,5156.034963354803,0.7060127880689533,0.10427701127155346,6.770550665576584,1.282931456386407e-11,2.366907176759843e-10,UP,ENSMUSG00000028337
ENSMUSG00000078866.11,NA,150.7682309190132,-0.7738575211885705,0.11430469298241043,-6.770129038425869,1.2866758521608177e-11,2.371139061941457e-10,DOWN,ENSMUSG00000078866
ENSMUSG00000037820.16,NA,8806.66820207402,0.7559992299399318,0.11171001382890054,6.7675153196010704,1.3101278251186028e-11,2.4116384492554825e-10,UP,ENSMUSG00000037820
ENSMUSG00000055805.16,NA,5308.147184047706,0.645855557220964,0.09543756867607178,6.767309416830247,1.3119930067927817e-11,2.412355195616964e-10,UP,ENSMUSG00000055805
ENSMUSG00000040007.9,Bahd1,1945.8232761897066,0.7375852920534846,0.10900018382563127,6.766826129700913,1.316381112582284e-11,2.417704007446069e-10,UP,ENSMUSG00000040007
ENSMUSG00000027203.16,NA,160.5067702874,-1.2521719965219076,0.18505562187584,-6.766462881965465,1.3196887553194187e-11,2.4210376344208213e-10,DOWN,ENSMUSG00000027203
ENSMUSG00000042677.8,Zc3h12a,2822.170333637099,0.5976894796980229,0.08833325799783281,6.766301767253809,1.3211584301378762e-11,2.4210376344208213e-10,UP,ENSMUSG00000042677
ENSMUSG00000023909.5,Paqr4,262.337951522265,0.8714433753810585,0.12886897105480508,6.76224360486632,1.3587099236938733e-11,2.4870629801455826e-10,UP,ENSMUSG00000023909
ENSMUSG00000041740.17,NA,5492.374416438283,0.5404323076956883,0.07993064693946367,6.761265276696565,1.3679179431257022e-11,2.501117080350417e-10,UP,ENSMUSG00000041740
ENSMUSG00000020102.16,NA,645.6264312123506,-0.6717888541951306,0.09939366455747307,-6.758869966069895,1.3907213774671034e-11,2.5343067598748354e-10,DOWN,ENSMUSG00000020102
ENSMUSG00000078903.11,NA,446.8086087367753,-0.8063251042087037,0.1193031887097994,-6.758621566855683,1.3931073445436787e-11,2.535827689745097e-10,DOWN,ENSMUSG00000078903
ENSMUSG00000025785.6,Exosc7,294.16505320234296,-0.6047142707699502,0.08953028972385128,-6.754298155798903,1.4352832544530276e-11,2.609693000810811e-10,DOWN,ENSMUSG00000025785
ENSMUSG00000026116.12,NA,2487.0577400197726,0.8362863815883288,0.12383339808221513,6.75331852747111,1.445012154671609e-11,2.624463186695791e-10,UP,ENSMUSG00000026116
ENSMUSG00000068874.14,NA,1883.652357720685,0.8272052496967921,0.12249973524780479,6.752710510136517,1.4510829579077545e-11,2.6325640432808164e-10,UP,ENSMUSG00000068874
ENSMUSG00000048581.13,NA,92.65843053063449,-0.9278472270648245,0.1374249465202492,-6.7516651856808885,1.4615785320169478e-11,2.648665486069737e-10,DOWN,ENSMUSG00000048581
ENSMUSG00000038866.16,NA,1591.7349633717176,0.8477978597373479,0.12563118029606968,6.74830768714724,1.4957948740749254e-11,2.704675111905833e-10,UP,ENSMUSG00000038866
ENSMUSG00000007338.11,NA,819.9558512532961,-0.5932636880604119,0.08794333912007325,-6.7459763752022255,1.5200135273884968e-11,2.74542995786656e-10,DOWN,ENSMUSG00000007338
ENSMUSG00000030839.13,NA,477.9617621469816,-0.5624268517348702,0.08340630735003171,-6.743217265026856,1.5491728266693985e-11,2.7950087223772613e-10,DOWN,ENSMUSG00000030839
ENSMUSG00000031762.8,Mt2,5641.733013929182,0.9025982735984525,0.13387090659418796,6.7423034366575285,1.558950730590808e-11,2.809548913146345e-10,UP,ENSMUSG00000031762
ENSMUSG00000025586.18,NA,88.31466493479162,-1.7501115488309473,0.2596193059595297,-6.741068590267938,1.5722595765497645e-11,2.8304135504716354e-10,DOWN,ENSMUSG00000025586
ENSMUSG00000015217.12,NA,196.83369334933099,-1.7526977910090236,0.2600866106519949,-6.73890050170324,1.595896344539255e-11,2.8698043616984225e-10,DOWN,ENSMUSG00000015217
ENSMUSG00000003123.16,NA,732.5941905377799,0.513774033419231,0.07624994428896581,6.738025033463265,1.6055391245414803e-11,2.8839717065664876e-10,UP,ENSMUSG00000003123
ENSMUSG00000050821.15,NA,127.48989044929321,1.1808570583962583,0.17536452187253174,6.733728383524434,1.6536975892146932e-11,2.9672163329641463e-10,UP,ENSMUSG00000050821
ENSMUSG00000023571.5,C1qtnf12,440.77609293470914,-0.7195573525380783,0.10690143642591267,-6.731035396673671,1.68459974778503e-11,3.0160424400103063e-10,DOWN,ENSMUSG00000023571
ENSMUSG00000000538.19,NA,724.6815919204521,0.5752535165431321,0.08546644218266357,6.730753051749465,1.6878722355128725e-11,3.018595138040855e-10,UP,ENSMUSG00000000538
ENSMUSG00000128617.1,ENSMUSG00000128617,149.57124328569193,0.8600259524931751,0.12780806569583741,6.729042864476943,1.707827433999023e-11,3.050945053130932e-10,UP,ENSMUSG00000128617
ENSMUSG00000048701.14,NA,1015.825640168077,0.580256796720226,0.08630652956713275,6.723208540888885,1.777658729435752e-11,3.168768766778277e-10,UP,ENSMUSG00000048701
ENSMUSG00000042423.10,NA,2468.4730326366416,0.7700432925558652,0.11457176846417096,6.721056180577977,1.804120114978207e-11,3.2124343572367945e-10,UP,ENSMUSG00000042423
ENSMUSG00000071369.12,NA,291.0285862235656,0.8646866072142348,0.12880759201077033,6.7130096426453925,1.9065050978138025e-11,3.380014352371412e-10,UP,ENSMUSG00000071369
ENSMUSG00000048120.17,NA,1817.62291987902,0.5523165589058632,0.08234596645457916,6.707269131518578,1.983003363945049e-11,3.508027379550408e-10,UP,ENSMUSG00000048120
ENSMUSG00000087513.3,Gm13236,526.8709480682946,-0.5177896538219408,0.07721164415329844,-6.706108379118373,1.9988329151828302e-11,3.5322078736841665e-10,DOWN,ENSMUSG00000087513
ENSMUSG00000038671.16,NA,799.4629368497589,-0.5483362304864997,0.08186038666917385,-6.6984319620003285,2.1066776663145903e-11,3.710749260083868e-10,DOWN,ENSMUSG00000038671
ENSMUSG00000027679.14,NA,787.2111134686343,-0.5799143535690005,0.0865727586967546,-6.698577731596995,2.1045776752095628e-11,3.710749260083868e-10,DOWN,ENSMUSG00000027679
ENSMUSG00000031149.8,Praf2,1132.7041713192687,0.5146257699384255,0.07684388590069757,6.697029489157495,2.126987127048056e-11,3.738465761153497e-10,UP,ENSMUSG00000031149
ENSMUSG00000042605.17,NA,1088.0916209420968,0.7658385890012819,0.11435831655008553,6.696833357684724,2.1298425769951856e-11,3.739463669555672e-10,UP,ENSMUSG00000042605
ENSMUSG00000027263.13,NA,1082.2456146727095,0.5436028466021853,0.08122158824429668,6.692836945851729,2.188849919989731e-11,3.8348275232746136e-10,UP,ENSMUSG00000027263
ENSMUSG00000006442.11,NA,614.7287934504352,-0.8307955771715715,0.12419652533779466,-6.689362483466752,2.2414490062770514e-11,3.9227757448184886e-10,DOWN,ENSMUSG00000006442
ENSMUSG00000059791.15,NA,386.7880792840603,0.6754040579493082,0.10098422658471595,6.688213405117381,2.259115417762291e-11,3.9494653068173695e-10,UP,ENSMUSG00000059791
ENSMUSG00000061411.13,NA,924.3777729479647,0.8442598882825884,0.12625153940018283,6.687125497983161,2.2759669446666807e-11,3.9746747518719614e-10,UP,ENSMUSG00000061411
ENSMUSG00000025366.9,Esyt1,18064.967166831484,0.5333598193948801,0.07978266220194652,6.685159465409106,2.306733205330262e-11,4.024104693098022e-10,UP,ENSMUSG00000025366
ENSMUSG00000034312.16,NA,1910.6613681942888,0.8353448652504659,0.12496106325862782,6.684841209470025,2.311751703496415e-11,4.028560058139915e-10,UP,ENSMUSG00000034312
ENSMUSG00000034931.16,NA,1418.3259725103185,0.5205278111520617,0.07787148588561464,6.684446883634204,2.317984556797938e-11,4.035119868521735e-10,UP,ENSMUSG00000034931
ENSMUSG00000016382.16,NA,2327.6748439405933,0.5357353613121131,0.08016345292488715,6.683037491088303,2.340396685323857e-11,4.0698004487557194e-10,UP,ENSMUSG00000016382
ENSMUSG00000002812.5,Flii,7464.397093041822,0.630137854997362,0.09431550586237482,6.681169222766605,2.370433096539227e-11,4.108918281657498e-10,UP,ENSMUSG00000002812
ENSMUSG00000042660.9,Wdr55,757.5880124961525,-0.5339100221082214,0.07993818831523396,-6.679035807050849,2.4051939709638398e-11,4.16475642472192e-10,DOWN,ENSMUSG00000042660
ENSMUSG00000028057.15,NA,3165.5919957567125,-0.5033537166928934,0.07538736512239126,-6.676897592530254,2.4405335833236575e-11,4.2214774553448153e-10,DOWN,ENSMUSG00000028057
ENSMUSG00000026785.15,NA,170.31933173661946,0.7227884215647696,0.10832829809440607,6.672203240328517,2.5199125280771017e-11,4.349576576974478e-10,UP,ENSMUSG00000026785
ENSMUSG00000024683.7,Mrpl16,910.9570771962599,-0.5163427625104424,0.07740100604349869,-6.671008413253212,2.540516555702246e-11,4.380515149737227e-10,DOWN,ENSMUSG00000024683
ENSMUSG00000006705.14,NA,478.3989332564869,0.6541304337269797,0.09807984580285121,6.669366457221366,2.5691002829553287e-11,4.4251331111894414e-10,UP,ENSMUSG00000006705
ENSMUSG00000062232.15,NA,1936.4556976052656,0.8514465305686124,0.12767261806049396,6.668983087392938,2.5758193124154137e-11,4.42900187017585e-10,UP,ENSMUSG00000062232
ENSMUSG00000040511.15,NA,1930.9157310660642,0.507429492255817,0.0760886010844871,6.668929182866413,2.5767654340739222e-11,4.42900187017585e-10,UP,ENSMUSG00000040511
ENSMUSG00000021975.10,NA,1092.1197177919948,0.5566090746462328,0.08348225542684543,6.667393828787761,2.6038569612884016e-11,4.466174804745038e-10,UP,ENSMUSG00000021975
ENSMUSG00000022508.6,Bcl6,2702.5404617946238,0.6622676742179289,0.09934854724332985,6.666103255600376,2.6268448172298367e-11,4.4961681028731845e-10,UP,ENSMUSG00000022508
ENSMUSG00000030347.7,D6Wsu163e,1293.0313886398994,-0.5566039903473033,0.08352132973493849,-6.664213705812993,2.660860474850498e-11,4.5496260796973057e-10,DOWN,ENSMUSG00000030347
ENSMUSG00000036564.18,NA,137.72136541089935,0.842248717481745,0.1264098033669725,6.66284334796934,2.6857989988753334e-11,4.587468175090512e-10,UP,ENSMUSG00000036564
ENSMUSG00000090258.8,Churc1,600.7293047048466,-0.6912938942619002,0.10375872228636054,-6.662513560585483,2.691834721889436e-11,4.589638179311934e-10,DOWN,ENSMUSG00000090258
ENSMUSG00000036932.15,NA,899.605829241058,0.5003002089355914,0.07509233399411183,6.662467156431988,2.69268506910568e-11,4.589638179311934e-10,UP,ENSMUSG00000036932
ENSMUSG00000028636.15,NA,226.4460957168384,-0.7845782030703109,0.1177685986627436,-6.662032256298845,2.7006673211601293e-11,4.598448753300362e-10,DOWN,ENSMUSG00000028636
ENSMUSG00000034471.13,NA,391.71979194385295,0.8515690208922635,0.12784334867778713,6.661035006510466,2.7190586134250645e-11,4.6249461077051097e-10,UP,ENSMUSG00000034471
ENSMUSG00000025793.18,NA,2980.907800817661,0.5760784193538845,0.08649769553715567,6.660043551176761,2.7374645512892842e-11,4.646583131399236e-10,UP,ENSMUSG00000025793
ENSMUSG00000020526.13,NA,296.5375516246577,-0.7031405369095332,0.10558215831394407,-6.659652995715191,2.7447484782936397e-11,4.6541139653721814e-10,DOWN,ENSMUSG00000020526
ENSMUSG00000032175.12,NA,3023.9088570505833,0.6894744169621757,0.10355703349114814,6.657919734839746,2.7773036649258298e-11,4.704435824546903e-10,UP,ENSMUSG00000032175
ENSMUSG00000032598.9,Nckipsd,481.00138086219386,0.5089905245706647,0.07646886170073136,6.656180218330577,2.8103562619727983e-11,4.755495182009043e-10,UP,ENSMUSG00000032598
ENSMUSG00000078862.11,NA,665.4571760850513,-0.7601818529758282,0.11424880371989098,-6.6537401550356785,2.8573696233337843e-11,4.830047969287904e-10,DOWN,ENSMUSG00000078862
ENSMUSG00000020889.12,NA,193.87812178356242,1.039206206956923,0.1562820232201694,6.649556907085174,2.939766709790579e-11,4.959073956474386e-10,UP,ENSMUSG00000020889
ENSMUSG00000037750.17,NA,836.6127584625046,0.6908471074092124,0.10395117217524903,6.645880878038857,3.014089590771191e-11,5.069033297881683e-10,UP,ENSMUSG00000037750
ENSMUSG00000030067.18,NA,1455.3990581548392,0.5560888556122502,0.08368741909382992,6.6448321818691305,3.035627456708489e-11,5.099729332719112e-10,UP,ENSMUSG00000030067
ENSMUSG00000038990.15,NA,498.5682712976135,0.6637481583059973,0.09992655856839741,6.642359827209271,3.087001996823055e-11,5.167878761650478e-10,UP,ENSMUSG00000038990
ENSMUSG00000000532.12,NA,2190.070269515289,0.6436920662627093,0.09690841529307959,6.6422721320537015,3.088839807985144e-11,5.167878761650478e-10,UP,ENSMUSG00000000532
ENSMUSG00000061436.16,NA,772.3712405074997,1.0525091589765851,0.15849117661424128,6.640806014951444,3.119724028111086e-11,5.214213595450287e-10,UP,ENSMUSG00000061436
ENSMUSG00000005370.5,Msh6,562.9889035241198,0.5259869436687776,0.07923400211418262,6.638399293661676,3.171078844409635e-11,5.294632767182828e-10,UP,ENSMUSG00000005370
ENSMUSG00000071652.9,Ints5,929.5892176129507,0.5516811997838271,0.0831299307935387,6.636372658049978,3.214964294243163e-11,5.362429219765178e-10,UP,ENSMUSG00000071652
ENSMUSG00000022372.15,NA,1835.3093846041659,-0.7028817805392028,0.10592117910481337,-6.635894600867994,3.2254026323022174e-11,5.374355904955356e-10,DOWN,ENSMUSG00000022372
ENSMUSG00000043822.19,NA,648.2736985380068,0.6818551075821024,0.10276617419034122,6.63501500327516,3.244695299490758e-11,5.400996880394698e-10,UP,ENSMUSG00000043822
ENSMUSG00000006651.9,Aplp1,236.65038399483424,0.8470580011597191,0.12780518962930182,6.627727744206677,3.4089345320452954e-11,5.662849985854919e-10,UP,ENSMUSG00000006651
ENSMUSG00000075415.14,NA,7550.307828034273,0.5396251098672833,0.08144134072521723,6.625935981186463,3.4505470154997137e-11,5.72615649902115e-10,UP,ENSMUSG00000075415
ENSMUSG00000022571.10,NA,520.392691272581,-0.5682343493826145,0.08582243740234205,-6.62104650697217,3.566647262848233e-11,5.9008518379066e-10,DOWN,ENSMUSG00000022571
ENSMUSG00000057337.15,NA,102.35861720818203,1.2097857530607035,0.1828434300931996,6.616512020388412,3.677729826300791e-11,6.072340579869973e-10,UP,ENSMUSG00000057337
ENSMUSG00000053600.9,Zfp472,156.66344449465322,-0.7609660581650878,0.11504981893553844,-6.614230819358799,3.734885948107639e-11,6.154278801186237e-10,DOWN,ENSMUSG00000053600
ENSMUSG00000034341.18,NA,6054.877853662232,0.5020551956144597,0.07594032345382813,6.611180632114508,3.8126691665353516e-11,6.269807866819603e-10,UP,ENSMUSG00000034341
ENSMUSG00000031833.11,NA,1756.5278972876856,0.7232909057393758,0.10941225267226305,6.610693848941621,3.82522848638613e-11,6.282935674924731e-10,UP,ENSMUSG00000031833
ENSMUSG00000033088.20,NA,2028.7561534582164,0.529112548077775,0.08004033953955424,6.610573507328748,3.828339613498735e-11,6.282935674924731e-10,UP,ENSMUSG00000033088
ENSMUSG00000024143.16,NA,2480.938884508707,0.5033797752821066,0.07621744776430082,6.604521537362245,3.988032334578849e-11,6.525363017119706e-10,UP,ENSMUSG00000024143
ENSMUSG00000001056.4,Nhp2,1641.1305820013822,-0.7782007440749477,0.11784247905057606,-6.603737042403501,4.009204106714496e-11,6.553445032835516e-10,DOWN,ENSMUSG00000001056
ENSMUSG00000023009.15,NA,363.7158468353164,0.9213073309058899,0.1395743176011993,6.600837079055679,4.088426616766578e-11,6.674230486914703e-10,UP,ENSMUSG00000023009
ENSMUSG00000000982.6,Ccl3,37914.98254830196,0.6420532615530351,0.0972799668517609,6.600056335662836,4.1100157184920684e-11,6.698137281602328e-10,UP,ENSMUSG00000000982
ENSMUSG00000020325.11,NA,65.60444851199101,1.0437170331819918,0.1582762710850103,6.594273582686381,4.2734304004985896e-11,6.943687209398603e-10,UP,ENSMUSG00000020325
ENSMUSG00000032690.17,NA,2094.7389843432143,0.687163510580316,0.10423075130716615,6.59271378132215,4.31858661859751e-11,7.003136594007431e-10,UP,ENSMUSG00000032690
ENSMUSG00000015316.12,NA,367.25777427596717,1.0898320811666553,0.16539132529404027,6.58941500849033,4.4156291659922267e-11,7.146324192802865e-10,UP,ENSMUSG00000015316
ENSMUSG00000060703.13,NA,3748.7098842067976,-0.5397913284993976,0.08201830920040357,-6.581351575786222,4.661907479682924e-11,7.529994037835679e-10,DOWN,ENSMUSG00000060703
ENSMUSG00000029723.17,NA,4760.429377442011,0.5195146984021097,0.07896267040847382,6.5792442899240955,4.7284534407380374e-11,7.622416167880076e-10,UP,ENSMUSG00000029723
ENSMUSG00000031142.18,NA,164.5262703918019,-0.7769699868829821,0.11814941124633595,-6.57616469423649,4.82737839231737e-11,7.77421942865219e-10,DOWN,ENSMUSG00000031142
ENSMUSG00000024529.15,NA,1782.8731549705442,0.7910105641235187,0.12036526770447188,6.5717509644531,4.972698399204292e-11,7.992500298268766e-10,UP,ENSMUSG00000024529
ENSMUSG00000032009.9,Sesn3,441.18375576228635,0.6712385664416997,0.1021718322759387,6.569702739879073,5.0415807312352694e-11,8.08730899242117e-10,UP,ENSMUSG00000032009
ENSMUSG00000034908.17,NA,2075.038551072491,0.6763961130154891,0.10298748519230862,6.567750554860662,5.1081016021452326e-11,8.177965601240545e-10,UP,ENSMUSG00000034908
ENSMUSG00000028854.10,NA,1736.5886814071976,0.7803238895562483,0.11890380158118924,6.562648789857504,5.2860250730693814e-11,8.446272321054948e-10,UP,ENSMUSG00000028854
ENSMUSG00000085492.10,NA,290.13567502269933,-0.6423585543113279,0.09788736909153503,-6.562221053368538,5.3012148250363414e-11,8.462271243168363e-10,DOWN,ENSMUSG00000085492
ENSMUSG00000117771.2,Gm25432,229.56429244174515,-0.9132087862883329,0.1392184762454698,-6.559537289275919,5.397499566592664e-11,8.599174260772289e-10,DOWN,ENSMUSG00000117771
ENSMUSG00000038002.10,NA,522.9679105576764,0.7692661612998518,0.11730408314349103,6.557880516050364,5.457791005066268e-11,8.686762587031472e-10,UP,ENSMUSG00000038002
ENSMUSG00000004934.15,NA,1026.144701369571,0.682064080509049,0.1040434731702408,6.555568165174799,5.543042162078862e-11,8.805302933074935e-10,UP,ENSMUSG00000004934
ENSMUSG00000014856.13,NA,1834.720054624739,-0.6916534889925224,0.1055378379109781,-6.553606769696542,5.61637431500841e-11,8.895857999334057e-10,DOWN,ENSMUSG00000014856
ENSMUSG00000001248.16,NA,2696.0030907851124,0.5927049021720736,0.09045887263182854,6.552203061212223,5.669437551830481e-11,8.971212606216945e-10,UP,ENSMUSG00000001248
ENSMUSG00000055602.18,NA,95.77050293746353,0.9373096831227675,0.14309236377631657,6.550382273284544,5.738998407431744e-11,9.072501737705927e-10,UP,ENSMUSG00000055602
ENSMUSG00000074151.15,NA,2344.9995944890957,0.8172857383002846,0.1248006428127964,6.548730197858279,5.8028357499496593e-11,9.155709765316325e-10,UP,ENSMUSG00000074151
ENSMUSG00000022428.9,Cby1,404.8843953029638,-0.5923633998607156,0.09047708560259443,-6.547109645668446,5.866129624166445e-11,9.246649453869308e-10,DOWN,ENSMUSG00000022428
ENSMUSG00000029066.13,NA,2420.5424992392714,-0.5900305437788058,0.09013704621473378,-6.545927213691628,5.91273745862719e-11,9.311137427622356e-10,DOWN,ENSMUSG00000029066
ENSMUSG00000078899.10,NA,402.3749632901376,-0.6937305210546484,0.10604954154514476,-6.5415702033877325,6.087624498864136e-11,9.549741848218154e-10,DOWN,ENSMUSG00000078899
ENSMUSG00000036273.16,NA,530.3177219728279,0.877403998394234,0.13414232784196772,6.540843688264441,6.117274301106889e-11,9.587053281485446e-10,UP,ENSMUSG00000036273
ENSMUSG00000001247.17,NA,133.10404664283146,1.2631631591102779,0.1931818297070275,6.538726551176914,6.204484606986579e-11,9.70512013261269e-10,UP,ENSMUSG00000001247
ENSMUSG00000068040.11,NA,6155.688626977836,0.5888117448837638,0.09007695832593096,6.536763183690442,6.286446834682343e-11,9.81566793452101e-10,UP,ENSMUSG00000068040
ENSMUSG00000041130.11,NA,710.2762922716292,0.605264503419585,0.09259415937624556,6.536746026929878,6.287167703073228e-11,9.81566793452101e-10,UP,ENSMUSG00000041130
ENSMUSG00000041040.13,NA,854.6832970572559,0.6557733483183011,0.10035069468332672,6.534816230098883,6.368769264100252e-11,9.933578472422017e-10,UP,ENSMUSG00000041040
ENSMUSG00000025161.17,NA,24518.35133814553,0.616205749305166,0.09430657867477794,6.5340696053685665,6.400617466063096e-11,9.973736234534543e-10,UP,ENSMUSG00000025161
ENSMUSG00000031974.9,Abcb10,404.16250031920083,-0.6531352602343599,0.10001863656274942,-6.530135609523107,6.571016844487055e-11,1.0219077583850068e-9,DOWN,ENSMUSG00000031974
ENSMUSG00000115219.3,Eef1akmt4,542.9955190144462,-0.6597663913357401,0.10103614819185859,-6.53000340118769,6.576819783561894e-11,1.0219077583850068e-9,DOWN,ENSMUSG00000115219
ENSMUSG00000043079.18,NA,94.34542744985919,1.1816882598829823,0.18096074764584827,6.53008055755617,6.573432597868758e-11,1.0219077583850068e-9,UP,ENSMUSG00000043079
ENSMUSG00000002343.12,NA,267.39340304946586,-0.760386144443758,0.11645914391899023,-6.529209462270199,6.611773225177182e-11,1.026363201697495e-9,DOWN,ENSMUSG00000002343
ENSMUSG00000070639.6,Lrrc8b,560.5168528735999,0.689877684213991,0.10572782000987924,6.525034604416592,6.798583620761069e-11,1.0543609854360572e-9,UP,ENSMUSG00000070639
ENSMUSG00000042647.14,NA,401.73891665070073,-0.501072078301473,0.07683411525581069,-6.5214791194407455,6.961741446533471e-11,1.078641001753897e-9,DOWN,ENSMUSG00000042647
ENSMUSG00000091803.8,Cox16,442.17789944810335,-0.7483150722191304,0.1148159290529493,-6.517519636792142,7.147946607814354e-11,1.1064425686679303e-9,DOWN,ENSMUSG00000091803
ENSMUSG00000024912.7,Fosl1,157.25373718634725,1.1946254860812762,0.1833996692264022,6.5137821192389485,7.328177227467894e-11,1.1332675965959336e-9,UP,ENSMUSG00000024912
ENSMUSG00000021361.8,Tmem14c,5147.16583804549,-0.5481166232341358,0.08417050356070813,-6.511979850979574,7.416666995364902e-11,1.145868040701651e-9,DOWN,ENSMUSG00000021361
ENSMUSG00000020547.6,Bzw2,449.0584253359579,-0.5046256293765049,0.07749942731157805,-6.511346559345687,7.448008469338206e-11,1.1496236679868018e-9,DOWN,ENSMUSG00000020547
ENSMUSG00000021614.17,NA,1595.648366950257,1.0024927170382585,0.15396746558067417,6.511068512152546,7.461809849468973e-11,1.1506673943341494e-9,UP,ENSMUSG00000021614
ENSMUSG00000003032.9,Klf4,356.8222280143047,0.700643188311538,0.10764366632410481,6.508912342338547,7.569687575355384e-11,1.1640085899036605e-9,UP,ENSMUSG00000003032
ENSMUSG00000024968.15,NA,67.36866737986182,1.535561644905393,0.23591332092745057,6.509007795187699,7.564879767571494e-11,1.1640085899036605e-9,UP,ENSMUSG00000024968
ENSMUSG00000051344.14,NA,2728.086530038326,0.7491224522419181,0.11509644786135595,6.508649625263011,7.582935650336558e-11,1.1649498697406144e-9,UP,ENSMUSG00000051344
ENSMUSG00000029598.13,NA,5927.2647523622845,0.5012414848373884,0.07701625060841184,6.508256126177116,7.60282111379371e-11,1.1669081119818965e-9,UP,ENSMUSG00000029598
ENSMUSG00000062082.17,NA,1751.611248195585,-0.6718817826807354,0.10331228453685916,-6.503406498972785,7.852123477132794e-11,1.2029129368061167e-9,DOWN,ENSMUSG00000062082
ENSMUSG00000044701.6,Il27,1873.0002914886438,0.7493264847554744,0.11524706861924874,6.501913616832079,7.930463855962433e-11,1.2137767995277334e-9,UP,ENSMUSG00000044701
ENSMUSG00000000732.10,NA,1557.052131498954,0.5837660557929013,0.08981274943765154,6.499812770993662,8.042003621508012e-11,1.2285475812819623e-9,UP,ENSMUSG00000000732
ENSMUSG00000038604.10,NA,842.0344529193393,0.6763171805936236,0.10405785406965919,6.4994342487677885,8.062262872827918e-11,1.23049252025439e-9,UP,ENSMUSG00000038604
ENSMUSG00000072825.13,NA,725.1245045507984,0.7143779368875298,0.10997818678471719,6.49563297752788,8.26850142247661e-11,1.2584443598864308e-9,UP,ENSMUSG00000072825
ENSMUSG00000089716.8,Gm6264,566.3433190276503,0.651840449067203,0.10036604660804152,6.494631113775246,8.323711100563863e-11,1.2633183068692377e-9,UP,ENSMUSG00000089716
ENSMUSG00000028920.10,NA,1515.2157642459033,0.6126036406192981,0.09432876643155137,6.494345932784217,8.339492357662501e-11,1.2645393513761711e-9,UP,ENSMUSG00000028920
ENSMUSG00000081756.2,Gm12291,106.67658175425146,0.9790896317410319,0.15085491214657398,6.49027345420298,8.56807145984736e-11,1.2979953297744665e-9,UP,ENSMUSG00000081756
ENSMUSG00000039640.8,Mrpl12,2114.7997553605724,-0.6474009379260953,0.0997664696543147,-6.489163545320425,8.631423151003437e-11,1.305632302203277e-9,DOWN,ENSMUSG00000039640
ENSMUSG00000010307.8,Tmem86a,2230.1762859132773,-0.5063967241233541,0.07808038579424832,-6.485581736977753,8.839006416136045e-11,1.3340941724668495e-9,DOWN,ENSMUSG00000010307
ENSMUSG00000078877.12,NA,407.77458129491873,-0.8118329781639079,0.12522028087363377,-6.4832387573317325,8.977425981963892e-11,1.3512431408948598e-9,DOWN,ENSMUSG00000078877
ENSMUSG00000040697.11,NA,965.2491952072899,0.6051063391359895,0.09333257511221581,6.48333487432932,8.971706080302157e-11,1.3512431408948598e-9,UP,ENSMUSG00000040697
ENSMUSG00000079419.5,Ms4a6c,17055.68862081719,-0.6000876259213618,0.0925805360184067,-6.481790360363148,9.064052688644958e-11,1.3617739452995449e-9,DOWN,ENSMUSG00000079419
ENSMUSG00000023034.8,Nr4a1,78.28207851631466,1.3360567825206122,0.20631300041192424,6.47587296899877,9.426533045844639e-11,1.4136340290584997e-9,UP,ENSMUSG00000023034
ENSMUSG00000058755.4,Osm,502.6858230912767,0.6898000408232486,0.10658538844756858,6.471806791440035,9.683789854077634e-11,1.4508820252497985e-9,UP,ENSMUSG00000058755
ENSMUSG00000068877.13,NA,608.9135369163872,0.8204710702219112,0.12682874405699765,6.469125562366101,9.857166424653913e-11,1.4755058825768577e-9,UP,ENSMUSG00000068877
ENSMUSG00000026192.14,NA,1296.8718330003014,-0.5249867085692048,0.08116359736466679,-6.468253325569685,9.91421939082123e-11,1.4826882905980222e-9,DOWN,ENSMUSG00000026192
ENSMUSG00000053553.12,NA,625.0636399658232,-0.6287741359467773,0.09724771653227827,-6.465695631404115,1.0083385729022595e-10,1.506608986532023e-9,DOWN,ENSMUSG00000053553
ENSMUSG00000030397.12,NA,1480.9122961127332,0.6884408078345065,0.10659691662775109,6.458355734984552,1.0584669788371311e-10,1.575746924960997e-9,UP,ENSMUSG00000030397
ENSMUSG00000004931.12,NA,1445.7623392108226,0.6422211916633159,0.0994772706464389,6.4559591099547955,1.075356440165712e-10,1.5965282807401205e-9,UP,ENSMUSG00000004931
ENSMUSG00000026463.18,NA,182.54447598053986,1.7442457463331058,0.2701826268758049,6.455802752761319,1.0764674264125106e-10,1.5967274548220417e-9,UP,ENSMUSG00000026463
ENSMUSG00000030816.9,Rnf40,1764.484416570449,0.5093453570541217,0.07894129157487069,6.452204504040077,1.1023468281390211e-10,1.6321412089432645e-9,UP,ENSMUSG00000030816
ENSMUSG00000041632.8,Mrps27,881.7492530945733,-0.5108876154025966,0.0791819904502896,-6.452068361723383,1.103337841601803e-10,1.6321412089432645e-9,DOWN,ENSMUSG00000041632
ENSMUSG00000050428.8,Fbxo46,430.82898540263034,0.536071018683723,0.08310621903996486,6.4504320480027175,1.1153173252016156e-10,1.6483704337925505e-9,UP,ENSMUSG00000050428
ENSMUSG00000000552.11,NA,1965.4112972605958,0.6098048891916095,0.09455296294534055,6.4493472250481165,1.123329323494117e-10,1.6587119351250982e-9,UP,ENSMUSG00000000552
ENSMUSG00000053293.10,NA,747.680281599139,0.6894715299576344,0.10703264356981917,6.441693925908507,1.181473608657476e-10,1.7414217860338235e-9,UP,ENSMUSG00000053293
ENSMUSG00000001419.18,NA,2372.1701375405687,0.7528254040013447,0.11698708877257848,6.435115292635655,1.2337964274584764e-10,1.8103802875436497e-9,UP,ENSMUSG00000001419
ENSMUSG00000121780.2,ENSMUSG00000121780,200.38084184316722,0.9120783427089517,0.1417330594164524,6.435184186838187,1.233236920743106e-10,1.8103802875436497e-9,UP,ENSMUSG00000121780
ENSMUSG00000097101.6,1810034E14Rik,79.7604229321776,-0.9047430651765876,0.14076752717586732,-6.427214310913132,1.2996353518799387e-10,1.9018656635478495e-9,DOWN,ENSMUSG00000097101
ENSMUSG00000034330.11,NA,4514.763223002369,0.5532147254815752,0.0861136464083032,6.424239926602777,1.3253003209219398e-10,1.936738723215493e-9,UP,ENSMUSG00000034330
ENSMUSG00000048807.3,Slc35e4,1360.5631866374536,0.5292311902963709,0.0823811463988741,6.424178509654776,1.3258354528802992e-10,1.936738723215493e-9,UP,ENSMUSG00000048807
ENSMUSG00000049439.14,NA,918.5198820989583,-0.6647619806465275,0.10349331075280344,-6.423236205423261,1.3340723677611735e-10,1.9470309753057267e-9,DOWN,ENSMUSG00000049439
ENSMUSG00000089715.13,NA,355.2858974133607,0.6490046043861617,0.10106358910847048,6.421745062799936,1.3472091095480473e-10,1.9644496079101144e-9,UP,ENSMUSG00000089715
ENSMUSG00000062960.11,NA,216.8437854160724,0.7478036085454675,0.11647588252493257,6.420244194203845,1.3605591758076142e-10,1.9821479757354066e-9,UP,ENSMUSG00000062960
ENSMUSG00000120804.2,Gm56993,84.18395612128657,-1.079071021972097,0.16812037721788003,-6.4184427838491365,1.3767533164377845e-10,2.00395456015067e-9,DOWN,ENSMUSG00000120804
ENSMUSG00000021113.6,Snapc1,770.4532915295828,0.5147810689876202,0.08021382847466953,6.417610015337709,1.384303181819267e-10,2.0131512286492646e-9,UP,ENSMUSG00000021113
ENSMUSG00000078897.11,NA,576.9020529511121,-0.74315966765530594,0.11581309332553459,-6.416888162777821,1.3908802109437926e-10,2.0209180380521986e-9,DOWN,ENSMUSG00000078897
ENSMUSG00000013701.14,NA,4484.494710643878,-0.5089713281397208,0.07940135418976889,-6.410108912289853,1.4541571676934152e-10,2.1072387467301917e-9,DOWN,ENSMUSG00000013701
ENSMUSG00000024219.17,NA,1376.4979294891787,0.6998178098053259,0.10923473159043265,6.406550367416472,1.4884895173765667e-10,2.1531725354900315e-9,UP,ENSMUSG00000024219
ENSMUSG00000040725.14,NA,3383.7812333257366,0.5566429906557231,0.08689282241602411,6.406087121795128,1.493016710557855e-10,2.157811772836313e-9,UP,ENSMUSG00000040725
ENSMUSG00000014786.9,Slc9a5,79.02323087553641,0.9940584626823555,0.1552163833824649,6.404339806274962,1.5102142364669633e-10,2.178813937271755e-9,UP,ENSMUSG00000014786
ENSMUSG00000036327.19,NA,474.93973727597677,-0.5474732876705867,0.0854885222895306,-6.404056041773847,1.513025330042041e-10,2.180944624767831e-9,DOWN,ENSMUSG00000036327
ENSMUSG00000063146.12,NA,3093.0155889658263,0.5882026109096653,0.09189323260322022,6.4009350225976585,1.5442828784557928e-10,2.220127346634863e-9,UP,ENSMUSG00000063146
ENSMUSG00000004054.10,NA,2868.334926949845,0.6354290780071907,0.09927524113131105,6.400680278043452,1.546861864751424e-10,2.2218808472079772e-9,UP,ENSMUSG00000004054
ENSMUSG00000038290.16,NA,383.86955317891784,0.7497601924905998,0.11718351295161918,6.3981713263720685,1.5724879237239878e-10,2.2547269825607286e-9,UP,ENSMUSG00000038290
ENSMUSG00000037791.16,NA,1130.815360604311,0.5547652844605038,0.08672684379682617,6.396696341909375,1.587746333648665e-10,2.2746101288186742e-9,UP,ENSMUSG00000037791
ENSMUSG00000054874.13,NA,1236.874290301524,0.7957515447788166,0.12442193417174771,6.395588929524186,1.5992972805662967e-10,2.2891517817983086e-9,UP,ENSMUSG00000054874
ENSMUSG00000069516.9,Lyz2,1140044.9887153683,-0.7339181800949005,0.11478813135947963,-6.393676518668155,1.619438460912182e-10,2.314872131133425e-9,DOWN,ENSMUSG00000069516
ENSMUSG00000018707.14,NA,11606.194485544644,0.8091146362469503,0.12655043154499723,6.39361420082756,1.6200989343060309e-10,2.314872131133425e-9,UP,ENSMUSG00000018707
ENSMUSG00000062939.12,NA,428.55406470572666,0.6438994792131393,0.10071919506934454,6.393016532447648,1.6264466832601308e-10,2.3219124440672574e-9,UP,ENSMUSG00000062939
ENSMUSG00000032849.15,NA,1705.7034800002455,0.69875286855298,0.10934100667039066,6.3905838242314355,1.6525358399137406e-10,2.355043665146469e-9,UP,ENSMUSG00000032849
ENSMUSG00000022952.18,NA,1148.443474304187,0.6405749556153756,0.10026250726554868,6.3889780246447545,1.669980534073943e-10,2.3778311681160865e-9,UP,ENSMUSG00000022952
ENSMUSG00000018750.15,NA,1059.661434202682,0.732634462961034,0.11468263221174413,6.388364557314444,1.6766923631402669e-10,2.383235945033983e-9,UP,ENSMUSG00000018750
ENSMUSG00000052056.15,NA,1419.5702436489264,0.6286272883098261,0.09842761726596624,6.386696191285221,1.695079232236386e-10,2.4072775960152882e-9,UP,ENSMUSG00000052056
ENSMUSG00000013858.15,NA,2505.362881358969,0.5907707026902166,0.09251141242593085,6.3859224197146105,1.7036736141135004e-10,2.4173827166926456e-9,UP,ENSMUSG00000013858
ENSMUSG00000049526.9,Tmem202,81.28762898296966,-0.9811487037481891,0.15364829319523687,-6.385679159491014,1.7063843232740128e-10,2.4191290674967053e-9,DOWN,ENSMUSG00000049526
ENSMUSG00000040506.17,NA,1464.084658293027,0.6350193106965722,0.09949019845284185,6.382732375366304,1.7395576708730998e-10,2.4578948864928197e-9,UP,ENSMUSG00000040506
ENSMUSG00000058135.13,NA,7009.521606856956,0.682811156058982,0.10697815030411012,6.382716041714438,1.7397432911245518e-10,2.4578948864928197e-9,UP,ENSMUSG00000058135
ENSMUSG00000042308.15,NA,290.39449877489074,0.8022586043232608,0.12569728724336576,6.382465540167046,1.742592487262493e-10,2.459794196614224e-9,UP,ENSMUSG00000042308
ENSMUSG00000006445.4,Epha2,28.17470227897872,1.4954389402022403,0.23444746550667253,6.3785673134507785,1.787522748901188e-10,2.5188661080636912e-9,UP,ENSMUSG00000006445
ENSMUSG00000034321.15,NA,394.3925349721748,-0.5078109360851147,0.07964628148433883,-6.375827303186372,1.8197789690759632e-10,2.5621108551693104e-9,DOWN,ENSMUSG00000034321
ENSMUSG00000108414.4,Snhg1,175.8647668622487,-0.8333534125316356,0.13078416670915305,-6.371974784875183,1.8660957282345683e-10,2.622803161970959e-9,DOWN,ENSMUSG00000108414
ENSMUSG00000024335.21,NA,8227.579100186047,0.5683649691276587,0.08920443899230268,6.371487512820994,1.8720353673313254e-10,2.6288909032987838e-9,UP,ENSMUSG00000024335
ENSMUSG00000074305.10,NA,3046.640434793716,0.9569177545816228,0.15021245270447164,6.370428931509861,1.8850027440135464e-10,2.6448287428021827e-9,UP,ENSMUSG00000074305
ENSMUSG00000061286.8,Exosc5,593.710502805916,-0.6692127080167045,0.10506298096761085,-6.3696337363872395,1.8948013807269668e-10,2.656297029962521e-9,DOWN,ENSMUSG00000061286
ENSMUSG00000030688.16,NA,97.63940836406468,1.1574933104514082,0.18178364515290812,6.367422709990096,1.9223086033504922e-10,2.6925498226535687e-9,UP,ENSMUSG00000030688
ENSMUSG00000020108.5,Ddit4,621.4686605188404,0.7904102540616703,0.12417537788527772,6.365273595478075,1.9494193088361288e-10,2.7281856183420685e-9,UP,ENSMUSG00000020108
ENSMUSG00000126783.1,ENSMUSG00000126783,46.7088085645528,-1.2507058649755658,0.19649311848619147,-6.365138253243504,1.9511390739850447e-10,2.728256570005093e-9,DOWN,ENSMUSG00000126783
ENSMUSG00000030232.20,NA,1163.9415565228887,0.5053084660695093,0.07945229335769448,6.359897804266127,2.0188802425814054e-10,2.8181568270910037e-9,UP,ENSMUSG00000030232
ENSMUSG00000040675.18,NA,1001.6519805690963,0.6221073521976287,0.09783027152117736,6.3590475884855415,2.030085120087484e-10,2.83137980997867e-9,UP,ENSMUSG00000040675
ENSMUSG00000002104.12,NA,148.2347164373186,-1.6075798664343741,0.25288760132140914,-6.356894754959576,2.058729388672804e-10,2.868882403004745e-9,DOWN,ENSMUSG00000002104
ENSMUSG00000110528.2,Gm1943,82.10118968710599,-0.9932977582435262,0.1563191226059176,-6.354294610184334,2.093852027944792e-10,2.91286002117324e-9,DOWN,ENSMUSG00000110528
ENSMUSG00000026857.10,NA,599.4658468067229,-0.5424661641099051,0.0853722209833261,-6.354129690685372,2.0960993870286428e-10,2.9135068520722955e-9,DOWN,ENSMUSG00000026857
ENSMUSG00000041164.16,NA,3403.6303954796235,0.6882997460716783,0.10832645600977457,6.353939484640495,2.098694252096653e-10,2.914635194967875e-9,UP,ENSMUSG00000041164
ENSMUSG00000062906.13,NA,226.98627259001697,-0.6479133101861171,0.10198590595465862,-6.352969110007901,2.1119814007953816e-10,2.930598300288736e-9,DOWN,ENSMUSG00000062906
ENSMUSG00000034254.18,NA,3262.8100140892075,0.6023027241529597,0.09484096646028814,6.350659916621118,2.1439320593844833e-10,2.9724099612127877e-9,UP,ENSMUSG00000034254
ENSMUSG00000066839.13,NA,510.7372831927961,-0.5719065197602118,0.09007256296282178,-6.3493976517163295,2.161596207562744e-10,2.9943603058322554e-9,DOWN,ENSMUSG00000066839
ENSMUSG00000007880.17,NA,1907.2411722930392,0.8472003041526103,0.13348580521689557,6.346744530446736,2.1991887089339754e-10,3.0438559387158984e-9,UP,ENSMUSG00000007880
ENSMUSG00000025231.18,NA,519.4810975068673,0.6230757763362182,0.09820488729167001,6.344651407069729,2.2292964639229781e-10,3.0829170896180204e-9,UP,ENSMUSG00000025231
ENSMUSG00000058881.14,NA,1151.1705028709412,0.7420902188916669,0.1170640404868864,6.339181663346025,2.3098875107751308e-10,3.191667054195291e-9,UP,ENSMUSG00000058881
ENSMUSG00000059108.5,Ifitm6,3938.1842978183427,0.7235166758065682,0.11416306765595377,6.337572129604873,2.334139472265293e-10,3.222453024801392e-9,UP,ENSMUSG00000059108
ENSMUSG00000036452.19,NA,163.14761081023565,1.0160153046868996,0.1604032718294531,6.3341308010672375,2.386829678401773e-10,3.292415014612268e-9,UP,ENSMUSG00000036452
ENSMUSG00000024260.16,NA,1102.9425921857217,0.7152442035587682,0.11297053560766841,6.331245574002727,2.4318992306524263e-10,3.351755887373066e-9,UP,ENSMUSG00000024260
ENSMUSG00000052085.8,Dock8,5114.797697217431,0.7655403997694609,0.12094400883997343,6.3297091531204535,2.4562374324033937e-10,3.3824479418758107e-9,UP,ENSMUSG00000052085
ENSMUSG00000033863.3,Klf9,268.4684203499344,0.7506818353711253,0.11868052661714187,6.325231752575481,2.5285280001788253e-10,3.4732200580607627e-9,UP,ENSMUSG00000033863
ENSMUSG00000010911.13,NA,635.8437915132863,-0.5972032458188588,0.09444346468969253,-6.3233940832333415,2.558796156990355e-10,3.5059582550012022e-9,DOWN,ENSMUSG00000010911
ENSMUSG00000030790.16,NA,141.25454511405295,1.374818408381999,0.21741484173726006,6.323480022782574,2.5573727968650064e-10,3.5059582550012022e-9,UP,ENSMUSG00000030790
ENSMUSG00000090115.8,Usp49,58.79379432422399,1.0719703611979359,0.16953803559446973,6.322890066757994,2.5671594380166024e-10,3.5144713713416566e-9,UP,ENSMUSG00000090115
ENSMUSG00000026135.18,NA,297.57770922384094,0.7192379695526296,0.11379362232848934,6.320547275280483,2.606385766561601e-10,3.565186756503425e-9,UP,ENSMUSG00000026135
ENSMUSG00000050914.17,NA,1976.3020617737536,0.9327301026211293,0.14759035367464302,6.3197226607187025,2.620331428310631e-10,3.581265679528894e-9,UP,ENSMUSG00000050914
ENSMUSG00000118280.3,Gm41804,152.12201633084527,-0.8137625490400193,0.12878363127481465,-6.318835250914076,2.635420476612966e-10,3.5988791237022177e-9,DOWN,ENSMUSG00000118280
ENSMUSG00000038495.15,NA,878.7491708455875,0.5988676555452088,0.09480282038620504,6.316981426349541,2.667216241442042e-10,3.6392584876971302e-09,UP,ENSMUSG00000038495
ENSMUSG00000038543.14,NA,2634.1016657939444,-0.51004170492788,0.08075961863575207,-6.315553658423121,2.691959606675152e-10,3.669955940843373e-9,DOWN,ENSMUSG00000038543
ENSMUSG00000002396.9,Ocel1,369.95225579163906,-0.6173346627840588,0.09775426863228939,-6.315168344271626,2.698675462218471e-10,3.67604575878526e-9,DOWN,ENSMUSG00000002396
ENSMUSG00000042770.9,Hebp1,913.882540216245,-0.6985427064876741,0.11062774603033225,-6.314353600733631,2.7129300056053845e-10,3.6923858344401014e-9,DOWN,ENSMUSG00000042770
ENSMUSG00000052928.10,NA,235.00203121641064,0.8848322196850461,0.14016087869187224,6.3129756886745065,2.737205111624756e-10,3.722325686740288e-9,UP,ENSMUSG00000052928
ENSMUSG00000038540.15,NA,101.97654881587985,1.0428127799423643,0.1652241804341429,6.311502209920307,2.763398549570161e-10,3.7548223351017335e-9,UP,ENSMUSG00000038540
ENSMUSG00000021959.17,NA,507.14798406770666,0.6096942186186012,0.09660481275475603,6.311219919926658,2.7684445708640375e-10,3.758554398284349e-9,UP,ENSMUSG00000021959
ENSMUSG00000022443.18,NA,13838.882211928276,0.7923777487593157,0.12556307745956852,6.310595158950786,2.7796443838681455e-10,3.7706279749965734e-9,UP,ENSMUSG00000022443
ENSMUSG00000028690.5,Mmachc,151.26010263766102,-0.8758954849428388,0.13883700406161364,-6.308804276373828,2.811994514485303e-10,3.805038272663639e-9,DOWN,ENSMUSG00000028690
ENSMUSG00000047409.14,NA,149.7246832121357,0.708994232479408,0.11239791866071924,6.307894673917898,2.828565888136607e-10,3.824295947682463e-9,UP,ENSMUSG00000047409
ENSMUSG00000064302.15,NA,1102.6973350573553,0.8025476331756508,0.1272884322554533,6.304953395647372,2.882806274795567e-10,3.884777524139187e-9,UP,ENSMUSG00000064302
ENSMUSG00000052539.16,NA,109.84629576790115,0.8409447036187668,0.1333957772066964,6.304132868581928,2.8981180205378147e-10,3.902194165050339e-9,UP,ENSMUSG00000052539
ENSMUSG00000028960.21,NA,1903.1634386955427,0.6724494662572176,0.1067207356384744,6.301019780590695,2.9569365073311096e-10,3.97484244645019e-9,UP,ENSMUSG00000028960
ENSMUSG00000049577.16,NA,235.61543706191642,0.9988287474015352,0.158551583052408,6.29970844927723,2.9820601979500453e-10,4.005320952809486e-9,UP,ENSMUSG00000049577
ENSMUSG00000024900.6,Cpt1a,2765.187943098254,0.6895614822082523,0.10946267051272966,6.299512692119654,2.985828530419981e-10,4.007089750266421e-9,UP,ENSMUSG00000024900
ENSMUSG00000024044.20,NA,116.86899243116443,0.9249531597040033,0.1468348961833967,6.299273427133678,2.990440705651729e-10,4.009987184133155e-9,UP,ENSMUSG00000024044
ENSMUSG00000064105.14,NA,370.56127687585814,0.6259063422161316,0.09936719092017764,6.298923582522591,2.997196986689796e-10,4.015752618396017e-9,UP,ENSMUSG00000064105
ENSMUSG00000051586.18,NA,127.59953641265417,0.871449800550394,0.13841088722095085,6.296107322534995,3.052130943289926e-10,4.086005929485432e-9,UP,ENSMUSG00000051586
ENSMUSG00000040940.19,NA,3545.166019365728,0.5173589867727806,0.082199353835063535,6.2939544246404076,3.0947872434180666e-10,4.139721135917489e-9,UP,ENSMUSG00000040940
ENSMUSG00000100975.3,Gm28875,103.99279603526001,0.8806884670866074,0.13993175587844667,6.293699822159222,3.0998701227796757e-10,4.143129765082304e-9,UP,ENSMUSG00000100975
ENSMUSG00000040857.16,NA,648.728414263645,0.6752140380018621,0.10731281456798326,6.292016854838061,3.133674476297788e-10,4.181472897107237e-9,UP,ENSMUSG00000040857
ENSMUSG00000053175.18,NA,2317.39968039781,0.7666015011079005,0.12187575785385048,6.290024485650251,3.1741590051841106e-10,4.232039404464883e-9,UP,ENSMUSG00000053175
ENSMUSG00000031155.18,NA,156.5411132412383,0.9375740590644716,0.14911992068075297,6.287383032289159,3.2286209708898336e-10,4.297641562717038e-9,UP,ENSMUSG00000031155
ENSMUSG00000038065.14,NA,94.05800509529358,1.0239173735082103,0.1628606077408022,6.287078181224813,3.2349648691051613e-10,4.3025822416918605e-9,UP,ENSMUSG00000038065
ENSMUSG00000025204.11,NA,2494.430271493404,-0.6551860271482342,0.10421896462289978,-6.286629592981695,3.244322050725765e-10,4.311519369200273e-9,DOWN,ENSMUSG00000025204
ENSMUSG00000022323.12,NA,295.85733146959507,0.5453382977803164,0.08675220399566658,6.286160727484883,3.254130444591332e-10,4.32104112488139e-9,UP,ENSMUSG00000022323
ENSMUSG00000034744.14,NA,1755.8377832802482,-0.5045227872043956,0.08032352735050378,-6.28113335962992,3.361136623388664e-10,4.4486752425838946e-9,DOWN,ENSMUSG00000034744
ENSMUSG00000018415.15,NA,737.7418282360534,0.525654260766103,0.08369033720416875,6.280943276446965,3.3652491803272683e-10,4.450514814047696e-9,UP,ENSMUSG00000018415
ENSMUSG00000044465.20,NA,516.7580602996793,0.6625471344160134,0.10549608660863544,6.280300584740177,3.3791905992924437e-10,4.465339493616352e-9,UP,ENSMUSG00000044465
ENSMUSG00000031683.17,NA,506.3841956309667,-0.5046327808932901,0.08036350991799653,-6.279377063149941,3.399322628001271e-10,4.488314028861775e-9,DOWN,ENSMUSG00000031683
ENSMUSG00000035401.10,NA,472.70260070999603,0.6105370962948254,0.09728253243226365,6.275916971219198,3.4757964020617617e-10,4.58558256562563e-9,UP,ENSMUSG00000035401
ENSMUSG00000060149.10,NA,164.9587302569097,-0.7048373388335599,0.11234082606843963,-6.274097881425253,3.5166723586230805e-10,4.635768255972006e-9,DOWN,ENSMUSG00000060149
ENSMUSG00000035890.10,NA,1129.294340937815,0.6515482900317526,0.10385577285895581,6.273587611895255,3.528222438883398e-10,4.647246090732315e-9,UP,ENSMUSG00000035890
ENSMUSG00000004268.12,NA,2731.5281433305017,-0.5678363005306644,0.09054735201739383,-6.2711530252324215,3.5838417984251527e-10,4.709122028702375e-9,DOWN,ENSMUSG00000004268
ENSMUSG00000027580.18,NA,7608.852431989851,0.966756173642827,0.1541658309294969,6.270884850514922,3.5900204734588263e-10,4.713451779852046e-9,UP,ENSMUSG00000027580
ENSMUSG00000000568.16,NA,2375.9935067697807,0.5540752180092783,0.08836002655086432,6.270654725192117,3.5953307906015766e-10,4.716635401538794e-9,UP,ENSMUSG00000000568
ENSMUSG00000032300.8,1700017B05Rik,1857.2717309375817,0.7000505493812822,0.11171007561150671,6.266673310792866,3.68842832670111e-10,4.8348876847037965e-9,UP,ENSMUSG00000032300
ENSMUSG00000046556.8,Zfp319,591.3370169019661,0.6904730742893211,0.11024889057188035,6.262857346751664,3.779863826285065e-10,4.946809776177396e-9,UP,ENSMUSG00000046556
ENSMUSG00000004099.17,NA,2019.221389188182,0.6526821364149502,0.10422378321702026,6.262314764144581,3.7930432006724744e-10,4.960086732655381e-9,UP,ENSMUSG00000004099
ENSMUSG00000033713.13,NA,405.21280001827967,0.8052202827599919,0.12859228905382702,6.261808454338482,3.8053819622426534e-10,4.968272648148435e-9,UP,ENSMUSG00000033713
ENSMUSG00000000489.8,Pdgfb,1580.8215978200478,0.7467410776873916,0.11925712803897978,6.261605406456842,3.8103412361691384e-10,4.9707771625236026e-9,UP,ENSMUSG00000000489
ENSMUSG00000036983.8,Tfb1m,217.39671487775587,-0.7202476999684031,0.11505746475545654,-6.259895448758754,3.852356581002761e-10,5.021580595938686e-9,DOWN,ENSMUSG00000036983
ENSMUSG00000039115.14,NA,736.221304591753,0.6386645730262381,0.10208951733383267,6.255927050157415,3.951614395605463e-10,5.142761855936855e-9,UP,ENSMUSG00000039115
ENSMUSG00000020205.9,Phlda1,468.7564279123056,0.7946280565105797,0.1271724901975985,6.248427276024082,4.1460618769974556e-10,5.382964848403528e-9,UP,ENSMUSG00000020205
ENSMUSG00000005057.14,NA,654.3536925901267,0.8132573276266208,0.13029091124643277,6.241857700176972,4.324042527277675e-10,5.5962627989612724e-9,UP,ENSMUSG00000005057
ENSMUSG00000104496.2,Gm5837,285.1387932985058,-0.5458016734164153,0.08751217374541252,-6.236865684587418,4.464249758429532e-10,5.764030533277183e-9,DOWN,ENSMUSG00000104496
ENSMUSG00000007670.11,NA,1991.177472187483,0.5976109842497558,0.09581903093211007,6.236871511184209,4.464083552474421e-10,5.764030533277183e-9,UP,ENSMUSG00000007670
ENSMUSG00000042390.10,NA,1250.665426403732,0.665590954564403,0.10672647480271179,6.236418431272792,4.47702587670223e-10,5.775964086864613e-9,UP,ENSMUSG00000042390
ENSMUSG00000028292.15,NA,544.7731836331801,-0.5657000783080544,0.09076120686233481,-6.232839974969696,4.580540267054079e-10,5.904851041424761e-9,DOWN,ENSMUSG00000028292
ENSMUSG00000039377.8,Hlx,1270.7460035621423,0.8081612797070319,0.12969792008943534,6.2311043935766355,4.6315832523992375e-10,5.965946402184235e-9,UP,ENSMUSG00000039377
ENSMUSG00000035004.4,Igsf6,11705.717219551547,-0.5093637898730958,0.08186514586198922,-6.221985980844607,4.909009100996323e-10,6.29354217763811e-9,DOWN,ENSMUSG00000035004
ENSMUSG00000112095.2,Sros1,73.53538555303689,-1.1751151811501963,0.1888593843709088,-6.222169923218318,4.903255649970926e-10,6.29354217763811e-9,DOWN,ENSMUSG00000112095
ENSMUSG00000039852.18,NA,1594.68903962851,0.7666844469058026,0.12323956253983742,6.221090298482441,4.937119033695754e-10,6.322907351367451e-9,UP,ENSMUSG00000039852
ENSMUSG00000047205.13,NA,180.87097781222664,0.8647610743865803,0.13900654247758723,6.221009881790351,4.939650488006995e-10,6.322907351367451e-9,UP,ENSMUSG00000047205
ENSMUSG00000079224.6,Gm6565,471.3714953685685,-0.5329649489054955,0.08570003407974253,-6.218958424328981,5.004658807323075e-10,6.396102647732837e-9,DOWN,ENSMUSG00000079224
ENSMUSG00000030199.17,NA,2347.242583513596,0.5474860498343997,0.08803478691996551,6.218973987318583,5.004162505191638e-10,6.396102647732837e-9,UP,ENSMUSG00000030199
ENSMUSG00000033075.18,NA,501.6287658588,0.557383114857194,0.08966013003609224,6.216621754093176,5.07972259753992e-10,6.4819005136133906e-9,UP,ENSMUSG00000033075
ENSMUSG00000020178.7,Adora2a,650.6298541097123,0.9602105119524078,0.15452838798607618,6.2138130376337575,5.171405499910862e-10,6.593743705268561e-9,UP,ENSMUSG00000020178
ENSMUSG00000024037.14,NA,326.67757215142734,-0.7213297492472418,0.11611430151583374,-6.212238628924438,5.223502024370163e-10,6.649794711086813e-9,DOWN,ENSMUSG00000024037
ENSMUSG00000037487.8,Ubr5,2213.5104145070263,0.7430678984559541,0.11963025627377312,6.211370949130525,5.252431727419164e-10,6.681420156917794e-9,UP,ENSMUSG00000037487
ENSMUSG00000041187.17,NA,354.39209191106477,0.6198199739329476,0.09981974094985586,6.209392731687335,5.318974208653823e-10,6.7608050089156595e-9,UP,ENSMUSG00000041187
ENSMUSG00000038909.18,NA,1846.0628093116975,0.571843488104077,0.0921035495567866,6.208701954005648,5.342403538035668e-10,6.780041011858e-9,UP,ENSMUSG00000038909
ENSMUSG00000054855.14,NA,829.2840141614471,0.5072331108088619,0.08170232343428135,6.208307052820394,5.355842740965479e-10,6.7918235410257344e-9,UP,ENSMUSG00000054855
ENSMUSG00000038406.18,NA,1949.9339756206807,0.6333457101440044,0.1020252623518814,6.207734197826595,5.375396692472953e-10,6.811335994973868e-9,UP,ENSMUSG00000038406
ENSMUSG00000022704.17,NA,89.54334489138513,-0.943013192719209,0.15196077854227427,-6.2056354393898445,5.447633101178731e-10,6.8975221279525586e-9,DOWN,ENSMUSG00000022704
ENSMUSG00000037331.16,NA,4869.706737384959,0.5907138835206062,0.09519723242524995,6.205158159239997,5.46419216426706e-10,6.913133522996081e-9,UP,ENSMUSG00000037331
ENSMUSG00000035493.11,NA,14831.783837564748,-0.5534884225954189,0.08921196450135821,-6.20419498314032,5.497758925624583e-10,6.944850649015412e-9,DOWN,ENSMUSG00000035493
ENSMUSG00000049353.18,NA,90.98692700072142,-0.8970508501288418,0.14459542346590087,-6.203867512725174,5.509217064756923e-10,6.953950744441442e-9,DOWN,ENSMUSG00000049353
ENSMUSG00000056211.14,NA,1677.4514812295415,0.6624842278383111,0.10684392766230688,6.200485533742005,5.628923414283005e-10,7.099566522366513e-9,UP,ENSMUSG00000056211
ENSMUSG00000038342.16,NA,1345.622215511004,0.8097901003690388,0.13063292273481084,6.198974067302617,5.683239405035153e-10,7.162546747471443e-9,UP,ENSMUSG00000038342
ENSMUSG00000073910.11,NA,240.1834047184022,0.7286357323865663,0.11755590483344158,6.19820615067299,5.711030807812917e-10,7.192026932550843e-9,UP,ENSMUSG00000073910
ENSMUSG00000030811.15,NA,635.2886167633156,0.5861165461603868,0.09459454043988899,6.196092749484207,5.788202636157088e-10,7.2835997144437074e-9,UP,ENSMUSG00000030811
ENSMUSG00000032212.11,NA,877.57255227078,0.6836763037848698,0.11037673774491209,6.19402527881274,5.864681476245097e-10,7.37416026236172e-9,UP,ENSMUSG00000032212
ENSMUSG00000025409.15,NA,672.2196666904221,0.7557850944964343,0.12204520500143265,6.19266520538486,5.915529359891531e-10,7.429297975976762e-9,UP,ENSMUSG00000025409
ENSMUSG00000033955.14,NA,273.8959471537396,0.7115438033114558,0.11500880970777998,6.186863468280223,6.137307610023002e-10,7.687389286853334e-9,UP,ENSMUSG00000033955
ENSMUSG00000028800.16,NA,4726.392865735993,-0.5240480998154421,0.08473193245085424,-6.184776915354759,6.219035392662625e-10,7.777838755046921e-9,DOWN,ENSMUSG00000028800
ENSMUSG00000026074.16,NA,3339.809264517537,0.5311142475658679,0.08588293544106534,6.1841650479020895,6.243202195226214e-10,7.802093507887438e-9,UP,ENSMUSG00000026074
ENSMUSG00000025722.17,NA,371.39403319790006,-0.5890398352472798,0.09528013082036935,-6.182189614724507,6.321852568896978e-10,7.89434698939572e-9,DOWN,ENSMUSG00000025722
ENSMUSG00000032194.10,NA,352.6368655643523,0.7711448776442886,0.12474026291085996,6.182004588168559,6.329268580745704e-10,7.897574368005288e-9,UP,ENSMUSG00000032194
ENSMUSG00000024940.12,NA,838.461138066003,0.7136111799320034,0.11550977456322672,6.17792894696884,6.494793007602792e-10,8.09175964194171e-9,UP,ENSMUSG00000024940
ENSMUSG00000022774.14,NA,1219.2815597683123,-0.5040296409521267,0.08160628575700182,-6.176358062085688,6.559712734796832e-10,8.16641769710503e-9,DOWN,ENSMUSG00000022774
ENSMUSG00000047945.7,Marcksl1,30671.419720736456,0.5857943917675978,0.09489070981384479,6.173358729393012,6.685428712687514e-10,8.316591913058606e-9,UP,ENSMUSG00000047945
ENSMUSG00000023805.18,NA,1137.8637407096846,0.5770719258750069,0.09348415587484596,6.172938296063506,6.703237806369267e-10,8.326073342166567e-9,UP,ENSMUSG00000023805
ENSMUSG00000031465.7,Angpt2,136.16454867909897,-0.6894277107268484,0.11179061935785241,-6.167133831864056,6.953890029038837e-10,8.617762427192483e-9,DOWN,ENSMUSG00000031465
ENSMUSG00000039849.7,Pcif1,1330.6215616347024,0.5183187826918809,0.08411286106057292,6.162182288849021,7.174918633685843e-10,8.878214987602483e-9,UP,ENSMUSG00000039849
ENSMUSG00000061207.12,NA,645.5157928743594,-0.5497252707547693,0.08921561159752267,-6.161760939719143,7.194040246596259e-10,8.895142350292166e-9,DOWN,ENSMUSG00000061207
ENSMUSG00000079484.13,NA,65.14952556086139,-1.1189221961758966,0.1817552018180567,-6.156204526657656,7.450898836867783e-10,9.202627531614656e-9,DOWN,ENSMUSG00000079484
ENSMUSG00000034570.13,NA,128.55275306895993,0.8431920184901718,0.1369676711388973,6.1561389741021495,7.453981923319348e-10,9.202627531614656e-9,UP,ENSMUSG00000034570
ENSMUSG00000025201.8,Bloc1s2-ps,354.70084193547086,-0.6461782313131204,0.10496932222652437,-6.155876951540796,7.466317876195565e-10,9.210900528625864e-9,DOWN,ENSMUSG00000025201
ENSMUSG00000069206.15,NA,433.3396279827615,-0.7464210386840486,0.12129456892556674,-6.153787801843751,7.565389457424286e-10,9.31905471522663e-9,DOWN,ENSMUSG00000069206
ENSMUSG00000022710.18,NA,2507.2605226712794,0.5088438239802389,0.08273006528365277,6.150651788265722,7.716516814582318e-10,9.490909243879802e-9,UP,ENSMUSG00000022710
ENSMUSG00000035443.11,NA,1166.0849215942842,-0.6137925406340159,0.09980555629648631,-6.149883467516173,7.753989659883125e-10,9.529828194018764e-9,DOWN,ENSMUSG00000035443
ENSMUSG00000020423.7,Btg2,1147.983003939984,0.5505860997484744,0.08954479421627823,6.148722598196379,7.810944967736446e-10,9.592615059550711e-9,UP,ENSMUSG00000020423
ENSMUSG00000042744.17,NA,636.8139934322444,0.8093664083119334,0.13166709257516634,6.14706676119457,7.89289141132679e-10,9.685976201917996e-9,UP,ENSMUSG00000042744
ENSMUSG00000022769.10,NA,5159.103554559474,-0.5944393846210779,0.0967209667084988,-6.145920629728828,7.950103289944667e-10,9.748866344893888e-9,DOWN,ENSMUSG00000022769
ENSMUSG00000025759.12,NA,510.915453073127,-0.5216082849235096,0.08487430648786658,-6.145655929431099,7.963373820790025e-10,9.75781922598454e-9,DOWN,ENSMUSG00000025759
ENSMUSG00000021692.10,NA,210.2116872979096,-0.6199928887301872,0.10091258650144501,-6.143860842584877,8.053940838554384e-10,9.86140201850262e-9,DOWN,ENSMUSG00000021692
ENSMUSG00000078880.11,NA,519.0681155094248,-0.7733897327755929,0.1258846574120213,-6.143637744862612,8.065266675536682e-10,9.867877925024148e-9,DOWN,ENSMUSG00000078880
ENSMUSG00000020671.10,NA,8201.051907375666,0.5186927995521274,0.08443873242622447,6.142830246833915,8.106390348757516e-10,9.910774617860162e-9,UP,ENSMUSG00000020671
ENSMUSG00000024002.19,NA,1983.2622729499858,0.7458238193264567,0.12142298018558614,6.14236134038647,8.130364263874147e-10,9.932655774087204e-9,UP,ENSMUSG00000024002
ENSMUSG00000092060.5,Bend4,288.5294241037623,0.8731797074611535,0.14217904340698542,6.141409356382357,8.179249532740279e-10,9.984915075591681e-9,UP,ENSMUSG00000092060
ENSMUSG00000032737.14,NA,6474.127323418026,0.5751096848482288,0.0936571897307464,6.140582335446992,8.221950448412025e-10,1.0029552390279325e-8,UP,ENSMUSG00000032737
ENSMUSG00000024030.8,Abcg1,1994.0487646932465,0.6851014812821636,0.11157906496255876,6.140053974390759,8.249344641834918e-10,1.0055465139107648e-8,UP,ENSMUSG00000024030
ENSMUSG00000030256.12,NA,1969.6667563173207,0.750791822232484,0.12228802339779447,6.139536819482396,8.276244026409855e-10,1.0080736576430363e-8,UP,ENSMUSG00000030256
ENSMUSG00000056228.11,NA,245.51474314997617,-0.6610248034566393,0.10767324977821174,-6.1391738878341275,8.295172681953889e-10,1.0096268999197191e-8,DOWN,ENSMUSG00000056228
ENSMUSG00000000884.18,NA,59.22079743627188,-1.0521250919126872,0.17142377850551277,-6.13756796802173,8.379437242404208e-10,1.0176098154854321e-8,DOWN,ENSMUSG00000000884
ENSMUSG00000078870.11,NA,514.0539568847938,-0.8063004604063927,0.13141639712540026,-6.135463138873028,8.491145326246188e-10,1.029645856845847e-8,DOWN,ENSMUSG00000078870
ENSMUSG00000031834.16,NA,777.4427714625749,0.5773163812101026,0.09411898321755832,6.133899469309202,8.5750718166613e-10,1.0390520675696487e-8,UP,ENSMUSG00000031834
ENSMUSG00000047123.9,Ticam1,2194.7450890170426,0.5791017575721192,0.09441213331550466,6.133764138523256,8.582373318618757e-10,1.0391664760454978e-8,UP,ENSMUSG00000047123
ENSMUSG00000035021.15,NA,1456.4346183409832,0.6514581321246822,0.10621353176484599,6.133475850958366,8.597947519823876e-10,1.040281644404449e-8,UP,ENSMUSG00000035021
ENSMUSG00000037151.9,Lrrc20,471.9241124292038,0.5207919965032707,0.08492749134904985,6.132195691061081,8.66743939001569e-10,1.0479139369023408e-8,UP,ENSMUSG00000037151
ENSMUSG00000069793.13,NA,2282.4587270292086,0.825908050874423,0.13473701432523924,6.129778480030576,8.80015141729013e-10,1.0623875558864437e-8,UP,ENSMUSG00000069793
ENSMUSG00000041079.13,NA,211.82501778518875,-0.5846209646421978,0.09538558483559001,-6.129028465358485,8.841730800937896e-10,1.066619421934545e-8,DOWN,ENSMUSG00000041079
ENSMUSG00000038256.16,NA,548.8596512508021,0.7653839901539234,0.12493594519912161,6.126211227153742,8.999631479484244e-10,1.0840676209554123e-8,UP,ENSMUSG00000038256
ENSMUSG00000032177.19,NA,266.9072118606124,0.7490032465518569,0.12226177540056608,6.126225830582769,8.998805938250699e-10,1.0840676209554123e-8,UP,ENSMUSG00000032177
ENSMUSG00000031004.9,Mki67,2246.8299070240646,1.047623516814119,0.17102238343330609,6.125651483641396,9.031329871507627e-10,1.086284901248445e-8,UP,ENSMUSG00000031004
ENSMUSG00000068964.6,Gm6361,342.23054749872824,-0.5587840454902875,0.09123817068321141,-6.124454724442524,9.099468291792599e-10,1.0936757992473663e-8,DOWN,ENSMUSG00000068964
ENSMUSG00000024436.17,NA,1180.799418663557,-0.518769236591084,0.08472753082891876,-6.122794226572933,9.194841041082824e-10,1.1035159446221721e-8,DOWN,ENSMUSG00000024436
ENSMUSG00000009566.13,NA,132.24817377546483,-0.7713567928710566,0.12601199889638645,-6.121296381508128,9.281707422023574e-10,1.1123078410586315e-8,DOWN,ENSMUSG00000009566
ENSMUSG00000026923.16,NA,1774.9346165919837,0.8307672538490753,0.13577240708875202,6.118822459308816,9.426936166172742e-10,1.1280578226373327e-8,UP,ENSMUSG00000026923
ENSMUSG00000031077.8,Fadd,342.1505897453365,-0.5722600531002981,0.09355299186773827,-6.116961538860649,9.537637380298183e-10,1.1404697923800592e-8,DOWN,ENSMUSG00000031077
ENSMUSG00000061111.9,Mcrip1,1466.1768528724947,-0.6072259698327312,0.09930492288295102,-6.1147620098195725,9.670116832987574e-10,1.1537790492847801e-8,DOWN,ENSMUSG00000061111
ENSMUSG00000032280.18,NA,1775.3181357426076,0.6780674785954632,0.11089800501735969,6.114334324493216,9.696084252012365e-10,1.1560335024317588e-8,UP,ENSMUSG00000032280
ENSMUSG00000047139.10,NA,264.97571549192,0.9272022867523194,0.15176287032308589,6.109546325648766,9.991475157356686e-10,1.1895167729217217e-8,UP,ENSMUSG00000047139
ENSMUSG00000000131.16,NA,2521.5310784307944,0.5706484496868242,0.09343648315360538,6.107340841892602,1.0130474930950337e-9,1.205187359689332e-8,UP,ENSMUSG00000000131
ENSMUSG00000056054.10,NA,408.7434799284047,-0.9307088360732715,0.15243185136938736,-6.105737270210603,1.0232721504779497e-9,1.2164659324881866e-8,DOWN,ENSMUSG00000056054
ENSMUSG00000052566.9,Hook2,449.29215491048,0.5713501617298514,0.09360076218011684,6.104118689016622,1.0336945322239364e-9,1.2252915753250516e-8,UP,ENSMUSG00000052566
ENSMUSG00000042625.17,NA,1294.9855886255937,0.5892675301488882,0.09655293066352096,6.103051726129756,1.040621458665681e-9,1.2326085770542914e-8,UP,ENSMUSG00000042625
ENSMUSG00000053801.19,NA,267.7312266509979,-0.6931286827762083,0.11359103685044607,-6.101966334621818,1.0477144615511894e-9,1.2392142249287802e-8,DOWN,ENSMUSG00000053801
ENSMUSG00000020340.17,NA,2313.772437372931,0.6761904165439063,0.11089295823179883,6.097685798321566,1.0761500482137823e-9,1.2710078531865958e-8,UP,ENSMUSG00000020340
ENSMUSG00000031955.11,NA,51.85337388781482,1.5485002361696079,0.25399872325291073,6.096488267099439,1.0842390361798564e-9,1.2787136569549736e-8,UP,ENSMUSG00000031955
ENSMUSG00000028607.17,NA,646.6461232747665,0.506355483735806,0.08307352539055184,6.0952689964135685,1.0925357661618495e-9,1.2866419044439187e-8,UP,ENSMUSG00000028607
ENSMUSG00000021276.11,NA,1384.3157544351839,-0.5483682540000069,0.09004475640038616,-6.089952107390622,1.129444703377486e-9,1.3281944691660709e-8,DOWN,ENSMUSG00000021276
ENSMUSG00000037443.14,NA,413.1650844948774,0.5058104659064518,0.08308031540223451,6.088210708608452,1.1417953884645128e-9,1.3407893261379975e-8,UP,ENSMUSG00000037443
ENSMUSG00000022751.10,NA,736.6801384383448,-0.5460014065498152,0.08972518134155888,-6.085263895665357,1.1629959201905868e-9,1.3627477642605973e-8,DOWN,ENSMUSG00000022751
ENSMUSG00000138269.1,ENSMUSG00000138269,1327.5128934068678,-0.6092165440788111,0.100150997558779,-6.082980289050637,1.1796885540279916e-9,1.3813172710703118e-8,DOWN,ENSMUSG00000138269
ENSMUSG00000061062.6,Hdac1-ps,1627.552105052614,-0.5855566312068827,0.09632714410680329,-6.078833091507866,1.2106028890881397e-9,1.4144756844199237e-8,DOWN,ENSMUSG00000061062
ENSMUSG00000028417.4,Tal2,42.63160815829957,1.2614762502851695,0.20757998881670836,6.07706098008823,1.224052239795324e-9,1.4281483163236521e-8,UP,ENSMUSG00000028417
ENSMUSG00000036529.18,NA,1996.4270823501884,0.6213444083822222,0.10224756755892603,6.076862493810787,1.225567681960514e-9,1.4288965284826363e-8,UP,ENSMUSG00000036529
ENSMUSG00000027422.16,NA,12568.773886139079,0.6901867109281072,0.11362578289479457,6.074208628926649,1.2460064985855493e-9,1.448593330432389e-8,UP,ENSMUSG00000027422
ENSMUSG00000034269.13,NA,2775.1445690403607,0.7393650030646673,0.12175976398956756,6.072326184272306,1.2607052502118e-9,1.4636000014177615e-8,UP,ENSMUSG00000034269
ENSMUSG00000028218.20,NA,283.55668130671,-0.6724684871062226,0.11077458808808811,-6.070602461382882,1.2743128144862436e-9,1.478347570304623e-8,DOWN,ENSMUSG00000028218
ENSMUSG00000033554.18,NA,317.7817083390582,-0.6062702840823975,0.09997773150100601,-6.06405321445303,1.32733206215827e-9,1.536584269691153e-8,DOWN,ENSMUSG00000033554
ENSMUSG00000039108.15,NA,839.3216771927329,0.5030885566875039,0.08296789075840483,6.0636536868516195,1.330635101180244e-9,1.5382292336557476e-8,UP,ENSMUSG00000039108
ENSMUSG00000083373.2,Gm13392,537.0645781710867,-0.6402930129815274,0.10561983208796114,-6.062242292226764,1.3423678808037903e-9,1.5506957865454952e-8,DOWN,ENSMUSG00000083373
ENSMUSG00000020841.6,Cpd,22473.455855259755,0.7293695232004026,0.12032883071826221,6.061469382247615,1.3488356715219884e-9,1.5559680936272705e-8,UP,ENSMUSG00000020841
ENSMUSG00000050732.10,NA,7122.392313177756,-0.5495861954149086,0.0906846603695659,-6.060409700771749,1.3577525903305612e-9,1.5640467823497783e-8,DOWN,ENSMUSG00000050732
ENSMUSG00000045795.11,NA,675.2006176785327,0.6593117957403093,0.10878871916575944,6.060479439377604,1.3571639976805385e-9,1.5640467823497783e-8,UP,ENSMUSG00000045795
ENSMUSG00000037731.6,Themis2,7451.50032414214,0.5171289919293218,0.0853503536540658,6.0588968854810075,1.3705821418178622e-9,1.5777137809968152e-8,UP,ENSMUSG00000037731
ENSMUSG00000090247.8,Bloc1s1,1456.0575335687731,-0.7186343270029558,0.11861507352223337,-6.058541344395441,1.3736144422509955e-9,1.5800916026062473e-8,DOWN,ENSMUSG00000090247
ENSMUSG00000019790.18,NA,1734.5046353168163,0.6972354469790926,0.11510436923057868,6.05741946756496,1.3832255172679505e-9,1.590028432156253e-8,UP,ENSMUSG00000019790
ENSMUSG00000021252.12,NA,1126.6174989256278,-0.5917544606169176,0.09769732719122214,-6.057017910619824,1.386681544310308e-9,1.5928809925014965e-8,DOWN,ENSMUSG00000021252
ENSMUSG00000087260.6,Lamtor5,3248.2737418743345,-0.518713482523684,0.08567692440674053,-6.054296254393497,1.4103285085590683e-9,1.6189065871423126e-8,DOWN,ENSMUSG00000087260
ENSMUSG00000032846.13,NA,1082.2298210947044,0.7565552168481063,0.12501266361572544,6.051828630527145,1.4321077382819252e-9,1.6427531992951825e-8,UP,ENSMUSG00000032846
ENSMUSG00000054792.16,NA,728.4510350317769,0.5179435811544566,0.08559741321878411,6.0509256258785555,1.4401592957175452e-9,1.650830564361781e-8,UP,ENSMUSG00000054792
ENSMUSG00000057315.15,NA,347.97779933315985,-0.6333393616968043,0.10472347280331964,-6.047730702039209,1.4690022935918129e-9,1.682712788440909e-8,DOWN,ENSMUSG00000057315
ENSMUSG00000041625.16,NA,278.90975344463726,-0.6152709448878884,0.10175762599583854,-6.046435722793399,1.4808527211666436e-9,1.6950993403494367e-8,DOWN,ENSMUSG00000041625
ENSMUSG00000035901.15,NA,3938.675880894018,0.5616584347878871,0.09292824567405639,6.044001269085513,1.5033832744391046e-9,1.718482727551161e-8,UP,ENSMUSG00000035901
ENSMUSG00000024621.17,NA,45141.9983829933,0.5262229872203721,0.08707410780655007,6.043392237672602,1.509071818727038e-9,1.7237797308813532e-8,UP,ENSMUSG00000024621
ENSMUSG00000033083.17,NA,123.90660898289885,-1.1359148893713695,0.18811423906515085,-6.038431194876006,1.5561975733832719e-9,1.7751294860099766e-8,DOWN,ENSMUSG00000033083
ENSMUSG00000078879.11,NA,160.66732966479995,-0.6383662382188321,0.10573793405921063,-6.03724901473262,1.567637165100615e-9,1.7869314575128767e-8,DOWN,ENSMUSG00000078879
ENSMUSG00000042548.15,NA,1352.2811195289619,0.6272260067486974,0.10390149721952568,6.036736943486758,1.5726177196747574e-9,1.7913595293242916e-8,UP,ENSMUSG00000042548
ENSMUSG00000004263.16,NA,114.21619242923379,1.1209928308379355,0.18570325697867776,6.0364737219802596,1.5751838864126466e-9,1.79303313421317e-8,UP,ENSMUSG00000004263
ENSMUSG00000040054.18,NA,2344.7810274750204,0.8090239078409286,0.13404240823730554,6.035581712383529,1.5839105399731368e-9,1.801712017146896e-8,UP,ENSMUSG00000040054
ENSMUSG00000047635.7,Mtrfr,276.5082411108432,-0.5236000782259302,0.08677094963964535,-6.03427852755341,1.596744532949005e-9,1.813786388852289e-8,DOWN,ENSMUSG00000047635
ENSMUSG00000024007.16,NA,725.6400701393187,-0.6394137689305411,0.10599613421848224,-6.032425367632402,1.6151694499908658e-9,1.8334416548299092e-8,DOWN,ENSMUSG00000024007
ENSMUSG00000022544.15,NA,685.5233926905498,-0.5591511742585846,0.09272376948348256,-6.030289508001394,1.6366621671406961e-9,1.856549603336698e-8,DOWN,ENSMUSG00000022544
ENSMUSG00000038268.5,Ovca2,538.322989474415,-0.5224360864936128,0.0866746330397782,-6.0275546393585255,1.6645898446236543e-9,1.8856123077074327e-8,DOWN,ENSMUSG00000038268
ENSMUSG00000080777.2,Gm15365,456.09283424467174,-0.622269015498395,0.1032368535334676,-6.0275860237901,1.6642667373466778e-9,1.8856123077074327e-8,DOWN,ENSMUSG00000080777
ENSMUSG00000039158.12,NA,2249.1276069345804,0.768057660166978,0.12758227056650837,6.020097124440117,1.7431244500608698e-9,1.9704780263274535e-8,UP,ENSMUSG00000039158
ENSMUSG00000049957.15,NA,242.23778484079793,-0.6506971066053444,0.10811646320715582,-6.018483099642102,1.7605909108573249e-9,1.9888472031011634e-8,DOWN,ENSMUSG00000049957
ENSMUSG00000021286.9,Zfyve21,423.3427801820218,-0.6897813298105969,0.11462659966782777,-6.017637544945841,1.7698091873648518e-9,1.9978799017034437e-8,DOWN,ENSMUSG00000021286
ENSMUSG00000030847.9,Bag3,1680.062612630813,0.555829521811475,0.09238490656937208,6.016453795881702,1.782793524752763e-9,2.0111485821676096e-8,UP,ENSMUSG00000030847
ENSMUSG00000046808.19,NA,177.73738547704323,0.7384289398070749,0.1228370136666997,6.011453044688094,1.8386777082399861e-9,2.0699053594277422e-8,UP,ENSMUSG00000046808
ENSMUSG00000042396.11,NA,4046.9074619127914,-0.5197376626580287,0.08648918944501367,-6.009278916742038,1.863502912324839e-9,2.094966891668626e-8,DOWN,ENSMUSG00000042396
ENSMUSG00000036381.14,NA,435.23835458755235,-0.6678182195013548,0.11114308450236297,-6.008634927593327,1.8709187655904843e-9,2.100414707578438e-8,DOWN,ENSMUSG00000036381
ENSMUSG00000046574.9,Prr12,637.5188623676638,0.7289720494493872,0.121339995098765,6.007681546847258,1.8819502365071008e-9,2.1113492495501076e-8,UP,ENSMUSG00000046574
ENSMUSG00000070713.6,Hmgn2-ps,1225.7295093190476,-0.562069792595403,0.09364766421571404,-6.001962753717972,1.9494642727321335e-9,2.1811049282737475e-8,DOWN,ENSMUSG00000070713
ENSMUSG00000021120.12,NA,357.33184294431396,-0.6176992192335906,0.10292506366804287,-6.001446073677578,1.9556789603786973e-9,2.1850668685133417e-8,DOWN,ENSMUSG00000021120
ENSMUSG00000021676.11,NA,1569.401242290509,0.7231895844723615,0.1205100461512372,6.0010730023684165,1.960178301487432e-9,2.188597986073331e-8,UP,ENSMUSG00000021676
ENSMUSG00000097166.4,9330179D12Rik,45.09495333196098,-1.1881556754769433,0.1981452684346681,-5.996386816921135,2.017561132380648e-9,2.2495944249586676e-8,DOWN,ENSMUSG00000097166
ENSMUSG00000044786.7,Zfp36,12333.606213395282,0.7820615058231629,0.13049844412900174,5.992879923151198,2.0615707611448072e-9,2.295533764419143e-8,UP,ENSMUSG00000044786
ENSMUSG00000021298.9,Gpr132,541.0432072557074,0.6044350104297255,0.10087664540389203,5.991823062807807,2.075016207313735e-9,2.3073615595068242e-8,UP,ENSMUSG00000021298
ENSMUSG00000041037.9,Irgq,847.1530937935763,0.6607123429644374,0.11034860154894664,5.987500826382193,2.130898607500283e-9,2.3646753997419978e-8,UP,ENSMUSG00000041037
ENSMUSG00000045777.15,NA,21.551648756733847,1.5186791454899402,0.2536723337870798,5.986774839879249,2.14042762558066e-9,2.3736383967260153e-8,UP,ENSMUSG00000045777
ENSMUSG00000036002.13,NA,3486.8206661884965,0.5146808288983088,0.08599252345005666,5.985181132604263,2.1614918245136144e-9,2.3921290022680802e-8,UP,ENSMUSG00000036002
ENSMUSG00000020747.19,NA,695.497254081825,0.7747145319860954,0.12944911020422498,5.98470341560378,2.167845103352359e-9,2.3975369458320475e-8,UP,ENSMUSG00000020747
ENSMUSG00000022102.14,NA,4337.132394476733,-0.5503891028424015,0.09201423117303616,-5.981564979958095,2.210038588342591e-9,2.442548395202704e-8,DOWN,ENSMUSG00000022102
ENSMUSG00000045216.8,Hs6st1,1315.3440004007382,0.5458346602338223,0.09128942740720111,5.979166216029586,2.2428261770690916e-9,2.4771105871872547e-8,UP,ENSMUSG00000045216
ENSMUSG00000022799.5,Arhgap31,3274.6970349466737,0.8351581440143405,0.13971000814023174,5.977797547446018,2.2617456711123295e-9,2.4946352726047327e-8,UP,ENSMUSG00000022799
ENSMUSG00000028962.15,NA,2069.057567193377,0.5953025098287316,0.09966073509335134,5.973290376306345,2.3251549849395188e-9,2.5542327542890706e-8,UP,ENSMUSG00000028962
ENSMUSG00000105987.7,AI506816,5011.189936492441,0.5003428603692761,0.08377580195616506,5.972403112668214,2.3378398986277444e-9,2.566442644927408e-8,UP,ENSMUSG00000105987
ENSMUSG00000036850.5,Mrpl41,718.2049358114965,-0.5964976139974373,0.09988403505215852,-5.971901452378768,2.3450417728613735e-9,2.5726209945766448e-8,DOWN,ENSMUSG00000036850
ENSMUSG00000038335.14,NA,366.31592820905587,-0.6789571319064617,0.11370833305515293,-5.971041116020418,2.357443168928675e-9,2.584491350724891e-8,DOWN,ENSMUSG00000038335
ENSMUSG00000052915.15,NA,1857.7707399045128,0.5036932220078162,0.08441931450154125,5.966563753590066,2.423020907286045e-9,2.654604540918076e-8,UP,ENSMUSG00000052915
ENSMUSG00000070000.14,NA,779.0039987899403,0.6223219871394582,0.10437044239759471,5.96262670583257,2.4821503999886902e-9,2.7157450092513472e-8,UP,ENSMUSG00000070000
ENSMUSG00000017188.4,Coa3,2407.3542097709137,-0.5876606661133419,0.09857254276819717,-5.9617074857780885,2.496156987088536e-9,2.7292429505651645e-8,DOWN,ENSMUSG00000017188
ENSMUSG00000060279.16,NA,2639.363108777686,0.5853493437501941,0.09823061032307404,5.958930132114811,2.5389461121684855e-9,2.7741720019723302e-8,UP,ENSMUSG00000060279
ENSMUSG00000074064.7,Mlycd,471.56120162634284,-0.523686636866822,0.08790094742352988,-5.957690471111331,2.5582746727761675e-9,2.793424034816248e-8,DOWN,ENSMUSG00000074064
ENSMUSG00000035172.16,NA,216.99141996449146,0.8515601946390646,0.14297957250778667,5.9558171821550845,2.587754822226405e-9,2.821843917552556e-8,UP,ENSMUSG00000035172
ENSMUSG00000000631.21,NA,1537.7928092961731,0.6168379049545829,0.10357189724004062,5.95564937393186,2.5904117264122708e-9,2.822858005328999e-8,UP,ENSMUSG00000000631
ENSMUSG00000039826.14,NA,859.624792737167,-0.5874046028945775,0.09864605351238075,-5.9546690615540365,2.6059861679039757e-9,2.8379380346807718e-8,DOWN,ENSMUSG00000039826
ENSMUSG00000045854.5,Lyrm2,344.32968215945107,-0.5777633136753815,0.09710827270822699,-5.9496817064323455,2.6866443295952653e-9,2.9121941784856903e-8,DOWN,ENSMUSG00000045854
ENSMUSG00000030539.14,NA,104.62717802799082,0.8551390328471773,0.14372681293665526,5.949752974930731,2.685474795561772e-9,2.9121941784856903e-8,UP,ENSMUSG00000030539
ENSMUSG00000019866.16,NA,2335.7670379779133,0.6073921089896998,0.1021016263175701,5.948897494546343,2.6995462472793338e-9,2.9242400899952283e-8,UP,ENSMUSG00000019866
ENSMUSG00000021822.4,Plau,2823.3257725076214,-0.6424446371827957,0.10803672338825668,-5.946539445425533,2.738705611528301e-9,2.9627320930537132e-8,DOWN,ENSMUSG00000021822
ENSMUSG00000033488.12,NA,309.08540235510566,-0.5994045411216267,0.1008023099136959,-5.946337357098463,2.7420872464538928e-9,2.964428447786728e-8,DOWN,ENSMUSG00000033488
ENSMUSG00000023852.15,NA,1275.354081810799,0.6252233347895166,0.10516525358389127,5.945151211856969,2.7620176763897594e-9,2.9840013838907475e-8,UP,ENSMUSG00000023852
ENSMUSG00000042121.17,NA,840.6783495229098,0.6807144431399031,0.11453793184119004,5.943135450391511,2.7962119211829796e-9,3.0189484850499994e-8,UP,ENSMUSG00000042121
ENSMUSG00000020692.15,NA,209.70979678694678,-0.8176438868942645,0.13765856074911373,-5.93965157302815,2.8562848472483695e-9,3.0817710965756995e-8,DOWN,ENSMUSG00000020692
ENSMUSG00000049504.13,NA,521.2897628935901,0.6347206598313831,0.10692283300149269,5.936249929166412,2.9161515364750798e-9,3.1422157557825745e-8,UP,ENSMUSG00000049504
ENSMUSG00000053477.19,NA,1824.8033128104917,0.5379319238791236,0.0906498339045379,5.934174401749178,2.9532777840620453e-9,3.180123758779855e-8,UP,ENSMUSG00000053477
ENSMUSG00000026510.11,NA,373.56650367202667,0.5258629810163491,0.08862286641121973,5.933716684092429,2.961526991889572e-9,3.1869071895606943e-8,UP,ENSMUSG00000026510
ENSMUSG00000008734.10,NA,423.2714370360114,0.8998703435625128,0.15168407064264372,5.932530289766153,2.983013346494325e-9,3.207916852749752e-8,UP,ENSMUSG00000008734
ENSMUSG00000035877.18,NA,184.0421056077949,0.5738568251882923,0.09676520502539304,5.930404684594026,3.021889622465507e-9,3.247587624511583e-8,UP,ENSMUSG00000035877
ENSMUSG00000078901.10,NA,541.1614090434427,-0.5267737375903642,0.08883962614626688,-5.929490706355248,3.038757099319942e-9,3.2630015951934944e-8,DOWN,ENSMUSG00000078901
ENSMUSG00000038668.15,NA,299.46915561590794,0.7166342154768747,0.12086093637688275,5.9294114124863455,3.040224782503176e-9,3.2630015951934944e-8,UP,ENSMUSG00000038668
ENSMUSG00000052889.12,NA,1447.2072621958646,0.6028082546335328,0.10166852932619429,5.929152891545003,3.045014649206845e-9,3.265997995796266e-8,UP,ENSMUSG00000052889
ENSMUSG00000038607.13,NA,1896.2373120297066,-0.529983797495449,0.08941821312895369,-5.927022906744262,3.0847595961567244e-9,3.302127069991998e-8,DOWN,ENSMUSG00000038607
ENSMUSG00000025702.16,NA,3077.3531203382113,-0.5474102396067346,0.0923967541759894,-5.924561360284092,3.1313207547584335e-9,3.347584634223764e-8,DOWN,ENSMUSG00000025702
ENSMUSG00000070031.12,NA,9368.351672107181,0.5129072835432349,0.08666119414171072,5.918534686984755,3.248225061007948e-9,3.468026573954012e-8,UP,ENSMUSG00000070031
ENSMUSG00000039512.13,NA,793.8455021468133,0.7891886846344487,0.13340142380534112,5.915894014639829,3.3007771627135962e-09,3.521834432226922e-8,UP,ENSMUSG00000039512
ENSMUSG00000026558.14,NA,624.8766921741618,0.7693760543131226,0.13008237651185584,5.914529507715451,3.3282556980642494e-9,3.547076698966398e-8,UP,ENSMUSG00000026558
ENSMUSG00000066621.13,NA,3155.1166466616264,0.5679144533836059,0.09602064182811595,5.914503825127672,3.3287750252137855e-9,3.547076698966398e-8,UP,ENSMUSG00000066621
ENSMUSG00000026603.14,NA,617.0626178903602,-0.529546759629719,0.08955719371869483,-5.91294498678756,3.360444416480432e-9,3.5761604447779394e-8,DOWN,ENSMUSG00000026603
ENSMUSG00000054612.5,Mgmt,615.4361649052912,-0.6896821634624504,0.11664225992888597,-5.912798362128214,3.363438294369963e-9,3.57701772021935e-8,DOWN,ENSMUSG00000054612
ENSMUSG00000039725.7,Trp53rka,657.5506432353897,-0.5166133845517592,0.08738211957778862,-5.912117799933472,3.377368489481132e-9,3.589497095517463e-8,DOWN,ENSMUSG00000039725
ENSMUSG00000024855.11,NA,1302.9139420171193,0.6871544175776538,0.11625438373493961,5.9107828496546695,3.4048564629449174e-9,3.6140119313829624e-8,UP,ENSMUSG00000024855
ENSMUSG00000031608.14,NA,1985.9823185012312,0.5915898657753017,0.10010413875305475,5.909744323705586,3.4263912693399916e-9,3.6321525089903697e-8,UP,ENSMUSG00000031608
ENSMUSG00000038000.11,NA,691.723355058084,0.5037207955342573,0.08526472695309652,5.9077277736589755,3.468585670465768e-9,3.674497820442867e-8,UP,ENSMUSG00000038000
ENSMUSG00000037922.14,NA,124.67417161102618,-1.1963857599446792,0.20251841369850174,-5.907540643320426,3.4725267459664535e-9,3.6762902972517905e-8,DOWN,ENSMUSG00000037922
ENSMUSG00000042670.6,Immp1l,680.9246877463593,-0.5748841534109859,0.09734394429024014,-5.905700222059162,3.5115201026743877e-9,3.710362482114773e-8,DOWN,ENSMUSG00000042670
ENSMUSG00000094932.9,Gm2007,533.9937235227361,-0.7351705826446956,0.12450850470173491,-5.904581252548378,3.5354359395383654e-9,3.7332193712980704e-8,DOWN,ENSMUSG00000094932
ENSMUSG00000049550.18,NA,2006.882606248796,0.5643533836581649,0.09562684729522024,5.901620722848752,3.5994789191483582e-9,3.795940800799939e-8,UP,ENSMUSG00000049550
ENSMUSG00000020823.17,NA,5272.799569122871,0.5155319503920063,0.08736450909789487,5.900931118543062,3.6145580103035633e-9,3.8093852505752443e-8,UP,ENSMUSG00000020823
ENSMUSG00000021235.14,NA,366.0443050554465,-0.5114405249057102,0.08668700046626465,-5.899852597907616,3.6382646319390416e-9,3.831899076912086e-8,DOWN,ENSMUSG00000021235
ENSMUSG00000027469.17,NA,1255.0262877831988,0.5680401751425564,0.09628326517818393,5.899677104752615,3.6421363820795643e-9,3.83320227313448e-8,UP,ENSMUSG00000027469
ENSMUSG00000024766.16,NA,838.4535277315059,-0.6653244661055215,0.11277481020431133,-5.8995840019608075,3.6441920546011146e-9,3.83320227313448e-8,DOWN,ENSMUSG00000024766
ENSMUSG00000117507.2,Gm50045,252.59074531068245,-0.6637494107718868,0.1125124096529136,-5.899344017424112,3.6494960266149314e-9,3.8342014925926104e-08,DOWN,ENSMUSG00000117507
ENSMUSG00000018405.8,Mrm1,284.8816603377293,-0.5594788444765335,0.09492226687778654,-5.89407378141178,3.7678879838072506e-9,3.9531384456555406e-8,DOWN,ENSMUSG00000018405
ENSMUSG00000095362.8,Gm14325,488.60510018466624,-0.7004623140815783,0.11884965927995768,-5.893683821436932,3.776795183121084e-9,3.959941889884365e-8,DOWN,ENSMUSG00000095362
ENSMUSG00000027371.11,NA,197.08088312981266,-0.6921372040581051,0.11744924364855074,-5.893075021659756,3.7907419632099986e-9,3.969472654108305e-8,DOWN,ENSMUSG00000027371
ENSMUSG00000018401.18,NA,924.4807839058947,0.5875921532256694,0.09970833129770613,5.893109889395846,3.789941838922009e-9,3.969472654108305e-8,UP,ENSMUSG00000018401
ENSMUSG00000003847.17,NA,1262.963383958738,0.9255799098917324,0.15708123173072286,5.892364731888604,3.80707711204352e-9,3.984025766546951e-8,UP,ENSMUSG00000003847
ENSMUSG00000042292.19,NA,1586.548534188341,0.6184788662797891,0.10502600754944787,5.888816310461004,3.889714866863551e-9,4.0627015472045756e-8,UP,ENSMUSG00000042292
ENSMUSG00000028803.19,NA,562.2454526769149,0.5350439641150481,0.09089482745916744,5.886407170478487,3.946812716258898e-9,4.1197063001256665e-8,UP,ENSMUSG00000028803
ENSMUSG00000020471.12,NA,325.3430054949729,-0.6469665997632804,0.10992561019586769,-5.885494732396774,3.9686502735407595e-9,4.139856883937285e-8,DOWN,ENSMUSG00000020471
ENSMUSG00000078886.13,NA,603.5953579045787,-0.7174653172473011,0.12193660458791672,-5.883920744488224,4.006597554007609e-9,4.174113678636608e-8,DOWN,ENSMUSG00000078886
ENSMUSG00000037887.12,NA,50.34938513543317,1.4456320350380647,0.24579175259531838,5.8815319056624835,4.06486568863324e-9,4.2294267693442995e-8,UP,ENSMUSG00000037887
ENSMUSG00000135654.1,ENSMUSG00000135654,56.207228548449656,-1.4421106006510525,0.24529735328803196,-5.879030414803147,4.126765484078328e-9,4.290604008657078e-8,DOWN,ENSMUSG00000135654
ENSMUSG00000121096.2,Gm57390,149.59006196738133,0.8331929413037109,0.14172492490795424,5.87894431304051,4.12891233672922e-9,4.290604008657078e-8,UP,ENSMUSG00000121096
ENSMUSG00000036887.6,C1qa,22381.786204349162,-0.5865437525093294,0.09978389671781725,-5.878140379384454,4.149010065241217e-9,4.3087495887187374e-8,DOWN,ENSMUSG00000036887
ENSMUSG00000082838.2,Gm14519,669.6681959664944,0.515827373763967,0.0878011665490153,5.874948978906842,4.229735998202436e-9,4.381448962396516e-8,UP,ENSMUSG00000082838
ENSMUSG00000034959.9,Rubcnl,358.48667443374194,0.6865326779554299,0.1168946943364907,5.873086728634499,4.277545386720022e-9,4.428166997550696e-8,UP,ENSMUSG00000034959
ENSMUSG00000039952.16,NA,2351.700208464842,0.7280589055007737,0.124059920719956,5.86860688992573,4.394720367942946e-9,4.5408406532487615e-8,UP,ENSMUSG00000039952
ENSMUSG00000042507.16,NA,796.475382466554,0.73437530832136,0.12517440628236873,5.8668167889269185,4.442410756257804e-9,4.584321099860484e-8,UP,ENSMUSG00000042507
ENSMUSG00000036779.14,NA,1063.0863519002662,0.6436614648290365,0.10973948945741417,5.8653586599636744,4.4816288780479625e-9,4.618960002558134e-8,UP,ENSMUSG00000036779
ENSMUSG00000050390.13,NA,1214.1664583540828,0.9155668057306295,0.15619052591426194,5.861858780302807,4.577142272684616e-9,4.711458916202943e-8,UP,ENSMUSG00000050390
ENSMUSG00000058427.11,NA,8585.478890540027,0.9003476021175909,0.15360970958161674,5.861267523842387,4.59347234384801e-9,4.7252925697004135e-8,UP,ENSMUSG00000058427
ENSMUSG00000038252.14,NA,813.1108550046813,0.7261092621128705,0.12391572241871826,5.859702448889465,4.636972714810085e-9,4.767041257628028e-8,UP,ENSMUSG00000038252
ENSMUSG00000040712.17,NA,2144.591086932624,0.6306716748233894,0.10764640219090385,5.85873435607197,4.664080699741863e-9,4.791895859081112e-8,UP,ENSMUSG00000040712
ENSMUSG00000024927.9,Rela,2920.385361334827,0.5545011868679866,0.09471392654048334,5.854484204400263,4.784926830126527e-9,4.9068013779954966e-8,UP,ENSMUSG00000024927
ENSMUSG00000004947.16,NA,2525.1536557271656,0.5622576261423047,0.09608276628544095,5.851805145492584,4.86266129456252e-9,4.980267012588906e-8,UP,ENSMUSG00000004947
ENSMUSG00000028041.18,NA,12279.677508228788,0.5028423779659892,0.08593537514192037,5.851401441322111,4.8744810371942075e-9,4.989246526861397e-8,UP,ENSMUSG00000028041
ENSMUSG00000029772.18,NA,1445.91620488797,0.5082731613516303,0.08691069882894369,5.84822315549442,4.968517114221169e-9,5.075961296816202e-8,UP,ENSMUSG00000029772
ENSMUSG00000140389.1,ENSMUSG00000140389,268.99429598122316,-0.5449892015396333,0.09320437323027682,-5.847249250774396,4.997683726558966e-9,5.10256953118881e-8,DOWN,ENSMUSG00000140389
ENSMUSG00000059810.19,NA,772.1534996794926,0.5096574593509977,0.08720139451322254,5.844602167155908,5.077803203738502e-9,5.1714499170286325e-8,UP,ENSMUSG00000059810
ENSMUSG00000034220.8,Gpc1,363.6363889964659,0.6234343000328951,0.10668598144027354,5.843638420122844,5.107282209221977e-9,5.191768345270053e-8,UP,ENSMUSG00000034220
ENSMUSG00000032109.16,NA,543.0750981665609,0.5356649507570096,0.09166577212845041,5.843674670698101,5.10617037228342e-9,5.191768345270053e-8,UP,ENSMUSG00000032109
ENSMUSG00000027508.16,NA,1014.2494300659368,0.6991957848856659,0.11967092817647504,5.8426536464610965,5.1375763582071736e-9,5.216075972127606e-8,UP,ENSMUSG00000027508
ENSMUSG00000031543.19,NA,41.522236605052306,1.1073016518205658,0.18951870402509005,5.842703798111516,5.136029349335421e-9,5.216075972127606e-8,UP,ENSMUSG00000031543
ENSMUSG00000070490.5,Gm10293,75.20421901898447,0.8465041677032675,0.1449280378038699,5.84085854283652,5.193248760140605e-9,5.266057334569375e-8,UP,ENSMUSG00000070490
ENSMUSG00000046139.9,Patl1,1269.3800501609785,0.6735323164379377,0.1153132912736337,5.840890577302777,5.192250135406838e-9,5.266057334569375e-8,UP,ENSMUSG00000046139
ENSMUSG00000025321.15,NA,196.66579599320454,1.065093094362369,0.18238165725573938,5.839913456148023,5.222794595045859e-9,5.292734063894582e-8,UP,ENSMUSG00000025321
ENSMUSG00000048458.9,Inka2,63.03740802907939,-0.8402034590638343,0.14388396387960165,-5.839451711011344,5.237289341170837e-9,5.301305205317856e-8,DOWN,ENSMUSG00000048458
ENSMUSG00000039298.17,NA,356.9631490793781,0.7007881322697812,0.12000952880652077,5.839437411670794,5.2377388392195865e-9,5.301305205317856e-8,UP,ENSMUSG00000039298
ENSMUSG00000022114.6,Spry2,535.5801317368896,0.5855724483113465,0.10031952299166567,5.83707369063143,5.312560343582957e-9,5.3737073871415234e-8,UP,ENSMUSG00000022114
ENSMUSG00000015597.18,NA,420.57907324027565,0.6389560965527943,0.1095110127698234,5.834628686119352,5.391048688412985e-9,5.446358582249608e-8,UP,ENSMUSG00000015597
ENSMUSG00000022561.14,NA,945.3198910418292,0.5307720372703528,0.09098750993355849,5.8334604129504894,5.428949222142821e-9,5.4812602832085577e-8,UP,ENSMUSG00000022561
ENSMUSG00000013236.18,NA,623.7872305868434,0.8472963975779264,0.14525347655218657,5.833226286143384,5.436575766519475e-9,5.48557206663749e-8,UP,ENSMUSG00000013236
ENSMUSG00000032279.12,NA,1406.4797445545084,-0.5218922668752152,0.08949029933556747,-5.831830609016543,5.482255869117085e-9,5.5282513532750074e-8,DOWN,ENSMUSG00000032279
ENSMUSG00000042766.18,NA,117.77334572751596,0.919070845941234,0.1576388138292817,5.830231930928898,5.535039032018772e-9,5.575217961791724e-8,UP,ENSMUSG00000042766
ENSMUSG00000020898.19,NA,480.9245752823197,0.6373706496845992,0.10932201005323362,5.830213416074548,5.53565321912882e-9,5.575217961791724e-8,UP,ENSMUSG00000020898
ENSMUSG00000065954.12,NA,2020.3105221272272,0.5503208242048255,0.09441593321388543,5.828685958737013,5.586552069828116e-9,5.623016018067141e-8,UP,ENSMUSG00000065954
ENSMUSG00000040097.17,NA,550.1550498231401,0.5813594788002133,0.09974320139250044,5.828562455224391,5.590687365171279e-9,5.623715425913213e-8,UP,ENSMUSG00000040097
ENSMUSG00000050323.15,NA,160.18274945589016,-0.676746206734395,0.11621826266964635,-5.8230624962796504,5.777893648415146e-9,5.8084532335174646e-8,DOWN,ENSMUSG00000050323
ENSMUSG00000071054.13,NA,1297.309460136382,0.6676303980811817,0.11468952738777796,5.821197569537885,5.842745273092743e-9,5.86528059174979e-8,UP,ENSMUSG00000071054
ENSMUSG00000004661.16,NA,335.17204626868903,0.58375377587014,0.10032041125017026,5.81889336970944,5.923850758178294e-9,5.933288265513627e-8,UP,ENSMUSG00000004661
ENSMUSG00000027752.16,NA,435.93000016952675,-0.5935742422223756,0.10201083596649176,-5.818737162563312,5.929388554657694e-9,5.9351981209084304e-8,DOWN,ENSMUSG00000027752
ENSMUSG00000023118.16,NA,4413.920112178504,0.5373875378757584,0.0923721049417511,5.817638758092928,5.968471227160384e-9,5.970662832262157e-8,UP,ENSMUSG00000023118
ENSMUSG00000097418.8,Mir155hg,58.35447212133957,1.8188643024986004,0.31296626875959715,5.811694371113675,6.184367175695639e-9,6.164004015482983e-8,UP,ENSMUSG00000097418
ENSMUSG00000039205.17,NA,1140.7477673286733,0.5148158458783686,0.08860611453395047,5.810161619050691,6.241256088232406e-9,6.213128624740982e-8,UP,ENSMUSG00000039205
ENSMUSG00000107092.2,Gm7993,539.0281529786656,-0.6161117881207004,0.10603937090510183,-5.810217307608128,6.239180295535187e-9,6.213128624740982e-8,DOWN,ENSMUSG00000107092
ENSMUSG00000097354.10,NA,203.39055018589093,-0.5548966419256602,0.09550858513772174,-5.809913748858375,6.250503609418606e-9,6.218547291512875e-8,DOWN,ENSMUSG00000097354
ENSMUSG00000095199.9,Zfp967,172.29262763199552,-0.7094264056220094,0.1221107103721707,-5.809698456915122,6.258546517943912e-9,6.222761641259804e-8,DOWN,ENSMUSG00000095199
ENSMUSG00000031403.15,NA,176.40115759588784,-0.7393165706931666,0.12726559898523285,-5.8092412764187165,6.275659334635827e-9,6.235983433675211e-8,DOWN,ENSMUSG00000031403
ENSMUSG00000115379.2,Gm48990,109.03037229740637,0.8783483258061463,0.15135160959114666,5.803362965077614,6.49978770245667e-9,6.44693748691485e-8,UP,ENSMUSG00000115379
ENSMUSG00000090093.10,NA,401.8259950322991,-0.7450156050217721,0.12839196953790127,-5.802665133210249,6.526906090871441e-9,6.469909457937208e-8,DOWN,ENSMUSG00000090093
ENSMUSG00000045237.6,Eola1,712.8734582349854,-0.5190005993141434,0.0894527712680023,-5.801951040278084,6.554770311291702e-9,6.493592455052979e-8,DOWN,ENSMUSG00000045237
ENSMUSG00000044562.13,NA,66.93486103334409,0.9696278717320868,0.16713054231568908,5.801619849354517,6.56773276753865e-9,6.502493023512221e-8,UP,ENSMUSG00000044562
ENSMUSG00000033020.8,Polr2f,1051.0184774025206,-0.6530258239755449,0.11257414009035416,-5.800851096454425,6.597917102953979e-9,6.528423302959185e-8,DOWN,ENSMUSG00000033020
ENSMUSG00000028108.17,NA,3684.508882319835,0.588859434930124,0.10161012285481119,5.7952831704724375,6.8205998288988486e-9,6.72839618607004e-8,UP,ENSMUSG00000028108
ENSMUSG00000024645.6,Timm21,228.53780711720964,-0.5382104132529801,0.09288060343331137,-5.794648111211049,6.8464579491979385e-9,6.749831220602502e-8,DOWN,ENSMUSG00000024645
ENSMUSG00000046675.8,Lyset,564.552877783899,-0.5420425303588449,0.09357975198211986,-5.792305695172307,6.942662581293565e-9,6.832315626359097e-8,DOWN,ENSMUSG00000046675
ENSMUSG00000031584.17,NA,6333.29329867006,0.5152352371370966,0.08897726553716329,5.790639148400188,7.011907898996833e-9,6.892161546422263e-8,UP,ENSMUSG00000031584
ENSMUSG00000094786.3,Gm14403,112.11585197102441,-0.7040407638177778,0.12159625290078982,-5.7899873312066905,7.039173345868158e-9,6.914803336031305e-8,DOWN,ENSMUSG00000094786
ENSMUSG00000039994.16,NA,298.9434484549834,0.7763213970339258,0.13408774933580264,5.789651932256282,7.053243198452616e-9,6.9232063190354e-8,UP,ENSMUSG00000039994
ENSMUSG00000044442.12,NA,257.7001356686148,-0.7498636671313105,0.12955278293838327,-5.788093857373592,7.118963250574867e-9,6.98059827797821e-8,DOWN,ENSMUSG00000044442
ENSMUSG00000047824.14,NA,1561.8949389342997,0.5510826806495548,0.09522491231480898,5.787169210801706,7.158246278093703e-9,7.014909691949621e-8,UP,ENSMUSG00000047824
ENSMUSG00000049891.5,Gm7984,394.9037787283821,-0.6296281670586443,0.10880525866781704,-5.786743901605915,7.1763859758425656e-9,7.028472448239818e-8,DOWN,ENSMUSG00000049891
ENSMUSG00000106918.4,Mrpl33,1243.3971451738248,-0.7111386231566069,0.12290008085467509,-5.7863153401624094,7.194709597841328e-9,7.042198987204453e-8,DOWN,ENSMUSG00000106918
ENSMUSG00000073982.12,NA,12328.808508151775,0.5575840392846813,0.09639188065464868,5.7845540049413975,7.270496363066799e-9,7.112120499742065e-8,UP,ENSMUSG00000073982
ENSMUSG00000034473.15,NA,784.8340664555004,-0.5194648459684372,0.08982838638737646,-5.782858480038748,7.344184497768625e-9,7.179906686634328e-8,DOWN,ENSMUSG00000034473
ENSMUSG00000022565.16,NA,4949.517168072644,0.8211509052133684,0.14204382329676535,5.780968761294021,7.427168243744109e-9,7.248029379835296e-8,UP,ENSMUSG00000022565
ENSMUSG00000072872.4,Rybp,1029.1092702449841,0.5788630636323976,0.10023552101879826,5.775029228648765,7.693972787792985e-9,7.494974921887016e-8,UP,ENSMUSG00000072872
ENSMUSG00000003559.9,As3mt,182.3888211565775,-0.6536736998143812,0.11329378261679299,-5.7697226159830795,7.940212186459408e-9,7.711866215084104e-8,DOWN,ENSMUSG00000003559
ENSMUSG00000059956.15,NA,20.83554268047818,-1.2385687779070458,0.21477040140924009,-5.766943534956575,8.072208229125279e-9,7.835410671810084e-8,DOWN,ENSMUSG00000059956
ENSMUSG00000030528.13,NA,217.41182532367174,0.7785051126899664,0.13506910892945567,5.7637539690631,8.226331055432976e-9,7.975540179840299e-8,UP,ENSMUSG00000030528
ENSMUSG00000051786.16,NA,485.47690020574925,0.6176998569261067,0.10721219599422699,5.7614700566283314,8.338445797729513e-9,8.065102663295066e-8,UP,ENSMUSG00000051786
ENSMUSG00000045039.10,NA,557.0652981998028,0.775376003691111,0.13463124165397997,5.7592576148404655,8.448467987965575e-9,8.166685850460396e-8,UP,ENSMUSG00000045039
ENSMUSG00000032103.11,NA,156.03923381850257,-0.5604268747033951,0.09731726691780244,-5.7587609316726,8.473360772029341e-9,8.185907516524328e-8,DOWN,ENSMUSG00000032103
ENSMUSG00000028465.17,NA,18459.736471005024,0.6871168497965353,0.11940107112074667,5.754695861159193,8.67979189005277e-9,8.375435551050919e-8,UP,ENSMUSG00000028465
ENSMUSG00000046223.11,NA,4561.495737511777,0.5651184136743113,0.09821225740767019,5.754051771038679,8.712945427050471e-9,8.397512143311734e-8,UP,ENSMUSG00000046223
ENSMUSG00000020788.16,NA,2173.1527990641603,0.5770580604252235,0.10029508404292546,5.753602640965408,8.736136519485432e-9,8.41490203579899e-8,UP,ENSMUSG00000020788
ENSMUSG00000066036.15,NA,4975.792419229929,0.8653460177109961,0.15041576315025398,5.753027472570017,8.76592332227631e-9,8.4336540686244e-8,UP,ENSMUSG00000066036
ENSMUSG00000025332.15,NA,2323.2606122340303,0.6092207502397329,0.10590461476829666,5.752542054683983,8.791138935947e-9,8.452938649822921e-8,UP,ENSMUSG00000025332
ENSMUSG00000121135.2,Hmga2-ps1,231.17994890009732,-0.6402821275848297,0.11132411305283828,-5.751513396571411,8.84480707814263e-9,8.499542416185739e-8,DOWN,ENSMUSG00000121135
ENSMUSG00000111394.2,Gm49759,794.3064371736622,0.8593536772002923,0.14944593360708974,5.7502647041546835,8.910383163066615e-9,8.557527801614977e-8,UP,ENSMUSG00000111394
ENSMUSG00000003233.13,NA,586.101561429208,0.6082285186853292,0.10582466200432004,5.747512037038207,9.056615419656678e-9,8.692861752772052e-8,UP,ENSMUSG00000003233
ENSMUSG00000020134.14,NA,3159.6731272883108,0.5125450849801866,0.08918233986381859,5.7471589752280865,9.075539397799207e-9,8.705913556128277e-8,UP,ENSMUSG00000020134
ENSMUSG00000045482.17,NA,1630.5453478589911,0.8023326365568052,0.13965698151743874,5.745023469926702,9.190823748682034e-9,8.801007908374723e-8,UP,ENSMUSG00000045482
ENSMUSG00000045799.7,Gm9800,774.8527858818937,-0.5327651566587729,0.09276451395526564,-5.743200001195406,9.290388647916006e-9,8.891141266910716e-8,DOWN,ENSMUSG00000045799
ENSMUSG00000028184.14,NA,887.8531795467783,0.6991926027812394,0.1217762945709785,5.741615026508367,9.377782439055314e-9,8.969527896360337e-8,UP,ENSMUSG00000028184
ENSMUSG00000030108.15,NA,75.33519395236465,0.8971971152898258,0.15629906646456077,5.74025895089563,9.453188912684328e-9,9.036364091622107e-8,UP,ENSMUSG00000030108
ENSMUSG00000051557.16,NA,240.66571399576088,-0.7505385066789847,0.13076444595190936,-5.739622121406049,9.488803774175234e-9,9.065107334463377e-8,DOWN,ENSMUSG00000051557
ENSMUSG00000002968.10,NA,1102.6986122128105,0.6220672139171836,0.10839551298011486,5.738864984487888,9.53131659915748e-9,9.095090550486174e-8,UP,ENSMUSG00000002968
ENSMUSG00000034243.18,NA,1757.3639992747824,0.6364080281106896,0.11095516690198182,5.7357223271350195,9.709762790112576e-9,9.254564581176685e-8,UP,ENSMUSG00000034243
ENSMUSG00000061024.9,Rrs1,580.5790088941624,-0.5366072828135688,0.09358734204611868,-5.733759193087623,9.822876773385715e-9,9.351470223515602e-8,DOWN,ENSMUSG00000061024
ENSMUSG00000031749.13,NA,618.7305866894187,0.6216423443482262,0.10850915355071032,5.728939209333246,1.0106059973407254e-8,9.61546311555966e-8,UP,ENSMUSG00000031749
ENSMUSG00000042772.16,NA,1628.7761904221236,0.6065432722437804,0.10589935438902337,5.727544570438377,1.018946720480395e-8,9.683548309867755e-8,UP,ENSMUSG00000042772
ENSMUSG00000064354.1,mt-Co2,23519.66974913088,0.6211786846542494,0.10845671332139731,5.727434159040644,1.0196098932638149e-8,9.684220404003672e-8,UP,ENSMUSG00000064354
ENSMUSG00000102070.2,Gm28661,23520.294445772328,0.6210320752328115,0.10846796176320661,5.725488569505614,1.0313649036009655e-8,9.77882292010521e-8,UP,ENSMUSG00000102070
ENSMUSG00000018678.15,NA,452.90765194084787,0.6282986655219381,0.1097418228617167,5.7252435683854435,1.032854475351281e-8,9.787269132806979e-8,UP,ENSMUSG00000018678
ENSMUSG00000036606.18,NA,15416.679526416021,0.6623188839560644,0.11572185010088583,5.723369297834917,1.0443191612005563e-8,9.890174396862278e-8,UP,ENSMUSG00000036606
ENSMUSG00000057135.13,NA,159.39129382822023,0.8391052898815763,0.14661774974678352,5.723081218547923,1.0460922379045844e-8,9.901229716727467e-8,UP,ENSMUSG00000057135
ENSMUSG00000055707.14,NA,512.6245876142511,0.5235708417458395,0.0914963225667356,5.72231568502611,1.0508181903077008e-8,9.934455835031624e-8,UP,ENSMUSG00000055707
ENSMUSG00000018474.19,NA,1178.9686953923128,0.7983490048199475,0.13958103948717332,5.71960925175164,1.0676930500619189e-8,1.0082328478516537e-7,UP,ENSMUSG00000018474
ENSMUSG00000040296.16,NA,7625.6715951347405,0.6147091624603451,0.10750974590991996,5.717706401942354,1.0797148680677609e-8,1.0189964915378533e-7,UP,ENSMUSG00000040296
ENSMUSG00000041859.11,NA,1127.9126033561492,-0.5344592911738296,0.09347965911881553,-5.717385966229459,1.0817522156086524e-8,1.019741736813093e-7,DOWN,ENSMUSG00000041859
ENSMUSG00000026814.17,NA,3867.26871609332,0.5871528336359935,0.10269502451949042,5.717441875916375,1.0813964699340986e-8,1.019741736813093e-7,UP,ENSMUSG00000026814
ENSMUSG00000020883.19,NA,861.6747391254855,0.5669804540854168,0.09921711625715265,5.714542767156293,1.0999938318609672e-8,1.0351467573747478e-7,UP,ENSMUSG00000020883
ENSMUSG00000096740.9,Lbhd1,70.43334665129053,-0.9693313502823582,0.1696877801725657,-5.7124405145531805,1.1136735087307475e-8,1.0468146735890051e-7,DOWN,ENSMUSG00000096740
ENSMUSG00000035678.9,Tnfsf9,1229.6651636031686,0.50530601691767,0.08847317738889345,5.711403521731141,1.1204821272914447e-8,1.0526092444083882e-7,UP,ENSMUSG00000035678
ENSMUSG00000030768.13,NA,420.78166172952564,0.5716417901068085,0.10018196576639438,5.706034870984368,1.1563831763145345e-8,1.0832315771090928e-7,UP,ENSMUSG00000030768
ENSMUSG00000033106.7,Slc7a6os,330.1039443128422,-0.5545906936789122,0.0971937324235905,-5.706033504937238,1.1563924520098907e-8,1.0832315771090928e-7,DOWN,ENSMUSG00000033106
ENSMUSG00000034928.17,NA,1701.2657198578008,0.6402098016539767,0.11223457393666633,5.7042119838691185,1.1688254354022187e-8,1.0942508915856053e-7,UP,ENSMUSG00000034928
ENSMUSG00000028064.18,NA,2062.280406841124,0.6135921104507401,0.10760688456880795,5.702164066076887,1.1829588474397807e-8,1.106215407336994e-7,UP,ENSMUSG00000028064
ENSMUSG00000042644.10,NA,1785.2014970397502,0.7130440782890137,0.1250891909129877,5.700285317098331,1.1960707269356808e-8,1.1178371699537243e-7,UP,ENSMUSG00000042644
ENSMUSG00000106666.2,Gm43587,87.06991151234786,0.8455862281858755,0.1483659952502329,5.699326363562733,1.2028176370073001e-8,1.1235004054012186e-7,UP,ENSMUSG00000106666
ENSMUSG00000102418.2,Sh2d1b1,104.95808827530112,-0.8612603893319765,0.15113784370788888,-5.698509176805343,1.2085962909315107e-8,1.12760930203005e-7,DOWN,ENSMUSG00000102418
ENSMUSG00000025314.19,NA,8924.791537080233,0.5580357083102153,0.09793547400851216,5.697993642852161,1.212255705065308e-8,1.130378308898889e-7,UP,ENSMUSG00000025314
ENSMUSG00000038949.9,Cnst,459.9949299122489,0.6207675828938104,0.10894761025682494,5.697854055086288,1.213248391533319e-8,1.1306589628280292e-7,UP,ENSMUSG00000038949
ENSMUSG00000038215.16,NA,174.99538674307743,-0.6262485461379069,0.10994997935214157,-5.695758651597319,1.2282452382915336e-8,1.1433312451659118e-7,DOWN,ENSMUSG00000038215
ENSMUSG00000015289.5,Lage3,926.7911509629546,-0.6049245102895908,0.1062153265578783,-5.69526573888523,1.2317991075834018e-8,1.1454416207801257e-7,DOWN,ENSMUSG00000015289
ENSMUSG00000020716.17,NA,786.2738587322907,0.6969698698559044,0.122460605950692,5.691380215254977,1.260165459439643e-8,1.1710440363843322e-7,UP,ENSMUSG00000020716
ENSMUSG00000002409.19,NA,321.9744748013447,0.7992469334015313,0.14045358304965966,5.6904702325674705,1.2668999745904941e-8,1.1766333514009214e-7,UP,ENSMUSG00000002409
ENSMUSG00000007812.17,NA,1224.3789544102456,-0.5132208885948449,0.09019989282689593,-5.689817055323729,1.2717554928718236e-8,1.1804721911688147e-7,DOWN,ENSMUSG00000007812
ENSMUSG00000035203.17,NA,5560.43318220712,0.5137237693766734,0.09030165723342536,5.688973880609108,1.2780501351279719e-8,1.1856417428377881e-7,UP,ENSMUSG00000035203
ENSMUSG00000029547.11,NA,925.5322489268958,0.662398634609184,0.11647511605754432,5.68703991916975,1.2926024996342056e-8,1.197782338946753e-7,UP,ENSMUSG00000029547
ENSMUSG00000066415.5,Msl2,1116.5435932686205,0.541059646664211,0.09514928063142356,5.686429188677683,1.2972313818860301e-8,1.2007721357757295e-7,UP,ENSMUSG00000066415
ENSMUSG00000002580.8,Mien1,2298.9890602246883,-0.6334633416796381,0.11140863024259488,-5.6859449784119684,1.3009127773760926e-8,1.2027556707573309e-7,DOWN,ENSMUSG00000002580
ENSMUSG00000071713.7,Csf2rb,11385.570755579587,0.5328419436203319,0.09373864582554595,5.68433583531799,1.3132199698461706e-8,1.2113935455477148e-7,UP,ENSMUSG00000071713
ENSMUSG00000040987.16,NA,144.46995425092666,-0.7965516543363855,0.14014493014813467,-5.683770747143132,1.3175687065968413e-8,1.2147195757491238e-7,DOWN,ENSMUSG00000040987
ENSMUSG00000089929.2,Bcl2a1b,8680.780497059866,-0.5905080185254927,0.10395188613768369,-5.680589746523388,1.3423109541867147e-8,1.2368328555319074e-7,DOWN,ENSMUSG00000089929
ENSMUSG00000107994.3,D830050J10Rik,87.93357226153043,-0.9864207887683587,0.17370413198685977,-5.67874107245174,1.3568969652748824e-8,1.2488647406747313e-7,DOWN,ENSMUSG00000107994
ENSMUSG00000039621.14,NA,9919.48915034878,0.6256305415210887,0.11022568512570903,5.675905219437522,1.3795715251056145e-8,1.268305745184273e-7,UP,ENSMUSG00000039621
ENSMUSG00000021754.18,NA,1312.773388298693,0.6700247560303404,0.11815769856214671,5.6705975504247945,1.423003161162506e-8,1.3060308631309558e-7,UP,ENSMUSG00000021754
ENSMUSG00000026435.16,NA,26.587532643707643,1.4423761008410725,0.2545186000392734,5.667075414600376,1.4525542185514165e-8,1.3309109448677947e-7,UP,ENSMUSG00000026435
ENSMUSG00000028917.15,NA,2365.233927690625,0.5442654044661015,0.09608716692511697,5.664288186270083,1.4763610362669747e-8,1.3494514697779212e-7,UP,ENSMUSG00000028917
ENSMUSG00000082575.2,Eef2-ps2,515.0018904458972,0.5241318913703532,0.09253163901038726,5.664353263120262,1.4758008924075049e-8,1.3494514697779212e-7,UP,ENSMUSG00000082575
ENSMUSG00000030600.16,NA,98.27408158152768,0.957495631718982,0.16903596831973866,5.664449059195725,1.4749767108321037e-8,1.3494514697779212e-7,UP,ENSMUSG00000030600
ENSMUSG00000020439.19,NA,151.11850994867936,0.9337368886733045,0.16485532627203064,5.663977681452215,1.4790365267152768e-8,1.3506330204294924e-7,UP,ENSMUSG00000020439
ENSMUSG00000028542.18,NA,117.57069928868233,1.1638346674213746,0.20565505904770431,5.659158947076563,1.521166222826728e-8,1.3883295967797705e-7,UP,ENSMUSG00000028542
ENSMUSG00000031821.12,NA,648.9537218709149,-0.6854112218368441,0.12113262355485103,-5.658353643487938,1.52831965940049e-8,1.3940799750312732e-7,DOWN,ENSMUSG00000031821
ENSMUSG00000055994.16,NA,903.7908580988391,0.6737252976927107,0.11908986453638325,5.657284944571251,1.5378632828321556e-8,1.401221472752197e-7,UP,ENSMUSG00000055994
ENSMUSG00000033396.14,NA,1564.2920848594079,0.6289185579841574,0.11118328697170622,5.656592596908956,1.54407691015367e-8,1.4057433766826024e-7,UP,ENSMUSG00000033396
ENSMUSG00000053641.10,NA,611.2499076306635,0.6143803622360715,0.10861415567391762,5.656540424441264,1.5445461302593625e-8,1.4057433766826024e-7,UP,ENSMUSG00000053641
ENSMUSG00000028863.14,NA,298.90837913400463,-0.5151131497957121,0.09107271313797077,-5.656064610871321,1.548831819705994e-8,1.4088594838572166e-7,DOWN,ENSMUSG00000028863
ENSMUSG00000055184.5,Fam72a,187.17737818805134,-0.7349805924521203,0.12998628624902694,-5.654293338637654,1.564887567243994e-8,1.421091787453907e-7,DOWN,ENSMUSG00000055184
ENSMUSG00000050010.9,Shisa3,662.8814667721392,1.6293828274729625,0.28818823213724637,5.65388397502986,1.5686211893505324e-8,1.4236913915115938e-7,UP,ENSMUSG00000050010
ENSMUSG00000018377.11,NA,1131.0354308886835,0.5031049825720859,0.08905739371431617,5.649221940920225,1.6117565826064696e-8,1.460408708386106e-7,UP,ENSMUSG00000018377
ENSMUSG00000089669.8,Tnfsf13,196.47673590971021,-0.7498610665932882,0.13275829087000657,-5.648318170407395,1.6202509990957866e-8,1.4664796695027537e-7,DOWN,ENSMUSG00000089669
ENSMUSG00000025572.19,NA,512.134167829518,0.5562334431035584,0.0984901820785216,5.647602952547083,1.6270040386978072e-8,1.4717768686527036e-7,UP,ENSMUSG00000025572
ENSMUSG00000092086.3,Gm6793,452.03708684454034,0.5323685598034906,0.09426852580052299,5.647362736211763,1.6292782717196838e-8,1.473018950748338e-7,UP,ENSMUSG00000092086
ENSMUSG00000037759.7,Ptger2,850.3245640820679,0.5740944248289979,0.10166710428549165,5.646806101773902,1.6345600456476846e-8,1.4761612434340912e-7,UP,ENSMUSG00000037759
ENSMUSG00000037946.12,NA,2979.8816672394714,0.5667906011013956,0.10038101003152358,5.646392688451741,1.6384935858702666e-8,1.4788965297976464e-7,UP,ENSMUSG00000037946
ENSMUSG00000047417.19,NA,1122.0722969402996,0.6157603009155156,0.1091015623461484,5.643918269125077,1.6622300593199783e-8,1.4986658880112722e-7,UP,ENSMUSG00000047417
ENSMUSG00000050271.13,NA,327.10587183738465,0.7508044220320623,0.13306456862292068,5.642406763889922,1.6768934906899272e-8,1.5085581177114776e-7,UP,ENSMUSG00000050271
ENSMUSG00000024236.19,NA,1058.4719427938282,0.7352273759878831,0.13031059330999603,5.6421151750790495,1.6797366743335212e-8,1.5094544078425363e-7,UP,ENSMUSG00000024236
ENSMUSG00000029312.13,NA,188.90462113781405,-0.5489605429592488,0.09736721161010964,-5.638043175740386,1.719933910533613e-8,1.5421734084677333e-7,DOWN,ENSMUSG00000029312
ENSMUSG00000047248.21,NA,428.6547806800979,0.6356940709539933,0.11275269641326523,5.637950055083602,1.7208640016182217e-8,1.5421734084677333e-7,UP,ENSMUSG00000047248
ENSMUSG00000043140.11,NA,227.57995703407568,-0.5779894968452246,0.10252160970325758,-5.637733337568336,1.7230304722547324e-8,1.54326882736854e-7,DOWN,ENSMUSG00000043140
ENSMUSG00000027340.16,NA,6922.679451745179,0.703857559438057,0.12486085488795107,5.637135514326664,1.729020501203901e-8,1.547785822162046e-7,UP,ENSMUSG00000027340
ENSMUSG00000005413.9,Hmox1,321388.23477902706,0.5814087930275366,0.10318021972003776,5.634886169123229,1.7517400543564477e-8,1.5672656227975092e-7,UP,ENSMUSG00000005413
ENSMUSG00000026842.17,NA,2029.515775910214,0.5821369081643949,0.10331842403050678,5.634395933028436,1.7567300330213254e-8,1.5708703019565967e-7,UP,ENSMUSG00000026842
ENSMUSG00000035392.18,NA,2847.683660492147,0.6191390329235407,0.10991260907240358,5.633011882337271,1.7708925166179112e-8,1.5826686209205236e-7,UP,ENSMUSG00000035392
ENSMUSG00000027678.19,NA,3798.6412337467077,0.6273508379277521,0.11144753264302427,5.629113745722924,1.811379206465462e-8,1.616201119480592e-7,UP,ENSMUSG00000027678
ENSMUSG00000078878.10,NA,561.4554128991704,-0.7520163432911161,0.13365613283662733,-5.626500837117086,1.8390189486478986e-8,1.6381800400326185e-7,DOWN,ENSMUSG00000078878
ENSMUSG00000050022.17,NA,100.31542437360474,1.0035556587672065,0.17837087917239156,5.626230376973654,1.8419031959835333e-8,1.6398556449644247e-7,UP,ENSMUSG00000050022
ENSMUSG00000081611.2,Gm13651,156.3854660984602,-0.6248906464959482,0.11110020645939522,-5.624567824042096,1.859729760480777e-8,1.6539250633742535e-7,DOWN,ENSMUSG00000081611
ENSMUSG00000009418.18,NA,1988.9779725318836,0.8289264555644114,0.147424169335968,5.6227310575876714,1.8796190991657516e-8,1.6707043934183458e-7,UP,ENSMUSG00000009418
ENSMUSG00000038369.15,NA,1368.9261474726595,0.7738599955217217,0.13764030560949797,5.622335638495712,1.883927814880059e-8,1.673624133805948e-7,UP,ENSMUSG00000038369
ENSMUSG00000054509.8,Parp4,1281.1801781236143,0.68507965707995,0.12186814095992993,5.6214827902002975,1.8932536182685504e-8,1.680082716841353e-7,UP,ENSMUSG00000054509
ENSMUSG00000039081.11,NA,182.72032116608568,0.9807043825668998,0.17446332489211525,5.621263856878508,1.895654851300854e-8,1.680389056364629e-7,UP,ENSMUSG00000039081
ENSMUSG00000029512.12,NA,873.1975788853837,0.6816984164640143,0.12134329878382834,5.617932125600541,1.93256382885546e-8,1.7093987200471507e-7,UP,ENSMUSG00000029512
ENSMUSG00000064363.1,mt-Nd4,6335.4085494918145,0.7872573015814467,0.14023870327828333,5.613694958511196,1.9805122691095744e-8,1.7499164081548703e-7,UP,ENSMUSG00000064363
ENSMUSG00000022210.8,Dhrs4,562.9592794043482,-0.5297525220232959,0.09437093878882488,-5.61351332117963,1.982593314689707e-8,1.7508087694175013e-7,DOWN,ENSMUSG00000022210
ENSMUSG00000059013.13,NA,659.844415418535,0.5040895083048441,0.08997109209699646,5.602794148162533,2.1092366846745554e-8,1.8576283861902093e-7,UP,ENSMUSG00000059013
ENSMUSG00000100615.2,Gm5511,162.89238805366793,0.6000783835154184,0.10711262173302659,5.602312536155514,2.1151073692827498e-8,1.8617956412652573e-7,UP,ENSMUSG00000100615
ENSMUSG00000033540.19,NA,1612.7596849435636,0.500237562648541,0.08933544489382723,5.599541853102762,2.1491904217307716e-8,1.8897615187526194e-7,UP,ENSMUSG00000033540
ENSMUSG00000020091.17,NA,2137.250824466672,0.5707062874103375,0.10199175764878472,5.595611847141627,2.198450626904834e-8,1.929961006841376e-7,UP,ENSMUSG00000020091
ENSMUSG00000020034.8,Tcp11l2,708.3396480572131,0.6568532048317112,0.11745048916721901,5.59259658677558,2.2369863643337065e-8,1.958531286095274e-7,UP,ENSMUSG00000020034
ENSMUSG00000022433.22,NA,635.5103234245223,0.6673606295940537,0.11939551731961118,5.589494853542857,2.277311156154905e-8,1.989746708489206e-7,UP,ENSMUSG00000022433
ENSMUSG00000047821.17,NA,387.25305083523733,0.5088890158624562,0.09105175116602553,5.589008551131961,2.283697090347482e-8,1.9940872136121763e-7,UP,ENSMUSG00000047821
ENSMUSG00000039943.17,NA,34.61596092178223,1.5349629935623659,0.2746963595252086,5.587853425562066,2.2989355073379747e-8,2.0063213989827303e-7,UP,ENSMUSG00000039943
ENSMUSG00000097891.2,Gm3650,220.60646748116451,0.9419584063331234,0.16883668789923878,5.579109718708065,2.4175272077734424e-8,2.1064445489480113e-7,UP,ENSMUSG00000097891
ENSMUSG00000024052.18,NA,2038.0744019036297,0.5258496073687627,0.09427637661875336,5.577745202228755,2.4365619414850224e-8,2.119640313758072e-7,UP,ENSMUSG00000024052
ENSMUSG00000025969.16,NA,23590.753813546653,0.5879401267708466,0.10541860296078334,5.577195203294106,2.4442753787067974e-8,2.125219432996878e-7,UP,ENSMUSG00000025969
ENSMUSG00000038733.15,NA,6994.272724915682,0.5226530862266322,0.09373489944604338,5.575864371919309,2.4630377477485595e-8,2.1403942065230173e-7,UP,ENSMUSG00000038733
ENSMUSG00000045411.17,NA,104.59238553820228,-0.8558203045144205,0.15349140654277765,-5.57568872284655,2.4655245066028134e-8,2.1414167685934958e-7,DOWN,ENSMUSG00000045411
ENSMUSG00000000605.10,NA,1568.9785987142825,-0.5508648515497288,0.09881718275953405,-5.574585675957053,2.481196727421097e-8,2.1527410672200237e-7,DOWN,ENSMUSG00000000605
ENSMUSG00000042724.9,Map3k9,253.32792360087424,0.7323218349229218,0.13137876930483808,5.5741261605496994,2.4877540665308684e-8,2.1572853035285717e-7,UP,ENSMUSG00000042724
ENSMUSG00000040464.16,NA,267.14793253656944,-0.5152207618885742,0.0924338196699482,-5.573942132092603,2.490384888219055e-8,2.1584216003620717e-7,DOWN,ENSMUSG00000040464
ENSMUSG00000024902.6,Mrpl11,1280.8818408799416,-0.5983437766885455,0.10736514077325113,-5.572979948419315,2.5041840334355376e-8,2.1692311717295867e-7,DOWN,ENSMUSG00000024902
ENSMUSG00000034932.5,Mrpl54,1693.3914314839926,-0.5905035662358613,0.10597333975620447,-5.572189831842011,2.5155709407704923e-8,2.1779408155632663e-7,DOWN,ENSMUSG00000034932
ENSMUSG00000021140.10,NA,1111.048290279332,0.734254757303075,0.13183447805470622,5.56951996273985,2.554421233600274e-8,2.2104060076458486e-7,UP,ENSMUSG00000021140
ENSMUSG00000037408.11,NA,239.44456004421576,0.6703016896979556,0.12042856542977964,5.565969230853288,2.6069924603781304e-8,2.253511303931302e-7,UP,ENSMUSG00000037408
ENSMUSG00000101279.2,Gm18342,333.791368958127,0.6871528236573058,0.12347917698268762,5.564928763281666,2.6225952492809325e-8,2.2654118430935472e-7,UP,ENSMUSG00000101279
ENSMUSG00000045252.12,NA,423.51591155387365,0.6998781658767439,0.12576728721200364,5.564866519677505,2.62353151778789e-8,2.2654118430935472e-7,UP,ENSMUSG00000045252
ENSMUSG00000031931.5,Ankrd49,572.9209989515653,-0.5558367311903079,0.09989347820142329,-5.564294498480965,2.6321510640666967e-8,2.2716547673302124e-7,DOWN,ENSMUSG00000031931
ENSMUSG00000045671.19,NA,933.130947200518,0.7283657164221091,0.13104330667375055,5.558206175577291,2.7256131276037067e-8,2.346122811153775e-7,UP,ENSMUSG00000045671
ENSMUSG00000086150.3,Bach2os,21.433274532468854,-1.805089686580871,0.3249083406061924,-5.555688977429925,2.7651886391847138e-8,2.3764339377556957e-7,DOWN,ENSMUSG00000086150
ENSMUSG00000043300.3,B3galnt1,876.0750474037171,-0.5996009177011365,0.10793230661979342,-5.555342385235167,2.7706812619507987e-8,2.3799030955253683e-7,DOWN,ENSMUSG00000043300
ENSMUSG00000042854.10,NA,268.11492298039093,-0.5391422956605861,0.09712654929035969,-5.550926081485928,2.8416022790188488e-8,2.4357016703115946e-7,DOWN,ENSMUSG00000042854
ENSMUSG00000085156.11,NA,143.05208402455656,-0.7876118057927975,0.1418979979918969,-5.550549105264856,2.84773704838893e-8,2.4396808067591954e-7,DOWN,ENSMUSG00000085156
ENSMUSG00000044167.7,Foxo1,249.1829676909887,0.624291502942738,0.11249614178518069,5.549448123606467,2.8657276733184988e-8,2.453807467158941e-7,UP,ENSMUSG00000044167
ENSMUSG00000075600.4,Zc3h3,618.0527769442657,0.6633004622132518,0.11953051446353766,5.549214484604173,2.869559617975306e-8,2.455802173582427e-7,UP,ENSMUSG00000075600
ENSMUSG00000025404.16,NA,1993.7988636092375,0.6188114590223041,0.11151920843208087,5.548922627075336,2.8743533971285047e-8,2.458617510699243e-7,UP,ENSMUSG00000025404
ENSMUSG00000028261.14,NA,287.4914017826369,-0.5822168508106162,0.10493406872455376,-5.548406326823216,2.8828527003355992e-8,2.4645978158831435e-7,DOWN,ENSMUSG00000028261
ENSMUSG00000007476.19,NA,302.1015303204853,0.8286473692050748,0.14936411287333404,5.547834438033965,2.8922955629506005e-8,2.470086900312984e-7,UP,ENSMUSG00000007476
ENSMUSG00000002602.17,NA,1673.3516877968173,0.8867524398594422,0.1598352956530296,5.547913783601365,2.8909836410924207e-8,2.470086900312984e-7,UP,ENSMUSG00000002602
ENSMUSG00000045664.6,Cdc42ep2,1609.6439046454364,0.5795053149944013,0.10452852992518208,5.543991821268234,2.956526505262156e-8,2.522305963205387e-7,UP,ENSMUSG00000045664
ENSMUSG00000035168.17,NA,772.9806022497505,0.6470927324355101,0.11675226575053106,5.542442609363808,2.982811813708272e-8,2.542077263132191e-7,UP,ENSMUSG00000035168
ENSMUSG00000018733.11,NA,314.56417538070286,-0.527785534372775,0.09526406004486343,-5.540237673307446,3.020614064179147e-8,2.5689363940204126e-7,DOWN,ENSMUSG00000018733
ENSMUSG00000032637.16,NA,3172.238954629921,0.6442886487163636,0.11633201559720217,5.538360574334096,3.053161671021292e-8,2.59526680574696e-7,UP,ENSMUSG00000032637
ENSMUSG00000113047.4,Gm47469,195.2772907310157,-0.6623190662805984,0.11961725346962741,-5.536986070732438,3.077210143063552e-8,2.614349116347028e-7,DOWN,ENSMUSG00000113047
ENSMUSG00000044496.7,2510039O18Rik,3120.5093665358963,0.5076591474318922,0.0917115571797894,5.535389028851489,3.1053830098097824e-8,2.6355446873494657e-7,UP,ENSMUSG00000044496
ENSMUSG00000031520.7,Vegfc,84.72185626744758,0.8600099523025551,0.15539856393874743,5.5342207193210635,3.126151074134107e-8,2.651793744566482e-7,UP,ENSMUSG00000031520
ENSMUSG00000050240.17,NA,106.47987292176333,0.7921930232490594,0.14319572272819603,5.532239428357396,3.1616792242963014e-8,2.679150264403699e-7,UP,ENSMUSG00000050240
ENSMUSG00000070522.5,Gm6505,188.29223908553013,-0.6262124039241922,0.11320695174450215,-5.531571995132392,3.1737354792406365e-8,2.685190483626679e-7,DOWN,ENSMUSG00000070522
ENSMUSG00000078896.12,NA,156.57009544525872,-0.6273922699633264,0.1134448825867844,-5.530370834342189,3.1955452308068294e-8,2.7022443012296136e-7,DOWN,ENSMUSG00000078896
ENSMUSG00000026987.17,NA,640.2591287449305,0.7299421579589634,0.1321180608965481,5.52492333754828,3.296295107864207e-8,2.785999991372716e-7,UP,ENSMUSG00000026987
ENSMUSG00000028556.16,NA,2389.8921641694415,0.5707098628344993,0.1033504877309552,5.52208195011316,3.350061632571013e-8,2.825598939422382e-7,UP,ENSMUSG00000028556
ENSMUSG00000037885.19,NA,550.6433532068487,0.5906367659071654,0.10697155377995442,5.521437662970974,3.362371035566589e-8,2.834518666703015e-7,UP,ENSMUSG00000037885
ENSMUSG00000049848.8,Ceacam19,45.70752685516912,0.9416221924840029,0.1705572514991068,5.52085698032566,3.3735028262351395e-8,2.8424369689504947e-7,UP,ENSMUSG00000049848
ENSMUSG00000052534.16,NA,122.49235217196996,0.7221822023521164,0.13085685766840965,5.5188716527346315,3.411832605797229e-8,2.871772181995958e-7,UP,ENSMUSG00000052534
ENSMUSG00000048216.14,NA,726.1643421363007,-0.5438008874547927,0.0986787037183931,-5.510823176261805,3.571593868406698e-8,2.9954475819895274e-7,DOWN,ENSMUSG00000048216
ENSMUSG00000061897.6,Gm14292,490.25576803527673,-0.572939330704567,0.10401047156771046,-5.508477387602127,3.6195072422228954e-8,3.0278641443897365e-7,DOWN,ENSMUSG00000061897
ENSMUSG00000140314.1,ENSMUSG00000140314,54.24577967316126,1.1709022693362772,0.2125617951767636,5.508526442216816,3.618498936212934e-8,3.0278641443897365e-7,UP,ENSMUSG00000140314
ENSMUSG00000005198.16,NA,3507.0593050938164,0.7422350347567612,0.1347565619406545,5.5079695123391055,3.6299625263891676e-8,3.0350571588929583e-7,UP,ENSMUSG00000005198
ENSMUSG00000032575.17,NA,7542.6564321547785,-0.5392947106863702,0.09794981383766214,-5.505826806166006,3.674396348120511e-8,3.070638175172693e-7,DOWN,ENSMUSG00000032575
ENSMUSG00000010205.12,NA,813.0730303035746,0.5893515077293596,0.10713608830806039,5.500961599743415,3.777254774786263e-8,3.1533711209732506e-7,UP,ENSMUSG00000010205
ENSMUSG00000029461.18,NA,1154.6299825222152,0.5887021226198187,0.10705362910956803,5.4991327946228665,3.816636295777253e-8,3.181373630330187e-7,UP,ENSMUSG00000029461
ENSMUSG00000025894.12,NA,348.91456727449247,-0.5428595922665844,0.09872744421963471,-5.498568271036247,3.8288729767172434e-8,3.1899468744862415e-7,DOWN,ENSMUSG00000025894
ENSMUSG00000055148.8,Klf2,1182.334443035441,0.658688295156313,0.11985840438636253,5.495553678764461,3.894864438165758e-8,3.2399722191479634e-7,UP,ENSMUSG00000055148
ENSMUSG00000034390.17,NA,2317.4090000641777,0.766371243760286,0.13953280641279925,5.492409014501032,3.9648782846576036e-8,3.293185998018963e-7,UP,ENSMUSG00000034390
ENSMUSG00000026520.9,Pycr2,924.5352077837059,-0.5577279817768366,0.10155825346024568,-5.491705132514469,3.9807160923634946e-8,3.3046615157833253e-7,DOWN,ENSMUSG00000026520
ENSMUSG00000046152.17,NA,84.36056443966692,-1.1483667797008859,0.20930188816447592,-5.486652747243558,4.096212349163525e-8,3.388496308675454e-7,DOWN,ENSMUSG00000046152
ENSMUSG00000031480.16,NA,108.28500064478267,0.8749757804635018,0.1595070579741184,5.485498833571836,4.1230427760199014e-8,3.4055208295513547e-7,UP,ENSMUSG00000031480
ENSMUSG00000092116.3,Sec61bl,483.92078458005017,-0.7032016614548663,0.12825073505472462,-5.483022464976984,4.1811989820164834e-8,3.4483288879940184e-7,DOWN,ENSMUSG00000092116
ENSMUSG00000114055.3,Gm32089,364.936025696851,-0.5938750775163385,0.10834006382407661,-5.481583234810321,4.215363171153056e-8,3.4747517093125496e-7,DOWN,ENSMUSG00000114055
ENSMUSG00000041324.15,NA,81.31838536032704,0.977978537836678,0.17844509088101046,5.480557257183427,4.239882729149809e-8,3.4932017686836077e-7,UP,ENSMUSG00000041324
ENSMUSG00000030657.12,NA,391.15819063423834,0.9177281668561237,0.16749233613107795,5.479224829355285,4.271932541501623e-8,3.5160629065148803e-7,UP,ENSMUSG00000030657
ENSMUSG00000057133.15,NA,400.8522566119265,0.6457826248672776,0.11789023591747623,5.47782960854645,4.3057444880734776e-8,3.542108676499701e-7,UP,ENSMUSG00000057133
ENSMUSG00000043391.11,NA,2474.9614590918554,0.5715544357521396,0.10436965650845118,5.476250999310885,4.344313586061857e-8,3.5720397322820477e-7,UP,ENSMUSG00000043391
ENSMUSG00000041258.19,NA,457.42428192522,0.7033836502855999,0.12846054673595475,5.475483859891827,4.36317732164234e-8,3.5857464303451826e-7,UP,ENSMUSG00000041258
ENSMUSG00000005686.18,NA,3756.1020945473606,0.6529382695031964,0.11931611609909973,5.4723392853392,4.441334818078351e-8,3.6455531663828176e-7,UP,ENSMUSG00000005686
ENSMUSG00000032232.15,NA,1202.9856941165103,0.8030032992115806,0.14673997812849246,5.472287167089755,4.4426415682335577e-8,3.6455531663828176e-7,UP,ENSMUSG00000032232
ENSMUSG00000035863.15,NA,291.6873063902073,0.6275184601757516,0.11469502929260904,5.4711914199422855,4.470201469070057e-8,3.6663278079989537e-7,UP,ENSMUSG00000035863
ENSMUSG00000026313.17,NA,333.0433409135215,0.6556608888801738,0.11992197515159014,5.467395679994184,4.5669582244054297e-8,3.743806375934361e-7,UP,ENSMUSG00000026313
ENSMUSG00000027087.12,NA,3943.9171127479613,0.6293236583909708,0.11513192335631457,5.466109138499463,4.6002116583267994e-8,3.7691759281709204e-7,UP,ENSMUSG00000027087
ENSMUSG00000041341.11,NA,835.4554437870434,0.6545564168832788,0.11978186221581988,5.46457038465403,4.6402923928230016e-8,3.798208285081862e-7,UP,ENSMUSG00000041341
ENSMUSG00000006519.12,NA,37425.62617503662,-0.6163514165026639,0.11279290107466813,-5.464452200716456,4.643384752654588e-8,3.7988371955401347e-7,DOWN,ENSMUSG00000006519
ENSMUSG00000003810.15,NA,1299.978644390261,0.567438081689858,0.10386064396729658,5.463456223788981,4.669524618611411e-8,3.8183116266044086e-7,UP,ENSMUSG00000003810
ENSMUSG00000061288.14,NA,3678.1243306678202,0.6401983201515431,0.11720483600264647,5.462217618196979,4.7022314460607044e-8,3.8431337608654135e-7,UP,ENSMUSG00000061288
ENSMUSG00000056602.14,NA,109.86872135608331,0.8800525538037026,0.161160705840284,5.460714193420486,4.7422295829805625e-8,3.873887294522752e-7,UP,ENSMUSG00000056602
ENSMUSG00000109925.2,Gm45315,214.04446637726397,-0.6047073068670098,0.11076337390385951,-5.459451852666425,4.776068303824142e-8,3.899581043671799e-7,DOWN,ENSMUSG00000109925
ENSMUSG00000032661.10,NA,12142.505673264692,0.6339442119953347,0.11613603222214285,5.458635015037693,4.7980893279905876e-8,3.915605000266308e-7,UP,ENSMUSG00000032661
ENSMUSG00000051116.7,Gm8121,314.0371971068225,-0.5807114239780207,0.10643035601629888,-5.456257459940186,4.862747153554687e-8,3.9644122180551076e-7,DOWN,ENSMUSG00000051116
ENSMUSG00000074272.11,NA,1261.3721366371512,0.7035005068229726,0.12897750445688652,5.4544434689239365,4.9126460251384477e-8,4.001101740254762e-7,UP,ENSMUSG00000074272
ENSMUSG00000101655.4,2310040G24Rik,48.74675797100079,-1.1205502945251078,0.2055122669869,-5.452474010208525,4.967383395586027e-8,4.041655001704788e-7,DOWN,ENSMUSG00000101655
ENSMUSG00000091058.3,Gm17538,278.02621502555485,0.5479802142509734,0.1005369776030624,5.450533995705493,5.0218801635599767e-8,4.083962843460268e-7,UP,ENSMUSG00000091058
ENSMUSG00000073676.5,Hspe1,2938.5679490296197,-0.5810463884041693,0.10665625500074179,-5.44784165166992,5.0984716778861444e-8,4.1441878690565347e-7,DOWN,ENSMUSG00000073676
ENSMUSG00000041439.16,NA,975.368247971805,0.6776662503379618,0.12445936415711238,5.444879579189427,5.1840444439273115e-8,4.2095574009158383e-7,UP,ENSMUSG00000041439
ENSMUSG00000027459.17,NA,458.2874956380458,0.5912829948256464,0.1086329523751036,5.442943249705474,5.240734696471047e-8,4.2509721163434754e-7,UP,ENSMUSG00000027459
ENSMUSG00000035640.20,NA,54.56622117648591,0.9927254022020169,0.18239001437989505,5.4428714509243745,5.242848272695734e-8,4.2509721163434754e-7,UP,ENSMUSG00000035640
ENSMUSG00000021279.6,Cdc42bpb,1903.2220566811536,0.6647421076397625,0.12223443349259178,5.438255724235432,5.3804712670943915e-8,4.3560764404123287e-7,UP,ENSMUSG00000021279
ENSMUSG00000078429.10,NA,1925.4139187280123,0.539551698921818,0.09922918531187896,5.4374294944173744,5.405472915726728e-8,4.374151499033123e-7,UP,ENSMUSG00000078429
ENSMUSG00000047786.13,NA,458.72336553449856,0.625833167830062,0.11510311226008978,5.43715244133377,5.4138816990594365e-8,4.378788236161581e-7,UP,ENSMUSG00000047786
ENSMUSG00000090330.4,9130221H12Rik,162.32447351224243,0.7591119482485797,0.13964961901289044,5.435832575945012,5.4541150315684785e-8,4.406968082353849e-7,UP,ENSMUSG00000090330
ENSMUSG00000078881.11,NA,559.2512896120465,-0.7262019109893226,0.13360945353875736,-5.435258447327354,5.4717064367997216e-8,4.418997698415427e-7,DOWN,ENSMUSG00000078881
ENSMUSG00000037907.17,NA,133.7807733875075,0.8115714159877078,0.1493370987560737,5.434492987662252,5.4952458058818406e-8,4.4346726979227267e-7,UP,ENSMUSG00000037907
ENSMUSG00000014426.10,NA,623.055371940901,0.5242101540721544,0.09646055499342565,5.434450943267768,5.496541591821513e-8,4.4346726979227267e-7,UP,ENSMUSG00000014426
ENSMUSG00000025959.14,NA,920.0376959910919,0.5951382686995051,0.1095186301908121,5.4341281265352555,5.5065005018651165e-8,4.440515895583976e-7,UP,ENSMUSG00000025959
ENSMUSG00000069515.7,Lyz1,60221.81722528575,-0.6563515388196814,0.12084803740700827,-5.431213885659827,5.5971999903034295e-8,4.509208035559382e-7,DOWN,ENSMUSG00000069515
ENSMUSG00000036698.12,NA,1907.7541921919787,0.7779054418281436,0.14325689084132157,5.430143271012284,5.6308828388290534e-8,4.531876459059562e-7,UP,ENSMUSG00000036698
ENSMUSG00000047843.17,NA,4527.799754121119,-0.6003824306261499,0.11064277070301014,-5.426314135224525,5.752967224308393e-8,4.621032051525553e-7,DOWN,ENSMUSG00000047843
ENSMUSG00000039782.16,NA,585.4452009944173,0.6774256216300535,0.12486018505708746,5.425473471149566,5.7801114763555255e-8,4.640555117510188e-7,UP,ENSMUSG00000039782
ENSMUSG00000048600.8,Gm5763,302.1036011597023,0.5410182310788867,0.09984808051676664,5.418413937241769,6.013007155401567e-8,4.815708719362764e-7,UP,ENSMUSG00000048600
ENSMUSG00000032187.17,NA,3589.6017744184246,0.511193183281442,0.09435450223122628,5.417793228654907,6.033913925971682e-8,4.830086044756763e-7,UP,ENSMUSG00000032187
ENSMUSG00000026028.13,NA,1341.0195477991797,0.6071017652299132,0.11206688316687465,5.417316410289563,6.05002198814603e-8,4.838241654512476e-7,UP,ENSMUSG00000026028
ENSMUSG00000095990.2,Zfp97,399.58874311295966,-0.6992293276344077,0.12912833818961453,-5.41499517021311,6.129036026635873e-8,4.896638459989735e-7,DOWN,ENSMUSG00000095990
ENSMUSG00000032883.16,NA,602.007218028258,-0.6205669889236172,0.11462779300480129,-5.413756757033822,6.171599162741e-8,4.923424105132474e-7,DOWN,ENSMUSG00000032883
ENSMUSG00000054499.10,NA,532.1249697233027,0.5537491147206935,0.10233110702177994,5.411346860567381,6.255247494448547e-8,4.987720758256387e-7,UP,ENSMUSG00000054499
ENSMUSG00000026437.13,NA,4416.783578761709,0.5385317444098069,0.09957212103757745,5.408459102790135,6.356929914052158e-8,5.059747833510383e-7,UP,ENSMUSG00000026437
ENSMUSG00000031563.9,Wwc2,544.7209077109196,0.5198399030412301,0.09611659882416387,5.408430067237683,6.357960387881027e-8,5.059747833510383e-7,UP,ENSMUSG00000031563
ENSMUSG00000014771.14,NA,360.4692082548833,-0.5522177827226612,0.10210572130597138,-5.408294223473315,6.362783642924442e-8,5.061122210571433e-7,DOWN,ENSMUSG00000014771
ENSMUSG00000049588.14,NA,86.25888495289927,-0.7225530329477283,0.13361145404605648,-5.407867447491896,6.377959782155581e-8,5.070726196455017e-7,DOWN,ENSMUSG00000049588
ENSMUSG00000040152.9,Thbs1,8024.859722934118,1.3281825510764464,0.24562837587465927,5.407284668747716,6.398740025613434e-8,5.080245147820968e-7,UP,ENSMUSG00000040152
ENSMUSG00000031709.16,NA,2449.487269171595,0.5848232568557354,0.10815499032820367,5.407270206220255,6.399256551672197e-8,5.080245147820968e-7,UP,ENSMUSG00000031709
ENSMUSG00000035181.7,Heatr5a,2276.0335266910656,0.7086748488011057,0.1311234819139328,5.404637204999388,6.493969825246837e-8,5.150433321857584e-7,UP,ENSMUSG00000035181
ENSMUSG00000047044.8,D030056L22Rik,277.86647757079,-0.5019291897484547,0.0929162200371394,-5.401954465515594,6.591868535251028e-8,5.225542341280955e-7,DOWN,ENSMUSG00000047044
ENSMUSG00000053317.12,NA,3753.4921436791524,-0.5904681471739297,0.10933211371845235,-5.400683542023888,6.63874480595565e-8,5.257602839057706e-7,DOWN,ENSMUSG00000053317
ENSMUSG00000020099.9,Unc5b,80.77015890225603,0.8193009206193387,0.15170962307429303,5.4004545263297015,6.6472260043694e-8,5.261770279294053e-7,UP,ENSMUSG00000020099
ENSMUSG00000094475.9,Gm11007,575.329782063631,-0.6985437643237317,0.12936386546080833,-5.399836823331166,6.67015393080063e-8,5.27736380217169e-7,DOWN,ENSMUSG00000094475
ENSMUSG00000028688.14,NA,409.4083634618706,-0.5083425363251108,0.09415611978066832,-5.398932512398215,6.703858416303396e-8,5.301464425394065e-7,DOWN,ENSMUSG00000028688
ENSMUSG00000032498.10,NA,198.18086630178703,-0.5588085250406973,0.10350544294214306,-5.398832265787774,6.70760484055823e-8,5.301862123973154e-7,DOWN,ENSMUSG00000032498
ENSMUSG00000028229.12,NA,232.40924485475196,-0.5469939162213885,0.10132351290740219,-5.398489457439921,6.720431634235701e-8,5.304305914689366e-7,DOWN,ENSMUSG00000028229
ENSMUSG00000000204.17,NA,1198.791203394906,0.5271455661815126,0.09764686009880394,5.398489676453709,6.720423431858665e-8,5.304305914689366e-7,UP,ENSMUSG00000000204
ENSMUSG00000034940.16,NA,826.833066309163,0.6340008809372583,0.11754484533302204,5.3936936080951865,6.902387697361925e-8,5.437418279570026e-7,UP,ENSMUSG00000034940
ENSMUSG00000073435.11,NA,210.57619766285922,-0.7281763387255975,0.1350560631479193,-5.391659743021437,6.980986096163444e-8,5.494039418771673e-7,DOWN,ENSMUSG00000073435
ENSMUSG00000004891.17,NA,832.0546694923888,0.788839345443224,0.14635074491847702,5.390060336779548,7.043403170114055e-8,5.532506882204918e-7,UP,ENSMUSG00000004891
ENSMUSG00000052605.13,NA,363.0578371742357,-0.5973385847822947,0.11092641185982569,-5.384998710110025,7.244516792368052e-8,5.676839476895886e-7,DOWN,ENSMUSG00000052605
ENSMUSG00000046441.6,Cmtr2,327.90335471367393,-0.6604277660355965,0.12264644478947151,-5.384809703772925,7.252133300689581e-8,5.680084855441873e-7,DOWN,ENSMUSG00000046441
ENSMUSG00000025915.15,NA,3417.483744919678,-0.5179878193478483,0.09624152101297022,-5.382165762717325,7.359494418248289e-8,5.753146616962531e-7,DOWN,ENSMUSG00000025915
ENSMUSG00000109876.2,Gm45449,30.503808172611244,-1.3259485351552824,0.24635790092272133,-5.38220422478438,7.357921631657213e-8,5.753146616962531e-7,DOWN,ENSMUSG00000109876
ENSMUSG00000084129.2,Hmgb1-ps1,237.33238187676824,-0.5975550552986305,0.1111553455484006,-5.3758553162738885,7.621998064741523e-8,5.944140284650045e-7,DOWN,ENSMUSG00000084129
ENSMUSG00000027399.2,Il1a,7526.700815337998,0.856331468620269,0.15929554281687175,5.375740296793608,7.626865828318118e-8,5.945100087252644e-7,UP,ENSMUSG00000027399
ENSMUSG00000037722.9,Gnpnat1,422.23733007313194,-0.5258714616394562,0.0978527430439195,-5.374110579643413,7.696161830559856e-8,5.996256495821325e-7,DOWN,ENSMUSG00000037722
ENSMUSG00000054675.6,Tmem119,209.99399117740754,0.7403595509521923,0.13779988014161026,5.3727154928680685,7.755965345678888e-8,6.037095692403195e-7,UP,ENSMUSG00000054675
ENSMUSG00000021811.8,Dnajc9,591.1653415766873,-0.5455913275101169,0.10156383476071805,-5.371905548815844,7.790891637107902e-8,6.06139527368709e-7,DOWN,ENSMUSG00000021811
ENSMUSG00000014778.11,NA,737.0007776842798,0.5397094007880684,0.10057643053729245,5.366161812512834,8.04297913265463e-8,6.245631206763543e-7,UP,ENSMUSG00000014778
ENSMUSG00000055053.19,NA,1767.026059262306,0.6705351059473605,0.1249714958899667,5.365504358991947,8.072333059518898e-8,6.263447031650673e-7,UP,ENSMUSG00000055053
ENSMUSG00000022748.9,Cmss1,162.74895354738902,-0.8339916630131456,0.15546405812697697,-5.3645303812407485,8.116009899337617e-8,6.29038870623863e-7,DOWN,ENSMUSG00000022748
ENSMUSG00000038485.7,Socs7,834.3511581859727,0.5054396430406043,0.09426229937079628,5.36205509959368,8.228043200185807e-8,6.368162601810474e-7,UP,ENSMUSG00000038485
ENSMUSG00000139665.1,ENSMUSG00000139665,107.2242065307876,-0.6715132417040959,0.12528700865461498,-5.359799462969782,8.331438226970945e-8,6.442085584582169e-7,DOWN,ENSMUSG00000139665
ENSMUSG00000029174.19,NA,1957.9910366453576,0.5041821462684318,0.0940830078174881,5.358907606849647,8.372665693365866e-8,6.470902762352646e-7,UP,ENSMUSG00000029174
ENSMUSG00000000282.13,NA,1124.8066184514034,0.6575314604420994,0.12270504903590654,5.358634103554202,8.385348348599642e-8,6.477641970992899e-7,UP,ENSMUSG00000000282
ENSMUSG00000026023.17,NA,48.28876451060114,-1.4589109151969688,0.27231410937156203,-5.357456205863874,8.440181682086566e-8,6.51692063180855e-7,DOWN,ENSMUSG00000026023
ENSMUSG00000059401.15,NA,72.11631443872217,0.9285002368497868,0.17335023493331245,5.356209855769618,8.498579614147623e-8,6.555817950583154e-7,UP,ENSMUSG00000059401
ENSMUSG00000020653.13,NA,89.97733784083981,1.0470845540170148,0.195530146696358,5.355105448997846,8.550653556982195e-8,6.589768177389485e-7,UP,ENSMUSG00000020653
ENSMUSG00000024423.7,Impact,981.6678354155167,-0.5481849195171818,0.10237850543271361,-5.354492304807734,8.57969718658496e-8,6.609035354001779e-7,DOWN,ENSMUSG00000024423
ENSMUSG00000028106.14,NA,777.6708442439628,0.5895265101514338,0.1101404048645391,5.352499937479694,8.674733318040962e-8,6.679095186843973e-7,UP,ENSMUSG00000028106
ENSMUSG00000037933.17,NA,1472.3971864208197,0.58831512889324,0.10995872963377581,5.350326716693245,8.779558374527325e-8,6.754880718841909e-7,UP,ENSMUSG00000037933
ENSMUSG00000110545.2,Gm7730,1149.67636983223,-0.6776950913489744,0.12673901676108318,-5.347170182221812,8.934000680902672e-8,6.862555222276085e-7,DOWN,ENSMUSG00000110545
ENSMUSG00000093594.2,Gm20707,147.19840839953764,-0.623330777168217,0.11657489120410243,-5.347041466046688,8.940353975875405e-8,6.864209774056336e-7,DOWN,ENSMUSG00000093594
ENSMUSG00000018334.19,NA,226.96246183977217,0.6871477378827384,0.12852794063230671,5.346290732600576,8.977496637877186e-8,6.889491081818801e-7,UP,ENSMUSG00000018334
ENSMUSG00000109609.2,Gm4972,81.19991830760428,0.9777063001312516,0.18289697488011045,5.345666874873908,9.008475720257519e-8,6.906779743120515e-7,UP,ENSMUSG00000109609
ENSMUSG00000027510.18,NA,319.96471244090844,0.5954449214015591,0.1114129304419147,5.344486668107121,9.067364925075706e-8,6.945414576630154e-7,UP,ENSMUSG00000027510
ENSMUSG00000045817.9,Zfp36l2,2412.6572829564398,0.619004699142353,0.11583956715568108,5.343637880746305,9.109947402460584e-8,6.974763477312446e-7,UP,ENSMUSG00000045817
ENSMUSG00000050192.9,Eif5a2,346.86314202260843,-0.6409715161188454,0.12001632020547935,-5.340702956243295,9.258685736540457e-8,7.072078366798612e-7,DOWN,ENSMUSG00000050192
ENSMUSG00000143036.1,ENSMUSG00000143036,58.17302162700761,-0.8751353381140267,0.1638686555359269,-5.340468164896613,9.270685708870253e-8,7.077936879831535e-7,DOWN,ENSMUSG00000143036
ENSMUSG00000029319.9,Coq2,901.213653200742,-0.5059372616770262,0.09477737569717092,-5.338164914943181,9.389203852990319e-8,7.165075918813247e-7,DOWN,ENSMUSG00000029319
ENSMUSG00000024589.19,NA,632.5107261319334,0.528059310579087,0.09898849777081542,5.334552220417407,9.578062125344789e-8,7.295573322501675e-7,UP,ENSMUSG00000024589
ENSMUSG00000038400.17,NA,34.759672696083456,1.4932760627663297,0.2799913290475953,5.333293955372775,9.644698944954772e-8,7.342908661119268e-7,UP,ENSMUSG00000038400
ENSMUSG00000005621.12,NA,832.9117437989543,0.6088722808215992,0.11423290541886112,5.330095374787408,9.816120237655601e-8,7.46299076301016e-7,UP,ENSMUSG00000005621
ENSMUSG00000024677.14,NA,12219.014037980403,-0.5770129702540132,0.10826644219595949,-5.329564346537171,9.844863589040581e-8,7.477887556991512e-7,DOWN,ENSMUSG00000024677
ENSMUSG00000026288.15,NA,5149.346859647576,0.5729078113390884,0.10757347858316778,5.325734733921046,1.0054577645446642e-7,7.619477338547558e-7,UP,ENSMUSG00000026288
ENSMUSG00000107355.4,AI839979,148.52799589579197,-0.7911022209176496,0.14863321351133443,-5.322513065744366,1.0234343080034661e-7,7.744933888252156e-7,DOWN,ENSMUSG00000107355
ENSMUSG00000037326.11,NA,424.80924643239564,0.6836995717190903,0.1284694928674126,5.321882701169413,1.0269878777435237e-7,7.764636378166345e-7,UP,ENSMUSG00000037326
ENSMUSG00000069895.5,Atxn1l,1255.6838813601796,0.6072041905584564,0.11415395773234105,5.31916897688453,1.0424228682373273e-7,7.873530749845126e-7,UP,ENSMUSG00000069895
ENSMUSG00000038845.12,NA,4051.8358143727337,-0.5224511476683605,0.09822177643954051,-5.319096911161553,1.0428358052988315e-7,7.873530749845126e-7,DOWN,ENSMUSG00000038845
ENSMUSG00000039096.11,NA,76.38960699310115,-0.8405397778602646,0.15802941762823958,-5.3188817023778086,1.0440698955912774e-7,7.879208916590498e-7,DOWN,ENSMUSG00000039096
ENSMUSG00000035547.15,NA,1152.6004384634223,0.5892207765069811,0.11079386718218771,5.318171406889117,1.0481530437625555e-7,7.902725854862884e-7,UP,ENSMUSG00000035547
ENSMUSG00000043153.7,Crppa,25.85850982211452,-1.624257049772952,0.3055187787914381,-5.316390227134773,1.0584602799213144e-7,7.976759675239191e-7,DOWN,ENSMUSG00000043153
ENSMUSG00000038179.14,NA,19277.211890775383,0.5143221813053537,0.09674986567016132,5.315998918890242,1.0607377891967632e-7,7.990239586272025e-7,UP,ENSMUSG00000038179
ENSMUSG00000060791.16,NA,5555.207623554373,-0.5307649466973806,0.09985328370284369,-5.315448095596932,1.0639517536815672e-7,8.010757883776553e-7,DOWN,ENSMUSG00000060791
ENSMUSG00000060128.6,Gm2710,256.7005223340509,-0.6803423608738574,0.12800067459767883,-5.315146681939399,1.0657144410454162e-7,8.020335291587649e-7,DOWN,ENSMUSG00000060128
ENSMUSG00000045160.15,NA,458.86338645444044,-0.5498982473896202,0.10351002046398122,-5.312512208235631,1.0812418055331431e-7,8.129704946294736e-7,DOWN,ENSMUSG00000045160
ENSMUSG00000063568.12,NA,192.53972466369652,0.5522704682459229,0.10396027953738149,5.312321885853917,1.0823719901529368e-7,8.130722679705839e-7,UP,ENSMUSG00000063568
ENSMUSG00000025743.15,NA,34054.04390958761,0.5412568244921528,0.10189143394518899,5.312093505164665,1.0837296841967528e-7,8.137182093651871e-7,UP,ENSMUSG00000025743
ENSMUSG00000058318.17,NA,809.2748377895578,0.5150583494538525,0.09697099518992261,5.311468119359657,1.0874559645485529e-7,8.154567759299694e-7,UP,ENSMUSG00000058318
ENSMUSG00000026807.9,Ak8,30.454497638722543,-1.4051918335424407,0.2646472249027225,-5.309679079608535,1.098184327443201e-7,8.219286179664178e-7,DOWN,ENSMUSG00000026807
ENSMUSG00000072381.4,Gm10355,29.28428213280697,-1.197442493470345,0.2255186986492274,-5.309725981227176,1.0979017688305412e-7,8.219286179664178e-7,DOWN,ENSMUSG00000072381
ENSMUSG00000040269.6,Mrps28,458.1728249085266,-0.669059966483937,0.12603947714857996,-5.308336575335238,1.1063021423211779e-7,8.272467894959732e-7,DOWN,ENSMUSG00000040269
ENSMUSG00000064065.16,NA,10.646220780452689,-2.0669729373655783,0.38943412087053714,-5.307631834480984,1.1105867610694706e-7,8.293125261051424e-7,DOWN,ENSMUSG00000064065
ENSMUSG00000023977.16,NA,2150.8241061820354,0.5102236317315965,0.09615196277023623,5.306429708053092,1.1179324245924694e-7,8.344165941729911e-7,UP,ENSMUSG00000023977
ENSMUSG00000027605.19,NA,1032.9294446237418,0.5092678211295125,0.09602153015736865,5.30368366651603,1.1348890736676496e-7,8.442431735445831e-7,UP,ENSMUSG00000027605
ENSMUSG00000019948.5,Actr6,274.77138288611394,-0.5582864845543347,0.10529342122595393,-5.302197212837091,1.1441713920718992e-7,8.505059379175655e-7,DOWN,ENSMUSG00000019948
ENSMUSG00000054823.18,NA,2551.884187918556,0.5816456773312986,0.10970709046030036,5.3018056981629496,1.146628444599325e-7,8.519449343372985e-7,UP,ENSMUSG00000054823
ENSMUSG00000030243.17,NA,362.5065682459977,-0.5208246445548895,0.09828003417201718,-5.299394215139391,1.1618752932264886e-7,8.628811241744744e-7,DOWN,ENSMUSG00000030243
ENSMUSG00000049800.14,NA,1007.3017478524598,0.5013350434637314,0.09464984333279702,5.29673400198872,1.1789223383521765e-7,8.746556493902488e-7,UP,ENSMUSG00000049800
ENSMUSG00000042826.14,NA,71.56091657005835,0.7776737955526903,0.14687633371848793,5.2947522304255425,1.1917788743645894e-7,8.834837859575318e-7,UP,ENSMUSG00000042826
ENSMUSG00000029504.6,Ddx51,383.1199641543872,-0.5325222526737775,0.10058334526884992,-5.294338255010262,1.1944815739973064e-7,8.85085938737986e-7,DOWN,ENSMUSG00000029504
ENSMUSG00000033565.20,NA,47.01598844332378,0.9391035360623583,0.17738941187082627,5.294022490734717,1.196547073719006e-7,8.86214701722287e-7,UP,ENSMUSG00000033565
ENSMUSG00000060657.9,Marf1,2402.5886131038815,0.5203255400467329,0.09828715373241798,5.293932322664405,1.197137521554906e-7,8.86250449607631e-7,UP,ENSMUSG00000060657
ENSMUSG00000053965.11,NA,62.961848198728326,0.8712275568233939,0.1646391161601359,5.291740973487711,1.2115741299233217e-7,8.957209736647046e-7,UP,ENSMUSG00000053965
ENSMUSG00000055452.7,Gm7353,489.5191809852014,0.684105789271923,0.12929168218895623,5.291181750362883,1.215285185069828e-7,8.980583921858684e-7,UP,ENSMUSG00000055452
ENSMUSG00000028608.16,NA,505.89715230879926,-0.5033650309098796,0.09521960175310827,-5.286359338227837,1.2477467815373717e-7,9.212135903798499e-7,DOWN,ENSMUSG00000028608
ENSMUSG00000081999.4,Gm13461,3548.2447372991264,-0.5127000166798901,0.09703291595829851,-5.283774187516237,1.265492251364464e-7,9.32209839603584e-7,DOWN,ENSMUSG00000081999
ENSMUSG00000034656.19,NA,339.1842821630003,0.803249186411149,0.15208985484699195,5.281412012781836,1.2819204340306374e-7,9.430365173116472e-7,UP,ENSMUSG00000034656
ENSMUSG00000081929.2,Rps11-ps2,99.31783431953365,-0.7814018837947277,0.14801709775411032,-5.279132584350573,1.297968640034429e-7,9.54412748088294e-7,DOWN,ENSMUSG00000081929
ENSMUSG00000080845.2,Gm9115,261.1334718525895,-0.6959766071636364,0.131838673809748,-5.279001882012079,1.2988947114957807e-7,9.546642515337243e-7,DOWN,ENSMUSG00000080845
ENSMUSG00000057738.15,NA,4584.698216572805,0.5722920870173968,0.10845671355705402,5.276686599178026,1.3154056357407494e-7,9.650637577117724e-7,UP,ENSMUSG00000057738
ENSMUSG00000031730.19,NA,331.78766306564364,-0.6550284610228777,0.12413560878259701,-5.276716869935779,1.3151884623962022e-7,9.650637577117724e-7,DOWN,ENSMUSG00000031730
ENSMUSG00000021367.9,Edn1,1497.889190630077,1.613927907140547,0.3059099361828963,5.275827020458785,1.321587063611979e-7,9.68729244026969e-7,UP,ENSMUSG00000021367
ENSMUSG00000006019.16,NA,559.0695188518303,0.6019522402629445,0.11411719735484123,5.274860005466193,1.3285746798562414e-7,9.734146892393602e-7,UP,ENSMUSG00000006019
ENSMUSG00000010048.11,NA,237.2052708773503,-0.5480157768898479,0.1039449874766036,-5.272171272455035,1.348191725419967e-7,9.869029083616113e-7,DOWN,ENSMUSG00000010048
ENSMUSG00000059851.16,NA,482.5025938109947,0.6710315782441483,0.12741658097937944,5.266438426508597,1.390958702211503e-7,1.0163885090008594e-6,UP,ENSMUSG00000059851
ENSMUSG00000032915.7,Adgre4,42.47013724040199,-1.1288278853174583,0.21435012229503567,-5.266280575122405,1.392154641447057e-7,1.0168078538468986e-6,DOWN,ENSMUSG00000032915
ENSMUSG00000019943.11,NA,4354.187908126981,0.6335161251834334,0.12030936005832378,5.26572599901052,1.39636420137371e-7,1.0194269421909185e-6,UP,ENSMUSG00000019943
ENSMUSG00000004267.17,NA,247.3987426137326,0.7968020440770988,0.15134009139689222,5.264976627954257,1.4020719329948808e-7,1.0231369561042107e-6,UP,ENSMUSG00000004267
ENSMUSG00000121797.1,Gm15501,1454.8489825896384,-0.6215479065600783,0.1180795933065743,-5.263804601243257,1.41104417901893e-7,1.0287657515719638e-6,DOWN,ENSMUSG00000121797
ENSMUSG00000122203.1,D730005E14Rik,125.7987974496173,-0.7310877757972205,0.13900205296095638,-5.2595466054200815,1.4441102584213031e-7,1.0514666496282683e-6,DOWN,ENSMUSG00000122203
ENSMUSG00000029005.5,Draxin,38.19856241487062,1.0911181456621502,0.20761480667529852,5.255492915631092,1.4762853644367677e-7,1.0734590999592262e-6,UP,ENSMUSG00000029005
ENSMUSG00000035397.9,Klf16,511.77751576921526,0.5304829054279737,0.10107066536432653,5.248633750611586,1.532313696984098e-7,1.111726573053798e-6,UP,ENSMUSG00000035397
ENSMUSG00000025762.17,NA,194.54175957491896,0.6908342386051595,0.1316781137515058,5.246386198308217,1.5511158460724254e-7,1.1243698279334753e-6,UP,ENSMUSG00000025762
ENSMUSG00000029389.18,NA,204.82076307790723,-0.5407601344470756,0.1031677602438601,-5.241561251003879,1.592236050946116e-7,1.1531542086293846e-6,DOWN,ENSMUSG00000029389
ENSMUSG00000121501.1,Gvin-ps7,267.2500438077623,0.9441974134863848,0.1801456083687757,5.241301311956049,1.5944810280596602e-7,1.1542686839974848e-6,UP,ENSMUSG00000121501
ENSMUSG00000039286.13,NA,2217.432479178718,0.6911021821058527,0.13192406143129864,5.238636338267634,1.6176744724189713e-7,1.1684713621811977e-6,UP,ENSMUSG00000039286
ENSMUSG00000029207.18,NA,623.1492911514013,0.6739605199705828,0.12869259290154755,5.236979881866055,1.63225476865538e-7,1.1779618741033484e-6,UP,ENSMUSG00000029207
ENSMUSG00000034522.11,NA,466.8331718533632,0.5483426724848018,0.10479247885789338,5.2326529390377,1.670942971530008e-7,1.2042872051423946e-6,UP,ENSMUSG00000034522
ENSMUSG00000026103.15,NA,1594.143540795571,-0.5155103695019881,0.09855178101837864,-5.230857973087794,1.687251061712136e-7,1.214969420913946e-6,DOWN,ENSMUSG00000026103
ENSMUSG00000004558.16,NA,15.258626298280252,2.226531107648833,0.42584230793641525,5.228534286408404,1.7085915138304593e-7,1.2287125774339062e-6,UP,ENSMUSG00000004558
ENSMUSG00000032657.16,NA,251.80301448894724,0.5564433792130999,0.10648447400201776,5.225582268477525,1.7360790787824776e-7,1.2479308980553377e-6,UP,ENSMUSG00000032657
ENSMUSG00000082580.4,Gm13182,102.3733268987032,-0.8065071422942378,0.15440942637386956,-5.223172970939303,1.7588295333986292e-7,1.262618689193412e-6,DOWN,ENSMUSG00000082580
ENSMUSG00000063171.7,Rps4l,187.35132842948707,-0.6960319644232541,0.13327584625321906,-5.222491426547161,1.7653173291004584e-7,1.2667198007671682e-6,DOWN,ENSMUSG00000063171
ENSMUSG00000013539.15,NA,971.6107153401106,-0.5328985432936263,0.10209579445145152,-5.219593482344952,1.793162872198907e-7,1.2861360381291502e-6,DOWN,ENSMUSG00000013539
ENSMUSG00000120697.2,Gm36496,162.30509843994048,-0.6225305261537585,0.11929436649465693,-5.218440270451841,1.804361465519452e-7,1.2936005489202177e-6,DOWN,ENSMUSG00000120697
ENSMUSG00000027533.11,NA,18399.662837082058,-0.5926142928084701,0.11357804199306586,-5.217683650900147,1.8117455348437973e-7,1.2977560259665518e-6,DOWN,ENSMUSG00000027533
ENSMUSG00000029363.15,NA,537.7445523359364,-0.6116473355462783,0.11722462103779631,-5.217737793744431,1.811216170185719e-7,1.2977560259665518e-6,DOWN,ENSMUSG00000029363
ENSMUSG00000010277.8,Bltp2,7830.000362203203,0.5130542526391452,0.09837755045736707,5.21515579778013,1.8366280232732346e-7,1.3138521517909975e-6,UP,ENSMUSG00000010277
ENSMUSG00000032392.12,NA,152.32736251464297,0.6106798831734832,0.11711712904804986,5.214266163602239,1.8454633220198007e-7,1.3184415848660692e-6,UP,ENSMUSG00000032392
ENSMUSG00000038271.18,NA,353.39998484960626,0.5008386909099511,0.09607527269684597,5.212982246642044,1.8582868672327073e-7,1.32702302891157e-6,UP,ENSMUSG00000038271
ENSMUSG00000041750.15,NA,43.075027003143845,-1.0834341759235773,0.20790571314789755,-5.211180392877691,1.8764288365350178e-7,1.3388086321257704e-6,DOWN,ENSMUSG00000041750
ENSMUSG00000116083.2,Gm5469,161.10087387536805,0.5891775124156531,0.11308396907982349,5.210088726190408,1.8875034447495588e-7,1.345625100824814e-6,UP,ENSMUSG00000116083
ENSMUSG00000035247.18,NA,3106.4381727674054,0.6810089764679244,0.13075632978805618,5.208229518003269,1.9065101034197612e-7,1.3573089786802882e-6,UP,ENSMUSG00000035247
ENSMUSG00000029380.12,NA,630.8992268891492,0.8540173050668145,0.16413087234939056,5.203270371029534,1.9581166504790102e-7,1.3910201985541026e-6,UP,ENSMUSG00000029380
ENSMUSG00000036528.17,NA,1761.195179703221,0.5465920911247844,0.105065936378332,5.202372052884586,1.9676081812322932e-7,1.397155661616988e-6,UP,ENSMUSG00000036528
ENSMUSG00000111671.2,Gm6983,1516.0292567682425,-0.5349944561515296,0.10289557594377438,-5.19939221141897,1.999412324071739e-7,1.4178912732874902e-6,DOWN,ENSMUSG00000111671
ENSMUSG00000033356.4,Pus7l,71.20586838963752,-0.8519731067921115,0.16387885321431822,-5.19879832010976,2.0058100968866152e-7,1.4211951384355704e-6,DOWN,ENSMUSG00000033356
ENSMUSG00000045094.9,Arhgef37,105.0526192026944,0.7642263367348331,0.14701180748494672,5.198401065935375,2.0101006090871688e-7,1.4236180483595696e-6,UP,ENSMUSG00000045094
ENSMUSG00000056458.17,NA,79.99490007671079,0.7916828427333484,0.1523381510736379,5.196878373236007,2.0266286397012187e-7,1.4334604822395552e-6,UP,ENSMUSG00000056458
ENSMUSG00000067916.10,NA,2003.1500708821425,-0.5462201529980494,0.10512075325873897,-5.1961209948107046,2.0348984220263663e-7,1.4386872667146619e-6,DOWN,ENSMUSG00000067916
ENSMUSG00000072774.11,NA,85.76735375410176,-0.8222364266991786,0.15835561437456716,-5.192341490048455,2.0766565304956282e-7,1.465674768889531e-6,DOWN,ENSMUSG00000072774
ENSMUSG00000025578.10,NA,95.84149749260256,-0.9191809679975125,0.177097469835867,-5.190254659478787,2.1000666315339677e-7,1.4809184279143328e-6,DOWN,ENSMUSG00000025578
ENSMUSG00000032363.16,NA,8.537877640842597,2.0313590334906886,0.3914867633371781,5.188831970140273,2.1161723687591515e-7,1.4909893767128055e-6,UP,ENSMUSG00000032363
ENSMUSG00000019689.5,Fmc1,225.3117642274596,-0.8113357692084632,0.15637043219263366,-5.188549765015511,2.119381264413385e-7,1.4926068999612749e-6,DOWN,ENSMUSG00000019689
ENSMUSG00000059278.10,NA,961.6975730557596,-0.5686691756283817,0.10960512271426538,-5.188344865147147,2.1217140841115347e-7,1.4936063057229605e-6,DOWN,ENSMUSG00000059278
ENSMUSG00000034557.15,NA,57.679505495997766,0.802634740387559,0.15470657992964404,5.188109909433545,2.1243921488240107e-7,1.494847785823387e-6,UP,ENSMUSG00000034557
ENSMUSG00000063586.2,Gm5513,396.9144484222704,-0.5314259758233141,0.10248164789660717,-5.185572116867842,2.1535273188433235e-7,1.5140454861855039e-6,DOWN,ENSMUSG00000063586
ENSMUSG00000036599.11,NA,2398.4061058248826,0.5007167345298215,0.09661686956436163,5.182498012898953,2.1893369962672168e-7,1.537085361222542e-6,UP,ENSMUSG00000036599
ENSMUSG00000025324.9,Atp10a,844.7700764761001,0.6802773042398285,0.13126592274381121,5.182436461956014,2.1900598349977365e-7,1.537085361222542e-6,UP,ENSMUSG00000025324
ENSMUSG00000043953.13,NA,4717.512696988013,0.6183818882785032,0.11932866799732232,5.182173727878864,2.1931479116437472e-7,1.5385920928638924e-6,UP,ENSMUSG00000043953
ENSMUSG00000034194.19,NA,210.1233566265901,-0.5200966940646689,0.10038743551895182,-5.180894315867661,2.208245865938841e-7,1.5485193875862847e-6,DOWN,ENSMUSG00000034194
ENSMUSG00000029050.16,NA,2074.7010003039913,0.5871895391537457,0.11334065267819031,5.1807495834787645,2.2099601189919121e-7,1.5490569513311233e-6,UP,ENSMUSG00000029050
ENSMUSG00000032254.11,NA,458.7812115479457,0.6536864043934572,0.12620372392168602,5.179612645971471,2.223471140353274e-7,1.557859376777309e-6,UP,ENSMUSG00000032254
ENSMUSG00000032892.15,NA,84.54817057702229,-0.9703747214642982,0.18740490613838542,-5.177957938559753,2.243277892458567e-7,1.5697183403308106e-6,DOWN,ENSMUSG00000032892
ENSMUSG00000058690.15,NA,976.60331241606,0.5707059737355079,0.11027032426914893,5.175517325427673,2.2728033759444493e-7,1.5869818019302848e-6,UP,ENSMUSG00000058690
ENSMUSG00000002413.16,NA,947.1513644953163,0.5820463364706409,0.11259175462325681,5.169528962562363,2.3468476347671745e-7,1.635887907799754e-6,UP,ENSMUSG00000002413
ENSMUSG00000041638.19,NA,945.1539513573979,0.6230194767857461,0.12052623452909268,5.169160716087594,2.351476161481015e-7,1.6384155727011368e-6,UP,ENSMUSG00000041638
ENSMUSG00000070323.12,NA,438.48715402224553,-0.8156538552754046,0.15779981124159737,-5.168915278527224,2.3545659874029876e-7,1.6398694346011603e-6,DOWN,ENSMUSG00000070323
ENSMUSG00000064284.13,NA,296.70658394374095,-0.5412852270729652,0.10472874211778246,-5.16844961686079,2.3604390102214947e-7,1.641861108982151e-6,DOWN,ENSMUSG00000064284
ENSMUSG00000052713.10,NA,154.55690643157027,0.798827279272059,0.1545571882526331,5.168489982920286,2.3599293452535465e-7,1.641861108982151e-6,UP,ENSMUSG00000052713
ENSMUSG00000022000.12,NA,711.1188981927312,0.735954771836065,0.14241596664893436,5.167642288664491,2.3706547587711232e-7,1.6482655332570302e-6,UP,ENSMUSG00000022000
ENSMUSG00000039501.15,NA,10776.778080357297,0.6933668334935223,0.1342343784219485,5.165344687737242,2.3999623911023106e-7,1.6668533023920476e-6,UP,ENSMUSG00000039501
ENSMUSG00000034416.20,NA,164.53750200104687,0.5905837886907933,0.11433663250853163,5.1653068289091415,2.4004482282092744e-7,1.6668533023920476e-6,UP,ENSMUSG00000034416
ENSMUSG00000053007.10,NA,1311.603670210079,0.5832276430561922,0.1129416796898618,5.163971747699673,2.417642027921083e-7,1.6773674273513596e-6,UP,ENSMUSG00000053007
ENSMUSG00000053398.12,NA,1816.49097386688,-0.7429334005537254,0.14403475408425784,-5.158014850493112,2.495818288410808e-7,1.727939252111947e-6,DOWN,ENSMUSG00000053398
ENSMUSG00000036057.12,NA,2188.271315503776,0.6009878876966885,0.11660791636400711,5.153920131979933,2.550966248797839e-7,1.7623877558262669e-6,UP,ENSMUSG00000036057
ENSMUSG00000031562.17,NA,17.173308184626094,-2.045413058098986,0.39697346260599986,-5.152518369040399,2.570114334660315e-7,1.7741169305049624e-6,DOWN,ENSMUSG00000031562
ENSMUSG00000087380.10,NA,266.9870563834419,-0.5655351295716909,0.10977968553483233,-5.1515462703001695,2.5834746516889334e-7,1.7825866043270284e-6,DOWN,ENSMUSG00000087380
ENSMUSG00000022568.18,NA,741.8272569667758,0.5230690166156008,0.10161566298589807,5.147523533731122,2.639478984538474e-7,1.8189259477768083e-6,UP,ENSMUSG00000022568
ENSMUSG00000110148.4,5830408C22Rik,92.53901416549277,0.6651405702658029,0.12922648587555075,5.147091679846147,2.6455604683843497e-7,1.8223485636835473e-6,UP,ENSMUSG00000110148
ENSMUSG00000040274.12,NA,3104.0417317376523,0.5017683577904224,0.09749026142047436,5.146856213938142,2.6488820624630843e-7,1.823867994651288e-6,UP,ENSMUSG00000040274
ENSMUSG00000049093.10,NA,31.450820762793263,-1.2766150166657462,0.24807292040047466,-5.146128060268942,2.659179252372979e-7,1.8301871182858407e-6,DOWN,ENSMUSG00000049093
ENSMUSG00000049807.17,NA,533.0510104471718,0.6064440039397557,0.11789987219114147,5.1437206221612986,2.69350001058889e-7,1.8514697717866271e-6,UP,ENSMUSG00000049807
ENSMUSG00000054611.18,NA,2585.4707580128893,0.630448031752012,0.12262480591047457,5.141276490274627,2.728781376079774e-7,1.8710008545889256e-6,UP,ENSMUSG00000054611
ENSMUSG00000097754.4,Ptgs2os2,279.5258159848457,0.6839170905737213,0.13304647254165425,5.140437604308526,2.7409933746205687e-7,1.876226034403175e-6,UP,ENSMUSG00000097754
ENSMUSG00000013833.16,NA,715.8680330059193,0.5032528239773398,0.09791482635516494,5.139699907671782,2.751775922244917e-7,1.8828183015912688e-6,UP,ENSMUSG00000013833
ENSMUSG00000047153.5,Khnyn,520.6882309032005,0.7332549059553611,0.14269979711898145,5.138443927456895,2.7702282807943704e-7,1.8946506894504091e-6,UP,ENSMUSG00000047153
ENSMUSG00000105692.2,Gm43737,260.7428807307106,0.5333168544087789,0.10403508919770323,5.126317077455371,2.9546484649131397e-7,2.0140401921380395e-6,UP,ENSMUSG00000105692
ENSMUSG00000028868.14,NA,6007.76491127542,0.5395660206069087,0.1053259374576926,5.122821914816965,3.009966047395439e-7,2.047478360829207e-6,UP,ENSMUSG00000028868
ENSMUSG00000073792.12,NA,227.31277379447258,-0.6789860609247019,0.13273089314359476,-5.115508867932816,3.12896245571587e-7,2.1213612733775033e-6,DOWN,ENSMUSG00000073792
ENSMUSG00000041115.19,NA,1323.9038946866533,0.5624921558951843,0.10996942980102392,5.114986564110993,3.1376328924275503e-7,2.1263576807471283e-6,UP,ENSMUSG00000041115
ENSMUSG00000030830.20,NA,6886.6345041266595,0.5174015268943728,0.10116195167032421,5.114586248597972,3.144293976298902e-7,2.1299887831157005e-6,UP,ENSMUSG00000030830
ENSMUSG00000117814.2,Gm50431,27.07681492990174,1.1221839029101217,0.2195863735922817,5.110444170792416,3.214022811109561e-7,2.1727219549378363e-6,UP,ENSMUSG00000117814
ENSMUSG00000021951.8,Eef1akmt1,711.8918320610538,-0.5661470639866348,0.11081219493034919,-5.109068224327526,3.237514434643528e-7,2.186793840854674e-6,DOWN,ENSMUSG00000021951
ENSMUSG00000007039.13,NA,754.243475389364,0.7042832988775587,0.13784815144361318,5.109123999864779,3.2365589600887814e-7,2.186793840854674e-6,UP,ENSMUSG00000007039
ENSMUSG00000042632.18,NA,238.2013238732676,0.502159907751144,0.09832523923613094,5.107131308831015,3.270864621178726e-7,2.206584940065516e-6,UP,ENSMUSG00000042632
ENSMUSG00000028702.16,NA,168.32524670698683,-1.8855918158901541,0.3694913634895888,-5.103209444686478,3.3394106285545513e-7,2.2463377010021683e-6,DOWN,ENSMUSG00000028702
ENSMUSG00000001632.17,NA,1881.0732800353298,0.5197694853288172,0.1018684718500252,5.1023587169742015,3.354461549803826e-7,2.2546064347489036e-6,UP,ENSMUSG00000001632
ENSMUSG00000120928.1,Gm57147,293.7765564840375,-0.6401322815035188,0.12550358941377027,-5.100509750307455,3.387399291601591e-7,2.2758088294500456e-6,DOWN,ENSMUSG00000120928
ENSMUSG00000031371.15,NA,435.47867553324926,-0.526473590564633,0.10324598306550524,-5.0992162109649115,3.4106279541081584e-7,2.2895328352300597e-6,DOWN,ENSMUSG00000031371
ENSMUSG00000006307.17,NA,1010.9637634017187,0.615146758490056,0.12066131166454411,5.098127560557711,3.4302964232813293e-7,2.2999025978243073e-6,UP,ENSMUSG00000006307
ENSMUSG00000039384.9,Dusp10,112.91373292736198,0.6326626115261327,0.12417802801751163,5.094803175944414,3.4910375343515267e-7,2.33583706657839e-6,UP,ENSMUSG00000039384
ENSMUSG00000052942.14,NA,198.54555337342092,0.7529727089978586,0.14807078035394367,5.085221454212483,3.6719736819390134e-7,2.4478826184736995e-6,UP,ENSMUSG00000052942
ENSMUSG00000045382.7,Cxcr4,906.9074012627215,-0.7887321847542228,0.15517989967818743,-5.082695544912054,3.721158992241917e-7,2.477640117604333e-6,DOWN,ENSMUSG00000045382
ENSMUSG00000039989.8,Cbx4,359.0623272486583,0.516178961994536,0.10158676323952992,5.081163584053222,3.751298932128859e-7,2.49567490209924e-6,UP,ENSMUSG00000039989
ENSMUSG00000034799.17,NA,134.24960609610633,0.6771483546445498,0.13330592989184856,5.079656660389541,3.781176065114433e-7,2.5145282327241875e-6,UP,ENSMUSG00000034799
ENSMUSG00000049904.8,Tmem17,30.495833669477737,-1.1847532880023022,0.2333712102954079,-5.076689993176998,3.840667383473069e-7,2.5520141890345848e-6,DOWN,ENSMUSG00000049904
ENSMUSG00000020937.15,NA,96.9136981101531,0.6424299474661733,0.1266734451415668,5.071543974731334,3.9460105547116543e-7,2.615632138171805e-6,UP,ENSMUSG00000020937
ENSMUSG00000118088.2,Gm3815,198.85455017717584,-0.5124056673906833,0.10108455470842141,-5.069079731010523,3.9974376079050905e-7,2.6486467425543825e-6,DOWN,ENSMUSG00000118088
ENSMUSG00000028392.16,NA,43.54283838128522,1.054019049429677,0.2079521399007557,5.068565535957953,4.0082497580984905e-7,2.6547346250355723e-6,UP,ENSMUSG00000028392
ENSMUSG00000040428.20,NA,110.87574052061798,0.9258302862492122,0.1826936130950973,5.067666409155151,4.027223844382908e-7,2.665141739282713e-6,UP,ENSMUSG00000040428
ENSMUSG00000022489.7,Pde1b,439.7224060047774,0.6093622910468108,0.12034215280921765,5.06358143694548,4.1145249829608884e-7,2.718513555839882e-6,UP,ENSMUSG00000022489
ENSMUSG00000027185.16,NA,309.7904839355608,-0.5221891801818779,0.10314351321854409,-5.062743781816362,4.132651001789737e-7,2.7293863949597998e-6,DOWN,ENSMUSG00000027185
ENSMUSG00000091780.4,Sco2,146.62854555802906,-0.6997818895134746,0.13828733167982693,-5.060347039840652,4.1849407076453954e-7,2.760574689554949e-6,DOWN,ENSMUSG00000091780
ENSMUSG00000070733.14,NA,771.5947527221118,0.7065157915948042,0.13968292228515136,5.057996926442514,4.236832620810544e-7,2.7925510491842398e-6,UP,ENSMUSG00000070733
ENSMUSG00000051306.8,Usp42,289.49369926544654,0.603940824704611,0.11942459076797107,5.057089338308908,4.2570384123529666e-7,2.8047380043660455e-6,UP,ENSMUSG00000051306
ENSMUSG00000066626.6,Gm5121,1164.4118727595094,-0.5448496358342892,0.10778022810370508,-5.055190969813501,4.2996031514071885e-7,2.8293604312762442e-6,DOWN,ENSMUSG00000066626
ENSMUSG00000025241.17,NA,523.9231364260675,0.7151691608941277,0.1414990451042914,5.054233124803172,4.321235266005658e-7,2.8424511733653314e-6,UP,ENSMUSG00000025241
ENSMUSG00000038244.15,NA,347.9780785476875,0.6758653214840273,0.13377125905683,5.05239560612119,4.3630283483306036e-7,2.8676341528673923e-6,UP,ENSMUSG00000038244
ENSMUSG00000034201.14,NA,1468.7930599603942,0.531676426306974,0.10523543552397485,5.052256624964001,4.366205190942862e-7,2.8685687319594864e-6,UP,ENSMUSG00000034201
ENSMUSG00000020275.10,NA,1270.417319360676,0.5315551019972098,0.10525328854637007,5.050246974117388,4.41239212988977e-7,2.896584809444907e-6,UP,ENSMUSG00000020275
ENSMUSG00000047648.14,NA,513.4027733703257,0.5046756221708723,0.09996382878591889,5.048582355240498,4.4510059054701933e-7,2.919588384061628e-6,UP,ENSMUSG00000047648
ENSMUSG00000112825.2,Gm9118,760.4251759189793,-0.5216893129792602,0.10336648493883953,-5.046987070208844,4.488317124684656e-7,2.9428813365461447e-6,DOWN,ENSMUSG00000112825
ENSMUSG00000000295.14,NA,211.26976347778796,-0.6782109613912665,0.13441630850075553,-5.0456002620206934,4.5209973843495807e-7,2.960746123580859e-6,DOWN,ENSMUSG00000000295
ENSMUSG00000025158.8,Rfng,813.0723823809961,0.5288291856428394,0.10480940166043404,5.04562736992014,4.5203563903556556e-7,2.960746123580859e-6,UP,ENSMUSG00000025158
ENSMUSG00000039199.7,Zdhhc1,192.8319632781932,0.700717829692238,0.13890220267250558,5.044684794123417,4.542696111598109e-7,2.973764943539555e-6,UP,ENSMUSG00000039199
ENSMUSG00000074280.7,Gm6166,3767.172829805313,-0.6121385386867506,0.12136165229071509,-5.043920605335916,4.5608860683253193e-7,2.984477328776848e-6,DOWN,ENSMUSG00000074280
ENSMUSG00000040312.15,NA,102.5171334998426,0.720437561150012,0.14283945230495235,5.043687507369656,4.566448460241313e-7,2.9869214298161064e-6,UP,ENSMUSG00000040312
ENSMUSG00000026483.14,NA,3054.677413060908,0.610274295541995,0.12107508382456306,5.040461474520043,4.6441061414096753e-7,3.0352882442016215e-6,UP,ENSMUSG00000026483
ENSMUSG00000120224.2,2810001A02Rik,720.2802371384681,-0.7108844192914671,0.14108239474068165,-5.038789004100175,4.6848659980904583e-7,3.0607042208148133e-6,DOWN,ENSMUSG00000120224
ENSMUSG00000025574.14,NA,740.2922867436517,-0.8597314554346005,0.17066533292500163,-5.0375283644300914,4.7158169487853833e-7,3.07723528322738e-6,DOWN,ENSMUSG00000025574
ENSMUSG00000091625.9,Lsm5,240.40595003164069,-0.7252317645616647,0.14405287026926816,-5.034483264415618,4.791395322114556e-7,3.1203246189356383e-6,DOWN,ENSMUSG00000091625
ENSMUSG00000038351.15,NA,104.59714383689392,0.6530737956634463,0.129900987066264,5.027473696795743,4.969836292858415e-7,3.2288133562425933e-6,UP,ENSMUSG00000038351
ENSMUSG00000021123.13,NA,73.30952372657656,0.8819680320490896,0.1754724740170177,5.026247204809766,5.001710619369476e-7,3.2469404997701925e-6,UP,ENSMUSG00000021123
ENSMUSG00000020641.17,NA,64908.6828936111,0.7974139357138337,0.1586704091844427,5.025599541921509,5.01862166325213e-7,3.2553329249015603e-6,UP,ENSMUSG00000020641
ENSMUSG00000034192.6,Lsm3,793.5095825604532,-0.569695880959257,0.11336361440463567,-5.025385649100837,5.024218693831259e-7,3.256637311044277e-6,DOWN,ENSMUSG00000034192
ENSMUSG00000034345.15,NA,2086.2043681120185,-0.5422164493320558,0.10789581724856695,-5.025370428242967,5.024617214274848e-7,3.256637311044277e-6,DOWN,ENSMUSG00000034345
ENSMUSG00000005267.14,NA,160.44996192001946,0.5717693376679669,0.11379633510049975,5.024496941514032,5.04753844204455e-7,3.2689010845348736e-6,UP,ENSMUSG00000005267
ENSMUSG00000140766.1,Gm7931,812.1884908871255,-0.5433375411641206,0.10818769576794779,-5.022175001578066,5.108959983785725e-7,3.3034438249589185e-6,DOWN,ENSMUSG00000140766
ENSMUSG00000099881.4,2810013P06Rik,77.42940278147397,-0.8510700218214844,0.16952006642418316,-5.020467722634597,5.154581249914271e-7,3.3289919048241276e-6,DOWN,ENSMUSG00000099881
ENSMUSG00000055296.15,NA,452.2707875626213,0.6480056194427938,0.12912012001053097,5.018626217122032,5.204229605813788e-7,3.3584025715212078e-6,UP,ENSMUSG00000055296
ENSMUSG00000032656.15,NA,34.67803078930652,-0.9665061177756052,0.1929149988216961,-5.0100102308214485,5.442714196719464e-7,3.501243851222997e-6,DOWN,ENSMUSG00000032656
ENSMUSG00000101191.8,Gm28809,63.00250389332248,-0.7977482247025468,0.1592479081193008,-5.009473808000746,5.457905368457546e-7,3.508254862477666e-6,DOWN,ENSMUSG00000101191
ENSMUSG00000024962.14,NA,678.7673245471555,0.5819181986513621,0.11616247888145588,5.009519461488172,5.456610899222977e-7,3.508254862477666e-6,UP,ENSMUSG00000024962
ENSMUSG00000078864.11,NA,83.766124426443,-0.7369908920569529,0.14715931579407082,-5.008115783089601,5.496546792792337e-7,3.5303164587419857e-6,DOWN,ENSMUSG00000078864
ENSMUSG00000040711.9,Sh3pxd2b,4503.474454544855,0.6101058857304889,0.12183286938611529,5.007728118074019,5.507625773058703e-7,3.536042847070604e-6,UP,ENSMUSG00000040711
ENSMUSG00000032997.17,NA,93.20560091930942,0.7485502265551786,0.14950616850812445,5.006818340839902,5.533710684049353e-7,3.5513951645650064e-6,UP,ENSMUSG00000032997
ENSMUSG00000021958.6,Pinx1,177.80572551886578,-0.5443486619975684,0.10872912371335369,-5.006466008432602,5.543844635135166e-7,3.5565025277048438e-6,DOWN,ENSMUSG00000021958
ENSMUSG00000028358.16,NA,97.18865374262978,1.0384688979925478,0.20745396708376895,5.005779897056482,5.563630265848564e-7,3.5663960911984558e-6,UP,ENSMUSG00000028358
ENSMUSG00000109946.2,Brd3os,96.410400007995,-0.635640676448001,0.12699077085925928,-5.0054084414722215,5.574370447077175e-7,3.571880020694767e-6,DOWN,ENSMUSG00000109946
ENSMUSG00000038902.16,NA,469.9495168634103,0.516044123934083,0.10312033137160134,5.004290784079057,5.606806826296688e-7,3.5912564413262408e-6,UP,ENSMUSG00000038902
ENSMUSG00000026489.14,NA,173.93816879707944,-0.7808884612957001,0.15608799545312116,-5.002873276889695,5.648207186080059e-7,3.6135262099281663e-6,DOWN,ENSMUSG00000026489
ENSMUSG00000120333.2,Gm36587,161.43705695187535,-0.7481283860561838,0.14956120959211808,-5.002155225251738,5.669291231326718e-7,3.6227613161558457e-6,DOWN,ENSMUSG00000120333
ENSMUSG00000024050.19,NA,794.189490565208,0.6518939249520644,0.13031984031269364,5.0022615389022045,5.666164780708118e-7,3.6227613161558457e-6,UP,ENSMUSG00000024050
ENSMUSG00000041075.9,Fzd7,783.4178288633085,0.5416832524591552,0.10832438095818432,5.000566332968543,5.716215692473307e-7,3.6484678527594173e-6,UP,ENSMUSG00000041075
ENSMUSG00000040225.16,NA,4202.019207231401,0.8595720169341796,0.171970309607952,4.998374538568793,5.781560458868679e-7,3.6829846944921053e-6,UP,ENSMUSG00000040225
ENSMUSG00000038384.17,NA,677.7791049073494,0.7663643408808701,0.1533574084385073,4.997243685088511,5.815556030049917e-7,3.7031974626878046e-6,UP,ENSMUSG00000038384
ENSMUSG00000030536.11,NA,24395.354342768336,0.5707886720160162,0.11430348303758461,4.993624488488534,5.925655979182895e-7,3.767435730677697e-6,UP,ENSMUSG00000030536
ENSMUSG00000070972.14,NA,267.56472742647367,-0.5026430292355997,0.10069862108628803,-4.991558214137688,5.98941250274266e-7,3.8035328970408514e-6,DOWN,ENSMUSG00000070972
ENSMUSG00000054150.13,NA,310.424410889448,0.7902187433006739,0.15836310571667042,4.989916936299955,6.040526139061185e-7,3.83301398560148e-6,UP,ENSMUSG00000054150
ENSMUSG00000045362.9,Tnfrsf26,2188.94434543053,0.5164717149080914,0.10367080494629399,4.98184339530928,6.298139730082137e-7,3.984109598603817e-6,UP,ENSMUSG00000045362
ENSMUSG00000021375.12,NA,476.2539528253419,0.5641285486510003,0.11330629504553387,4.978792647171956,6.398214397775798e-7,4.0411596810681295e-6,UP,ENSMUSG00000021375
ENSMUSG00000030498.16,NA,98.09133492265647,-0.6984354453614675,0.140353151752285,-4.976271901568444,6.482057863248949e-7,4.090954356473642e-6,DOWN,ENSMUSG00000030498
ENSMUSG00000038545.14,NA,373.6734050111504,0.6123380312462863,0.12312124748356104,4.973455384522843,6.576991591055585e-7,4.147666070501335e-6,UP,ENSMUSG00000038545
ENSMUSG00000020717.20,NA,108.3879292705577,0.7449587634619543,0.14983854318209786,4.971743235361082,6.635354738217375e-7,4.181245510828883e-6,UP,ENSMUSG00000020717
ENSMUSG00000039671.19,NA,2241.8624182781873,0.5252313403163357,0.10571890059810733,4.968187687772255,6.758153572480673e-7,4.248799165221888e-6,UP,ENSMUSG00000039671
ENSMUSG00000051413.18,NA,3739.378559725302,0.6486821599973622,0.13063308687601438,4.9656804069327025,6.846061713578253e-7,4.299105830585867e-6,UP,ENSMUSG00000051413
ENSMUSG00000109602.4,Gm31597,69.22027691374171,-0.8081362481793805,0.16277795857316968,-4.964654030945586,6.882364580594208e-7,4.318584699976695e-6,DOWN,ENSMUSG00000109602
ENSMUSG00000035498.11,NA,43.67625343349247,0.9797614522514332,0.19743524548738897,4.9624445211532136,6.961145361974124e-7,4.366342367107791e-6,UP,ENSMUSG00000035498
ENSMUSG00000098149.2,Gapdh-ps14,33.185362577732946,1.0133650619604266,0.20436761111632493,4.958540428324647,7.102475978034444e-7,4.443056729313089e-6,UP,ENSMUSG00000098149
ENSMUSG00000060288.14,NA,582.2261028800958,-0.6237974706650731,0.12580576439681268,-4.958417236729394,7.106980283440869e-7,4.444173669209045e-6,DOWN,ENSMUSG00000060288
ENSMUSG00000073062.4,Zxdb,244.35891177341412,0.5408197130331805,0.10917517614842648,4.953687569946506,7.28200956799455e-7,4.546666478168026e-6,UP,ENSMUSG00000073062
ENSMUSG00000043535.14,NA,1207.356643020014,0.5834942757694926,0.1178133569210129,4.952700534292492,7.319056682887924e-7,4.5680527124278735e-6,UP,ENSMUSG00000043535
ENSMUSG00000087574.4,C030037D09Rik,19.384419783557227,1.3053099547978202,0.2636783606482768,4.950387098844968,7.406601432390175e-7,4.620927748620221e-6,UP,ENSMUSG00000087574
ENSMUSG00000019726.13,NA,1871.1601949396552,0.7699182598223224,0.15553040827909267,4.950274794114454,7.410876828590817e-7,4.621831081272243e-6,UP,ENSMUSG00000019726
ENSMUSG00000070394.11,NA,3835.292783410781,-0.6300895422863166,0.1273516408555928,-4.947635837694395,7.512027914501106e-7,4.679558242775727e-6,DOWN,ENSMUSG00000070394
ENSMUSG00000024429.10,NA,1966.963719496937,0.5849961887092721,0.11843485241645711,4.939392220899867,7.836644375063261e-7,4.868787113446752e-6,UP,ENSMUSG00000024429
ENSMUSG00000027737.11,NA,4114.967625542859,1.1118428559498845,0.225297059008405,4.935008299013818,8.0147351773324e-7,4.968102434913744e-6,UP,ENSMUSG00000027737
ENSMUSG00000020231.16,NA,1320.6171276745802,0.6299085795401868,0.1276880672337261,4.933182819559584,8.090036726876944e-7,5.0109791715623535e-6,UP,ENSMUSG00000020231
ENSMUSG00000051379.13,NA,96.76398782166152,0.8943496669125908,0.18149095510734972,4.927791946345721,8.316410384228688e-7,5.145346106760111e-6,UP,ENSMUSG00000051379
ENSMUSG00000099875.2,Rbm3-ps,742.6420959939668,-0.5025374215671191,0.10202562966886937,-4.925599804658262,8.410196970162683e-7,5.199435691160333e-6,DOWN,ENSMUSG00000099875
ENSMUSG00000042743.14,NA,255.3185107466732,0.5023536254730451,0.10204270159369987,4.922974574636903,8.523853082468478e-7,5.2637288434465336e-6,UP,ENSMUSG00000042743
ENSMUSG00000037410.14,NA,1879.7870134801058,0.5027852356520026,0.10228645764898071,4.915462390704982,8.85731538827495e-7,5.455225219922469e-6,UP,ENSMUSG00000037410
ENSMUSG00000036504.7,Phpt1,481.4762855083295,-0.6501595834609994,0.13235393803490328,-4.912279854412377,9.002343531834946e-7,5.536204190044169e-6,DOWN,ENSMUSG00000036504
ENSMUSG00000057637.14,NA,1105.4691733817353,0.6825486054791383,0.13898523464835297,4.910943289811015,9.063930142865198e-7,5.569887297566711e-6,UP,ENSMUSG00000057637
ENSMUSG00000049686.16,NA,2034.8700339545514,0.547152907622588,0.11142527870917825,4.910491712124551,9.084829605547908e-7,5.580632271036682e-6,UP,ENSMUSG00000049686
ENSMUSG00000039840.9,Epg5,569.4051874031435,0.6225350175758305,0.12687158779447025,4.9068119064161655,9.256872871322392e-7,5.674836688214289e-6,UP,ENSMUSG00000039840
ENSMUSG00000039148.6,Sart1,1243.1683257772802,0.5980289420683136,0.1219034321439222,4.905759678384329,9.306642009441467e-7,5.699751603084685e-6,UP,ENSMUSG00000039148
ENSMUSG00000020534.15,NA,44.544384603114395,-1.6036913254603995,0.3269498922041386,-4.905006435845828,9.342427601940895e-7,5.717383810607484e-6,DOWN,ENSMUSG00000020534
ENSMUSG00000098176.3,Ccdc166,40.25250924793312,-0.9886403584672435,0.20158123846780648,-4.904426453482348,9.37007206167165e-7,5.73001114553254e-6,DOWN,ENSMUSG00000098176
ENSMUSG00000040658.8,Dnph1,159.3140373514293,-0.9486904982260771,0.1934788211505451,-4.9033299489038376,9.422551540373349e-7,5.7586237616064564e-6,DOWN,ENSMUSG00000040658
ENSMUSG00000029313.19,NA,3235.683428477417,0.6818347431611073,0.1390814199161144,4.902414309347354,9.466591397020691e-7,5.782544954248887e-6,UP,ENSMUSG00000029313
ENSMUSG00000082791.4,Gm4875,128.1204260211476,0.7631451369225789,0.15567483715598165,4.902173985625755,9.478183127741338e-7,5.787462884051547e-6,UP,ENSMUSG00000082791
ENSMUSG00000045962.17,NA,9150.43931977241,0.6859394744913463,0.14004320354993469,4.8980561505561635,9.678937929691882e-7,5.899027568931525e-6,UP,ENSMUSG00000045962
ENSMUSG00000140475.1,ENSMUSG00000140475,459.5373819778616,0.5372745871791362,0.10969709735322763,4.897801310540583,9.691495605730681e-7,5.904479581486162e-6,UP,ENSMUSG00000140475
ENSMUSG00000046794.10,NA,1438.881779695163,0.5080271698224806,0.10374909135451703,4.896690305330198,9.746425758534004e-7,5.93573306441866e-6,UP,ENSMUSG00000046794
ENSMUSG00000033253.19,NA,308.22179508869306,0.6873445739261022,0.14039353012443218,4.895842232308724,9.788557641219472e-7,5.959171813905903e-6,UP,ENSMUSG00000033253
ENSMUSG00000021277.17,NA,823.7341420792882,0.5022502834723358,0.10261762104227179,4.894386347793439,9.86129448150367e-7,6.001218153189092e-6,UP,ENSMUSG00000021277
ENSMUSG00000049532.12,NA,48.2085267906742,0.962169935251601,0.1965908750137991,4.894275663527437,9.866845562774246e-7,6.002361651250756e-6,UP,ENSMUSG00000049532
ENSMUSG00000100720.2,Gm10075,472.6413729582411,-0.5723127503948029,0.11715056081848708,-4.885275378933469,1.0328439461292609e-6,6.262191076939502e-6,DOWN,ENSMUSG00000100720
ENSMUSG00000108732.2,2310043P16Rik,285.6761061407369,0.6182200176096474,0.12664427969383463,4.8815471105699215,1.0525676987328222e-6,6.374683810109934e-6,UP,ENSMUSG00000108732
ENSMUSG00000031458.9,Coprs,262.28668225603127,-0.5950344756061772,0.121902594218776,-4.881228979740016,1.054267399322582e-6,6.382612929380342e-6,DOWN,ENSMUSG00000031458
ENSMUSG00000041936.19,NA,860.7257088503139,0.643392827164346,0.13184337314509956,4.879978506437811,1.0609740278181078e-6,6.42083726720281e-6,UP,ENSMUSG00000041936
ENSMUSG00000007817.16,NA,4823.364951804259,0.7957303036293983,0.1630749224774783,4.879538138301393,1.0633456033580694e-6,6.432808006103258e-6,UP,ENSMUSG00000007817
ENSMUSG00000020850.15,NA,6342.505645653186,0.5304103877810704,0.10872689981332039,4.878373141253574,1.0696442511893726e-6,6.468518287066772e-6,UP,ENSMUSG00000020850
ENSMUSG00000028069.17,NA,217.6991019158045,-0.5290061600453325,0.10844880665575655,-4.877934357770569,1.0720258646763226e-6,6.4805232189346045e-6,DOWN,ENSMUSG00000028069
ENSMUSG00000039783.16,NA,64.1484398161781,-1.573032461647114,0.322625295789113,-4.875725748037257,1.0840913797676258e-6,6.551037964392463e-6,DOWN,ENSMUSG00000039783
ENSMUSG00000020135.14,NA,23.139224274533817,1.236804522633196,0.25374242825803683,4.874251937777862,1.0922153113091258e-6,6.592818123581599e-6,UP,ENSMUSG00000020135
ENSMUSG00000026469.15,NA,1756.4306229046529,0.6251951477073351,0.1282746541730561,4.873879035088884,1.0942800927340473e-6,6.602843261657711e-6,UP,ENSMUSG00000026469
ENSMUSG00000087497.10,NA,36.51633966322984,-1.0138112195587197,0.20801706922397037,-4.873692449090113,1.0953146385256128e-6,6.606646893483271e-6,DOWN,ENSMUSG00000087497
ENSMUSG00000064367.1,mt-Nd5,6310.410752660716,0.6756457935763734,0.13866847356907647,4.872382136952034,1.102606362370645e-6,6.645724041043717e-6,UP,ENSMUSG00000064367
ENSMUSG00000034334.9,Fam151b,205.25408636920614,-0.6073443526340688,0.12468386217666845,-4.87107426760252,1.1099310634772659e-6,6.684942212085258e-6,DOWN,ENSMUSG00000034334
ENSMUSG00000068284.15,NA,598.2932496887987,0.773051670455115,0.15872320725521324,4.870438821287895,1.1135067502455713e-6,6.704007859857867e-6,UP,ENSMUSG00000068284
ENSMUSG00000028927.7,Padi2,421.60736695406655,0.5464587513942699,0.11220204721810616,4.870309989371453,1.1142330438729036e-6,6.705910653588543e-6,UP,ENSMUSG00000028927
ENSMUSG00000079553.13,NA,463.2653392961894,0.6165029344875138,0.12662202404084438,4.868844414370196,1.1225274210221223e-6,6.7508584341529104e-6,UP,ENSMUSG00000079553
ENSMUSG00000012483.5,Rpa3,189.85993482006464,-0.5577536552747125,0.1146645526161883,-4.864220393739792,1.1490881876099634e-6,6.902975198336076e-6,DOWN,ENSMUSG00000012483
ENSMUSG00000022184.9,Fbxo4,535.9395295439742,-0.5170333367843907,0.1064332940654132,-4.857815792740807,1.1868774904248604e-6,7.111693349884446e-6,DOWN,ENSMUSG00000022184
ENSMUSG00000035314.11,NA,645.0426404020775,0.5112809115200938,0.10528109533217234,4.8563411114497965,1.1957464509543941e-6,7.159586625384808e-6,UP,ENSMUSG00000035314
ENSMUSG00000025019.18,NA,372.47263844100644,0.7237138983940691,0.14903094991136615,4.856131554046235,1.1970119240139769e-6,7.164539329891053e-6,UP,ENSMUSG00000025019
ENSMUSG00000024592.16,NA,253.95737348802948,-0.5239687130807864,0.10798530180292537,-4.852222518551982,1.2208553106255647e-6,7.296563403102552e-6,DOWN,ENSMUSG00000024592
ENSMUSG00000032204.14,NA,493.7456456691047,0.5275385429801925,0.1088215521345888,4.847739557397059,1.2487619276656835e-6,7.452450700848215e-6,UP,ENSMUSG00000032204
ENSMUSG00000041297.9,Cdk13,1120.0081826574956,0.5364155449466613,0.11069111548490423,4.8460578122895175,1.2593883166492293e-6,7.513124607280402e-6,UP,ENSMUSG00000041297
ENSMUSG00000018909.16,NA,3404.2709705197053,0.5818957695300161,0.12011938210559697,4.844312044649642,1.2705112376148864e-6,7.571190918721448e-6,UP,ENSMUSG00000018909
ENSMUSG00000033594.12,NA,195.41659966886425,0.5618389894584368,0.11598863155309089,4.843914286558929,1.2730586851775306e-6,7.5836068760611935e-6,UP,ENSMUSG00000033594
ENSMUSG00000059273.11,NA,822.3995315376173,0.6506981284600657,0.13436970342311846,4.842595554528197,1.28153971948049e-6,7.628568191780076e-6,UP,ENSMUSG00000059273
ENSMUSG00000048612.17,NA,7644.386028868522,0.56632062658545,0.11694774038112431,4.84251020789159,1.2820904695158429e-6,7.62906837084309e-6,UP,ENSMUSG00000048612
ENSMUSG00000036256.14,NA,93.51190059361014,0.8638941751088125,0.17846589761584764,4.840668086450704,1.2940334954929292e-6,7.69733315768829e-6,UP,ENSMUSG00000036256
ENSMUSG00000083557.2,Gm6877,75.53676957129348,-0.8087777068100458,0.16712680602634,-4.839305710674435,1.3029349475909305e-6,7.741830117528662e-6,DOWN,ENSMUSG00000083557
ENSMUSG00000086320.2,Gm12840,65.65309286217952,1.2773647202175984,0.2641591013391973,4.835588528813853,1.327522752896391e-6,7.879334393189691e-6,UP,ENSMUSG00000086320
ENSMUSG00000028433.15,NA,1032.1987143793292,0.5692018460953928,0.11778429370959605,4.8325785057453645,1.3477593694929674e-6,7.99654252404067e-6,UP,ENSMUSG00000028433
ENSMUSG00000055639.17,NA,41.803275717558456,1.1291217420094635,0.2337310463192224,4.830859056983577,1.359452160738305e-6,8.062991661621312e-6,UP,ENSMUSG00000055639
ENSMUSG00000096696.2,Zfp960,288.78010035102153,-0.6316062544646979,0.13084303917958673,-4.827205623050347,1.3846213972836174e-6,8.200370057970293e-6,DOWN,ENSMUSG00000096696
ENSMUSG00000001995.10,NA,750.1816384561369,0.574851159900861,0.11910055463899857,4.826603550615459,1.3888119728020927e-6,8.222209528222748e-6,UP,ENSMUSG00000001995
ENSMUSG00000002395.15,NA,2632.857594325146,-0.5298271276966269,0.10989828236286138,-4.8210683215889345,1.4279143791497805e-6,8.447589012516218e-6,DOWN,ENSMUSG00000002395
ENSMUSG00000108596.2,Gm49368,174.76967050437042,0.7569535907490466,0.1570284507083466,4.820486907528356,1.4320825571374169e-6,8.466119883894473e-6,UP,ENSMUSG00000108596
ENSMUSG00000073125.11,NA,26.910282597080286,-1.2545710203411966,0.2602922693716953,-4.819855093543631,1.4366253186135982e-6,8.486836811730349e-6,DOWN,ENSMUSG00000073125
ENSMUSG00000013275.10,NA,407.5879553621192,0.5419425011101309,0.11244431699090647,4.819652211982919,1.438086979951986e-6,8.492402375106634e-6,UP,ENSMUSG00000013275
ENSMUSG00000058586.13,NA,752.3335344795839,-0.5189099453897099,0.10772730400382993,-4.816884170528036,1.458172760522393e-6,8.601693231143643e-6,DOWN,ENSMUSG00000058586
ENSMUSG00000018925.4,Heatr9,62.58001615729453,1.0036122510298573,0.2083628559398372,4.8166562437579605,1.4598386359267862e-6,8.608413543600017e-6,UP,ENSMUSG00000018925
ENSMUSG00000050270.13,NA,120.42819873105343,-0.586327621423881,0.12173979384501901,-4.816236358756332,1.4629122911231897e-6,8.617212364216094e-6,DOWN,ENSMUSG00000050270
ENSMUSG00000033760.18,NA,237.10113722170703,-0.5693506494855216,0.1182134799733324,-4.816292098108952,1.4625039082876507e-6,8.617212364216094e-6,DOWN,ENSMUSG00000033760
ENSMUSG00000063873.11,NA,160.8136891816635,-0.7954112193188975,0.1654598147439691,-4.807277347371077,1.529996667016122e-6,8.976785900590643e-6,DOWN,ENSMUSG00000063873
ENSMUSG00000094574.2,Gm15027,217.64860073622887,0.5737370527952185,0.11936568233216562,4.806549433518488,1.535575273156792e-6,9.00305359218828e-6,UP,ENSMUSG00000094574
ENSMUSG00000029009.18,NA,4125.074860876765,0.5341540564949393,0.11113700486832444,4.80626643778827,1.5377493783796265e-6,9.012567708495295e-6,UP,ENSMUSG00000029009
ENSMUSG00000033016.17,NA,893.9926327878155,0.5172544814971705,0.10763287422638487,4.80572952469174,1.5418823312983614e-6,9.033551465019003e-6,UP,ENSMUSG00000033016
ENSMUSG00000035725.14,NA,4045.773814909495,0.5220595883822721,0.10864218976510465,4.805311725684262,1.5451057751945765e-6,9.049193479516499e-6,UP,ENSMUSG00000035725
ENSMUSG00000102463.2,1700003N22Rik,277.0558007475336,0.5313143869833445,0.11062951860040539,4.802645746859443,1.565827676466241e-6,9.157430840614374e-6,UP,ENSMUSG00000102463
ENSMUSG00000022436.17,NA,1387.0825864772826,0.5045844527045436,0.10508671129366419,4.80160094928164,1.5740212410956512e-6,9.202056940969068e-6,UP,ENSMUSG00000022436
ENSMUSG00000083465.2,Gm11652,214.83879886440494,-0.5732999645269667,0.11942834153986519,-4.800367794905694,1.5837449833670854e-6,9.255593671118476e-6,DOWN,ENSMUSG00000083465
ENSMUSG00000037224.16,NA,90.4122078341749,-0.8831991947541542,0.1840322178712608,-4.7991553053606815,1.5933620645500288e-6,9.308469016131083e-6,DOWN,ENSMUSG00000037224
ENSMUSG00000068966.11,NA,461.04543249274,0.5898398723974957,0.12293100126710957,4.798137705849049,1.6014766445734553e-6,9.352532058662986e-6,UP,ENSMUSG00000068966
ENSMUSG00000003316.15,NA,6239.4413941928815,0.6426355369474113,0.13393965797369936,4.797948170612773,1.6029924256851856e-6,9.358040782232157e-6,UP,ENSMUSG00000003316
ENSMUSG00000027806.10,NA,490.8590989519572,0.5325600825197312,0.11103247446112274,4.7964353231288515,1.6151407422080044e-6,9.425585649265632e-6,UP,ENSMUSG00000027806
ENSMUSG00000035569.18,NA,1517.550338949567,0.6372116967432002,0.1328750698332967,4.795569985721457,1.6221292243066706e-6,9.449509729336008e-6,UP,ENSMUSG00000035569
ENSMUSG00000028467.16,NA,428.0386440778123,0.5021749825882046,0.10474863408147506,4.794095760691308,1.6341020852935778e-6,9.512476027852144e-6,UP,ENSMUSG00000028467
ENSMUSG00000031144.16,NA,119.1729166285833,-0.6628996757978908,0.13831761629850742,-4.792590369452775,1.6464156962729667e-6,9.580054693525257e-6,DOWN,ENSMUSG00000031144
ENSMUSG00000040557.15,NA,130.40908392964707,0.6400034451824905,0.13355534242423117,4.792046754292725,1.6508841711863045e-6,9.596498101782123e-6,UP,ENSMUSG00000040557
ENSMUSG00000027956.12,NA,147.48706206761713,-0.6988417661212407,0.14595864257412805,-4.787943720196766,1.6849888347049443e-6,9.773891941833576e-6,DOWN,ENSMUSG00000027956
ENSMUSG00000025466.20,NA,156.09170068606278,-0.5556783581213103,0.1160614566021807,-4.7877941083058015,1.6862451262012858e-6,9.774242139321353e-6,DOWN,ENSMUSG00000025466
ENSMUSG00000031529.6,Tnks,1461.15628046613,0.7108032630259539,0.1484790830719505,4.787228263536019,1.6910046723813086e-6,9.798356035003498e-6,UP,ENSMUSG00000031529
ENSMUSG00000020399.15,NA,619.1878150762053,0.5986504733009302,0.1251090078035531,4.7850309407052025,1.7096099457057304e-6,9.902652080973022e-6,UP,ENSMUSG00000020399
ENSMUSG00000024074.9,Crim1,294.71262655491176,0.6241274684066883,0.13049920479819796,4.782615107669275,1.730292433333823e-6,1.0015354148468369e-5,UP,ENSMUSG00000024074
ENSMUSG00000020319.10,NA,148.7621156351274,-0.5675180482821435,0.11866562382304113,-4.782497491678372,1.7313054843266812e-6,1.001767060063856e-5,DOWN,ENSMUSG00000020319
ENSMUSG00000117621.2,Hspe1-rs1,813.1021027337747,-0.6002059602287306,0.12554963228098825,-4.780626986508655,1.7474933545165912e-6,1.0093472216582402e-5,DOWN,ENSMUSG00000117621
ENSMUSG00000014444.18,NA,5038.289065366093,0.5684221436044011,0.11894681534147045,4.778792454195472,1.7635111343062489e-6,1.0171613620808026e-5,UP,ENSMUSG00000014444
ENSMUSG00000022240.11,NA,553.4886181062973,0.5617777959007446,0.11760902995394777,4.77665529696759,1.7823491547424382e-6,1.0265778464911872e-5,UP,ENSMUSG00000022240
ENSMUSG00000028128.14,NA,65.62269839901305,1.7239126526133126,0.36101722682999465,4.7751534400465445,1.7957028384012875e-6,1.0330567687791894e-5,UP,ENSMUSG00000028128
ENSMUSG00000031714.11,NA,753.6900634344852,0.5005435989045117,0.10482355675858912,4.7751060389724636,1.7961258637406437e-6,1.0330567687791894e-5,UP,ENSMUSG00000031714
ENSMUSG00000054199.19,NA,1186.7893711739641,0.5749094130139052,0.12042237180275119,4.774108036632864,1.8050546839325724e-6,1.0378270792670357e-5,UP,ENSMUSG00000054199
ENSMUSG00000022452.17,NA,4121.300544418621,-0.5130200323797635,0.10751315011123004,-4.7716956655907445,1.826813925028392e-6,1.0499683691460653e-5,DOWN,ENSMUSG00000022452
ENSMUSG00000035642.17,NA,172.19069482637275,-0.5356568614268593,0.11236678035162126,-4.767039330936305,1.8695282467903068e-6,1.0733863267310977e-5,DOWN,ENSMUSG00000035642
ENSMUSG00000004038.10,NA,193.13983476414748,0.8164402461747651,0.17127252222772665,4.766907356506453,1.8707527738586638e-6,1.0737122486479536e-5,UP,ENSMUSG00000004038
ENSMUSG00000032741.10,NA,1783.7181219921943,0.5010849114298196,0.10515080709315583,4.76539291786791,1.8848597939199207e-6,1.0806705784431786e-5,UP,ENSMUSG00000032741
ENSMUSG00000026281.16,NA,472.42272990874346,-0.6026030072540955,0.1264846442001553,-4.76423846597938,1.895682126141785e-6,1.0861135658574699e-5,DOWN,ENSMUSG00000026281
ENSMUSG00000026779.7,Mastl,277.3012078652064,0.6857128559500665,0.14395499527975478,4.7633835464860885,1.9037349614373972e-6,1.090091994742795e-5,UP,ENSMUSG00000026779
ENSMUSG00000082674.2,Gm11914,58.19288991387273,0.9879275448407815,0.20740568923187785,4.763261550343909,1.9048867690120403e-6,1.0902408657657847e-5,UP,ENSMUSG00000082674
ENSMUSG00000027379.15,NA,548.7169209180944,0.5921019228202697,0.12435639461947098,4.761330727157974,1.9232057319516193e-6,1.099570510475032e-5,UP,ENSMUSG00000027379
ENSMUSG00000054702.15,NA,204.67189142583342,0.5743222141734166,0.12064847394139736,4.760294062669888,1.9331109449263975e-6,1.1044610802435126e-5,UP,ENSMUSG00000054702
ENSMUSG00000027316.16,NA,67.32655823984683,-0.9439519905966479,0.19833783965986776,-4.759313665085008,1.9425236141407747e-6,1.1094511179855033e-5,DOWN,ENSMUSG00000027316
ENSMUSG00000002496.11,NA,1247.9946428173946,0.5321266945974248,0.11183503238622353,4.75813958509637,1.9538537464741625e-6,1.1147536942361836e-5,UP,ENSMUSG00000002496
ENSMUSG00000017607.10,NA,67.5165771622667,-0.9780114424750151,0.20557242290668917,-4.75750311567297,1.9600223264932156e-6,1.1178829361080985e-5,DOWN,ENSMUSG00000017607
ENSMUSG00000085829.4,Gm4285,42.421819103311,-1.0710593526374703,0.2251835490835012,-4.756383656784389,1.970917398506702e-6,1.123312963597997e-5,DOWN,ENSMUSG00000085829
ENSMUSG00000044791.18,NA,1236.145674280947,0.52488326888861,0.1103589740911952,4.756144873681704,1.973248858591328e-6,1.1242497679516854e-5,UP,ENSMUSG00000044791
ENSMUSG00000028980.15,NA,1983.541993467307,0.5147874271279637,0.10825085132605615,4.755504652590695,1.9795130109300124e-6,1.1274257727059924e-5,UP,ENSMUSG00000028980
ENSMUSG00000029550.12,NA,1162.1719961492902,0.5105209271404751,0.10736798139610708,4.75487124282459,1.9857293156338246e-6,1.1302007763841717e-5,UP,ENSMUSG00000029550
ENSMUSG00000070605.5,Zfp992,1534.6484625485657,-0.5361083958068957,0.11275317452097476,-4.754707777271201,1.987336613770769e-6,1.1306997664008696e-5,DOWN,ENSMUSG00000070605
ENSMUSG00000038046.5,Mrm3,90.03839939350328,-0.6721256729213397,0.1413931666491395,-4.753593747491263,1.9983237973048626e-6,1.1357649788159e-5,DOWN,ENSMUSG00000038046
ENSMUSG00000039680.11,NA,275.9571025507558,-0.5088087092480921,0.10704086139842263,-4.753406340352844,2.0001778355309873e-6,1.1364235974831253e-5,DOWN,ENSMUSG00000039680
ENSMUSG00000066640.12,NA,251.5993957962186,0.5403055239188362,0.11370412519414824,4.751855071188244,2.0155882796468682e-6,1.143589240510507e-5,UP,ENSMUSG00000066640
ENSMUSG00000026399.13,NA,126.25149328339518,-0.7754340589002638,0.16320661578950635,-4.751241578958846,2.0217141823153237e-6,1.1466668988246456e-5,DOWN,ENSMUSG00000026399
ENSMUSG00000039033.12,NA,94.94346495949641,-0.7084831106764825,0.1491414643066809,-4.750410048406273,2.030045816634269e-6,1.150993025275885e-5,DOWN,ENSMUSG00000039033
ENSMUSG00000022812.15,NA,1786.3737349409757,0.5434143187196852,0.11440291661231902,4.750004062931117,2.0341256164484373e-6,1.1529062873254562e-5,UP,ENSMUSG00000022812
ENSMUSG00000044340.8,Phlpp1,378.3798771369019,0.7653986708951123,0.1611667608122499,4.74910997179349,2.043138241946934e-6,1.1576130919537115e-5,UP,ENSMUSG00000044340
ENSMUSG00000060166.7,Zdhhc8,447.72910392370085,0.5261121495254321,0.11078690516530271,4.748865840601213,2.045605794196788e-6,1.1586095742183195e-5,UP,ENSMUSG00000060166
ENSMUSG00000071654.7,Uqcc3,827.0357539061288,-0.5198950959357285,0.10949335989074813,-4.748188350914402,2.0524685142961708e-6,1.1612893850704469e-5,DOWN,ENSMUSG00000071654
ENSMUSG00000022018.8,Rgcc,113.56562779928394,0.831759173916728,0.17518019501272905,4.74802059591434,2.0541712232557456e-6,1.1618506164476961e-5,UP,ENSMUSG00000022018
ENSMUSG00000030871.12,NA,104.68713067543071,-0.6587758637218762,0.13876904885697725,-4.74728240301514,2.0616799972802115e-6,1.1656942661896346e-5,DOWN,ENSMUSG00000030871
ENSMUSG00000097958.2,Gm8492,22.27227792186756,1.2786079947400542,0.26956728037008687,4.743186906751676,2.103819945342836e-6,1.1870569840032448e-5,UP,ENSMUSG00000097958
ENSMUSG00000083649.6,Rasl2-9,17.845041293467833,-1.2780812955773146,0.2694718557704582,-4.7429119895400556,2.106678096490552e-6,1.187514343417214e-5,DOWN,ENSMUSG00000083649
ENSMUSG00000032308.10,NA,300.7929098759313,0.5164302090296715,0.10888491932849134,4.742899312545479,2.1068099815917783e-6,1.187514343417214e-5,UP,ENSMUSG00000032308
ENSMUSG00000056724.16,NA,1143.5058234012492,0.6835033306406992,0.1441094771246851,4.742945046211809,2.106334228732954e-6,1.187514343417214e-5,UP,ENSMUSG00000056724
ENSMUSG00000029165.18,NA,92.12251665777671,0.6826956080206997,0.1439449684537463,4.742754229996373,2.1083199125679763e-6,1.1879557838964543e-5,UP,ENSMUSG00000029165
ENSMUSG00000020272.9,Stk10,1451.2003083339816,0.6647967940628218,0.14017527977108943,4.7426107880680215,2.109813790722497e-6,1.1879785126817065e-5,UP,ENSMUSG00000020272
ENSMUSG00000080223.3,Gm13768,291.6312967221756,0.6361278361274157,0.13417489602483104,4.741034686620446,2.126295221711113e-6,1.19684647706921e-5,UP,ENSMUSG00000080223
ENSMUSG00000096726.3,Gm5558,1597.5855438418985,-0.5467388416301959,0.11547492003422216,-4.73469772889355,2.1938180534807397e-6,1.2327311757372353e-5,DOWN,ENSMUSG00000096726
ENSMUSG00000085547.5,Gm13767,386.39159102304274,0.6350894618739003,0.13418012782812122,4.733111170436666,2.211043073159511e-6,1.2407040876713137e-5,UP,ENSMUSG00000085547
ENSMUSG00000019194.16,NA,549.4760731286399,0.5831745136175519,0.12321719689993622,4.732898721037645,2.21335943989574e-6,1.2415776734569583e-5,UP,ENSMUSG00000019194
ENSMUSG00000067629.14,NA,46.57278806847088,1.0755949296796186,0.227360299417533,4.730794832849669,2.2364246019045406e-6,1.253655574167751e-5,UP,ENSMUSG00000067629
ENSMUSG00000038872.11,NA,180.41643012980157,0.7308004177767798,0.15447979030586934,4.730718602930507,2.237264637002387e-6,1.2536965291889276e-5,UP,ENSMUSG00000038872
ENSMUSG00000069833.14,NA,13774.729939327026,0.8437425903340864,0.17845050774434287,4.728160210913349,2.2656338759848707e-6,1.2691587161360075e-5,UP,ENSMUSG00000069833
ENSMUSG00000036353.14,NA,239.50516953267905,-0.7414245568263642,0.15694184888564583,-4.724199199198909,2.3102388477639605e-6,1.292373860559538e-5,DOWN,ENSMUSG00000036353
ENSMUSG00000037890.14,NA,307.25324487308967,0.5396006832034819,0.1142551792853724,4.722767813052346,2.3265641488193602e-6,1.3010611555457155e-5,UP,ENSMUSG00000037890
ENSMUSG00000035351.17,NA,424.392308404122,-0.5192695969667859,0.10999620940018288,-4.7207953782989405,2.3492418164133093e-6,1.3119476163680203e-5,DOWN,ENSMUSG00000035351
ENSMUSG00000029095.18,NA,29.306347430267017,1.1461712198014704,0.24283666248949307,4.7199265879017025,2.359297747179869e-6,1.3167828797213159e-5,UP,ENSMUSG00000029095
ENSMUSG00000083500.2,Gm15470,122.52315621232638,-0.9214336830477967,0.1952441449235143,-4.719392140587687,2.3655042965051395e-6,1.3192266540659505e-5,DOWN,ENSMUSG00000083500
ENSMUSG00000004508.7,Gab2,2558.8170429718652,0.5289357620978099,0.11209748160941778,4.718533855566759,2.375504394846597e-6,1.324351802120139e-5,UP,ENSMUSG00000004508
ENSMUSG00000046169.11,NA,45.40697374468031,0.8318741070572186,0.17642355082238534,4.715210090600144,2.4146147217622624e-6,1.3456969738126813e-5,UP,ENSMUSG00000046169
ENSMUSG00000001039.13,NA,46.98103546119433,-0.874507697425058,0.18549217847837496,-4.714525995644662,2.4227407375470935e-6,1.3497655111092294e-5,DOWN,ENSMUSG00000001039
ENSMUSG00000020715.10,NA,1258.834907009364,0.5790726232259186,0.12290717529125998,4.7114631172155566,2.4594461341011124e-6,1.3692815568125608e-5,UP,ENSMUSG00000020715
ENSMUSG00000089756.3,Zfp966,115.93810587234798,-0.6677769191340328,0.1418241692662462,-4.708484615766842,2.49565197399164e-6,1.3884930962174046e-5,DOWN,ENSMUSG00000089756
ENSMUSG00000078867.11,NA,98.87303715675677,-0.6793270372962049,0.14430758310675237,-4.707493692785838,2.5078103785851406e-6,1.3938343573054304e-5,DOWN,ENSMUSG00000078867
ENSMUSG00000040586.9,Ofd1,166.42836578580543,-0.5473372747619719,0.1163249251809219,-4.7052450187325725,2.5356123835128586e-6,1.4083289167822354e-5,DOWN,ENSMUSG00000040586
ENSMUSG00000030084.13,NA,7989.910280814148,0.6633134965991788,0.1409986864015149,4.704394867270566,2.546200303622825e-6,1.4132492415286483e-5,UP,ENSMUSG00000030084
ENSMUSG00000101751.2,Gm2427,304.28874469390354,0.5602159655007898,0.1191562929284355,4.701522275766433,2.5822908655563766e-6,1.4303668752417667e-5,UP,ENSMUSG00000101751
ENSMUSG00000020802.9,Ube2o,551.1814232132779,0.5509938053998715,0.11727986312311131,4.698110917996902,2.6257882928449643e-6,1.4529835963047999e-5,UP,ENSMUSG00000020802
ENSMUSG00000028555.16,NA,37.463747808240605,-1.2137604623754017,0.2584798041060182,-4.695765174278627,2.656105426858577e-6,1.4687651998454094e-5,DOWN,ENSMUSG00000028555
ENSMUSG00000097111.2,Peak1os,161.01608950132749,-0.6747828459442636,0.14371908285321253,-4.695151350453948,2.6640939672721007e-6,1.472186612205198e-5,DOWN,ENSMUSG00000097111
ENSMUSG00000040761.17,NA,1572.7516979165334,0.8725523391995634,0.18586829685982775,4.694465672419634,2.673044911605371e-6,1.4766337318385062e-5,UP,ENSMUSG00000040761
ENSMUSG00000038893.13,NA,296.0918476664878,0.5370191836166706,0.1144008589013684,4.694188389613979,2.6766727928585773e-6,1.478138292975213e-5,UP,ENSMUSG00000038893
ENSMUSG00000029798.12,NA,3992.978348704159,0.5253983614785357,0.1119297828586204,4.6939996492459155,2.679144915084791e-6,1.479003808915096e-5,UP,ENSMUSG00000029798
ENSMUSG00000033970.16,NA,441.1477667877425,-0.5201285791356621,0.11082330909766729,-4.693313918981421,2.6881450690533763e-6,1.483471279498531e-5,DOWN,ENSMUSG00000033970
ENSMUSG00000029684.15,NA,402.39853503881955,0.5621390816645042,0.11985380968076996,4.690206203388603,2.729298584165028e-6,1.504658167175769e-5,UP,ENSMUSG00000029684
ENSMUSG00000040302.18,NA,120.50319579529261,-0.6698692551254521,0.14283405877411795,-4.68984261089159,2.7341527307178183e-6,1.5068260464030161e-5,DOWN,ENSMUSG00000040302
ENSMUSG00000071456.9,1110002L01Rik,185.9629753905921,-0.603082746004908,0.12860014384914611,-4.689596200703724,2.73744714207451e-6,1.5076250331654293e-5,DOWN,ENSMUSG00000071456
ENSMUSG00000051495.9,Irf2bp2,2899.4518816415703,0.5937805995518227,0.12673953800520915,4.685046268098418,2.7989669706034716e-6,1.5399499865864808e-5,UP,ENSMUSG00000051495
ENSMUSG00000036009.17,NA,163.18066839024482,-0.5726463587880923,0.12234486283386771,-4.680591775771491,2.860480221362148e-6,1.5711495194350022e-5,DOWN,ENSMUSG00000036009
ENSMUSG00000061028.8,Clasrp,242.41044565828628,0.5850146150275379,0.12500957972300306,4.679758273916421,2.872133427273576e-6,1.5770202553649268e-5,UP,ENSMUSG00000061028
ENSMUSG00000056071.13,NA,359.0872758725481,-0.9016837061539733,0.19268297421010486,-4.679623147039249,2.874026924563962e-6,1.577530023805323e-5,DOWN,ENSMUSG00000056071
ENSMUSG00000061039.6,Or8b53,19.888863119964977,1.4189361746190858,0.30343190290480104,4.676291981941873,2.921086176876601e-6,1.6017468851803057e-5,UP,ENSMUSG00000061039
ENSMUSG00000001228.15,NA,466.6710624054747,0.6024031762729185,0.12885334262624887,4.675107094584617,2.9380026020309616e-6,1.6099426930203852e-5,UP,ENSMUSG00000001228
ENSMUSG00000024867.15,NA,24.108537592950544,1.2009076408289832,0.25692273131227905,4.674197704092322,2.95104951698671e-6,1.6165501140973447e-5,UP,ENSMUSG00000024867
ENSMUSG00000112140.2,Gm5780,32.31801620334079,1.1535457479586733,0.24687219074100483,4.672643542783097,2.973475655806678e-6,1.6282892150692116e-5,UP,ENSMUSG00000112140
ENSMUSG00000024664.6,Fads3,162.2331700511185,0.5321345013527042,0.11389378482609525,4.672199647814162,2.9799109032513794e-6,1.631266698745715e-5,UP,ENSMUSG00000024664
ENSMUSG00000032024.11,NA,130.57095341224553,0.6322025400978181,0.1353141035915653,4.6721112087921775,2.981194619328947e-6,1.631423074909641e-5,UP,ENSMUSG00000032024
ENSMUSG00000037989.17,NA,98.90733004110312,0.782820247427816,0.16773843303962677,4.666910458397339,3.057624968735676e-6,1.6665534424459273e-5,UP,ENSMUSG00000037989
ENSMUSG00000040524.10,NA,460.66745747371107,0.7956496904635451,0.170511543748826,4.666251169689637,3.067447094716157e-6,1.67079274276009e-5,UP,ENSMUSG00000040524
ENSMUSG00000051378.11,NA,146.77179155844854,1.8549132514519573,0.3979549909773423,4.661113174875515,3.145037146210035e-6,1.7085004051827596e-5,UP,ENSMUSG00000051378
ENSMUSG00000068205.15,NA,19.762595006500995,-1.4866715124953906,0.31904695935142946,-4.659726315892657,3.166300949046718e-6,1.7194802429607195e-5,DOWN,ENSMUSG00000068205
ENSMUSG00000018427.9,Ypel2,332.76248795413085,0.6073858727070137,0.1303558195177982,4.659445776596756,3.1706190112629633e-6,1.7207255083956843e-5,UP,ENSMUSG00000018427
ENSMUSG00000020882.19,NA,99.79646161258052,0.6789985432754374,0.14576144173427577,4.65828641097868,3.1885239521066306e-6,1.729824511156156e-5,UP,ENSMUSG00000020882
ENSMUSG00000096916.8,Zfp850,103.51409307245113,-0.6501788542619165,0.13961811988771133,-4.656837198386761,3.2110416236481824e-6,1.7414627199785397e-5,DOWN,ENSMUSG00000096916
ENSMUSG00000035595.7,Fam174c,311.8375184975936,-0.6475136214258457,0.13905051104154645,-4.656679192156131,3.2135059043733713e-6,1.742221144706041e-5,DOWN,ENSMUSG00000035595
ENSMUSG00000026228.7,Htr2b,117.87074214907507,-0.8379626728193678,0.18026601778221177,-4.648478305166488,3.343927842588342e-6,1.806760307625514e-5,DOWN,ENSMUSG00000026228
ENSMUSG00000105504.5,Gbp5,8666.75966391596,0.6567924087174907,0.14129337593417335,4.648430291760325,3.3447061610637495e-6,1.806760307625514e-5,UP,ENSMUSG00000105504
ENSMUSG00000096935.8,1700113A16Rik,15.756423406692303,-1.5097081516715294,0.3248071819653582,-4.648013453817486,3.3514705931288815e-6,1.8092185705179887e-5,DOWN,ENSMUSG00000096935
ENSMUSG00000039153.18,NA,67.67721731229342,0.8660231280679448,0.1863410522443645,4.647516570488486,3.3595511402415977e-6,1.8117856462682004e-5,UP,ENSMUSG00000039153
ENSMUSG00000024913.17,NA,704.6124792602375,0.6272130463957662,0.13501017390242995,4.645672457610822,3.3897046151561203e-6,1.8268417949008226e-5,UP,ENSMUSG00000024913
ENSMUSG00000082693.4,Gm15190,160.0815510665471,-0.5795556084237675,0.12480564628601253,-4.643664975666415,3.4228243753481675e-6,1.8440832972788777e-5,DOWN,ENSMUSG00000082693
ENSMUSG00000024769.8,Cdc42bpg,376.7612846029268,0.5847126678800226,0.12594665031886632,4.6425424288750214,3.441479377358921e-6,1.852912447375129e-5,UP,ENSMUSG00000024769
ENSMUSG00000063320.12,NA,103.32239472166673,-0.7024513395985168,0.15140681992012847,-4.639496027781843,3.4925984839467265e-6,1.87734346657656e-5,DOWN,ENSMUSG00000063320
ENSMUSG00000111535.4,Gm35154,86.39159840327335,-0.6319355738422612,0.1364394266917599,-4.631619973527975,3.6281565690760663e-6,1.9457298975760294e-5,DOWN,ENSMUSG00000111535
ENSMUSG00000083854.4,Dnajc19-ps,201.9952903087978,-0.6163124323047758,0.13308129168832072,-4.631097462956649,3.637325929949484e-6,1.950007532008995e-5,DOWN,ENSMUSG00000083854
ENSMUSG00000034258.5,Flvcr2,27.61922026564749,1.7187000023368664,0.37135743181826925,4.6281556664199055,3.689366622979772e-6,1.975962870879009e-5,UP,ENSMUSG00000034258
ENSMUSG00000047415.13,NA,202.12514061620772,0.9158077655871107,0.1979495934953402,4.626469544170441,3.7195153293341652e-6,1.9901537667200087e-5,UP,ENSMUSG00000047415
ENSMUSG00000021366.9,Hivep1,822.2794008929047,0.8264685780926405,0.17867007293419493,4.625668778884044,3.733915994623786e-6,1.9972051979096992e-5,UP,ENSMUSG00000021366
ENSMUSG00000123896.1,ENSMUSG00000123896,22.11745224256844,1.312578569064015,0.28377405130540395,4.625435493576503,3.7381213545747237e-6,1.998800512328375e-5,UP,ENSMUSG00000123896
ENSMUSG00000026944.19,NA,499.61247606247184,0.6334708633505863,0.1369580080362497,4.625292616572818,3.7406991943937067e-6,1.9995248211759164e-5,UP,ENSMUSG00000026944
ENSMUSG00000044636.7,Csrnp2,96.61259241805082,0.6480688126666312,0.14011730400151146,4.625187568978921,3.7425955889859777e-6,1.9998845210057143e-5,UP,ENSMUSG00000044636
ENSMUSG00000002489.17,NA,466.3483494363715,0.716159483738705,0.15490081881920031,4.623342143688754,3.7760612251940586e-6,2.0164487679523713e-5,UP,ENSMUSG00000002489
ENSMUSG00000100691.4,2010320M18Rik,105.43332280193569,-0.6044133410256477,0.1307934916987451,-4.621127039086813,3.816609639968116e-6,2.0374363545042074e-5,DOWN,ENSMUSG00000100691
ENSMUSG00000020389.20,NA,117.66324703981672,0.5515387631317925,0.11937317751980059,4.620290542574424,3.832030359140351e-6,2.0448746328182894e-5,UP,ENSMUSG00000020389
ENSMUSG00000044250.9,Pced1b,288.5267231800512,0.5056710762171814,0.10963080343236528,4.612490836383826,3.978720907608596e-6,2.117062889185225e-5,UP,ENSMUSG00000044250
ENSMUSG00000054519.9,Zfp867,100.54346492408479,-0.6184007782441364,0.13418747703703152,-4.608483532881964,4.056164922816139e-6,2.15406341222718e-5,DOWN,ENSMUSG00000054519
ENSMUSG00000059839.10,NA,255.9634429583441,-0.6640890487734568,0.14417554963746554,-4.606114215921714,4.1026310773765615e-6,2.177324921779132e-5,DOWN,ENSMUSG00000059839
ENSMUSG00000001151.11,NA,280.1175940865526,0.7536779663245216,0.16363826845088553,4.605756180747726,4.109696944485292e-6,2.1803669670417583e-5,UP,ENSMUSG00000001151
ENSMUSG00000036568.8,Bicral,372.6862271346571,0.675978466103343,0.14685474012824312,4.6030415192116685,4.16365183325951e-6,2.206128131813937e-5,UP,ENSMUSG00000036568
ENSMUSG00000098912.10,NA,77.92038905193125,0.6809164864380639,0.14798109111296862,4.601374954846447,4.1971109886622735e-6,2.2216961211358004e-5,UP,ENSMUSG00000098912
ENSMUSG00000058230.14,NA,470.7662306935378,0.6554550541964279,0.14246190923338728,4.600914431959724,4.206402120821072e-6,2.2258934628339673e-5,UP,ENSMUSG00000058230
ENSMUSG00000051748.3,Wfdc21,361.01195216591606,-0.8623388205351424,0.18777613407691077,-4.59237711317424,4.3822556019039296e-6,2.310720969958762e-5,DOWN,ENSMUSG00000051748
ENSMUSG00000041977.19,NA,1077.104270331209,0.5828026459752196,0.12694239757645057,4.591079553418935,4.409592065122672e-6,2.324385420718968e-5,UP,ENSMUSG00000041977
ENSMUSG00000086290.12,NA,102.46746948633987,-0.8176840411357579,0.17816459586454245,-4.589486688800049,4.443373311360818e-6,2.3397251442074633e-5,DOWN,ENSMUSG00000086290
ENSMUSG00000032012.10,NA,10.722656167744836,1.8654435951991244,0.40645951517430856,4.58949421912078,4.443213027635736e-6,2.3397251442074633e-5,UP,ENSMUSG00000032012
ENSMUSG00000066306.14,NA,1783.6127582766287,0.5470042807946209,0.11919907348106194,4.588997756610311,4.453792152815734e-6,2.343730107845771e-5,UP,ENSMUSG00000066306
ENSMUSG00000045639.15,NA,177.14170583736637,0.5653753495718039,0.12320374538445784,4.588946121788323,4.454893824224159e-6,2.343730107845771e-5,UP,ENSMUSG00000045639
ENSMUSG00000037111.10,NA,1060.3871775636624,0.6107354719047183,0.1330906668374538,4.588867772753903,4.4565659639694835e-6,2.343855445529124e-5,UP,ENSMUSG00000037111
ENSMUSG00000029714.12,NA,555.8948652855909,0.6057975170068519,0.13203599515444622,4.588123990721117,4.472469877063075e-6,2.3514632554027992e-5,UP,ENSMUSG00000029714
ENSMUSG00000007950.10,NA,503.3984956571738,0.5620743021917308,0.12252318139193052,4.587493532295347,4.485993214026749e-6,2.3547862901888645e-5,UP,ENSMUSG00000007950
ENSMUSG00000035342.15,NA,136.74681192088022,0.7568909743761132,0.165048248424479,4.585877048688846,4.5208460178045995e-6,2.370036850770814e-5,UP,ENSMUSG00000035342
ENSMUSG00000086564.10,NA,16.082953252946226,-1.947389006581889,0.4247201242328376,-4.585111219063175,4.5374483954048575e-6,2.3760764513745912e-5,DOWN,ENSMUSG00000086564
ENSMUSG00000037896.18,NA,1270.6516018432555,0.5243903979517553,0.11437059730990547,4.5850105733979465,4.539634624766211e-6,2.3760764513745912e-5,UP,ENSMUSG00000037896
ENSMUSG00000098985.2,Gm27219,54.11733053206869,-1.0144449574801075,0.2215324628485803,-4.579215815306902,4.667224401802775e-6,2.4350606470433503e-5,DOWN,ENSMUSG00000098985
ENSMUSG00000034863.10,NA,322.4895294097906,0.578600082443909,0.12638710054423363,4.577999494825087,4.694438270158139e-6,2.4484775993619956e-5,UP,ENSMUSG00000034863
ENSMUSG00000046138.16,NA,440.18939777887135,0.764774859226668,0.16712054537127777,4.5761869525235905,4.735274153694964e-6,2.4682012537084782e-5,UP,ENSMUSG00000046138
ENSMUSG00000030213.13,NA,966.8003371117228,0.5520305412745623,0.12064821217706041,4.575538512451519,4.749965725632633e-6,2.473489054640553e-5,UP,ENSMUSG00000030213
ENSMUSG00000052911.10,NA,85.54179071495152,0.7583842134583784,0.16574993535460913,4.575472152286962,4.751471694341941e-6,2.473489054640553e-5,UP,ENSMUSG00000052911
ENSMUSG00000002980.15,NA,46.07038427191523,0.8963444830398013,0.196131813758074,4.57011264957469,4.874621193431143e-6,2.5343688940148048e-5,UP,ENSMUSG00000002980
ENSMUSG00000039967.15,NA,857.5218007330932,0.7612503053493509,0.1666072094869496,4.569131838253253,4.897486507787652e-6,2.5446380946057522e-5,UP,ENSMUSG00000039967
ENSMUSG00000040139.15,NA,226.8947750464667,-0.5385097687148284,0.11785995616515998,-4.569064729331832,4.899054743690443e-6,2.544644068648363e-5,DOWN,ENSMUSG00000040139
ENSMUSG00000121798.2,ENSMUSG00000121798,107.66814048691984,-0.9308210829835117,0.20372694451530193,-4.5689640376145615,4.90140866189628e-6,2.545058004680959e-5,DOWN,ENSMUSG00000121798
ENSMUSG00000041570.15,NA,545.2159554056484,0.6236576089891318,0.1365036571187379,4.568797804784397,4.9052971363528545e-6,2.545652382475712e-5,UP,ENSMUSG00000041570
ENSMUSG00000004187.12,NA,21.88779437970157,1.1403411001452666,0.24967611145441818,4.567281561309687,4.940901340081603e-6,2.562308797746633e-5,UP,ENSMUSG00000004187
ENSMUSG00000022893.15,NA,12.863618723808859,2.15065140526969,0.471098539678709,4.565183765452643,4.990569777966973e-6,2.585605502080765e-5,UP,ENSMUSG00000022893
ENSMUSG00000049097.10,NA,16.026759834440693,1.400117792151571,0.30674144482909443,4.564488482903468,5.007136868243827e-6,2.5925454307353056e-5,UP,ENSMUSG00000049097
ENSMUSG00000028318.15,NA,269.16335544538424,-0.5439486078974509,0.11920189489834059,-4.56325470632282,5.036664850152556e-6,2.607008348340522e-5,DOWN,ENSMUSG00000028318
ENSMUSG00000025060.16,NA,1815.216411891704,0.5226430765029811,0.11466059977693667,4.558174974836542,5.160004134587176e-6,2.6649424197144386e-5,UP,ENSMUSG00000025060
ENSMUSG00000036391.17,NA,693.5787883386531,0.5344560956729694,0.11742490533223622,4.551471377905783,5.32720457460373e-6,2.7460891194094153e-5,UP,ENSMUSG00000036391
ENSMUSG00000018428.16,NA,254.08602379942832,-0.6288039229142011,0.13825275631017264,-4.5482197946453065,5.4101615819317716e-6,2.7862161694472826e-5,DOWN,ENSMUSG00000018428
ENSMUSG00000120144.1,Gm56517,1665.6996081197142,0.6783800171013039,0.14915511119388963,4.548151328313949,5.4119215753875945e-6,2.7862447266546653e-5,UP,ENSMUSG00000120144
ENSMUSG00000033066.18,NA,6186.834000340934,0.6139949739924524,0.135014449269883,4.5476241788397465,5.425490833283815e-6,2.7923511700521802e-5,UP,ENSMUSG00000033066
ENSMUSG00000079671.11,NA,103.49645735361675,-0.5392049092289862,0.11859946606531127,-4.546436228743667,5.4561891474076686e-6,2.8063835054602186e-5,DOWN,ENSMUSG00000079671
ENSMUSG00000019820.12,NA,638.556103647158,0.8002275978020955,0.17607569329410044,4.544793110457727,5.498923832396638e-6,2.8248085783895485e-05,UP,ENSMUSG00000019820
ENSMUSG00000061143.16,NA,76.71931848986725,0.6281378446603254,0.13833300273965296,4.540766355245686,5.605011893565173e-6,2.877497626011819e-5,UP,ENSMUSG00000061143
ENSMUSG00000045414.8,Dipk2a,840.4745980069281,0.5396857477669558,0.11888622680984454,4.539514477401736,5.638390917782695e-6,2.8919089407617176e-5,UP,ENSMUSG00000045414
ENSMUSG00000056019.13,NA,254.0567448855572,-0.5069083183994048,0.11167886970453217,-4.538981454061344,5.65266068794543e-6,2.897409583103042e-5,DOWN,ENSMUSG00000056019
ENSMUSG00000031150.14,NA,57.42203001531046,0.9029171097528944,0.19895607488299652,4.538273637956962,5.671663341974607e-6,2.9062385262669884e-5,UP,ENSMUSG00000031150
ENSMUSG00000098091.2,Gm16470,78.11350977559891,0.6752543694762609,0.148966109384259,4.532939554287735,5.816846473574614e-6,2.9768995759878094e-5,UP,ENSMUSG00000098091
ENSMUSG00000030956.16,NA,1018.9637932411614,0.5057855473869934,0.11158351031547858,4.532798313630685,5.820738690034584e-6,2.9770273663111796e-5,UP,ENSMUSG00000030956
ENSMUSG00000115801.3,Gm55330,254.76809299434146,0.8585959924824164,0.18963021899058932,4.52773823208539,5.961837061981484e-6,3.043478720023402e-5,UP,ENSMUSG00000115801
ENSMUSG00000075033.5,Nxpe3,119.35656748685112,0.525401110081686,0.11604500752926993,4.5275632383337525,5.966774781701804e-6,3.0450484102934028e-5,UP,ENSMUSG00000075033
ENSMUSG00000057230.15,NA,1639.1648409583975,0.5903707654360804,0.13048964260805382,4.524272989308062,6.060346095600704e-6,3.088943476105055e-5,UP,ENSMUSG00000057230
ENSMUSG00000021846.11,NA,388.88658751006625,0.5433481073867676,0.12016713095395694,4.5216033958150845,6.1372968948729315e-06,3.125241590143082e-5,UP,ENSMUSG00000021846
ENSMUSG00000038664.17,NA,1436.73975449935,0.6540725083240697,0.14471499297737536,4.519728708595708,6.191892484470826e-6,3.149118685474801e-5,UP,ENSMUSG00000038664
ENSMUSG00000031145.16,NA,140.82228311040436,0.5551149049802742,0.1229010275362196,4.516763741594258,6.2791896282019225e-6,3.186576642737927e-5,UP,ENSMUSG00000031145
ENSMUSG00000078779.5,Zfp59,163.84986075750032,-0.5759711653078757,0.12753084345565927,-4.516328361837684,6.2921072009741795e-6,3.191743952927382e-5,DOWN,ENSMUSG00000078779
ENSMUSG00000071451.11,NA,389.31662757997555,-0.562054105635041,0.1246291166209682,-4.509813764823543,6.4884561828934515e-6,3.284617676233396e-5,DOWN,ENSMUSG00000071451
ENSMUSG00000002028.14,NA,636.2255020854658,0.7847771696503985,0.17401799506851842,4.509747220920444,6.490491732399049e-6,3.2846308934301816e-5,UP,ENSMUSG00000002028
ENSMUSG00000110620.2,Gm45733,36.620670136095455,1.2082119042579964,0.26795666598753254,4.508982449849603,6.513929654739932e-6,3.293433162275872e-5,UP,ENSMUSG00000110620
ENSMUSG00000037995.16,NA,103.57766961183907,0.8271852795679479,0.18345939602577796,4.5088193763143085,6.518937829160672e-6,3.29494612725604e-5,UP,ENSMUSG00000037995
ENSMUSG00000038151.14,NA,259.39354140320444,0.5820975157618234,0.12913334950218858,4.507724131727551,6.5526696210569644e-6,3.309948628732915e-5,UP,ENSMUSG00000038151
ENSMUSG00000021125.7,Arg2,208.86247750804057,0.7618311810432006,0.16916125665452542,4.503579579094005,6.681833057526696e-6,3.368946426845508e-5,UP,ENSMUSG00000021125
ENSMUSG00000031530.7,Dusp4,1086.4909769213186,0.5580993690433967,0.12395569579410211,4.502410038264264,6.718719733423717e-6,3.383370078944673e-5,UP,ENSMUSG00000031530
ENSMUSG00000048058.18,NA,248.37919360461615,0.5995913882391066,0.13322697873092376,4.500525298634078,6.77857360725383e-6,3.4084932166058496e-5,UP,ENSMUSG00000048058
ENSMUSG00000047264.9,Zfp358,404.8387095272281,0.5027568139573616,0.11172928575289054,4.499776496104154,6.802494700453154e-6,3.416085357100069e-5,UP,ENSMUSG00000047264
ENSMUSG00000057895.12,NA,46.12247792298796,-0.861965061489806,0.19160132446986267,-4.498742708980522,6.835652582417364e-6,3.430628710844158e-5,DOWN,ENSMUSG00000057895
ENSMUSG00000021569.11,NA,449.26582543301186,-0.5295066259324583,0.11778979675214508,-4.495352233662933,6.94548772703674e-6,3.4804090247131377e-5,DOWN,ENSMUSG00000021569
ENSMUSG00000026131.22,NA,1454.7292070884266,0.8067068229671145,0.179468844822039,4.494968604534361,6.9580212478770524e-6,3.485621063984012e-5,UP,ENSMUSG00000026131
ENSMUSG00000104835.7,Gm5547,82.61962481315337,-0.9253123935136975,0.20603996893320758,-4.490936386297253,7.0910729507090946e-6,3.5435854005591825e-5,DOWN,ENSMUSG00000104835
ENSMUSG00000031586.18,NA,464.40400234014504,0.5702285189311505,0.12699183724285612,4.490276944656365,7.113062859128238e-6,3.553487943010703e-5,UP,ENSMUSG00000031586
ENSMUSG00000028010.17,NA,135.93444728356027,-0.6110380571132119,0.13619665367595649,-4.486439575578807,7.242324427371243e-6,3.6103395879783575e-5,DOWN,ENSMUSG00000028010
ENSMUSG00000053062.17,NA,70.88739547345394,0.7170056426461034,0.159869188704049,4.484952031460105,7.293033967701098e-6,3.631188950229734e-5,UP,ENSMUSG00000053062
ENSMUSG00000025732.7,Mcrip2,146.70145419515273,-0.8422539206371108,0.18782483898211763,-4.484252057403865,7.31701300109361e-6,3.642018712420102e-5,DOWN,ENSMUSG00000025732
ENSMUSG00000016194.15,NA,44.19190874635584,-1.1925623361566733,0.26596583751710173,-4.483892921322991,7.329345184176922e-6,3.6470464651615213e-5,DOWN,ENSMUSG00000016194
ENSMUSG00000039953.14,NA,210.045786432975,-0.5614787816793188,0.12527194866125488,-4.482079090168871,7.391933669921465e-6,3.6759521681939846e-5,DOWN,ENSMUSG00000039953
ENSMUSG00000075595.10,NA,756.2954240739026,0.5314991549598512,0.11862551185394539,4.480479339168171,7.447558936491568e-6,3.701362066764705e-5,UP,ENSMUSG00000075595
ENSMUSG00000041754.6,Trem3,525.5495570871669,-0.5718437183539923,0.12764614964269977,-4.479913573223058,7.467326937225105e-6,3.708931209841433e-5,DOWN,ENSMUSG00000041754
ENSMUSG00000092257.2,Gm2308,124.38846738328034,0.629335399407847,0.14048965091903443,4.479585473313897,7.478813803036995e-6,3.7135082145942496e-5,UP,ENSMUSG00000092257
ENSMUSG00000024395.10,NA,35.86843674449,1.1227884596939541,0.2507195820531911,4.478263925375204,7.525252871214832e-6,3.730900316435476e-5,UP,ENSMUSG00000024395
ENSMUSG00000136520.1,ENSMUSG00000136520,19.11388046400394,-1.3460520226463368,0.30080983201713296,-4.47476072713498,7.649692908491275e-6,3.78685282502115e-5,DOWN,ENSMUSG00000136520
ENSMUSG00000074211.5,Sdhaf1,390.2252584067705,-0.5397256494164254,0.12063655798892385,-4.473980843070638,7.677662355054995e-6,3.798397967788407e-5,DOWN,ENSMUSG00000074211
ENSMUSG00000025086.14,NA,96.72370236258983,-0.6767649209792644,0.15127531374138609,-4.473730076912835,7.686676486444994e-6,3.8017069242792705e-5,DOWN,ENSMUSG00000025086
ENSMUSG00000073096.12,NA,296.83299675700556,0.5226970536586751,0.11689981986773768,4.471324714187438,7.773656107297617e-6,3.840291425354008e-5,UP,ENSMUSG00000073096
ENSMUSG00000030041.10,NA,118.30858070556188,-0.5121246611556183,0.11453097759804984,-4.471494716066568,7.767477944040953e-6,3.840291425354008e-5,DOWN,ENSMUSG00000030041
ENSMUSG00000049313.9,Sorl1,224.1673728170268,0.5603622359723297,0.12532225761393986,4.471370422471542,7.771994527321621e-6,3.840291425354008e-5,UP,ENSMUSG00000049313
ENSMUSG00000118097.2,Gm5237,253.07208679385852,0.5054058109151678,0.11303492003824576,4.471236063547105,7.776879688867741e-6,3.840509830641453e-5,UP,ENSMUSG00000118097
ENSMUSG00000099083.8,Atf7,979.0671215977547,0.662183348288378,0.14821314368532487,4.46777749815682,7.903644958691799e-6,3.899576833527804e-5,UP,ENSMUSG00000099083
ENSMUSG00000120995.2,Gm51425,146.52838020405028,-0.662392504652538,0.14825783554258873,-4.467841461655889,7.901282705870964e-6,3.899576833527804e-5,DOWN,ENSMUSG00000120995
ENSMUSG00000004233.15,NA,136.88437765517492,-0.5567017042855387,0.12463987667917137,-4.4664815075075355,7.95165321090179e-6,3.9208966330437606e-5,DOWN,ENSMUSG00000004233
ENSMUSG00000116679.2,Gm49739,41.04424907897592,-1.081176560050284,0.24207923517153956,-4.46620941810293,7.961767748892488e-6,3.9235169015193435e-5,DOWN,ENSMUSG00000116679
ENSMUSG00000111375.6,Btbd8,119.14369231637393,0.6160155848967543,0.13793799981771668,4.465887469086192,7.973751634218343e-6,3.928238222210157e-5,UP,ENSMUSG00000111375
ENSMUSG00000040663.10,NA,24.608764377973515,1.1458690900784319,0.25660589651390386,4.4654823043645235,7.988857558550056e-6,3.933309206387326e-5,UP,ENSMUSG00000040663
ENSMUSG00000078889.13,NA,227.3829732805217,-0.5246360712986596,0.1176488062275474,-4.4593403717496995,8.221227553832622e-6,4.0367733732336446e-5,DOWN,ENSMUSG00000078889
ENSMUSG00000141158.1,ENSMUSG00000141158,1362.6498230966422,0.5099135633532922,0.11443212295302317,4.456035160359845,8.348934495039487e-6,4.093331831311201e-5,UP,ENSMUSG00000141158
ENSMUSG00000040860.17,NA,62.34226140777077,0.8558947604978102,0.19227432651490944,4.451425086289104,8.530229180435485e-6,4.174704376748456e-5,UP,ENSMUSG00000040860
ENSMUSG00000059981.13,NA,1145.480641884095,0.5283281651971189,0.1187602427523589,4.448695564716878,8.639336604368698e-6,4.2255713984144445e-5,UP,ENSMUSG00000059981
ENSMUSG00000026837.17,NA,11.396717548047507,1.6892956646488793,0.38004524695141345,4.444985638420169,8.789773893596293e-6,4.291446955338262e-5,UP,ENSMUSG00000026837
ENSMUSG00000022521.11,NA,481.5937069916696,0.6381708489939357,0.14363295888519734,4.443066925217433,8.868556484044469e-6,4.328618222997638e-5,UP,ENSMUSG00000022521
ENSMUSG00000079610.10,NA,147.30901161953793,-0.6826702191378748,0.15367858731058026,-4.442194785134358,8.90458930150101e-6,4.3436113614543563e-5,DOWN,ENSMUSG00000079610
ENSMUSG00000020614.14,NA,43.71499558965145,1.2156310413886413,0.2737132465069141,4.44125761870255,8.943464624292313e-6,4.359972345621299e-5,UP,ENSMUSG00000020614
ENSMUSG00000039959.14,NA,4221.852307568852,0.5106306499465776,0.11499796531172966,4.440345084040316,8.981473979741538e-6,4.374767026280996e-5,UP,ENSMUSG00000039959
ENSMUSG00000087303.4,Lipo2,155.61189498487332,-0.6481831182572009,0.14597613280684885,-4.440336278224722,8.981841514865426e-6,4.374767026280996e-5,DOWN,ENSMUSG00000087303
ENSMUSG00000028634.18,NA,801.3709283488037,0.7507086020152068,0.1691104171426166,4.439162381002872,9.030966236175128e-6,4.3973837979302546e-5,UP,ENSMUSG00000028634
ENSMUSG00000044042.20,NA,1184.5861573402922,0.6343339131964962,0.1429131303730662,4.438597849900884,9.054681794771792e-6,4.406306300010113e-5,UP,ENSMUSG00000044042
ENSMUSG00000024073.17,NA,2910.1804518298077,0.7298175985354103,0.16446003756434635,4.437659198818212,9.094245653357807e-6,4.421610334615905e-5,UP,ENSMUSG00000024073
ENSMUSG00000112105.2,Rps7-ps2,171.9220026141627,-0.6614474348273089,0.14911320907299985,-4.435874185388169,9.169939607021357e-6,4.454437825152187e-5,DOWN,ENSMUSG00000112105
ENSMUSG00000033671.19,NA,1941.546651453686,0.6929898837761652,0.15623456622732274,4.435573385007889,9.182754244925139e-6,4.45933751894077e-5,UP,ENSMUSG00000033671
ENSMUSG00000038025.9,Phf2,820.884189067506,0.6197373233870013,0.1397712402518781,4.433940217387989,9.252629304990878e-6,4.4892691783728375e-5,UP,ENSMUSG00000038025
ENSMUSG00000029581.15,NA,406.26885237887933,1.005754607027986,0.22685847204016346,4.4334011332401335,9.275805322150728e-6,4.497843779171635e-5,UP,ENSMUSG00000029581
ENSMUSG00000055204.17,NA,3705.552396011727,0.688760558573775,0.15537499513985867,4.432891907438496,9.297748617214791e-6,4.5058108181735245e-5,UP,ENSMUSG00000055204
ENSMUSG00000091900.4,Gm4353,264.4258617314646,-0.5187743404611517,0.11706188699394521,-4.431624619958367,9.352573412965217e-6,4.529905025957331e-5,DOWN,ENSMUSG00000091900
ENSMUSG00000101431.2,Gm7901,684.2441354640005,-0.6733293571939198,0.15219707946999808,-4.4240622720139005,9.686208040854641e-6,4.674294384764098e-5,DOWN,ENSMUSG00000101431
ENSMUSG00000048924.15,NA,141.2904458551932,-0.5053711494715412,0.11424428336928083,-4.423601204079421,9.706912847180797e-6,4.6805072979356136e-5,DOWN,ENSMUSG00000048924
ENSMUSG00000036565.8,Ttyh3,2051.538703389109,0.5206965064414003,0.11772483216548936,4.422996379467685,9.734137328764288e-6,4.6922503325267196e-5,UP,ENSMUSG00000036565
ENSMUSG00000039748.12,NA,44.13067048431249,-3.0805955310450335,0.696602089895559,-4.4223173828073135,9.764787355903256e-6,4.705637208714464e-5,DOWN,ENSMUSG00000039748
ENSMUSG00000089951.10,NA,180.74509316780234,-0.5179250658752504,0.11717811586253785,-4.41998117193513,9.870950105282681e-6,4.753993825013279e-5,DOWN,ENSMUSG00000089951
ENSMUSG00000032579.15,NA,113.69244719685823,-0.5784494472471979,0.13089854732619588,-4.419066972574695,9.912792779179285e-6,4.7699296664252156e-5,DOWN,ENSMUSG00000032579
ENSMUSG00000050212.5,Eva1b,761.6111292845129,0.6864546225289367,0.15546937665707367,4.415368719481541,1.0083796202600038e-5,4.8436594983161984e-5,UP,ENSMUSG00000050212
ENSMUSG00000020422.15,NA,7151.86867316227,0.6378855541869357,0.1444737731869922,4.415234267892494,1.0090065877490542e-5,4.845247263027627e-5,UP,ENSMUSG00000020422
ENSMUSG00000041483.15,NA,1294.8478686502478,0.6120548053609023,0.13865341912647797,4.414278488167633,1.0134742713830716e-5,4.8638433470427735e-5,UP,ENSMUSG00000041483
ENSMUSG00000032530.15,NA,71.12181950997754,-0.9025465401966097,0.20448541789484795,-4.413745241534651,1.0159750764929926e-5,4.8744140300423995e-5,DOWN,ENSMUSG00000032530
ENSMUSG00000039116.8,Adgrg6,495.427874394008,0.5740225154020439,0.13007320054979504,4.41307289261553,1.0191366404092393e-5,4.8867138527807055e-5,UP,ENSMUSG00000039116
ENSMUSG00000037474.14,NA,116.21269730029091,-0.7056389796608019,0.1599758886970901,-4.41090832754747,1.0293789444105847e-5,4.9300404996587806e-5,DOWN,ENSMUSG00000037474
ENSMUSG00000032356.13,NA,14.714432214255035,1.2853831446317225,0.29164618223434197,4.407337462072102,1.0464907661645487e-5,5.006127615957188e-5,UP,ENSMUSG00000032356
ENSMUSG00000052331.15,NA,789.9920993859345,0.5294548642722211,0.12019399729413816,4.405002547477823,1.057826347324759e-5,5.05443714509515e-5,UP,ENSMUSG00000052331
ENSMUSG00000036019.9,Tmtc2,71.60839613541792,0.7430807764672929,0.16893912354080165,4.398512084667151,1.0899555857649961e-5,5.195804609190618e-5,UP,ENSMUSG00000036019
ENSMUSG00000063885.6,Gm6498,14.43340666277117,1.3866023638793559,0.3152751017449127,4.39807125968751,1.0921712275140366e-5,5.203331648191327e-5,UP,ENSMUSG00000063885
ENSMUSG00000033124.17,NA,1259.6163475706267,0.7065087128527973,0.16079299284175305,4.3939023732714455,1.113338289433782e-5,5.289556924585984e-5,UP,ENSMUSG00000033124
ENSMUSG00000021575.17,NA,58.460477353270285,-0.899483062710623,0.2049774118793033,-4.388205775767453,1.142896157044515e-5,5.4197216661008534e-5,DOWN,ENSMUSG00000021575
ENSMUSG00000089670.2,Gm16581,25.338153394754986,1.1428639381877028,0.260466975259654,4.38774987519399,1.1452937829412386e-5,5.427942063194401e-5,UP,ENSMUSG00000089670
ENSMUSG00000081157.2,Gm13552,366.20830062804833,-0.5122563545340819,0.11676348536879501,-4.387127987111134,1.1485720963502492e-5,5.4403243949409366e-5,DOWN,ENSMUSG00000081157
ENSMUSG00000004100.13,NA,268.7186767443402,-0.5022822722565198,0.11453388450461048,-4.385446930653092,1.1574787612700013e-5,5.4793361806311726e-5,DOWN,ENSMUSG00000004100
ENSMUSG00000042389.14,NA,174.68414950377093,-0.5268046529069892,0.12013271318941567,-4.385189004067241,1.1588511420673983e-5,5.4842445767902985e-5,DOWN,ENSMUSG00000042389
ENSMUSG00000044734.17,NA,187.97541494848926,0.7209577922582492,0.16442841214888157,4.384630264540039,1.1618294228707982e-5,5.496747828146474e-5,UP,ENSMUSG00000044734
ENSMUSG00000024193.9,Phf1,485.89277579399413,0.55551753760633,0.12681741878970546,4.38045138363457,1.1843371529046555e-5,5.594107811024679e-5,UP,ENSMUSG00000024193
ENSMUSG00000024135.11,NA,245.77868230875478,-0.5957191138880993,0.13601612659793952,-4.379768258281836,1.1880558618130216e-5,5.609463061003943e-5,DOWN,ENSMUSG00000024135
ENSMUSG00000055670.15,NA,1859.7474540813698,0.5289362378001595,0.1207738935405148,4.379557719754415,1.1892042088884741e-5,5.613263643803349e-5,UP,ENSMUSG00000055670
ENSMUSG00000039997.17,NA,9322.048054572319,0.5693303095531562,0.130028894656794,4.378490727433165,1.19504024708035e-5,5.639182413041397e-5,UP,ENSMUSG00000039997
ENSMUSG00000034621.15,NA,1044.6493197087862,0.5441305372781178,0.12427835749779684,4.378320958158494,1.195971336741962e-5,5.641947321900176e-5,UP,ENSMUSG00000034621
ENSMUSG00000064125.15,NA,27.60907537891066,1.1108096280529338,0.25372842019878755,4.377947205057488,1.1980236043713828e-5,5.648368571403122e-5,UP,ENSMUSG00000064125
ENSMUSG00000027312.15,NA,1228.2534592948816,0.5220231265145064,0.119255111746546,4.377364784362175,1.2012283608854796e-5,5.661845094300476e-5,UP,ENSMUSG00000027312
ENSMUSG00000024018.19,NA,202.87114905523367,-0.5712954213145736,0.13053353446047733,-4.3766180367049605,1.2053492942029776e-5,5.679630891623486e-5,DOWN,ENSMUSG00000024018
ENSMUSG00000087579.10,NA,62.281378824959866,-0.8598160441706669,0.19650264389723734,-4.375595295401291,1.2110151995845839e-5,5.7013981717769615e-5,DOWN,ENSMUSG00000087579
ENSMUSG00000070327.16,NA,22337.579129655078,0.781208766216961,0.1788223900554656,4.368629487474428,1.2502867737704663e-5,5.877822146693139e-5,UP,ENSMUSG00000070327
ENSMUSG00000006930.16,NA,80.62210803300604,0.9799878454017922,0.22452195099995628,4.364775208113095,1.2725354976305936e-5,5.972111755460719e-5,UP,ENSMUSG00000006930
ENSMUSG00000117730.2,Gm5503,53.48301579300677,-0.824697422651675,0.18912488310385714,-4.360597130938058,1.2970798812860188e-5,6.0803176769432934e-5,DOWN,ENSMUSG00000117730
ENSMUSG00000121776.1,ENSMUSG00000121776,360.1369454472973,0.5243211671058945,0.12025477039002587,4.36008621866183,1.3001120774799126e-5,6.0922716308979936e-5,UP,ENSMUSG00000121776
ENSMUSG00000059343.5,Aldoart1,98.13413079088635,0.7422416211524575,0.17023726756963578,4.36004190944173,1.300375365239392e-5,6.0922716308979936e-5,UP,ENSMUSG00000059343
ENSMUSG00000039934.13,NA,2147.8053381155823,-0.5164029650575516,0.11849342654925624,-4.3580726804527785,1.312128134100722e-5,6.140293867738448e-5,DOWN,ENSMUSG00000039934
ENSMUSG00000034247.10,NA,3429.2058954168356,0.511319171550378,0.11733310882423152,4.357842186866021,1.3135103741610151e-5,6.145003026913552e-5,UP,ENSMUSG00000034247
ENSMUSG00000097558.3,Gm26902,51.90867797988835,0.7197553717769313,0.16528555243799026,4.3546175764331245,1.3329941996033381e-5,6.227242979913164e-5,UP,ENSMUSG00000097558
ENSMUSG00000097888.4,Gm26682,87.6594322757112,-0.6331262905581138,0.14554626276468696,-4.350000326574689,1.3613732924006808e-5,6.350744245885139e-5,DOWN,ENSMUSG00000097888
ENSMUSG00000029478.17,NA,1686.2964906230216,0.6499521637893271,0.14948569105321713,4.347922260719543,1.3743329692024136e-5,6.402065179419394e-5,UP,ENSMUSG00000029478
ENSMUSG00000015335.17,NA,1384.603150972373,0.5279636162465586,0.12147548273582529,4.346256580800998,1.3848057162619397e-5,6.447175801201272e-5,UP,ENSMUSG00000015335
ENSMUSG00000030246.13,NA,190.5003802597791,-0.6610469692595903,0.15238863962891586,-4.337901899179078,1.4384933144351706e-5,6.680003328908324e-5,DOWN,ENSMUSG00000030246
ENSMUSG00000039262.17,NA,1782.46907464202,0.6315289159405449,0.14559683299572473,4.337518220324813,1.4410059206499887e-5,6.689395714985179e-5,UP,ENSMUSG00000039262
ENSMUSG00000122691.1,ENSMUSG00000122691,13.36794583549967,1.5524208899341685,0.35797665878861085,4.3366539460632545,1.4466811540594474e-5,6.712304894764612e-5,UP,ENSMUSG00000122691
ENSMUSG00000121052.2,Gm56551,41.01006938113046,-1.086281708134778,0.25049335809588474,-4.3365689070245415,1.4472407109565263e-5,6.712995647359642e-5,DOWN,ENSMUSG00000121052
ENSMUSG00000010538.15,NA,21.25642016909285,-1.421296118897232,0.3277754560106295,-4.336188365644865,1.4497472026008704e-5,6.722714262046475e-5,DOWN,ENSMUSG00000010538
ENSMUSG00000036898.17,NA,239.11357029156756,-0.5412179449646113,0.1249023957409398,-4.333127012928975,1.470062401082258e-5,6.803408835812738e-5,DOWN,ENSMUSG00000036898
ENSMUSG00000024043.14,NA,55.86502195025059,0.7659376934631249,0.1767779205097765,4.332767866339765,1.4724634190560959e-5,6.812591861842893e-5,UP,ENSMUSG00000024043
ENSMUSG00000045374.19,NA,2106.234244396489,0.5296518115229063,0.12224590334786328,4.332675345493809,1.4730825580802928e-5,6.81352787050947e-5,UP,ENSMUSG00000045374
ENSMUSG00000046329.15,NA,309.76288525769775,0.5640672791269675,0.13045300094179493,4.323911869061878,1.5328655236298863e-5,7.070039460850486e-5,UP,ENSMUSG00000046329
ENSMUSG00000023903.9,Mmp25,354.7239185976859,0.5922772121648346,0.13698923168068458,4.323531162985167,1.5355143659688886e-5,7.078262218310053e-5,UP,ENSMUSG00000023903
ENSMUSG00000040204.7,Pclaf,985.9548502770632,-1.0993919488358024,0.25471168443919,-4.316221108020161,1.58722995761967e-5,7.310470805086258e-5,DOWN,ENSMUSG00000040204
ENSMUSG00000139115.1,ENSMUSG00000139115,51.416660357712615,0.7566098378843825,0.17538274473630797,4.314049475174784,1.6029105003970568e-5,7.372305863672e-5,UP,ENSMUSG00000139115
ENSMUSG00000100104.2,Gm5644,311.86088699162786,-0.500913230364206,0.1161340063520526,-4.313234737168375,1.6088314201902512e-5,7.395369749390104e-5,DOWN,ENSMUSG00000100104
ENSMUSG00000060923.6,Acyp2,31.40871523745453,-1.1000958033620496,0.25520985573167104,-4.310553760583196,1.6284623132097417e-5,7.477203643743382e-5,DOWN,ENSMUSG00000060923
ENSMUSG00000038456.10,NA,115.79535355080169,0.6304441502945639,0.14628439973587462,4.309715536536153,1.6346467406395722e-5,7.502646971560389e-5,UP,ENSMUSG00000038456
ENSMUSG00000113749.2,Mrto4-ps1,83.7016869679301,-0.7166650621000784,0.1662944022796486,-4.3096162725603975,1.6353805921736e-5,7.502646971560389e-5,DOWN,ENSMUSG00000113749
ENSMUSG00000071568.6,Gm5874,26.113113848978017,-1.1562765985488097,0.2683485685957775,-4.308860690405053,1.6409768583712643e-5,7.526208677591664e-5,DOWN,ENSMUSG00000071568
ENSMUSG00000031386.15,NA,3214.9807541124947,0.6027713091126887,0.13991125485593495,4.308240318002691,1.6455853257136832e-5,7.543112095938269e-5,UP,ENSMUSG00000031386
ENSMUSG00000042208.17,NA,829.7234526909082,-0.5074586498514622,0.11780242529935911,-4.307709697503341,1.6495368515059916e-5,7.559105515760285e-5,DOWN,ENSMUSG00000042208
ENSMUSG00000131495.1,ENSMUSG00000131495,23.529913579719157,1.1726085151068446,0.27234831808652393,4.305547114611928,1.6657353201249935e-5,7.631196620729581e-5,UP,ENSMUSG00000131495
ENSMUSG00000036864.17,NA,66.04254958938846,0.6928338280219226,0.16096624289619796,4.3042181736745215,1.6757646165242873e-5,7.670694041362643e-5,UP,ENSMUSG00000036864
ENSMUSG00000034066.14,NA,45.13566331212081,-0.8665168228471426,0.2014685846681914,-4.301002184902684,1.7002738357489134e-5,7.76982838108799e-5,DOWN,ENSMUSG00000034066
ENSMUSG00000026565.19,NA,367.242834293033,0.6534210724653412,0.15203144090432522,4.297933825915293,1.7239761168783597e-5,7.860561675451512e-5,UP,ENSMUSG00000026565
ENSMUSG00000028597.12,NA,23.3671052105234,-1.3396826172952263,0.3117422043373623,-4.297405351780485,1.7280900969720217e-5,7.877122343866332e-5,DOWN,ENSMUSG00000028597
ENSMUSG00000032313.12,NA,9.878679059929029,1.830194683389517,0.4259245175604332,4.296993030296351,1.7313063655462152e-5,7.889582896910631e-5,UP,ENSMUSG00000032313
ENSMUSG00000005871.16,NA,788.1490544402188,0.6909371746803107,0.16080261066036713,4.296803216333634,1.7327889051524503e-5,7.891020773470371e-5,UP,ENSMUSG00000005871
ENSMUSG00000083199.2,Gm9432,82.71985198092568,-0.7873785627902873,0.18324805605768474,-4.2967908076603445,1.732885865055095e-5,7.891020773470371e-5,DOWN,ENSMUSG00000083199
ENSMUSG00000071102.2,Gm10313,44.89721512601619,0.9450985604785236,0.2199697823806897,4.29649268299449,1.73521693063853e-5,7.896396422109524e-5,UP,ENSMUSG00000071102
ENSMUSG00000052917.16,NA,449.5749247290333,0.5283278352463725,0.12297635319752205,4.296174195357569,1.7377105171857266e-5,7.905543031983827e-5,UP,ENSMUSG00000052917
ENSMUSG00000090100.8,Ttbk2,284.8847723877959,0.5587310171456396,0.13017775064389275,4.292062310049235,1.7702125374639223e-5,8.046689137203914e-5,UP,ENSMUSG00000090100
ENSMUSG00000141341.1,ENSMUSG00000141341,18.126102230814436,-1.3944044644393279,0.3250520077901703,-4.28978880616376,1.7884310635470634e-5,8.127243304070142e-5,DOWN,ENSMUSG00000141341
ENSMUSG00000039218.18,NA,4367.49773560152,0.6975655902939967,0.16262039054554447,4.289533360200806,1.790489185036342e-5,8.134334691107294e-5,UP,ENSMUSG00000039218
ENSMUSG00000040943.13,NA,916.298555665073,0.6503867333621243,0.15184050512689448,4.2833546478167355,1.8409638005091384e-5,8.347404794208703e-5,UP,ENSMUSG00000040943
ENSMUSG00000053617.13,NA,384.8086105147036,0.543575379335417,0.1269666659642262,4.281244807110028,1.8585076652327876e-5,8.417613271237225e-5,UP,ENSMUSG00000053617
ENSMUSG00000009569.15,NA,871.1958748228737,0.5749657826419218,0.13439833696132208,4.278072152093584,1.8851892016295016e-5,8.529007110389104e-5,UP,ENSMUSG00000009569
ENSMUSG00000038708.11,NA,1426.3373024144705,0.5670542298951486,0.13261323265331235,4.276000354938826,1.9028091919210665e-5,8.59682671396953e-5,UP,ENSMUSG00000038708
ENSMUSG00000046994.10,NA,138.28454299806043,-0.5590685348746025,0.1308251801911868,-4.273401604015255,1.925132596404525e-5,8.69047705629063e-5,DOWN,ENSMUSG00000046994
ENSMUSG00000007216.7,Zfp775,198.75408763727214,0.6653814664132732,0.15573338693537397,4.272567877107767,1.9323470462392484e-5,8.715823625228134e-5,UP,ENSMUSG00000007216
ENSMUSG00000098208.2,Gm8349,81.98592056017493,0.7111702037953992,0.16649802023960872,4.2713433034936275,1.942990293389934e-5,8.758922674334916e-5,UP,ENSMUSG00000098208
ENSMUSG00000141229.1,ENSMUSG00000141229,129.58841447517239,0.5629212102494877,0.13179204467502098,4.271283685123524,1.943509882528615e-5,8.758922674334916e-5,UP,ENSMUSG00000141229
ENSMUSG00000084011.2,Gm12969,11.42696899064237,1.6388150304516043,0.3839180416011765,4.268658549144313,1.9665202548832994e-5,8.850424032577757e-5,UP,ENSMUSG00000084011
ENSMUSG00000055024.13,NA,2110.995970806045,0.7550711406812218,0.1768926913448859,4.268526500108855,1.9676845444762422e-5,8.853226414535827e-5,UP,ENSMUSG00000055024
ENSMUSG00000055612.16,NA,75.63388427091787,-0.7631925759267442,0.1788109447919348,-4.2681535898979694,1.9709760768794994e-5,8.8631567957833e-5,DOWN,ENSMUSG00000055612
ENSMUSG00000079845.9,Xlr4a,85.80902617091827,-0.5989300662235919,0.14054035664508585,-4.261623355176922,2.0294727978337577e-5,9.111167908099588e-5,DOWN,ENSMUSG00000079845
ENSMUSG00000020732.14,NA,69.9083827785595,0.617850967311366,0.1450068777676024,4.260839050004061,2.0366086507807392e-5,9.140693301939034e-5,UP,ENSMUSG00000020732
ENSMUSG00000031441.16,NA,1629.0424768385217,0.5658020251651152,0.13279748423484525,4.2606381320035,2.0384405056791256e-5,9.146403652437823e-5,UP,ENSMUSG00000031441
ENSMUSG00000064109.9,Hcst,334.2348322758867,-0.6443134285478128,0.15129947499243773,-4.258530497743082,2.057751491212668e-5,9.225454162194808e-5,DOWN,ENSMUSG00000064109
ENSMUSG00000034235.18,NA,192.70604750745477,0.6035464094700647,0.1418640142669619,4.25440103742096,2.0960933640713175e-5,9.38962513815011e-5,UP,ENSMUSG00000034235
ENSMUSG00000006378.16,NA,102.56904822848033,-0.7865222656844043,0.18507059015048621,-4.2498500979807785,2.1391362347862485e-5,9.56409214819913e-5,DOWN,ENSMUSG00000006378
ENSMUSG00000073678.5,Pgap1,848.8714965649802,0.5776725321672592,0.13595189844638092,4.249095001752343,2.1463588417176574e-5,9.591137678162064e-5,UP,ENSMUSG00000073678
ENSMUSG00000028080.17,NA,471.9227533051408,0.5561324065245884,0.1308908309977542,4.2488263103328485,2.1489345102845694e-5,9.597399864784583e-5,UP,ENSMUSG00000028080
ENSMUSG00000029108.15,NA,2334.5041745581484,0.5583677304310044,0.13152167426118383,4.245442688953027,2.181622674480896e-5,9.735409292127963e-5,UP,ENSMUSG00000029108
ENSMUSG00000039891.7,Txlnb,83.63830937937452,0.6258361749253248,0.1474333736510877,4.244874545205849,2.187157542288685e-5,9.754782315484543e-5,UP,ENSMUSG00000039891
ENSMUSG00000120594.2,Gm9975,11.345887563346645,1.8569274775069704,0.4376451199046698,4.242998249155518,2.2055315709813e-5,9.826006829997364e-5,UP,ENSMUSG00000120594
ENSMUSG00000028407.5,Smim27,103.12382480500612,-0.7442168477147794,0.17547610960898924,-4.241129173498925,2.2239809060098883e-5,9.900106723757526e-5,DOWN,ENSMUSG00000028407
ENSMUSG00000055866.10,NA,79.79480460281624,0.6809209945591588,0.1606393364563583,4.238818520917808,2.246992053314684e-5,9.99437608258009e-5,UP,ENSMUSG00000055866
ENSMUSG00000039087.18,NA,1125.9534521911098,0.6191685807083316,0.14611660466326304,4.237496362136619,2.2602608071992045e-5,1.0048921376401108e-4,UP,ENSMUSG00000039087
ENSMUSG00000074994.7,Qser1,380.69008154535027,0.5910500890345372,0.13952382377564332,4.2361947446692385,2.2733962335793868e-5,1.0100824907335868e-4,UP,ENSMUSG00000074994
ENSMUSG00000049739.11,NA,685.5183314239287,0.5095674162049313,0.12038583234891284,4.23278558832453,2.3081453338681845e-5,1.0241298487353243e-4,UP,ENSMUSG00000049739
ENSMUSG00000020100.16,NA,2354.201180738938,0.5493710018912998,0.12978819959760554,4.232827048950259,2.3077197110089297e-5,1.0241298487353243e-4,UP,ENSMUSG00000020100
ENSMUSG00000027276.8,Jag1,1913.3564650113935,0.520951802645368,0.12315096851335927,4.230188434034571,2.3349563818978098e-5,1.035463836638676e-4,UP,ENSMUSG00000027276
ENSMUSG00000081118.2,Gm6758,89.48088451962388,0.6155223930374317,0.1455140567438173,4.229985795262935,2.3370606870262022e-5,1.0361159205351316e-4,UP,ENSMUSG00000081118
ENSMUSG00000060301.7,2610008E11Rik,176.8205634642902,-0.51336579649968,0.12139318658141506,-4.228950659890452,2.3478382485387466e-5,1.0406118224136213e-4,DOWN,ENSMUSG00000060301
ENSMUSG00000089976.2,Gm2389,63.88258219653581,0.8905044063210409,0.21067323632880205,4.226946060349177,2.3688442373954404e-5,1.048500620212994e-4,UP,ENSMUSG00000089976
ENSMUSG00000132887.1,ENSMUSG00000132887,36.443078833993596,-0.9391597199993812,0.22218298172167258,-4.2269651470240035,2.3686433895339756e-5,1.048500620212994e-4,DOWN,ENSMUSG00000132887
ENSMUSG00000026579.9,F5,18.69610671332461,1.7108247885983834,0.40512469899591297,4.222958493615919,2.411162367768378e-5,1.0663388515231328e-4,UP,ENSMUSG00000026579
ENSMUSG00000037270.19,NA,1583.7638352225401,0.6263254196880844,0.14838270941832357,4.221013500449941,2.4320636884659632e-5,1.07473676809042e-4,UP,ENSMUSG00000037270
ENSMUSG00000041431.17,NA,1175.0471658807478,-0.5639589583093402,0.1336437237642196,-4.219868635988492,2.444447125801845e-5,1.079333676887006e-4,DOWN,ENSMUSG00000041431
ENSMUSG00000025856.16,NA,468.5094606651104,0.5363850743942551,0.12711182883501146,4.21978882146737,2.4453126733616163e-5,1.0794242764992974e-4,UP,ENSMUSG00000025856
ENSMUSG00000085129.4,5031425F14Rik,181.17993490082907,-0.6660757546339547,0.15790609853232923,-4.218176250473216,2.4628627603984572e-5,1.0862912758087744e-4,DOWN,ENSMUSG00000085129
ENSMUSG00000053395.16,NA,30.534299788506765,1.323783751711505,0.31388085277101707,4.217472139586782,2.4705633320224156e-5,1.0885533416752482e-4,UP,ENSMUSG00000053395
ENSMUSG00000052557.12,NA,81.13372062393938,0.7158083498349777,0.16975420839869537,4.216734044989243,2.4786601566713438e-5,1.091197924076213e-4,UP,ENSMUSG00000052557
ENSMUSG00000034832.16,NA,1045.9658800451057,0.617008893468917,0.14634619059765724,4.21609124876527,2.4857321266295047e-5,1.0940166220216984e-4,UP,ENSMUSG00000034832
ENSMUSG00000033904.17,NA,120.25931644905552,0.5345708121346843,0.1268149203047867,4.21536212655339,2.493777078625451e-5,1.0972619145951985e-4,UP,ENSMUSG00000033904
ENSMUSG00000018238.7,Gdf9,21.25634456209115,-1.1110269433912234,0.26358382517894485,-4.215080127306584,2.4968952249997868e-5,1.0983382494038352e-4,DOWN,ENSMUSG00000018238
ENSMUSG00000059842.13,NA,99.07889978741099,0.6779970760203579,0.1609095031226118,4.21353035627566,2.5140977926067436e-5,1.1050132432898582e-4,UP,ENSMUSG00000059842
ENSMUSG00000025224.17,NA,1627.6606436144311,0.5235432601470558,0.12434191058496254,4.210513234709546,2.5479119614879922e-5,1.1180716489257107e-4,UP,ENSMUSG00000025224
ENSMUSG00000017721.16,NA,2869.367304941951,0.5125130236968484,0.12180089142182389,4.207793700966445,2.578761236620726e-5,1.1291837978516579e-4,UP,ENSMUSG00000017721
ENSMUSG00000098111.2,Gm4654,75.62418780176019,0.7154842264696593,0.17011043955510197,4.2059983404951495,2.599321394340779e-5,1.1369683572891189e-4,UP,ENSMUSG00000098111
ENSMUSG00000044103.5,Il36g,191.82851840114085,0.5199992740793666,0.12370286400438862,4.203615480244003,2.6268503679053563e-5,1.1487024107485542e-4,UP,ENSMUSG00000044103
ENSMUSG00000034610.15,NA,731.4562388396489,0.5522285937432082,0.1315339614269247,4.198372707340724,2.6883990247097744e-5,1.1731065258383869e-4,UP,ENSMUSG00000034610
ENSMUSG00000028678.14,NA,317.0165916467445,-1.586483223510868,0.378008217842004,-4.196954321701995,2.705284695258152e-5,1.1801596911846747e-4,DOWN,ENSMUSG00000028678
ENSMUSG00000045609.7,Gm5455,15.419213539234615,-1.377847959305529,0.3284701306624161,-4.194743541907033,2.731804947226836e-5,1.1901408226910944e-4,DOWN,ENSMUSG00000045609
ENSMUSG00000017667.10,NA,32.82367568142108,0.8499160401809526,0.20278766690748246,4.1911623775853615,2.775289409634114e-5,1.2077976754493937e-4,UP,ENSMUSG00000017667
ENSMUSG00000142561.1,ENSMUSG00000142561,35.439586450563034,0.8672240091856795,0.20696644560761532,4.190167186954725,2.7874899246528533e-5,1.2124616899514512e-4,UP,ENSMUSG00000142561
ENSMUSG00000040407.19,NA,389.29735127733716,0.5840556384553643,0.13946758541505674,4.187751847264077,2.817313140709311e-5,1.224781930798787e-4,UP,ENSMUSG00000040407
ENSMUSG00000025978.15,NA,124.9079715714099,-0.5009748976233747,0.11963856102914504,-4.187403236163402,2.8216425584383566e-5,1.2263379223672794e-4,DOWN,ENSMUSG00000025978
ENSMUSG00000140143.1,ENSMUSG00000140143,161.87588976599008,-0.5489171414593382,0.1312648647929791,-4.181752232976039,2.89271102692809e-5,1.2538916586095613e-4,DOWN,ENSMUSG00000140143
ENSMUSG00000111877.2,Gm6477,349.40838727278407,-0.5391641085358206,0.12904459824309564,-4.178122260647728,2.9392565343097087e-5,1.2733921894997745e-4,DOWN,ENSMUSG00000111877
ENSMUSG00000014164.16,NA,25.58227751164644,1.1820987955077316,0.2829686994626244,4.177489587196791,2.9474415272845404e-5,1.276599872946293e-4,UP,ENSMUSG00000014164
ENSMUSG00000026832.13,NA,180.51677319967808,0.569989363013053,0.1365092896052873,4.175462085116412,2.9738178372312884e-5,1.2870009628642478e-4,UP,ENSMUSG00000026832
ENSMUSG00000037940.18,NA,436.984122878273,-0.6813089450122914,0.1632501767560217,-4.173404026572734,3.0008210115443847e-5,1.2973134158874506e-4,DOWN,ENSMUSG00000037940
ENSMUSG00000091952.4,Gm17709,350.4949291810443,-0.5250274152911762,0.12586596646879109,-4.17132152575461,3.0283819913522494e-5,1.3074995253735836e-4,DOWN,ENSMUSG00000091952
ENSMUSG00000025436.13,NA,76.4735867978822,-0.6116108007055896,0.14664722250964513,-4.170626556976647,3.037633011736112e-5,1.31114732531921e-4,DOWN,ENSMUSG00000025436
ENSMUSG00000028633.8,Ctps1,116.0607581740255,-0.6290264429731307,0.15091731391632118,-4.168020399050474,3.072564431169945e-5,1.3248255919784733e-4,DOWN,ENSMUSG00000028633
ENSMUSG00000024736.16,NA,130.2354861256688,0.6513251430389404,0.15631388994997672,4.166777138278475,3.0893625431989656e-5,1.3310152907519845e-4,UP,ENSMUSG00000024736
ENSMUSG00000046761.14,NA,51.229938100674886,0.7376484224191977,0.17711924695196685,4.164699405137158,3.11763044200988e-5,1.3417795472641785e-4,UP,ENSMUSG00000046761
ENSMUSG00000040363.16,NA,297.3310258088004,0.5077048611008514,0.12191969401308783,4.164256359160074,3.123689864530769e-5,1.3433263490034186e-4,UP,ENSMUSG00000040363
ENSMUSG00000015305.7,Sash1,8366.560199159834,0.5021257838346902,0.12062623282642622,4.162658254918883,3.145639829734381e-5,1.3521724493111738e-4,UP,ENSMUSG00000015305
ENSMUSG00000120851.2,Gm57366,274.50968883326146,-0.5806984058234407,0.13955988073978548,-4.160926497968096,3.169590941212045e-5,1.3616329441538e-4,DOWN,ENSMUSG00000120851
ENSMUSG00000033036.10,NA,150.61956707207452,-0.6087432365640115,0.14636295923005277,-4.159134522602752,3.1945572667455835e-5,1.3702494794308643e-4,DOWN,ENSMUSG00000033036
ENSMUSG00000078776.10,NA,13.62050967967327,-1.3127431341101727,0.3157083129538015,-4.158088590788138,3.2092157318589976e-5,1.3757629255957822e-4,DOWN,ENSMUSG00000078776
ENSMUSG00000120996.2,Gm56817,359.795918249161,-0.5113658093292843,0.12303044488208018,-4.156416810647221,3.2327780797827087e-5,1.3847743839656224e-4,DOWN,ENSMUSG00000120996
ENSMUSG00000041757.18,NA,7.5203471133294855,2.358923502810959,0.5680307884947883,4.1528092325097665,3.284185109177726e-5,1.405689703970126e-4,UP,ENSMUSG00000041757
ENSMUSG00000121171.2,Gm54112,94.39720917418285,-0.7365389222442686,0.17746122182685586,-4.150421791657052,3.318631502797845e-5,1.4182052429995707e-4,DOWN,ENSMUSG00000121171
ENSMUSG00000051674.16,NA,172.05006324761547,0.5012259633388643,0.1207806200293131,4.14988731815765,3.326389853402912e-5,1.4207778558590018e-4,UP,ENSMUSG00000051674
ENSMUSG00000056501.4,Cebpb,4319.583365095692,0.9035123076638426,0.21783752739179718,4.147643055270306,3.359155754025603e-5,1.4321533634664192e-4,UP,ENSMUSG00000056501
ENSMUSG00000055202.12,NA,103.7611191469831,0.8196138699501414,0.19778826079724585,4.143895429619725,3.4145549321811196e-5,1.4523631257203377e-4,UP,ENSMUSG00000055202
ENSMUSG00000045071.15,NA,78.54270859571447,0.6271796217989568,0.15139396867033703,4.142698862493335,3.43242516192735e-5,1.4592047255361366e-4,UP,ENSMUSG00000045071
ENSMUSG00000063077.16,NA,1903.8822836853435,0.5148788200130057,0.12429575005350801,4.1423686633803305,3.437372164060615e-5,1.460927857351399e-4,UP,ENSMUSG00000063077
ENSMUSG00000021967.5,Mrpl57,926.3149781680079,-0.5279849470889988,0.12746333308829888,-4.142249651695855,3.439156841944477e-5,1.4613064137880015e-4,DOWN,ENSMUSG00000021967
ENSMUSG00000028649.23,NA,4019.8694429694024,0.6921435190086004,0.16714752812028885,4.140913878848957,3.459248316826414e-5,1.4694613562069795e-4,UP,ENSMUSG00000028649
ENSMUSG00000090602.4,Gm5611,272.3760351069557,-0.5682448778141931,0.1374517266403519,-4.134141430620433,3.5628403079255064e-5,1.5099348631929046e-4,DOWN,ENSMUSG00000090602
ENSMUSG00000040093.17,NA,262.74413384525184,0.5028227160270433,0.12164389109399422,4.133563235317031,3.5718196194238785e-5,1.5133479393235542e-4,UP,ENSMUSG00000040093
ENSMUSG00000020647.11,NA,953.3263462622095,0.5714221300350234,0.13826470678022418,4.13281265582341,3.583508096374959e-5,1.5171205217131596e-4,UP,ENSMUSG00000020647
ENSMUSG00000040621.15,NA,76.10019476930584,-0.5953167801318863,0.14405248421435973,-4.132638068539069,3.5862320768146775e-5,1.5175423267148563e-4,DOWN,ENSMUSG00000040621
ENSMUSG00000032251.13,NA,42.349322683341924,-0.7750329750477288,0.187711194708273,-4.128858570487649,3.645685550007868e-5,1.5390592975317308e-4,DOWN,ENSMUSG00000032251
ENSMUSG00000002870.9,Mcm2,493.01027940809223,-0.5630548276255671,0.13645122753144281,-4.126418192139905,3.6845699007947774e-5,1.554270441248811e-4,DOWN,ENSMUSG00000002870
ENSMUSG00000031391.19,NA,345.46040594031774,0.676361457870068,0.16391456350049702,4.126304847024878,3.686385447117063e-5,1.5546351010984393e-4,UP,ENSMUSG00000031391
ENSMUSG00000030410.17,NA,1108.7575571376808,0.5417466205078861,0.13142076552507465,4.122229986588556,3.7522230286538154e-5,1.581176530713464e-4,UP,ENSMUSG00000030410
ENSMUSG00000071040.3,Gm9386,65.41617478846135,-0.6578976864762124,0.15964678660485343,-4.120957900045898,3.773003743230163e-5,1.5891141248863756e-4,DOWN,ENSMUSG00000071040
ENSMUSG00000035476.10,NA,307.8184274590983,0.5994999104139244,0.14549342797150425,4.120460413726316,3.781160324165973e-5,1.591729246943523e-4,UP,ENSMUSG00000035476
ENSMUSG00000085385.10,NA,85.67440875516924,-0.6248284519161375,0.15165575154395267,-4.120044545327056,3.787991573416481e-5,1.5941943938997373e-4,DOWN,ENSMUSG00000085385
ENSMUSG00000026039.10,NA,176.6310239007024,0.71231886753427,0.17300555905037826,4.117317798596557,3.8330734801270524e-5,1.6115076930595885e-4,UP,ENSMUSG00000026039
ENSMUSG00000110371.2,Gm9619,43.10185098858086,0.7434463960152099,0.1806861173711816,4.1145739740920755,3.878951521215362e-5,1.6274471654462603e-4,UP,ENSMUSG00000110371
ENSMUSG00000038486.10,NA,37.84319554245051,1.0580684222206715,0.25717404235086466,4.114211576521164,3.885049801660015e-5,1.6295874790334773e-4,UP,ENSMUSG00000038486
ENSMUSG00000031502.12,NA,23.149228839783632,1.3497221041137433,0.3281592965563927,4.113008890125408,3.905353401734909e-5,1.637683599403767e-4,UP,ENSMUSG00000031502
ENSMUSG00000034437.9,Gm9761,1270.6956004612775,-0.5537414810862014,0.13486831694927617,-4.105793663121509,4.0292903310869735e-5,1.6831786289789847e-4,DOWN,ENSMUSG00000034437
ENSMUSG00000013076.18,NA,82.82149454817566,0.6473260008471498,0.15769621794044966,4.104892363947482,4.0450317595051e-5,1.6893226658372602e-4,UP,ENSMUSG00000013076
ENSMUSG00000046982.12,NA,567.7721505574142,0.5784206204942741,0.14092037546936198,4.104591820506685,4.050293792096835e-5,1.6906563413078362e-4,UP,ENSMUSG00000046982
ENSMUSG00000031098.19,NA,40.1756407883256,0.943253307967721,0.22981770829366585,4.104354337927747,4.054456323961767e-5,1.6919617838008437e-4,UP,ENSMUSG00000031098
ENSMUSG00000080002.3,Nme-ps1,591.2463889492859,-0.5096487587712791,0.12419737456763548,-4.10353890769031,4.0687798906864964e-5,1.6969988403525097e-4,DOWN,ENSMUSG00000080002
ENSMUSG00000128633.1,ENSMUSG00000128633,1077.054340462244,-0.5349958359416508,0.1304955783227909,-4.099723858982388,4.136433935153324e-5,1.7226534803571015e-4,DOWN,ENSMUSG00000128633
ENSMUSG00000022554.8,Hgh1,75.86249619238818,-0.5465165866602824,0.1334420199186178,-4.0955359263415385,4.211929015425569e-5,1.7518623838714084e-4,DOWN,ENSMUSG00000022554
ENSMUSG00000001280.14,NA,1836.6638085855577,0.5032701669280968,0.12299595373338584,4.091761977951067,4.281079451473435e-5,1.7770067220361797e-4,UP,ENSMUSG00000001280
ENSMUSG00000047888.11,NA,518.6805508547175,0.5644656007720564,0.1380157313367958,4.0898642155118345,4.31625798684222e-5,1.787976509197236e-4,UP,ENSMUSG00000047888
ENSMUSG00000128770.1,ENSMUSG00000128770,21.00765002987998,1.5315346007637785,0.3748543715583228,4.085678911511614,4.394812022663681e-5,1.817752968685742e-4,UP,ENSMUSG00000128770
ENSMUSG00000047562.4,Mmp10,48.13660479402791,1.667773747542673,0.4084171156332889,4.083506013102888,4.4361280854905356e-5,1.8325233683454207e-4,UP,ENSMUSG00000047562
ENSMUSG00000029314.15,NA,210.9050405514542,0.6063541672429235,0.14853668193138328,4.082184678953779,4.4614321272834816e-5,1.8415800392064595e-4,UP,ENSMUSG00000029314
ENSMUSG00000030814.18,NA,401.447708037532,-0.534715583872253,0.13104816926810284,-4.080298006897857,4.497799988275384e-5,1.8540382171809144e-4,DOWN,ENSMUSG00000030814
ENSMUSG00000048188.7,Gm8181,166.01765423258027,-0.5713014040496319,0.1400419431444682,-4.079502120734455,4.513225814706401e-5,1.8596720233725946e-4,DOWN,ENSMUSG00000048188
ENSMUSG00000054580.15,NA,80.25282994553218,-0.6618515808646322,0.16235202202471177,-4.076645135740232,4.569014107487113e-5,1.881710874300437e-4,DOWN,ENSMUSG00000054580
ENSMUSG00000041000.9,Trim62,132.1697432553369,0.5619863383282216,0.13789712594515777,4.075402837269617,4.593475905020147e-5,1.8898806227903177e-4,UP,ENSMUSG00000041000
ENSMUSG00000071076.9,Jund,2566.3356541706466,0.9133048471201028,0.2241336639250206,4.074822278484818,4.6049500809003316e-5,1.8931718818510266e-4,UP,ENSMUSG00000071076
ENSMUSG00000068270.16,NA,27.980158428948968,1.7078192998948913,0.4191678252839952,4.074309135577873,4.615114471876527e-5,1.896873551855512e-4,UP,ENSMUSG00000068270
ENSMUSG00000105954.2,Gm42793,44.11970149269637,1.0485223586496975,0.2573595195106184,4.074154166294347,4.6181883008364565e-5,1.897659777915352e-4,UP,ENSMUSG00000105954
ENSMUSG00000066693.3,Gm7493,153.2390724030708,-0.5575072972339675,0.1370066162851561,-4.069199812026672,4.717487760829377e-5,1.9345723767816604e-4,DOWN,ENSMUSG00000066693
ENSMUSG00000034156.17,NA,102.93968202365646,0.6353419921321046,0.1561382371184862,4.069099304931774,4.7195230096790435e-5,1.9349215730176487e-4,UP,ENSMUSG00000034156
ENSMUSG00000024393.15,NA,5706.582134551718,0.5235033065117837,0.12871198713505608,4.0672459353958805,4.757202934606747e-5,1.948903237320348e-4,UP,ENSMUSG00000024393
ENSMUSG00000027347.20,NA,286.10121760445446,0.5617582310055119,0.13812336896876384,4.067075942323357,4.760673222257945e-5,1.949836243824314e-4,UP,ENSMUSG00000027347
ENSMUSG00000034342.10,NA,3895.2908281904683,0.6276407348010472,0.1544289372109492,4.064268952027384,4.818324120476713e-5,1.971472492448369e-4,UP,ENSMUSG00000034342
ENSMUSG00000031847.9,1700030J22Rik,66.86502292133385,0.6754232379005781,0.16618952951506696,4.064174439096317,4.8202767296301315e-5,1.97177786342678e-4,UP,ENSMUSG00000031847
ENSMUSG00000039477.17,NA,614.8445477389664,0.7810471564560627,0.19224299251123303,4.062812101774919,4.848505688907417e-5,1.981837309099291e-4,UP,ENSMUSG00000039477
ENSMUSG00000069011.6,Gm10254,875.1183566972718,-0.5280026058748634,0.1300696808191688,-4.059382652048838,4.920262700368694e-5,2.0091242295684967e-4,DOWN,ENSMUSG00000069011
ENSMUSG00000035373.3,Ccl7,54955.66879484255,-0.5896310969876282,0.14530642557715373,-4.057845994391695,4.952740937151953e-5,2.019897788390365e-4,DOWN,ENSMUSG00000035373
ENSMUSG00000022272.18,NA,956.4938554455713,0.5197849818711394,0.12822665386260787,4.053642251540603,5.042631285475615e-5,2.054507751554945e-4,UP,ENSMUSG00000022272
ENSMUSG00000040209.13,NA,199.85311534142448,0.5577670374023519,0.13761801988117062,4.053008740308634,5.0563112597686746e-5,2.0595680003034826e-4,UP,ENSMUSG00000040209
ENSMUSG00000030451.17,NA,1263.3635128434798,0.5480465005563466,0.1352506989719687,4.0520788781278805,5.0764543257391956e-5,2.0658059211818523e-4,UP,ENSMUSG00000030451
ENSMUSG00000000317.12,NA,7.578275722374855,3.630659392793992,0.896001497090731,4.0520684447320114,5.076680769232534e-5,2.0658059211818523e-4,UP,ENSMUSG00000000317
ENSMUSG00000070604.6,Vsig10l,82.98208453145661,0.6591598745293468,0.16276480358432588,4.04976911478191,5.1268189987490195e-5,2.085170026214269e-4,UP,ENSMUSG00000070604
ENSMUSG00000132705.1,ENSMUSG00000132705,163.14031637569894,-0.5091853168941683,0.1257857022169853,-4.048038114982287,5.1648737122570865e-5,2.0996027281908563e-4,DOWN,ENSMUSG00000132705
ENSMUSG00000064341.1,mt-Nd1,9656.071218759425,0.5965471155296234,0.14739362224215566,4.047306161928399,5.181045539745354e-5,2.104606620096361e-4,UP,ENSMUSG00000064341
ENSMUSG00000048154.18,NA,1027.4798134556968,0.713012194104415,0.17619200601323468,4.046790829152925,5.1924601153305364e-5,2.1081955550221796e-4,UP,ENSMUSG00000048154
ENSMUSG00000073616.11,NA,3711.109129465313,-0.5375097865156976,0.13301793697434053,-4.040881994880017,5.325055006442973e-5,2.1577429136171748e-4,DOWN,ENSMUSG00000073616
ENSMUSG00000030747.6,Dgat2,174.64881921122503,0.5847121490881538,0.1447876383916131,4.038412088100082,5.381425412484566e-5,2.179503959179205e-4,UP,ENSMUSG00000030747
ENSMUSG00000024620.13,NA,63.853207826821354,1.3909032748792471,0.34459054996762456,4.036394135039186,5.427900128690615e-5,2.197237630103437e-4,UP,ENSMUSG00000024620
ENSMUSG00000018501.18,NA,2876.886936106556,0.5541435029849976,0.1373379365565849,4.034890263235342,5.462782255010672e-5,2.2102633351585258e-4,UP,ENSMUSG00000018501
ENSMUSG00000098098.10,NA,267.0600152242601,-0.6107372339056785,0.15139187085908284,-4.034148137809587,5.480073924627978e-5,2.216710922345185e-4,DOWN,ENSMUSG00000098098
ENSMUSG00000040249.16,NA,19790.303112114503,0.6170824594588513,0.1530049175816819,4.033089061529156,5.504840436596785e-5,2.2261781735925546e-4,UP,ENSMUSG00000040249
ENSMUSG00000022105.7,Rb1,1114.3145322125833,0.5239485862302973,0.12994956344562883,4.03193802532102,5.5318776665418706e-5,2.2365588013181653e-4,UP,ENSMUSG00000022105
ENSMUSG00000061589.15,NA,1291.199201843283,0.5711962668924854,0.14178365046305477,4.028646921044854,5.60987974215146e-5,2.2658535770992775e-4,UP,ENSMUSG00000061589
ENSMUSG00000037216.6,Lipt1,44.78016376824192,-0.7231399542462239,0.17964105675349623,-4.025471500306958,5.686126714052363e-5,2.2938160727517252e-4,DOWN,ENSMUSG00000037216
ENSMUSG00000060795.6,Gm13363,249.52162881773182,-0.5510204014026793,0.13703549334381207,-4.021004981681711,5.7950379322209086e-5,2.333145074878891e-4,DOWN,ENSMUSG00000060795
ENSMUSG00000030583.17,NA,387.7002710348551,0.6797857748379011,0.16915503460262035,4.0187144085593225,5.851654604221861e-5,2.3553594228172998e-4,UP,ENSMUSG00000030583
ENSMUSG00000075555.15,NA,56.89050635895438,-0.6980297323943335,0.17378694566981148,-4.016583234741712,5.904801455813063e-5,2.3749971603523703e-4,DOWN,ENSMUSG00000075555
ENSMUSG00000081865.2,Gm15484,239.2756789116879,-0.5238160601379639,0.13048046236959945,-4.014517197633777,5.956760061897093e-5,2.3941283494411083e-4,DOWN,ENSMUSG00000081865
ENSMUSG00000083863.2,Gm13341,1821.98439952174,0.7337229080363625,0.18295653612428597,4.010367290392567,6.0624367741274614e-5,2.4342076027975308e-4,UP,ENSMUSG00000083863
ENSMUSG00000046727.14,NA,79.27649879610603,0.9109963824565185,0.22781469719707856,3.9988481588983316,6.365149722975875e-5,2.540775027393496e-4,UP,ENSMUSG00000046727
ENSMUSG00000080962.2,Gm11453,26.233354711547722,0.8624199143145344,0.2157438247037571,3.9974257223758007,6.403507493930742e-5,2.5535919369551577e-4,UP,ENSMUSG00000080962
ENSMUSG00000064345.1,mt-Nd2,3666.7491569198105,0.6460545378662966,0.16166375255332668,3.9962856711073065,6.434408243044007e-5,2.5640379605265076e-4,UP,ENSMUSG00000064345
ENSMUSG00000049414.8,Gm5417,106.06848396650578,-0.5210940354628028,0.13049978567487602,-3.993064300971679,6.52248716338583e-5,2.5947085707642923e-4,DOWN,ENSMUSG00000049414
ENSMUSG00000116180.2,Gm49492,7.593923489863037,1.9133004438991519,0.4794113227169021,3.9909371206674185,6.581272908333166e-5,2.616184021391389e-4,UP,ENSMUSG00000116180
ENSMUSG00000103419.2,Gm29808,89.83714170672842,0.5991162561032269,0.15014891056012847,3.9901472069842656,6.60322998568984e-5,2.622361451557e-4,UP,ENSMUSG00000103419
ENSMUSG00000095440.3,Fignl2,101.1673967313105,0.622270929373138,0.1559556131228354,3.9900515083289654,6.60589480603917e-5,2.6227825236705435e-4,UP,ENSMUSG00000095440
ENSMUSG00000096592.2,Gm15801,455.2422761269517,-0.5750617900616009,0.1441351361678831,-3.989740498748278,6.614562194689741e-5,2.624948619431865e-4,DOWN,ENSMUSG00000096592
ENSMUSG00000108294.2,Gm44429,69.34926731370423,0.7333747528751825,0.1839370690861172,3.987096002556314,6.68869654239448e-5,2.65115018627498e-4,UP,ENSMUSG00000108294
ENSMUSG00000094388.2,Gm8783,454.15151304274735,-0.572091858533641,0.14381377836707268,-3.978004507144122,6.94960547563834e-5,2.749231633707268e-4,DOWN,ENSMUSG00000094388
ENSMUSG00000051037.16,NA,173.09721076330925,-0.5803064615188226,0.1460543080752177,-3.9732238587578386,7.09063515050948e-5,2.800955103195456e-4,DOWN,ENSMUSG00000051037
ENSMUSG00000054051.8,Ercc6,170.75309618577947,0.6562346246276368,0.16517962278324164,3.972854602584886,7.10164014475332e-5,2.804624542308233e-4,UP,ENSMUSG00000054051
ENSMUSG00000059897.6,Zfp930,171.41001036285837,-0.6107232044533807,0.15378087526873463,-3.971385930702578,7.145571321527533e-5,2.8199301984956315e-4,DOWN,ENSMUSG00000059897
ENSMUSG00000002055.10,NA,332.8577078724433,0.6944528305921163,0.17487469159152477,3.971145420025848,7.15278997054881e-5,2.8220976311511185e-4,UP,ENSMUSG00000002055
ENSMUSG00000037683.15,NA,56.76683240761478,-0.6973917615770142,0.1756852784375796,-3.9695515058468325,7.200804081962706e-5,2.837616767689547e-4,DOWN,ENSMUSG00000037683
ENSMUSG00000037020.17,NA,263.03430380359964,0.5386311184080226,0.1357543011124187,3.9676909975911547,7.25723451613972e-5,2.857787410282338e-4,UP,ENSMUSG00000037020
ENSMUSG00000079481.12,NA,141.2278970866439,0.7961786218647204,0.20068304620638353,3.9673437139574115,7.267814075292812e-5,2.8612641829175414e-4,UP,ENSMUSG00000079481
ENSMUSG00000024402.6,Lta,34.43838547824954,0.7830687249932673,0.1974525598823782,3.965857548059841,7.313253256985678e-5,2.8784598540497925e-4,UP,ENSMUSG00000024402
ENSMUSG00000020598.17,NA,64.73111621326609,-0.9235292207600899,0.23296125567292453,-3.9643039272449516,7.361042051192543e-5,2.894481437786705e-4,DOWN,ENSMUSG00000020598
ENSMUSG00000141920.1,ENSMUSG00000141920,350.66691572436184,0.5054241534697581,0.12766141852699275,3.9590986791588185,7.523314946709516e-5,2.953316669522424e-4,UP,ENSMUSG00000141920
ENSMUSG00000038831.17,NA,396.71469726856895,0.5155758613026741,0.13024673120193334,3.9584552836364852,7.543606021981126e-5,2.959860394510405e-4,UP,ENSMUSG00000038831
ENSMUSG00000037617.13,NA,43.00860227761958,0.6985376149534869,0.17647570569330961,3.9582650326240865,7.549615967015853e-5,2.9607970872562656e-4,UP,ENSMUSG00000037617
ENSMUSG00000043870.10,NA,141.17653936949503,-0.5429676729084513,0.1372868778571557,-3.9549859490096235,7.653914994544718e-5,3.000261259012661e-4,DOWN,ENSMUSG00000043870
ENSMUSG00000030446.18,NA,76.11450258982927,-0.6303747381251449,0.15943425922799748,-3.9538223539752733,7.69125230927702e-5,3.014174304661764e-4,DOWN,ENSMUSG00000030446
ENSMUSG00000002885.15,NA,1418.2065512625513,0.5062176894185829,0.12811273644567267,3.9513455372428874,7.771302361079452e-5,3.044815637444984e-4,UP,ENSMUSG00000002885
ENSMUSG00000058873.2,Gm5582,198.9203782385929,-0.5908999921459018,0.14958470600165222,-3.950270104079859,7.806304778252705e-5,3.0563319258758973e-4,DOWN,ENSMUSG00000058873
ENSMUSG00000026924.18,NA,2254.699028888587,0.5345748754156288,0.13533159223938335,3.9501114748582715,7.811480323789672e-5,3.056893880121283e-4,UP,ENSMUSG00000026924
ENSMUSG00000079067.6,Hmgn2-ps1,20.389694273974897,-2.1717935578357213,0.5497985952421289,-3.950162071402297,7.809829174068854e-5,3.056893880121283e-4,DOWN,ENSMUSG00000079067
ENSMUSG00000033306.16,NA,1351.896910065072,0.5413445439424744,0.13707533288665344,3.949248435457809,7.83969532396495e-5,3.067201047523482e-4,UP,ENSMUSG00000033306
ENSMUSG00000029372.8,Ppbp,470.02018089733724,0.7381268749834808,0.18705786632746907,3.9459814734083087,7.947375898323407e-5,3.1070989340826213e-4,UP,ENSMUSG00000029372
ENSMUSG00000045007.10,NA,81.4492643582775,0.5860061452630245,0.14857538450547397,3.944167112294663,8.007780417569604e-5,3.126498938829136e-4,UP,ENSMUSG00000045007
ENSMUSG00000055862.8,Izumo4,49.85328903236868,-0.8025015414677645,0.2034946671065159,-3.943599863713915,8.026754389975677e-5,3.1321711280216693e-4,DOWN,ENSMUSG00000055862
ENSMUSG00000034771.16,NA,46.38012563692072,0.8892604133957118,0.22549472270119456,3.9435974498351354,8.026835222857442e-5,3.1321711280216693e-4,UP,ENSMUSG00000034771
ENSMUSG00000024036.17,NA,164.70033356062052,0.5042733315183288,0.1279738525527924,3.9404403435483313,8.133217557544512e-5,3.169143604186474e-4,UP,ENSMUSG00000024036
ENSMUSG00000020315.19,NA,2153.1760958109357,0.5209340928480976,0.13220942286584653,3.9402190975199374,8.14072244930509e-5,3.1705563296721706e-4,UP,ENSMUSG00000020315
ENSMUSG00000084918.4,Gm12708,127.84289980303737,-0.5496830202979253,0.13961837027362378,-3.937039368248302,8.249307763249348e-5,3.2082922833272275e-4,DOWN,ENSMUSG00000084918
ENSMUSG00000063663.12,NA,335.50216063111094,0.8038722334444478,0.20418203765229123,3.937036982721223,8.249389738666548e-5,3.2082922833272275e-4,UP,ENSMUSG00000063663
ENSMUSG00000105355.3,Gm40117,9.647741519440311,-1.8268300667862627,0.46412337861690556,-3.9360871504259127,8.282090696337452e-5,3.219478109924661e-4,DOWN,ENSMUSG00000105355
ENSMUSG00000042284.11,NA,83.0703244387129,0.70832464382484706,0.1799721281467195,3.9357463353847564,8.293854161182624e-5,3.2225181868003605e-4,UP,ENSMUSG00000042284
ENSMUSG00000095419.2,Gm14328,521.0648508635994,-0.566550117804939,0.14416294086026618,-3.9299289708170075,8.497095847725158e-5,3.2999175273679127e-4,DOWN,ENSMUSG00000095419
ENSMUSG00000026014.16,NA,767.4434941393977,0.5695863059437809,0.14497527093807877,3.928851467275824,8.535253559987124e-5,3.3139490425546206e-4,UP,ENSMUSG00000026014
ENSMUSG00000026475.8,Rgs16,55.147027740906616,1.1774540905462592,0.2997072935517593,3.928680135183008,8.541335855808675e-5,3.315523056258575e-4,UP,ENSMUSG00000026475
ENSMUSG00000031540.15,NA,1211.4590027773506,0.6422573429382916,0.1635508614896868,3.9269578716269318,8.602704208900445e-5,3.3361756346070385e-4,UP,ENSMUSG00000031540
ENSMUSG00000082816.2,Gm11953,80.71503635045408,0.5438739929385809,0.13855665619990845,3.9252823202797544,8.66280773847504e-5,3.356299011450889e-4,UP,ENSMUSG00000082816
ENSMUSG00000116657.2,Gm49774,80.31725615664108,0.5993542507323352,0.1528348000552563,3.921582326247969,8.796938201567454e-5,3.4018157521367785e-4,UP,ENSMUSG00000116657
ENSMUSG00000120384.2,Gm53681,92.41256651270056,-0.5371483334853563,0.1369911651880265,-3.9210436143680956,8.816630196093829e-5,3.40781833022818e-4,DOWN,ENSMUSG00000120384
ENSMUSG00000110126.2,Gm9347,163.52597509599957,-0.7790412185612664,0.19872215881315217,-3.9202533990875033,8.845590969293032e-5,3.4165886102094497e-4,DOWN,ENSMUSG00000110126
ENSMUSG00000061755.11,NA,627.4701451575299,0.590694754442586,0.15074383464543797,3.9185334234859366,8.908937721117065e-5,3.437949286049366e-4,UP,ENSMUSG00000061755
ENSMUSG00000064337.1,mt-Rnr1,4262.4626478146,0.5654033599301328,0.14430707556386518,3.918057085703364,8.92655688819105e-5,3.443792751814277e-4,UP,ENSMUSG00000064337
ENSMUSG00000125419.1,ENSMUSG00000125419,16.423162812321877,-1.2554423380483803,0.3205051072118278,-3.917074361060447,8.963010763597326e-5,3.455899057887698e-4,DOWN,ENSMUSG00000125419
ENSMUSG00000081600.4,Gm12286,112.31214161764575,0.6895276896754337,0.17605595145247488,3.9165258770679334,8.983417713450985e-5,3.46214517949536e-4,UP,ENSMUSG00000081600
ENSMUSG00000050953.11,NA,1115.1778184819668,0.6013099232719307,0.1536335069751308,3.9139243457435806,9.080809760918784e-5,3.497523947973102e-4,UP,ENSMUSG00000050953
ENSMUSG00000070390.13,NA,132.09439871044128,-0.6182542017644967,0.15797857299011892,-3.913532006667554,9.09558379612848e-5,3.502388992497436e-4,DOWN,ENSMUSG00000070390
ENSMUSG00000041688.17,NA,55.70502464382282,0.8332519596225885,0.21303372557283645,3.9113617216335954,9.177719696644147e-5,3.5306897190243646e-4,UP,ENSMUSG00000041688
ENSMUSG00000119994.2,A430046D13Rik,90.47342369702537,-0.5011473656058795,0.12829043911781296,-3.9063500682670576,9.370073754654112e-5,3.596225066766286e-4,DOWN,ENSMUSG00000119994
ENSMUSG00000110697.4,Gm31718,85.25662717062765,-0.5933909325740991,0.1519324478409582,-3.9056234596789787,9.39827597713056e-5,3.6053559991123244e-4,DOWN,ENSMUSG00000110697
ENSMUSG00000027544.17,NA,589.5706445625286,0.5229907336476012,0.13394115666284714,3.9046305607473477,9.436943491044806e-5,3.61594651440737e-4,UP,ENSMUSG00000027544
ENSMUSG00000021363.15,NA,15.919558103031324,1.372555396241362,0.3515156053488501,3.9046784135777255,9.435076466950483e-5,3.61594651440737e-4,UP,ENSMUSG00000021363
ENSMUSG00000002908.19,NA,28.922374403646433,-0.7496152818609405,0.19218469428308035,-3.9004941816895533,9.59965333362459e-5,3.672266168767319e-4,DOWN,ENSMUSG00000002908
ENSMUSG00000141178.1,ENSMUSG00000141178,114.00888784694682,0.6194961017953725,0.15887108436056283,3.89936346370877,9.644590502657795e-5,3.6868680158195583e-4,UP,ENSMUSG00000141178
ENSMUSG00000031066.11,NA,101.21449025117738,0.5085975984118754,0.13058332600781627,3.894812714308046,9.827463240710115e-5,3.7471358556717406e-4,UP,ENSMUSG00000031066
ENSMUSG00000069236.6,Gm7251,102.94054304359496,0.5720826301004673,0.14693856695759822,3.893345647406185,9.887112047915542e-5,3.769000315653625e-4,UP,ENSMUSG00000069236
ENSMUSG00000079109.12,NA,183.6023133206955,-0.5258009179202989,0.13506659627708104,-3.8929012236426677,9.905249018655026e-5,3.775033818114596e-4,DOWN,ENSMUSG00000079109
ENSMUSG00000050310.10,NA,599.7287488166824,0.5435030802038342,0.1396350563981992,3.8923111016901015,9.929380490751804e-5,3.781585589511393e-4,UP,ENSMUSG00000050310
ENSMUSG00000051220.3,Ercc6l,278.2651473328412,0.5596864013916337,0.14386330661189442,3.8904041243923393,1.0007741278098745e-4,3.810541321495506e-4,UP,ENSMUSG00000051220
ENSMUSG00000026126.16,NA,2059.561776668971,-0.5897472272058707,0.15174124107902712,-3.8865322506406104,1.0168642246581495e-4,3.868029583873187e-4,DOWN,ENSMUSG00000026126
ENSMUSG00000099394.2,Gm9142,10.539245717969811,1.6696630012981837,0.42977095896155,3.885006574973257,1.0232711903926828e-4,3.8898583437578586e-4,UP,ENSMUSG00000099394
ENSMUSG00000098123.2,Gm4518,48.93086594982219,0.6794625970811871,0.17491622559193318,3.884502965815898,1.0253944120014767e-4,3.897023264026072e-4,UP,ENSMUSG00000098123
ENSMUSG00000028517.9,Plpp3,460.70182864978943,0.518417560175619,0.13348930507989526,3.883588725443875,1.0292594893384058e-4,3.9080779588212736e-4,UP,ENSMUSG00000028517
ENSMUSG00000109244.2,Gm44751,117.1942342688592,0.5280821111720639,0.13609997754636075,3.8801043225167278,1.0441167194288282e-4,3.956911337313188e-4,UP,ENSMUSG00000109244
ENSMUSG00000037646.11,NA,957.0170291320259,0.5573904712125817,0.1436550495861256,3.880061806518044,1.0442992480832677e-4,3.956911337313188e-4,UP,ENSMUSG00000037646
ENSMUSG00000029505.19,NA,1781.4642846807376,0.5829527204417336,0.1502505534526923,3.8798707029407473,1.0451200612719504e-4,3.959103712989873e-4,UP,ENSMUSG00000029505
ENSMUSG00000023919.10,NA,187.817069850432,-0.725618382382553,0.1870888882917342,-3.878468619959252,1.0511608253905286e-4,3.976554143425926e-4,DOWN,ENSMUSG00000023919
ENSMUSG00000053907.11,NA,2450.0478611409126,-0.6267284871115267,0.16159729842824136,-3.878335177675206,1.0517374649785266e-4,3.9777187881857927e-4,DOWN,ENSMUSG00000053907
ENSMUSG00000083708.2,Gm13123,67.12763238450876,0.7826276921881004,0.20196507865789148,3.875064428904528,1.0659649197235761e-4,4.029736141350861e-4,UP,ENSMUSG00000083708
ENSMUSG00000074277.5,Phldb3,220.72778780683132,0.5179289279618284,0.13366593411777664,3.8748012452108207,1.0671176044640627e-4,4.033087713888918e-4,UP,ENSMUSG00000074277
ENSMUSG00000080928.2,Hmgb1-ps6,144.91718808779316,-0.5352822603118687,0.1383155146615899,-3.8700088100855408,1.0883142030069297e-4,4.106552161207589e-4,DOWN,ENSMUSG00000080928
ENSMUSG00000022969.14,NA,299.3840200126173,-0.501800552296482,0.1297123386423095,-3.8685645293947775,1.0947796488543466e-4,4.1273680780347865e-4,DOWN,ENSMUSG00000022969
ENSMUSG00000122484.1,ENSMUSG00000122484,79.78456861267061,0.7936165343822678,0.20523495362839134,3.866868290959977,1.1024192751827816e-4,4.1530641788747977e-4,UP,ENSMUSG00000122484
ENSMUSG00000038067.3,Csf3,573.6043970176589,0.8671559296378964,0.22428909840025504,3.8662419877867342,1.1052527511122611e-4,4.160861692694846e-4,UP,ENSMUSG00000038067
ENSMUSG00000014599.11,NA,998.2319249039169,0.5980949493613414,0.15470535697311283,3.866026109653643,1.1062310026713968e-4,4.1635855329649215e-4,UP,ENSMUSG00000014599
ENSMUSG00000046668.10,NA,21.52158643066824,1.0540411762560795,0.272672522336329,3.8655936697426676,1.1081930611767035e-4,4.1700100778071814e-4,UP,ENSMUSG00000046668
ENSMUSG00000089810.2,Gm16536,114.8248226638294,0.6372914494523044,0.16505122966751218,3.861173592805686,1.128436908606598e-4,4.240328668524931e-4,UP,ENSMUSG00000089810
ENSMUSG00000057836.13,NA,17.84997270730522,-1.1000118709726152,0.2849900723891332,-3.859825227422761,1.1346814971532738e-4,4.2628140088410513e-4,DOWN,ENSMUSG00000057836
ENSMUSG00000026189.14,NA,101.42395962900625,-0.6191641131465143,0.1606553780647787,-3.8539893317288008,1.162086609716016e-4,4.3428138368582526e-4,DOWN,ENSMUSG00000026189
ENSMUSG00000034685.5,Fam171a2,12.935946135568035,1.3714522241129703,0.3561859688622823,3.8503825080297758,1.1793349489668637e-4,4.399226169742664e-4,UP,ENSMUSG00000034685
ENSMUSG00000047193.17,NA,105.81871993625738,0.6286160714522597,0.16327372876323795,3.850074817387256,1.1808174911241847e-4,4.402746968502719e-4,UP,ENSMUSG00000047193
ENSMUSG00000020282.19,NA,59.488114681576256,0.7709504659392801,0.20026483597378053,3.849654694447786,1.1828446026863766e-4,4.4092994014849514e-4,UP,ENSMUSG00000020282
ENSMUSG00000071724.6,Smpd5,83.40376362935113,0.5483526841168186,0.1424762341915528,3.8487308934596305,1.1873135296046756e-4,4.42394049576431e-4,UP,ENSMUSG00000071724
ENSMUSG00000134226.1,ENSMUSG00000134226,37.55857771265845,0.8645076313287944,0.22472571052532633,3.8469458136672143,1.1959940716178873e-4,4.4532389737280147e-4,UP,ENSMUSG00000134226
ENSMUSG00000055723.7,Rras2,150.5870076316923,-1.3444173098851893,0.3497047516065416,-3.8444353521333183,1.2083033242365038e-4,4.4959995761370113e-4,DOWN,ENSMUSG00000055723
ENSMUSG00000090164.9,BC035044,28.41718749406286,-1.0724590105964125,0.27964754751001814,-3.8350381404935887,1.2554481120673054e-4,4.652358839231959e-4,DOWN,ENSMUSG00000090164
ENSMUSG00000113184.2,Gm49654,44.958224015576526,0.6447555277763243,0.16827766992367804,3.8314978337217984,1.2736549607117453e-4,4.714484598685278e-4,UP,ENSMUSG00000113184
ENSMUSG00000069913.4,Anp32-ps,73.00764707954418,0.6743171534738309,0.17608668670217564,3.829461307397633,1.2842407247801301e-4,0.00047493662640850696,UP,ENSMUSG00000069913
ENSMUSG00000026712.4,Mrc1,19242.819726364745,-0.5034844166033193,0.13149870486106482,-3.828816543366542,1.2876094214632743e-4,4.758730386040939e-4,DOWN,ENSMUSG00000026712
ENSMUSG00000067768.13,NA,110.05808652075137,-0.5200439578334478,0.13584241812353462,-3.828288431677664,1.2903748472577745e-4,4.7666592662769675e-4,DOWN,ENSMUSG00000067768
ENSMUSG00000037172.15,NA,149.79023948576085,0.5602315089726696,0.14638459589122207,3.827120644503988,1.2965097819503553e-4,4.7871580970771423e-4,UP,ENSMUSG00000037172
ENSMUSG00000024897.10,NA,299.0576729244292,0.5204113988282926,0.13602762541993518,3.825777280326067,1.3036011002586105e-4,4.8100820733244353e-4,UP,ENSMUSG00000024897
ENSMUSG00000024669.9,Cd5,10.661046458899749,1.761124125605477,0.4606745076386567,3.8229250726998454,1.3187786292379004e-4,4.863888870379675e-4,UP,ENSMUSG00000024669
ENSMUSG00000031497.11,NA,50.517932896898984,-0.6734996858198297,0.17621629531664035,-3.8220057038971817,1.3237062720774414e-4,4.87876047877742e-4,DOWN,ENSMUSG00000031497
ENSMUSG00000031732.13,NA,180.73274086090925,0.5189638050656158,0.13592700231487398,3.817959612347219,1.3455994680516473e-4,4.95052192319879e-4,UP,ENSMUSG00000031732
ENSMUSG00000027329.10,NA,216.90424313255892,0.507494208945999,0.13295093593598867,3.817154090516069,1.3499986308742478e-4,4.964471905572656e-4,UP,ENSMUSG00000027329
ENSMUSG00000116182.2,Gm33666,50.67596100057284,-0.7250721250898421,0.18995031183040081,-3.8171673323560036,1.3499262043506962e-4,4.964471905572656e-4,DOWN,ENSMUSG00000116182
ENSMUSG00000058351.12,NA,466.4536606227047,-0.5277823099727177,0.13838938143233806,-3.813748602025245,1.3687470507378822e-4,5.025502985481002e-4,DOWN,ENSMUSG00000058351
ENSMUSG00000115230.4,AU022793,147.16651049484065,-0.5269671694538834,0.13822916763585935,-3.8122718849185766,1.376952907543681e-4,5.051093408148342e-4,DOWN,ENSMUSG00000115230
ENSMUSG00000097077.3,Gm16712,35.61442961348184,0.8092453199390001,0.21234958384838143,3.810910788112516,1.3845573047142342e-4,5.076710117285525e-4,UP,ENSMUSG00000097077
ENSMUSG00000097365.9,C030034L19Rik,41.86607950837551,-0.8603505074405918,0.22580146384046412,-3.810207838371042,1.3885001328887875e-4,5.090025380623485e-4,DOWN,ENSMUSG00000097365
ENSMUSG00000034382.15,NA,34.71411949977155,0.846245058472988,0.22215170345048743,3.809311589013302,1.393542513580039e-4,5.10621966531704e-4,UP,ENSMUSG00000034382
ENSMUSG00000074570.15,NA,126.3438374787462,0.5933935150867993,0.15578395884868282,3.809079699041276,1.394849953602577e-4,5.109864935362555e-4,UP,ENSMUSG00000074570
ENSMUSG00000032526.12,NA,316.9314133243702,-0.52452620283642,0.13774899823536266,-3.8078404166700115,1.4018568744744868e-4,5.132083419968637e-4,DOWN,ENSMUSG00000032526
ENSMUSG00000046541.10,NA,200.54376016969246,0.6338289479415948,0.16661714432788632,3.804104016416709,1.4231837332980113e-4,5.199678431937705e-4,UP,ENSMUSG00000046541
ENSMUSG00000033276.19,NA,78.77128621462955,0.5547766600250321,0.1460395455141753,3.798811192350519,1.4539179539933014e-4,5.306037703946083e-4,UP,ENSMUSG00000033276
ENSMUSG00000029648.14,NA,102.905433581256,0.8935660925859801,0.23522642619577436,3.7987487504583455,1.454284242314089e-4,5.306047679806699e-4,UP,ENSMUSG00000029648
ENSMUSG00000057335.12,NA,1688.7944929887144,0.5723752655438384,0.15075975049040516,3.7966052854423253,1.4669107691893846e-4,5.345283349265911e-4,UP,ENSMUSG00000057335
ENSMUSG00000018076.13,NA,1031.0884360896132,0.6193506062848005,0.16318518426590933,3.795385034928001,1.474144944738716e-4,5.370263709984189e-4,UP,ENSMUSG00000018076
ENSMUSG00000053580.17,NA,404.44033325887926,0.5896595651758698,0.15543213515153506,3.79367860192485,1.4843177703894415e-4,5.398900372671519e-4,UP,ENSMUSG00000053580
ENSMUSG00000028549.18,NA,73.90372097721936,-0.7763291217838066,0.20514751896108163,-3.7842481630552083,1.5417393043566261e-4,5.592825270531161e-4,DOWN,ENSMUSG00000028549
ENSMUSG00000032815.17,NA,169.68755584150117,-0.5481233687296163,0.14505413334076844,-3.7787504299649113,1.5761729151654642e-4,5.703812811887243e-4,DOWN,ENSMUSG00000032815
ENSMUSG00000047281.4,Sfn,131.0600513864829,0.6122030499079048,0.16203149507276907,3.778296618401019,1.5790473494872636e-4,5.711685765593895e-4,UP,ENSMUSG00000047281
ENSMUSG00000068697.8,Myoz1,103.79182993216956,-0.5985252392002075,0.15841581347281988,-3.7781912429020172,1.5797155014103954e-4,5.712838403994319e-4,DOWN,ENSMUSG00000068697
ENSMUSG00000040563.14,NA,159.08618345653647,0.5130792724024114,0.13582878744866764,3.77739713384627,1.5847592542994515e-4,5.728543735245208e-4,UP,ENSMUSG00000040563
ENSMUSG00000020654.16,NA,86.76276279426519,-0.6841730903371268,0.18125924071330327,-3.7745556455203273,1.602931266243564e-4,5.782722241893024e-4,DOWN,ENSMUSG00000020654
ENSMUSG00000130059.1,ENSMUSG00000130059,39.99425917713781,-0.8810732851059472,0.23344625633323945,-3.7742018182045047,1.60520775762382e-4,5.78823149876676e-4,DOWN,ENSMUSG00000130059
ENSMUSG00000044674.7,Fzd1,164.4930528321788,0.7162981521360836,0.18997742421564823,3.7704382775660505,1.6296110420099306e-4,5.867317641562626e-4,UP,ENSMUSG00000044674
ENSMUSG00000000791.10,NA,154.53491472538954,0.5614513213063049,0.14891495850100475,3.770281555042818,1.630634783126087e-4,5.869710672754683e-4,UP,ENSMUSG00000000791
ENSMUSG00000045268.14,NA,131.96412718514472,0.5276843555062003,0.13997099693312284,3.7699549697307946,1.6327700446867706e-4,5.876102851265952e-4,UP,ENSMUSG00000045268
ENSMUSG00000081494.2,Gm14130,70.21148219179095,0.6147363554240652,0.16328439056366872,3.764820098859137,1.6666903493662533e-4,5.987630868294676e-4,UP,ENSMUSG00000081494
ENSMUSG00000074466.15,NA,185.11769066758487,-0.517241725081195,0.13741596908453013,-3.7640583443618456,1.6717785133444604e-4,6.004590546941013e-4,DOWN,ENSMUSG00000074466
ENSMUSG00000097028.4,Ptgs2os,14.81920152287594,1.3781059674901759,0.3662111151760775,3.763146202778609,1.6778904175753856e-4,6.025218973129888e-4,UP,ENSMUSG00000097028
ENSMUSG00000031362.18,NA,88.11527899297994,-0.5469429792169809,0.14535533510975426,-3.762799478973356,1.680219187079868e-4,6.032256277620804e-4,DOWN,ENSMUSG00000031362
ENSMUSG00000055485.7,Mtcl2,462.98972012136085,0.6669014084220669,0.17735890706840918,3.7601799618940825,1.6979116778652992e-4,6.08775264013735e-4,UP,ENSMUSG00000055485
ENSMUSG00000029104.16,NA,1731.0622751843798,0.5045489962336148,0.13431470065297207,3.7564689031114655,1.7232767344779534e-4,6.16922503324061e-4,UP,ENSMUSG00000029104
ENSMUSG00000081126.2,Gm15784,133.17622086386783,0.6138582676275784,0.16342078651895237,3.7563046947909995,1.724407289556309e-4,6.171920638293723e-4,UP,ENSMUSG00000081126
ENSMUSG00000091083.5,Gm4535,13.799035393194005,-1.2566197685456268,0.33459304217022034,-3.7556661680559875,1.7288101050828521e-4,6.186324425937895e-4,DOWN,ENSMUSG00000091083
ENSMUSG00000063382.7,Bcl9l,283.2732408504564,0.5667892187946652,0.15103022987559844,3.7528196789577937,1.7485663534667925e-4,6.252913063611505e-4,UP,ENSMUSG00000063382
ENSMUSG00000043940.16,NA,2122.221964406838,0.618722870146016,0.16493582519235925,3.751294598516846,1.7592384342350628e-4,6.286950469174975e-4,UP,ENSMUSG00000043940
ENSMUSG00000026683.15,NA,479.31954420263247,-0.5874803347656539,0.15667459417062105,-3.7496847390961086,1.7705702113286233e-4,6.323299251557281e-4,DOWN,ENSMUSG00000026683
ENSMUSG00000021287.13,NA,31.93351897531247,-1.140940427505734,0.3043608590624342,-3.748643735006972,1.7779343278649567e-4,6.348211997221621e-4,DOWN,ENSMUSG00000021287
ENSMUSG00000087165.10,NA,34.97525043281221,-0.8131315372124619,0.21698062474814853,-3.7474845422547354,1.7861684043797446e-4,6.375321373946148e-4,DOWN,ENSMUSG00000087165
ENSMUSG00000029379.11,NA,3280.6389403646212,1.1290223250711684,0.30161635073449933,3.743239788962904,1.8166271639917357e-4,6.470887665426851e-4,UP,ENSMUSG00000029379
ENSMUSG00000120650.2,Gm36874,34.10999892848419,-0.8539849530580153,0.22817036121921014,-3.742751462086551,1.8201623670979167e-4,6.48199870426635e-4,DOWN,ENSMUSG00000120650
ENSMUSG00000104654.2,Gm43814,37.60056804575837,1.3573561325834451,0.3632347414877963,3.7368565766142408,1.8633513689542982e-4,6.618500972822025e-4,UP,ENSMUSG00000104654
ENSMUSG00000049409.10,NA,501.9006715526582,0.6555629086856414,0.17581659825260246,3.7286747394791986,1.924894120423789e-4,6.806039215324953e-4,UP,ENSMUSG00000049409
ENSMUSG00000130922.1,ENSMUSG00000130922,44.828823000629605,-0.8392604275270781,0.2257491520485304,-3.717668128147202,2.010701696482544e-4,7.09103126876023e-4,DOWN,ENSMUSG00000130922
ENSMUSG00000029371.8,Cxcl5,14.563133907609853,1.1749447246885438,0.3162426412423593,3.7153266873587105,2.0294132640033972e-4,7.15393340810859e-4,UP,ENSMUSG00000029371
ENSMUSG00000040350.17,NA,30.30052738534783,0.7699903734304199,0.20741115065109592,3.7123865858383223,2.0531407038974032e-4,7.226488247812097e-4,UP,ENSMUSG00000040350
ENSMUSG00000099398.2,Ms4a14,618.8406780450628,0.5831801232863045,0.15708819772276156,3.712437546170941,2.0527272297938336e-4,7.226488247812097e-4,UP,ENSMUSG00000099398
ENSMUSG00000028347.15,NA,80.38851697611238,0.707367648027795,0.19069593698207316,3.7094007309358292,2.0775039087602253e-4,7.304555580252666e-4,UP,ENSMUSG00000028347
ENSMUSG00000037709.14,NA,93.39720428154217,0.52081489143999,0.14042727254422788,3.708787345962005,2.08254235325349e-4,7.319122190127188e-4,UP,ENSMUSG00000037709
ENSMUSG00000097711.2,Gm5523,41.90435590301835,0.7172269106062191,0.19382168919062648,3.7004471150842977,2.1521992966020808e-4,7.549323970441549e-4,UP,ENSMUSG00000097711
ENSMUSG00000120386.2,Gm56514,34.40313556988891,-0.8752872783128257,0.2365853083047021,-3.6996687773423735,2.158810331476676e-4,7.56926505326421e-4,DOWN,ENSMUSG00000120386
ENSMUSG00000027223.16,NA,23.430183315169774,0.9390825850683494,0.2538613046594466,3.6991954576461463,2.1628399266333736e-4,7.580141818342436e-4,UP,ENSMUSG00000027223
ENSMUSG00000111147.3,Gm33699,33.269200608060046,-0.7089623163504574,0.1917215340459173,-3.697875253703431,2.174116802869043e-4,7.613134802848623e-4,DOWN,ENSMUSG00000111147
ENSMUSG00000003575.14,NA,187.40603615755796,0.5107592370670998,0.13813583181161695,3.6975144708553884,2.1772081173851467e-4,7.622326812331893e-4,UP,ENSMUSG00000003575
ENSMUSG00000067430.8,Zfp763,80.06605221593374,-0.6372401468889102,0.17241433256193855,-3.6959812877504628,2.190391061127062e-4,7.654907252493066e-4,DOWN,ENSMUSG00000067430
ENSMUSG00000036278.8,Macrod1,148.27009928054184,0.5945664642048499,0.16095246550639253,3.694050055923099,2.2071032550823874e-4,7.705533918747694e-4,UP,ENSMUSG00000036278
ENSMUSG00000121914.1,Sts,64.83052627865575,1.3406637999286255,0.3631111992000335,3.6921576720360814,2.2235953336749773e-4,7.758140730896729e-4,UP,ENSMUSG00000121914
ENSMUSG00000031949.18,NA,38.16798032935968,-1.0397641124966046,0.28162106866566694,-3.6920679174432967,2.2243804090860112e-4,7.759223680520687e-4,DOWN,ENSMUSG00000031949
ENSMUSG00000045282.8,Tmem86b,37.880281993929565,0.7550486043089208,0.2045948846234807,3.6904569031549794,2.238516133891362e-4,7.805201519750043e-4,UP,ENSMUSG00000045282
ENSMUSG00000111459.2,Gm8031,9.943903678027615,-2.0789384979770005,0.5640478604596373,-3.6857483978095282,2.2803154760464721e-4,7.940783291745981e-4,DOWN,ENSMUSG00000111459
ENSMUSG00000001946.15,NA,25.79214057848354,1.0258615325549705,0.2786056561001682,3.6821274446278234,2.3129572828632582e-4,8.040748563522505e-4,UP,ENSMUSG00000001946
ENSMUSG00000062488.10,NA,5805.471846716336,0.5275713302887619,0.1433366117642645,3.680646024732473,2.3264378211728493e-4,8.079314712193574e-4,UP,ENSMUSG00000062488
ENSMUSG00000002808.8,Epdr1,48.51179331206716,-0.8703501413676882,0.23647278213317283,-3.68055102797217,2.3273047778933937e-4,8.080315186798091e-4,DOWN,ENSMUSG00000002808
ENSMUSG00000005718.9,Tfap4,21.399086647097466,-1.1594475055017388,0.31511113896524795,-3.6794875271915046,2.337031186845846e-4,8.107654829310469e-4,DOWN,ENSMUSG00000005718
ENSMUSG00000098192.2,Gm3534,81.34074694894738,0.6542464173818401,0.17787048621889792,3.6782179623475355,2.3486921327495677e-4,8.140738253164638e-4,UP,ENSMUSG00000098192
ENSMUSG00000035183.15,NA,163.15893484657366,-0.5166489790326495,0.14056608842959445,-3.675488055509379,2.3739514822775613e-4,8.221315874853605e-4,DOWN,ENSMUSG00000035183
ENSMUSG00000029730.17,NA,696.5323507055297,-0.5082383807502313,0.13827653178181148,-3.675521610219353,2.3736394650596235e-4,8.221315874853605e-4,DOWN,ENSMUSG00000029730
ENSMUSG00000026383.15,NA,38.680624230510304,0.7357369082388887,0.20020512752595096,3.674915409664126,2.3792823151016915e-4,8.238031926001324e-4,UP,ENSMUSG00000026383
ENSMUSG00000045140.9,Pigw,77.51997134132411,-0.5662071025607576,0.15429772135323888,-3.6695752704249007,2.429537949259853e-4,8.404915834624669e-4,DOWN,ENSMUSG00000045140
ENSMUSG00000101935.2,Gm17748,57.92631494302146,-0.8146917245631117,0.22212331616326525,-3.6677451905332457,2.446988591231584e-4,8.4617041489891e-4,DOWN,ENSMUSG00000101935
ENSMUSG00000031097.16,NA,140.4544852385511,-0.6717408554537543,0.1834558118080892,-3.661594848553797,0.00025065003024633923,8.652851941724733e-4,DOWN,ENSMUSG00000031097
ENSMUSG00000017314.13,NA,6.890929610651312,2.9455485270130835,0.8049045355880824,3.6595004708986956,2.5270737882338024e-4,8.709160477012383e-4,UP,ENSMUSG00000017314
ENSMUSG00000031861.17,NA,33.64417185185065,1.0227651056236702,0.2796112920041919,3.6578104492587413,2.543790550409135e-4,8.761230580907653e-4,UP,ENSMUSG00000031861
ENSMUSG00000020648.4,Dus4l,47.101341763080526,-0.6226060475453302,0.17021966756650359,-3.657662222269836,2.5452616659853367e-4,8.76445064086714e-4,DOWN,ENSMUSG00000020648
ENSMUSG00000030785.9,Cox6a2,49.57863825436044,-0.8960715347600662,0.2451581888391664,-3.6550748682024445,2.571069362400127e-4,8.838422670408513e-4,DOWN,ENSMUSG00000030785
ENSMUSG00000024597.12,NA,75.88659969661182,-0.6127195370788111,0.1676842242748258,-3.6540082391686135,2.581779769136224e-4,8.868861941108081e-4,DOWN,ENSMUSG00000024597
ENSMUSG00000052482.7,Gm8174,26.674550908842374,0.8878571059550532,0.24300361233087067,3.653678632341309,2.5850979223972345e-4,8.871721738296282e-4,UP,ENSMUSG00000052482
ENSMUSG00000040272.15,NA,88.61889768759427,-0.5784427869763553,0.15832920839715287,-3.653418044795562,2.587724088211102e-4,8.878870265721804e-4,DOWN,ENSMUSG00000040272
ENSMUSG00000030852.19,NA,41.05788689817586,0.9053060042512179,0.24810223698135672,3.6489231829024007,2.6334182672775206e-4,9.014838742810126e-4,UP,ENSMUSG00000030852
ENSMUSG00000073144.7,4930599N23Rik,56.183112391238716,-0.6121203116034268,0.16782586211814118,-3.647353893361943,2.6495488316513187e-4,9.064362746373473e-4,DOWN,ENSMUSG00000073144
ENSMUSG00000098031.2,Gm9341,6.848043029012808,1.7245212276696122,0.47307689043976153,3.6453296758303635,2.670492369340124e-4,9.134100914256888e-4,UP,ENSMUSG00000098031
ENSMUSG00000030630.17,NA,92.2539340994536,0.5230322915304494,0.14352458313456504,3.644200039515652,2.6822475020802587e-4,9.164254712480461e-4,UP,ENSMUSG00000030630
ENSMUSG00000106019.4,Gm43672,25.405039302347046,-0.975286992591957,0.2677823635015926,-3.642088223581448,2.704353521158265e-4,9.226750711094343e-4,DOWN,ENSMUSG00000106019
ENSMUSG00000108875.3,Gm45064,94.6032597390204,0.6809156993880588,0.1870173046886794,3.6409234991465276,2.716618546767069e-4,9.264729139464742e-4,UP,ENSMUSG00000108875
ENSMUSG00000024524.18,NA,16.21306734903591,1.1264774108221574,0.3095834097869283,3.6386879115953237,2.740306411098594e-4,9.341615974101693e-4,UP,ENSMUSG00000024524
ENSMUSG00000050174.16,NA,80.67566395782889,-0.6144226756279669,0.1688845541639217,-3.63812237696764,2.746329314489456e-4,9.358244522544225e-4,DOWN,ENSMUSG00000050174
ENSMUSG00000041930.8,Fam222a,11.599908972067604,1.6471767203525354,0.45296896363963046,3.636400841058469,2.764740002868843e-4,9.411170363784696e-4,UP,ENSMUSG00000041930
ENSMUSG00000080942.2,Zfp36l1-ps,15.019213841545408,1.2243412139092411,0.33707121433283477,3.6322924113605497,2.809145389947365e-4,9.55039320800325e-4,UP,ENSMUSG00000080942
ENSMUSG00000118537.2,Shld3,109.74250241040062,-0.5113708534653718,0.14081974194267805,-3.6313860997808813,2.8190306930817206e-4,9.578024466662608e-4,DOWN,ENSMUSG00000118537
ENSMUSG00000082927.4,Gm5863,60.920374574081976,0.6857499481489396,0.18884339490053023,3.6313155062169145,2.8198020364840725e-4,9.578654216202961e-4,UP,ENSMUSG00000082927
ENSMUSG00000074405.9,Zfp865,298.0103970251133,0.507995128572795,0.14011658854575085,3.625517391232549,2.883834868966191e-4,9.77585333225246e-4,UP,ENSMUSG00000074405
ENSMUSG00000111875.2,Gm5425,326.67605791685503,-0.5262064143457127,0.14514765340162478,-3.625318095151667,2.8860598723061664e-4,9.779541743331782e-4,DOWN,ENSMUSG00000111875
ENSMUSG00000086841.4,2410006H16Rik,576.2272109942178,-0.5477375408068118,0.1511568397609067,-3.6236371551112017,2.904890498655769e-4,9.839067569628512e-4,DOWN,ENSMUSG00000086841
ENSMUSG00000105283.4,Gm33370,66.00473035839813,-0.6615294909538955,0.18262184236804557,-3.622400707253226,2.9188151304301017e-4,9.88008948478162e-4,DOWN,ENSMUSG00000105283
ENSMUSG00000000301.17,NA,58.534790127700845,-0.7124882015519368,0.19670368148478637,-3.622139637518898,2.9217632299342547e-4,9.888021067599446e-4,DOWN,ENSMUSG00000000301
ENSMUSG00000098232.2,Gm3671,66.09675838249272,0.6254701885534438,0.17277440520961326,3.6201553568921927,2.9442618246913326e-4,9.953858073713448e-4,UP,ENSMUSG00000098232
ENSMUSG00000092260.8,Zfp963,73.73228595986465,-0.533724617924439,0.14744751118649643,-3.619760100591774,2.9487627421536137e-4,9.964952611793048e-4,DOWN,ENSMUSG00000092260
ENSMUSG00000098113.2,Gm2445,62.10395158348593,0.6569365884259477,0.18179931114729395,3.6135262795011207,3.020607243437572e-4,0.001019509518918657,UP,ENSMUSG00000098113
ENSMUSG00000026204.16,NA,29.536664532604288,0.9032794980424146,0.2500169797284364,3.6128726097865003,3.028234979164162e-4,0.001021873017535454,UP,ENSMUSG00000026204
ENSMUSG00000021714.16,NA,61.79542159629933,-0.9674841214896839,0.2680742927789705,-3.6090149169483503,3.073619375262431e-4,0.0010356912452698349,DOWN,ENSMUSG00000021714
ENSMUSG00000040495.5,Chrm4,6.519916685803904,2.532092712806113,0.7018298233597817,3.607844278666506,3.087516983618835e-4,0.00103973120342467,UP,ENSMUSG00000040495
ENSMUSG00000040717.7,Il17rd,40.221221287393455,1.0912101198082311,0.3031154788262402,3.5999815121080085,3.182398066216076e-4,0.0010681617821430797,UP,ENSMUSG00000040717
ENSMUSG00000107896.2,Gm8719,136.67889593600214,-0.6155283150941027,0.17104981091024096,-3.5985325667334616,3.2001778205158194e-4,0.0010739089848932782,DOWN,ENSMUSG00000107896
ENSMUSG00000040481.18,NA,942.0103006764725,0.5963687989084149,0.16573436804905214,3.5983411644101997,3.202533425146809e-4,0.0010742583904668529,UP,ENSMUSG00000040481
ENSMUSG00000034245.11,NA,26.45206052865088,-1.0579952068146987,0.2941561182252363,-3.5967132460069666,3.2226340617700196e-4,0.0010805574640757485,DOWN,ENSMUSG00000034245
ENSMUSG00000137190.1,ENSMUSG00000137190,219.26023087504134,-0.5249094108866628,0.14615560943507575,-3.5914421137550283,3.288532241510781e-4,0.0010997207041680693,DOWN,ENSMUSG00000137190
ENSMUSG00000098557.2,Kctd12,9363.988793095152,0.5506036653008748,0.15335094430968027,3.590481087543704,3.3006818053735664e-4,0.0011033322043074911,UP,ENSMUSG00000098557
ENSMUSG00000005534.11,NA,555.9406221356548,0.5206883449178322,0.14504471562930846,3.5898470527430875,3.308720436073344e-4,0.0011057931762023078,UP,ENSMUSG00000005534
ENSMUSG00000115205.2,Gm16374,80.49273634480036,0.598085892195295,0.1666314069067543,3.589274694955792,3.315992823028682e-4,0.001107544313143172,UP,ENSMUSG00000115205
ENSMUSG00000014303.14,NA,14.84589594951025,1.3507268997517596,0.3765889518280782,3.586740644394683,3.348370581243839e-4,0.0011172170957544762,UP,ENSMUSG00000014303
ENSMUSG00000034297.15,NA,1832.4198702654867,0.6139613348903461,0.17121875201484246,3.585829984540032,3.3600782306500275e-4,0.0011206659611957834,UP,ENSMUSG00000034297
ENSMUSG00000092118.2,Fancf,52.69622841459923,0.6915903967522476,0.19311301308819762,3.58127288105845,3.419242988058529e-4,0.00113784498947078,UP,ENSMUSG00000092118
ENSMUSG00000091105.2,Mrto4-ps2,65.20453152620556,-0.6708312704810605,0.18735066704354017,-3.580618532439811,3.4278179635884476e-4,0.001140466363379132,DOWN,ENSMUSG00000091105
ENSMUSG00000071573.16,NA,73.83657020703323,-0.5928853918077341,0.16568606427124116,-3.578366076926868,3.4574895498722645e-4,0.0011494025662438893,DOWN,ENSMUSG00000071573
ENSMUSG00000111001.2,Gm8767,15.696242620800934,1.3826211978407934,0.3864609280385551,3.5776480816784066,3.4669980829615414e-4,0.0011520949514960228,UP,ENSMUSG00000111001
ENSMUSG00000126934.1,ENSMUSG00000126934,20.636173965604378,-1.1407137393464541,0.3188876812957316,-3.577164645280147,3.4734140868222693e-4,0.0011537365988340056,DOWN,ENSMUSG00000126934
ENSMUSG00000054263.13,NA,233.4808248646376,-0.6584530454037243,0.18407609726507454,-3.577069783566381,3.474674362070977e-4,0.0011537365988340056,DOWN,ENSMUSG00000054263
ENSMUSG00000101236.2,Gm6750,229.50485191616914,-0.5211963705572539,0.14589324037502854,-3.572450438536309,3.536564292570344e-4,0.0011716392364482134,DOWN,ENSMUSG00000101236
ENSMUSG00000034675.18,NA,17.663836831590096,1.2298387668133997,0.34437271643713235,3.571243330590376,3.5529061870049727e-4,0.0011763379488106802,UP,ENSMUSG00000034675
ENSMUSG00000090659.10,NA,52.997553389769635,-0.5789302957583503,0.16213367399216358,-3.5706974467644015,3.5603195583488464e-4,0.0011783151144112217,DOWN,ENSMUSG00000090659
ENSMUSG00000083044.2,Gm12416,96.55295346953098,0.5316216192763907,0.14895228473177538,3.569073278961139,3.5824621974706934e-4,0.0011854033821833189,UP,ENSMUSG00000083044
ENSMUSG00000111521.3,Gm48529,73.35287233698486,0.6320329480198592,0.1771067298310643,3.568655740088096,3.5881753702986084e-4,0.0011868133266471276,UP,ENSMUSG00000111521
ENSMUSG00000078768.3,Zfp566,26.81314489294576,-0.8949841961570902,0.2508496003037512,-3.5678119282365333,3.5997472418354e-4,0.001190399927474033,DOWN,ENSMUSG00000078768
ENSMUSG00000081285.3,Gm18859,30.481441148638535,0.8869391568519296,0.2488012191741431,3.5648505252345064,3.6406360847030276e-4,0.0012027048795585223,UP,ENSMUSG00000081285
ENSMUSG00000123434.1,ENSMUSG00000123434,7.30733403933614,-1.7033267701064454,0.47803298146586853,-3.5631992689777676,3.663623570709223e-4,0.0012095655602264786,DOWN,ENSMUSG00000123434
ENSMUSG00000091764.5,Zfp964,21.448869905476002,-1.162281060236907,0.32626032409798417,-3.562434578737943,3.674314895499575e-4,0.0012126055175012327,DOWN,ENSMUSG00000091764
ENSMUSG00000097113.10,NA,50.309758153288286,-0.6881810387276407,0.19320164030051237,-3.561983416171936,3.680636386512152e-4,0.0012144465557918378,DOWN,ENSMUSG00000097113
ENSMUSG00000100131.2,Gm28439,3004.696494669366,0.8826006514061451,0.24780500918532267,3.561673972240352,3.68497805570669e-4,0.0012156337295374682,UP,ENSMUSG00000100131
ENSMUSG00000098141.2,Gm6944,24.826963036086052,0.9564187515512195,0.268663483649258,3.5599134596193602,3.709770268720263e-4,0.0012233186365241358,UP,ENSMUSG00000098141
ENSMUSG00000028957.13,NA,77.47914143808627,0.6517892293903482,0.1833983208654361,3.553954181884698,3.7948532002707894e-4,0.0012493589206772674,UP,ENSMUSG00000028957
ENSMUSG00000042182.17,NA,48.21419322327274,-0.6730098421373611,0.18952586539377192,-3.551018436133083,3.8374353529592995e-4,0.0012621070076352656,DOWN,ENSMUSG00000042182
ENSMUSG00000040865.17,NA,488.5953975772666,0.5083701952582994,0.14328037408704103,3.548079759684818,3.8805069201791175e-4,0.0012744779207805475,UP,ENSMUSG00000040865
ENSMUSG00000059900.15,NA,17.914255577987877,-1.0965504884338966,0.30918087162503916,-3.546631079311221,3.901905784489782e-4,0.0012804768510995778,DOWN,ENSMUSG00000059900
ENSMUSG00000096171.2,Gm8055,45.61342659369175,0.651750248846888,0.1838281673416052,3.5454319012806677,3.919702544081346e-4,0.0012858414394857495,UP,ENSMUSG00000096171
ENSMUSG00000005237.15,NA,39.24681904618199,-1.06416791920353,0.3002596214641443,-3.5441592646202955,3.938672430494595e-4,0.0012912462805628692,DOWN,ENSMUSG00000005237
ENSMUSG00000103105.7,Gm18752,90.94084979910947,0.7652999441557682,0.21608217874681254,3.541707828911167,3.975455464641965e-4,0.0013025214476856597,UP,ENSMUSG00000103105
ENSMUSG00000021062.16,NA,9.42699979757122,2.144946056117076,0.6059357087999578,3.5398904949257632,4.0029308860612637e-4,0.0013099481133845327,UP,ENSMUSG00000021062
ENSMUSG00000039958.18,NA,93.68520817815009,-0.5524644021580923,0.1561977404825655,-3.5369551470544955,4.0476840030927234e-4,0.0013227397583877182,DOWN,ENSMUSG00000039958
ENSMUSG00000116499.2,Gm7318,198.53829469267976,-0.5113626149895368,0.14461333447569383,-3.5360682114378954,4.061298144786237e-4,0.0013266582628832099,DOWN,ENSMUSG00000116499
ENSMUSG00000023224.13,NA,6.561618214529383,2.0475295058854193,0.5791539226685142,3.5353805365786113,4.0718831318289965e-4,0.0013295845320191125,UP,ENSMUSG00000023224
ENSMUSG00000089937.2,Gm7281,91.09148289819316,0.639936652315788,0.18113769129647067,3.5328740679839763,4.1106823059454287e-4,0.0013406467073620108,UP,ENSMUSG00000089937
ENSMUSG00000028364.16,NA,74.53734758917392,1.0744586905480162,0.3041667994535821,3.532465385696988,4.1170411980864574e-4,0.0013424527313768448,UP,ENSMUSG00000028364
ENSMUSG00000035773.7,Kiss1r,18.688014981243978,0.9770561408119057,0.27665277082217155,3.531705603049765,4.1288874609594163e-4,0.001346046957256534,UP,ENSMUSG00000035773
ENSMUSG00000087252.3,Gm14379,10.342600329662432,-1.3663359686154568,0.38745651095648637,-3.5264240759368843,4.2121191616719994e-4,0.0013709936243865095,DOWN,ENSMUSG00000087252
ENSMUSG00000037347.8,Chst7,234.7070201479435,-0.6572989596142088,0.1865833708920889,-3.522816403581645,4.2698703591199314e-4,0.0013886848565494308,DOWN,ENSMUSG00000037347
ENSMUSG00000045104.10,NA,40.48306715924651,-0.8059903635833281,0.22881765074240684,-3.522413419455467,4.276366985879674e-4,0.001390521081185382,DOWN,ENSMUSG00000045104
ENSMUSG00000025934.16,NA,290.3894295410919,-0.6099266811606034,0.17324281267248645,-3.5206463792161053,4.3049630775172557e-4,0.0013973178408478368,DOWN,ENSMUSG00000025934
ENSMUSG00000030346.17,NA,154.21652267024876,-1.3342540055174734,0.3795728878502074,-3.5151457025139696,4.3951277961919237e-4,0.0014226288902287761,DOWN,ENSMUSG00000030346
ENSMUSG00000139696.1,ENSMUSG00000139696,10.56106326298798,-1.322946405856669,0.3763941581643932,-3.5147899539898315,4.4010193423673304e-4,0.001423408432337483,DOWN,ENSMUSG00000139696
ENSMUSG00000022602.15,NA,16.568288775321896,1.1901034924942118,0.3388531180597401,3.5121515165883626,4.444945098782678e-4,0.0014367623607811281,UP,ENSMUSG00000022602
ENSMUSG00000003526.13,NA,33.35610536937751,-1.0479265910556852,0.2985582481547476,-3.509956926437108,4.4817928919206346e-4,0.0014460992224898282,DOWN,ENSMUSG00000003526
ENSMUSG00000086877.10,NA,30.17062889291987,-0.7060553980307711,0.2014357998358692,-3.505113781195141,4.5641217992881914e-4,0.00147093221262583,DOWN,ENSMUSG00000086877
ENSMUSG00000042549.13,NA,51.04729064171529,-0.7505970735815283,0.21415995518290132,-3.504843251113346,4.568761917653279e-4,0.0014718364664162494,DOWN,ENSMUSG00000042549
ENSMUSG00000084925.10,NA,7.1107095668398435,-2.129653638913182,0.6081882301714155,-3.5016357325970406,4.6241136509178577e-4,0.0014870305279933759,DOWN,ENSMUSG00000084925
ENSMUSG00000036667.15,NA,73.48499177179761,0.5707332876641174,0.1630744302685727,3.499833092926694,4.655495570044705e-4,0.0014956511514927426,UP,ENSMUSG00000036667
ENSMUSG00000053198.15,NA,43.49778315437881,0.7351200613973973,0.21026562927215764,3.496149436986173,4.7202427177196234e-4,0.0015143687431569178,UP,ENSMUSG00000053198
ENSMUSG00000024140.11,NA,82.44598227107606,0.652030694930093,0.1865210054523027,3.495749410898553,4.7273242647561493e-4,0.0015157481842233036,UP,ENSMUSG00000024140
ENSMUSG00000033960.7,Jcad,57.597396547689584,0.6761038459273057,0.1934189887797483,3.4955401752058806,4.731032250614685e-4,0.0015166395993047193,UP,ENSMUSG00000033960
ENSMUSG00000071632.11,NA,78.91015758263129,-0.6244655487729545,0.17870524124001938,-3.494388549769693,4.7514894743444844e-4,0.001522898959757548,DOWN,ENSMUSG00000071632
ENSMUSG00000082418.2,Gm13126,23.462289238315964,0.9140620071943122,0.2616591241296888,3.4933312959546035,4.77034292143821e-4,0.0015280428256678224,UP,ENSMUSG00000082418
ENSMUSG00000082045.5,Gm11585,99.13978830329937,-0.5880484771158244,0.16841749251086993,-3.4916116393187058,4.8011577667196544e-4,0.0015364080825136935,DOWN,ENSMUSG00000082045
ENSMUSG00000074227.13,NA,51.13825459760404,0.6948507169862355,0.19902530080219596,3.491268266826148,4.8073329166622015e-4,0.00153808306627051,UP,ENSMUSG00000074227
ENSMUSG00000121607.1,Nlgn4l,41.68652981199761,0.8104965162425322,0.23225564711109867,3.4896740997424875,4.83609928843444e-4,0.0015466812555028245,UP,ENSMUSG00000121607
ENSMUSG00000073968.5,Trim68,54.2075178715632,-0.6358248794948569,0.1822145432506806,-3.4894299222874023,4.840519565529094e-4,0.0015477921130308797,DOWN,ENSMUSG00000073968
ENSMUSG00000099902.2,Gm12115,76.69607215377727,-0.5835801519806934,0.1672454480549994,-3.4893634401863087,4.84172372513102e-4,0.0015478743596908204,DOWN,ENSMUSG00000099902
ENSMUSG00000130434.1,ENSMUSG00000130434,83.93764650570719,0.9425693178039454,0.27014565586349776,3.4891152137579344,4.8462222051936024e-4,0.0015490095456803796,UP,ENSMUSG00000130434
ENSMUSG00000073016.4,Uprt,231.85451683031886,-0.692037088338928,0.19842765923458278,-3.487603951023764,4.873694261213248e-4,0.0015565730049588071,DOWN,ENSMUSG00000073016
ENSMUSG00000113192.2,Gm18032,43.020843286553486,0.6799404051334356,0.1950430701049231,3.486103888580418,4.901106283112448e-4,0.0015644109217683281,UP,ENSMUSG00000113192
ENSMUSG00000123190.1,ENSMUSG00000123190,18.484488156398225,-1.4505926136156104,0.4161326611405144,-3.485889835322954,4.905029576894783e-4,0.0015653575451761443,DOWN,ENSMUSG00000123190
ENSMUSG00000038538.18,NA,452.64675299720096,0.5272978700350849,0.1512814925414993,3.4855411668445653,4.911426448579936e-4,0.0015670930456468401,UP,ENSMUSG00000038538
ENSMUSG00000030147.13,NA,124.50473548460566,-0.5249965100546901,0.15098111534825365,-3.4772329562126427,5.066174345902202e-4,0.0016119489284612198,DOWN,ENSMUSG00000030147
ENSMUSG00000027478.16,NA,22.523059798511046,-1.5135839852138828,0.4353203496574073,-3.476942868407273,5.071658743489384e-4,0.001613180265053074,DOWN,ENSMUSG00000027478
ENSMUSG00000133769.1,ENSMUSG00000133769,55.61640558288022,-0.6554779216432924,0.18860752053549149,-3.4753541098587686,5.101794094955855e-4,0.0016218188696256008,DOWN,ENSMUSG00000133769
ENSMUSG00000031765.9,Mt1,6972.814927606739,0.5012146385310015,0.14422980883608563,3.475111300331973,5.106414349898251e-4,0.001622971980622921,UP,ENSMUSG00000031765
ENSMUSG00000121489.2,ENSMUSG00000121489,52.93929998099087,-0.7099083866272805,0.20428942184021925,-3.475012950903159,5.108286882961438e-4,0.0016232515044496045,DOWN,ENSMUSG00000121489
ENSMUSG00000003119.15,NA,549.4376210886893,0.6366366987911647,0.18332527067939067,3.472716535106336,5.152192088188238e-4,0.0016352957645344648,UP,ENSMUSG00000003119
ENSMUSG00000098154.3,Gm5787,42.57533270127202,0.8317011614482107,0.23955414485795165,3.4718713046747087,5.168440429440115e-4,0.0016398161346977509,UP,ENSMUSG00000098154
ENSMUSG00000070388.4,Fbxo39,6.50193476103164,2.0609014235575396,0.5937990057734664,3.4707054129756676,5.190931411043995e-4,0.0016450361544188667,UP,ENSMUSG00000070388
ENSMUSG00000023800.16,NA,95.56277075430832,-0.5219305706684123,0.1506418803599305,-3.4647109384279933,5.308016820823765e-4,0.0016793408448486128,DOWN,ENSMUSG00000023800
ENSMUSG00000110239.4,Gm45620,41.42931367825722,0.6939473725352733,0.20047654821661795,3.4614890305545996,5.371960118331324e-4,0.0016964849322690075,UP,ENSMUSG00000110239
ENSMUSG00000098105.2,Gm8825,41.22132936673202,0.7225379696679008,0.20879847263451798,3.460456202343182,5.392609485162967e-4,0.0017016910163025843,UP,ENSMUSG00000098105
ENSMUSG00000029101.17,NA,78.05889134678829,0.5343890677503745,0.1544545784668684,3.459846079376694,5.404842414883803e-4,0.0017052220442711958,UP,ENSMUSG00000029101
ENSMUSG00000112716.3,4930471E19Rik,27.365209931687804,-1.001921821894065,0.2897335513313469,-3.458080078369112,5.44039650941712e-4,0.0017147844454865452,DOWN,ENSMUSG00000112716
ENSMUSG00000083391.3,Gm14148,69.72399471041024,0.5316163935829077,0.1538195266665453,3.456104729377838,5.480423418002879e-4,0.0017267347955026034,UP,ENSMUSG00000083391
ENSMUSG00000113899.2,Gm49400,71.03132312244337,-0.5530982630362558,0.16010532850379355,-3.454589976517556,5.511302830435708e-4,0.001734792144546545,DOWN,ENSMUSG00000113899
ENSMUSG00000078967.6,Gapdh-ps16,66.17363013169475,0.5400397179958073,0.15637819284000468,3.4534208906502615,5.535246285405728e-4,0.0017407051010338002,UP,ENSMUSG00000078967
ENSMUSG00000022723.17,NA,577.634857282908,0.5395646453915344,0.156401578699038,3.4498670018530517,5.608627959793794e-4,0.0017600044659395154,UP,ENSMUSG00000022723
ENSMUSG00000106392.2,Gm5870,45.38932774288029,-0.6592727078908739,0.1913528203573429,-3.4453252722364445,5.703725844424871e-4,0.001785390705725181,DOWN,ENSMUSG00000106392
ENSMUSG00000001604.15,NA,13.14478436903533,-1.1825453144905391,0.34330493448612864,-3.4445916609401963,5.719226834303006e-4,0.0017888725953600637,DOWN,ENSMUSG00000001604
ENSMUSG00000117465.3,Gm49980,110.13406919746163,0.8456837113455822,0.24583902458305298,3.439989695614338,5.817363346711418e-4,0.00181609284311201,UP,ENSMUSG00000117465
ENSMUSG00000106574.2,Gm2451,44.97251788896826,0.7079501057338492,0.20598281344319297,3.4369377420368687,5.883308194274123e-4,0.0018338778745920065,UP,ENSMUSG00000106574
ENSMUSG00000082127.3,Gm13577,142.2520249422642,-0.5177878464223687,0.15072362800527767,-3.4353462245762696,5.917972213324595e-4,0.0018436282408805763,DOWN,ENSMUSG00000082127
ENSMUSG00000118106.2,Gm54639,50.917611221283245,0.6099168390194926,0.17775711163573168,3.4311810841602957,6.00959290566446e-4,0.001868965099619316,UP,ENSMUSG00000118106
ENSMUSG00000121608.1,ENSMUSG00000121608,31.24877258829954,1.254703702888237,0.365822725173356,3.4298134493795,6.039963562917593e-4,0.0018776957854593189,UP,ENSMUSG00000121608
ENSMUSG00000085048.3,Gm15537,43.47706148087038,-0.6722051955625192,0.19600192353993107,-3.429584686833812,6.045057548071483e-4,0.0018789220513553235,DOWN,ENSMUSG00000085048
ENSMUSG00000098240.2,Gm4575,82.22720931975397,0.5029524798596847,0.1467219585317777,3.4279291586116134,6.082041472951475e-4,0.0018889806178389668,UP,ENSMUSG00000098240
ENSMUSG00000028572.14,NA,12.911726366331873,1.286899231476477,0.37550805616156624,3.427088208522416,6.100908550610052e-4,0.0018937609412888702,UP,ENSMUSG00000028572
ENSMUSG00000095457.4,Gvin-ps5,1461.8546238040321,0.5456895475179689,0.15935286888847833,3.4244099357876316,6.161360326844058e-4,0.0019096244956881491,UP,ENSMUSG00000095457
ENSMUSG00000096810.2,Gm10481,81.29478794603648,0.5309160741599156,0.1551337005515134,3.4223129614807366,6.209080044421294e-4,0.001924049713859914,UP,ENSMUSG00000096810
ENSMUSG00000038970.8,Lmtk2,225.4743058116448,0.5606454309870381,0.16398110431444762,3.4189636259062697,6.286012885162882e-4,0.001945676323061399,UP,ENSMUSG00000038970
ENSMUSG00000106239.2,Gm9260,170.18063554404404,-0.551930125167049,0.16146601889809253,-3.4182432250057113,6.302675659414058e-4,0.0019497262742010258,DOWN,ENSMUSG00000106239
ENSMUSG00000022791.20,NA,78.17464166061501,0.5417885600879514,0.15853107090725418,3.417554407393837,6.318646335791767e-4,0.0019535576509334637,UP,ENSMUSG00000022791
ENSMUSG00000052469.10,NA,40.08035398531274,0.7525665143626371,0.22030839285193696,3.4159684278048172,6.355561525048152e-4,0.0019638564969458806,UP,ENSMUSG00000052469
ENSMUSG00000106357.4,Gm8013,18.111387149478976,-1.0778695791170907,0.315730747198576,-3.413888538512134,6.404277029021356e-4,0.0019772391332644025,DOWN,ENSMUSG00000106357
ENSMUSG00000017167.7,Cntnap1,50.67288488226968,0.6380130533603534,0.18691546775941367,3.413377506999931,6.416299529154698e-4,0.001980378249689628,UP,ENSMUSG00000017167
ENSMUSG00000111162.2,Gm7293,51.76768653722449,0.5996112513139874,0.17590675888990184,3.4086879611560446,6.527609890841985e-4,0.002011315952416646,UP,ENSMUSG00000111162
ENSMUSG00000029004.16,NA,1371.3214707528714,0.7110876492542013,0.20876428653471238,3.406174787161045,6.587998712808156e-4,0.0020287759412125493,UP,ENSMUSG00000029004
ENSMUSG00000085622.11,NA,50.051319462899556,-0.5823941157019095,0.1710096628100222,-3.40562109843408,6.601372894935231e-4,0.002032128838806239,DOWN,ENSMUSG00000085622
ENSMUSG00000006464.10,NA,65.0477096635506,0.5259824027394532,0.1544774844555673,3.404913049906264,6.618512376608194e-4,0.0020358713456536987,UP,ENSMUSG00000006464
ENSMUSG00000101875.2,Gm6028,166.2658554899537,-0.5495751883399672,0.1615263824880108,-3.4023865320004867,6.680008732407765e-4,0.0020532422478363546,DOWN,ENSMUSG00000101875
ENSMUSG00000019997.12,NA,10.947018654532298,1.7162293706557425,0.5046494730677422,3.4008345638862134,6.71804715603326e-4,0.0020618324974186943,UP,ENSMUSG00000019997
ENSMUSG00000045932.13,NA,26486.1494017716,0.6722552745861806,0.1979909339369328,3.39538412804456,6.853237546873039e-4,0.0021009568818677175,UP,ENSMUSG00000045932
ENSMUSG00000089906.2,Gm6428,125.31146175031814,-0.5394494391667662,0.15895550957937657,-3.393713376744484,6.895181867214405e-4,0.0021126268566351767,DOWN,ENSMUSG00000089906
ENSMUSG00000121238.2,Stk35os1,32.06865769617437,0.7776715561747485,0.22938952087783485,3.3901790857696166,6.984697884689163e-4,0.0021396527665503945,UP,ENSMUSG00000121238
ENSMUSG00000115595.2,Rps12-ps2,149.92763414789275,-0.5434329203250285,0.16037773867806596,-3.388456058829261,7.028728980480652e-4,0.002150722649100276,DOWN,ENSMUSG00000115595
ENSMUSG00000022686.15,NA,13.865862478135668,1.584688013477064,0.4682732956946863,3.3841092969569613,7.140957062029802e-4,0.0021805732138228872,UP,ENSMUSG00000022686
ENSMUSG00000030559.9,Rab38,30.31591786722955,-1.4383568334941652,0.4257836506713449,-3.378140121693889,7.297788428293643e-4,0.002224308216462575,DOWN,ENSMUSG00000030559
ENSMUSG00000082280.5,Gm5847,25.040891189758515,-1.5068304726112898,0.44607321997740856,-3.377989094901513,7.301797624425525e-4,0.002225115286518636,DOWN,ENSMUSG00000082280
ENSMUSG00000072421.5,Gm10357,121.47923062818344,-0.6188703741571916,0.1833241248789732,-3.375826147081062,7.359440723165816e-4,0.002241427577061085,DOWN,ENSMUSG00000072421
ENSMUSG00000032514.12,NA,36.578312723807194,0.6569617133144169,0.1948356730883223,3.371875914204916,7.465807673844665e-4,0.002272129812635727,UP,ENSMUSG00000032514
ENSMUSG00000020638.9,Cmpk2,34876.489182925274,0.5101878269953029,0.15138672864139716,3.370096121198503,7.514196750069415e-4,0.00228448938760857,UP,ENSMUSG00000020638
ENSMUSG00000109556.4,Gm38843,11.235997885569835,-1.4302995161725405,0.42462376235122207,-3.368392546504467,7.560786258977846e-4,0.002295653998431238,DOWN,ENSMUSG00000109556
ENSMUSG00000081056.2,Gm13998,16.575277447400364,-1.322213757318015,0.392690290328865,-3.3670650634389387,7.597276171171697e-4,0.002304845513993552,DOWN,ENSMUSG00000081056
ENSMUSG00000097973.2,Gm4929,35.03260792441187,0.6699771626593037,0.19900407686451171,3.3666504386010416,7.608706867109359e-4,0.0023070287970649154,UP,ENSMUSG00000097973
ENSMUSG00000097937.2,Gm6967,14.44810243612784,1.0718599683102048,0.31863089286268087,3.363954946992978,7.683408476802698e-4,0.0023266579281551853,UP,ENSMUSG00000097937
ENSMUSG00000082093.3,Gm15928,11.029382750886846,-1.1920537428869227,0.35444360689505006,-3.363168977229958,7.705318359321052e-4,0.002332860416770919,DOWN,ENSMUSG00000082093
ENSMUSG00000007646.14,NA,67.38510730155804,0.5557232632889084,0.165356108582306,3.3607664576376814,7.77265173566145e-4,0.002349764476995045,UP,ENSMUSG00000007646
ENSMUSG00000030145.15,NA,67.68857267285345,-0.5039090563289443,0.14996992961026973,-3.3600672990809843,7.792348821580791e-4,0.0023539777090659697,DOWN,ENSMUSG00000030145
ENSMUSG00000046323.9,Dppa3,41.55853163098513,-0.7337576723472697,0.21864301732721533,-3.3559620669209274,7.908941587073764e-4,0.0023856718800942564,DOWN,ENSMUSG00000046323
ENSMUSG00000051736.9,Fam229b,36.16971325607376,-0.7230271063195801,0.215640424340683,-3.352929343049771,7.996111665742294e-4,0.0024106315250502315,DOWN,ENSMUSG00000051736
ENSMUSG00000074578.17,NA,593.9660598488368,-0.5256838655558571,0.15687584018123144,-3.3509549013318987,8.053341673419501e-4,0.002426095152851367,DOWN,ENSMUSG00000074578
ENSMUSG00000030671.10,NA,150.91550952829212,0.5865558318481359,0.1751522204517408,3.3488346898219765,8.115219952562529e-4,0.0024433852522487954,UP,ENSMUSG00000030671
ENSMUSG00000079467.11,NA,13.966996002655259,-1.08774358107766,0.3248701070248892,-3.348241520400413,8.132610385608062e-4,0.0024481703381795464,DOWN,ENSMUSG00000079467
ENSMUSG00000121225.1,Gm57457,76.94027245899076,-0.5564047309843714,0.16641060255176396,-3.3435653885773005,8.270919975737091e-4,0.0024847722463407188,DOWN,ENSMUSG00000121225
ENSMUSG00000039670.3,Oxld1,146.51738800687056,-0.5381141778529841,0.16094671378057537,-3.34343066231607,8.274937031553214e-4,0.0024855222476620514,DOWN,ENSMUSG00000039670
ENSMUSG00000078370.2,Gm6316,55.510477810696116,0.5547527484690687,0.16610545070274235,3.3397624588601773,8.385007738847953e-4,0.002515348440066226,UP,ENSMUSG00000078370
ENSMUSG00000039396.12,NA,78.12138298133554,-3.614084987607928,1.0835052624206545,-3.335549085874965,8.513112324199218e-4,0.002547699268607844,DOWN,ENSMUSG00000039396
ENSMUSG00000007080.15,NA,170.93180720786123,-1.127240485852395,0.3380707984336677,-3.3343326045167694,8.550434847339475e-4,0.002557932064689075,DOWN,ENSMUSG00000007080
ENSMUSG00000078816.11,NA,27.946792066323404,0.9691289910984487,0.2906592950942895,3.3342439325192217,8.553161292865957e-4,0.0025582794966731368,UP,ENSMUSG00000078816
ENSMUSG00000027323.11,NA,257.90893246892085,-1.1516240978522543,0.3461358674334525,-3.32708686444829,8.775901248557084e-4,0.0026191506629343452,DOWN,ENSMUSG00000027323
ENSMUSG00000089889.5,0610040B10Rik,16.309809484213535,-0.9616241755850524,0.289099782375569,-3.3262708386816016,8.801636040802353e-4,0.0026258722891577893,DOWN,ENSMUSG00000089889
ENSMUSG00000031779.4,Ccl22,345.2368444803527,0.6114078897304385,0.18382637669820512,3.326007402812549,8.809958876296205e-4,0.0026278756896339008,UP,ENSMUSG00000031779
ENSMUSG00000026764.16,NA,106.65280845451332,-0.575233146389156,0.1729713844288173,-3.3255971690848147,8.82293408421123e-4,0.0026312658372654035,DOWN,ENSMUSG00000026764
ENSMUSG00000106181.2,Gm9523,101.10126497440616,-0.7395320745235678,0.2223901343403528,-3.325381661903063,8.829757417254645e-4,0.0026327991255023523,DOWN,ENSMUSG00000106181
ENSMUSG00000058147.2,Xlr3c,12.20071630224231,-1.338042671039515,0.4026376275843666,-3.3231933117307784,8.899321980664935e-4,0.0026487311925700845,DOWN,ENSMUSG00000058147
ENSMUSG00000036368.9,Rmdn2,71.37537630773933,-0.6082648944480734,0.1830460832331232,-3.323015077429444,8.905010113205324e-4,0.0026494593249081584,DOWN,ENSMUSG00000036368
ENSMUSG00000105775.2,Gm10290,74.50882810134159,0.617965935066324,0.18606300967684286,3.3212723804673314,8.960804022051217e-4,0.002664604375922307,UP,ENSMUSG00000105775
ENSMUSG00000041540.17,NA,15.733814462786567,1.2153016991606458,0.36594857209876946,3.320963085579785,8.97074015029878e-4,0.0026665888069973423,UP,ENSMUSG00000041540
ENSMUSG00000038418.9,Egr1,111.97137192599618,-1.1360768090974223,0.34210787581673324,-3.3208145424457203,8.975515741954429e-4,0.0026675232785088564,DOWN,ENSMUSG00000038418
ENSMUSG00000049658.14,NA,772.1481646156376,0.5086287492574986,0.15323854600071082,3.3191958716127417,9.027708208485099e-4,0.0026815722038142364,UP,ENSMUSG00000049658
ENSMUSG00000023505.14,NA,834.8300672448588,0.5573927233329546,0.16795750137728543,3.3186533424361624,9.045264378489036e-4,0.0026858109269896784,UP,ENSMUSG00000023505
ENSMUSG00000035900.19,NA,140.20359865560403,0.531840525509249,0.16030421332852934,3.317695239982799,9.076345746089259e-4,0.0026930830924954624,UP,ENSMUSG00000035900
ENSMUSG00000085408.4,C530005A16Rik,10.993487721951663,-1.2805093726220174,0.3860460361012451,-3.316986195620951,9.099411230646164e-4,0.002699436950565194,DOWN,ENSMUSG00000085408
ENSMUSG00000045868.13,NA,17241.18001731363,0.5623703625825349,0.169725763348226,3.31340599970507,9.216708244272538e-4,0.0027322508698019387,UP,ENSMUSG00000045868
ENSMUSG00000061371.8,Zfp873,79.76834840675374,-0.5662931807130437,0.17138205746155172,-3.3042734408768974,9.52229061408195e-4,0.0028116214302345297,DOWN,ENSMUSG00000061371
ENSMUSG00000078606.9,Gvin2,17135.325892649398,0.5584784803951672,0.16922174602136297,3.300276078729642,9.658975886270846e-4,0.0028499209356856185,UP,ENSMUSG00000078606
ENSMUSG00000117385.2,Gm20147,131.1779022342224,-0.579213986695867,0.1756120906411941,-3.298258021876759,9.728669191125846e-4,0.002867378770251408,DOWN,ENSMUSG00000117385
ENSMUSG00000081034.2,Gm5944,68.2880885079274,0.5573978403188601,0.16900656146050358,3.2980840240875655,9.734699934592295e-4,0.0028686389964096928,UP,ENSMUSG00000081034
ENSMUSG00000079597.3,Cstdc4,77.68565301809745,-0.8654200967027813,0.2625976495226247,-3.295612501772294,9.820737291070154e-4,0.002892428319996986,DOWN,ENSMUSG00000079597
ENSMUSG00000030319.9,Cand2,34.88481166966728,0.7825374424963012,0.23753857673560144,3.294359397325703,9.864628212170408e-4,0.0029037855709731224,UP,ENSMUSG00000030319
ENSMUSG00000114462.2,Gm8371,16.87554418058302,-1.1302556624735705,0.3433452911164994,-3.291892132256059,9.951577334162919e-4,0.0029256921421623575,DOWN,ENSMUSG00000114462
ENSMUSG00000107145.2,Gm43442,70.49902946936994,0.5295789741734575,0.1610716928909002,3.287846328977003,0.0010095692977811499,0.002962200635708253,UP,ENSMUSG00000107145
ENSMUSG00000028167.16,NA,55.735318248020704,-0.6310077719893774,0.19196764405304947,-3.287052748404835,0.0010124186786880079,0.002969495015581227,DOWN,ENSMUSG00000028167
ENSMUSG00000021597.17,NA,113.22347199390019,-0.5311569260673894,0.1618896312668516,-3.280981752264629,0.001034464366152807,0.0030292645161472203,DOWN,ENSMUSG00000021597
ENSMUSG00000062101.13,NA,116.73140572495535,-0.550263837089307,0.16782893297128373,-3.278718557922665,0.0010427957929842867,0.0030520214918748705,DOWN,ENSMUSG00000062101
ENSMUSG00000030030.6,1700003E16Rik,25.217108595505362,0.7474500467090449,0.22817765961660433,3.275737195152884,0.001053865770964494,0.003081110694363373,UP,ENSMUSG00000030030
ENSMUSG00000032899.15,NA,20.700421262549405,0.8099636810604839,0.24734014649663613,3.2746955661381056,0.0010577589616307015,0.0030911882208572022,UP,ENSMUSG00000032899
ENSMUSG00000138650.1,ENSMUSG00000138650,83.4353871380645,-0.6956000639451162,0.2125350711108862,-3.2728719091363505,0.0010646071155779946,0.0031075121270067677,DOWN,ENSMUSG00000138650
ENSMUSG00000005886.15,NA,834.6111742147915,0.5265245899018081,0.16092928658232475,3.271776076832727,0.001068741863744544,0.003119024192959885,UP,ENSMUSG00000005886
ENSMUSG00000062980.16,NA,69.65273635792016,-0.5792904512974665,0.17718125313974947,-3.2694793666492385,0.0010774559511184977,0.0031410905969293675,DOWN,ENSMUSG00000062980
ENSMUSG00000090185.3,Gm15523,6.8814873474566864,-1.4769603636498398,0.4517391928299695,-3.2694979472497403,0.0010773851904058787,0.0031410905969293675,DOWN,ENSMUSG00000090185
ENSMUSG00000097350.5,4732491K20Rik,31.590281963033835,-0.6965843448834885,0.21327890994750212,-3.2660723231141344,0.0010905039403229092,0.0031729044870983047,DOWN,ENSMUSG00000097350
ENSMUSG00000103655.3,Gm37202,40.87039431748545,-0.6587852150775845,0.20211283449960354,-3.259492237138838,0.001116118349085428,0.0032410855452390135,DOWN,ENSMUSG00000103655
ENSMUSG00000047656.10,NA,32.91673146536346,0.7361404434868135,0.22608358117896848,3.256054418671307,0.001129720966565715,0.003277674639595878,UP,ENSMUSG00000047656
ENSMUSG00000084203.2,Gm15593,17.91038170756592,0.9536379088876025,0.29291856851473247,3.255641708626057,0.001131364224284619,0.0032806953361994647,UP,ENSMUSG00000084203
ENSMUSG00000116637.2,Gm8130,119.88195255012019,-0.568148310299814,0.17451778289714176,-3.255532478513507,0.0011317995075702436,0.0032813754435514725,DOWN,ENSMUSG00000116637
ENSMUSG00000081957.6,Ak3l2-ps,199.19745995062482,0.8260938767516195,0.2541011032945547,3.2510440373570875,0.0011498204614790429,0.00332830976860925,UP,ENSMUSG00000081957
ENSMUSG00000098080.2,Gm5732,14.232553254162431,1.1261942113188135,0.34657418733723383,3.2495040094344096,0.001156064485225758,0.003343423580237127,UP,ENSMUSG00000098080
ENSMUSG00000027204.14,NA,47.19104111625044,0.9435680827732247,0.2905908434943247,3.247067496783163,0.0011660073371924156,0.0033691985034023735,UP,ENSMUSG00000027204
ENSMUSG00000085126.3,Gm12589,83.10320552895071,-0.5624616267277357,0.17331453124496388,-3.2453229552503524,0.0011731748965650454,0.0033881125193025146,DOWN,ENSMUSG00000085126
ENSMUSG00000060336.7,Zfp937,78.9622416735811,-0.6389078607246155,0.1969908622235743,-3.243337551360573,0.0011813815765829843,0.003408801986023912,DOWN,ENSMUSG00000060336
ENSMUSG00000037243.18,NA,76.89633069254467,0.5108541827891048,0.15765170720080532,3.2403974042502166,0.0011936321726875652,0.0034380813206609587,UP,ENSMUSG00000037243
ENSMUSG00000133147.1,ENSMUSG00000133147,92.48743486081804,-0.5486129480240132,0.16938827842514695,-3.2387893254753544,0.0012003820378142598,0.0034550880067110218,DOWN,ENSMUSG00000133147
ENSMUSG00000098044.2,Gm9162,12.703714625576678,1.1350341311149712,0.3507309825239766,3.23619579584013,0.0012113426406685321,0.003483569107031637,UP,ENSMUSG00000098044
ENSMUSG00000109953.2,5430430B14Rik,14.03297840478127,1.1499166134915308,0.35549734876682304,3.2346700122531193,0.001217833921800089,0.0034979288852124853,UP,ENSMUSG00000109953
ENSMUSG00000020834.18,NA,66.29287174453076,-0.5083488111436748,0.15760217281472969,-3.225519052591158,0.0012574446601430064,0.003601575331119254,DOWN,ENSMUSG00000020834
ENSMUSG00000031493.11,NA,77.9548310998626,0.520907140101243,0.1615678443038975,3.2240768102435906,0.0012637949660112672,0.0036172285964664987,UP,ENSMUSG00000031493
ENSMUSG00000087547.4,Platr27,8.600708823652608,-1.5659980355065513,0.48602296756165914,-3.222065910512514,0.0012726985443851093,0.003639525963351819,DOWN,ENSMUSG00000087547
ENSMUSG00000078684.9,5830417I10Rik,908.0967381614045,0.5143785382522951,0.16034654190328687,3.2079178767855363,0.0013369967039207093,0.0038027750343288523,UP,ENSMUSG00000078684
ENSMUSG00000141243.1,ENSMUSG00000141243,16.02464999686415,1.0457705890534827,0.3262960712440181,3.2049745038805906,0.0013507444496163373,0.0038378704629634364,UP,ENSMUSG00000141243
ENSMUSG00000046798.15,NA,87.13358493175576,-0.5158948443547153,0.16099031714656828,-3.2045085288268362,0.0013529328190986004,0.0038434202052460413,DOWN,ENSMUSG00000046798
ENSMUSG00000129688.1,ENSMUSG00000129688,24.244443874749017,0.8107930098400447,0.25313809436946316,3.2029671861899467,0.0013601947851073267,0.0038613657445926296,UP,ENSMUSG00000129688
ENSMUSG00000081544.2,Gm13077,55.494150721610815,-0.572261341858695,0.17887374128152173,-3.1992473448522407,0.0013778689932761627,0.00390882446443807,DOWN,ENSMUSG00000081544
ENSMUSG00000041889.8,Shisa4,23.801019631716134,0.8213394771362371,0.25696336684601473,3.196329061287653,0.0013918827311806955,0.0039458402920360125,UP,ENSMUSG00000041889
ENSMUSG00000080994.3,Gm13464,53.06191040265885,0.542335587175069,0.16970747975022685,3.195708214942978,0.0013948809693731812,0.003952385745123471,UP,ENSMUSG00000080994
ENSMUSG00000038742.8,Angptl6,98.47536047131923,-0.5372426654122312,0.16832481224995782,-3.191702151519054,0.0014143709934479139,0.004003361989771744,DOWN,ENSMUSG00000038742
ENSMUSG00000071322.13,NA,39.017563003453944,0.685302240100342,0.21471714796014976,3.1916511867395427,0.0014146205532922613,0.004003361989771744,UP,ENSMUSG00000071322
ENSMUSG00000111171.2,Gm47815,49.2097179072036,-0.5989635567424448,0.18793246483425202,-3.187121273967772,0.0014369650976071887,0.004060966716024742,DOWN,ENSMUSG00000111171
ENSMUSG00000079470.9,Utp14b,84.2703310828492,-0.5881841860757251,0.18459876742809014,-3.1862844712917724,0.0014411281960143647,0.004071324143112825,DOWN,ENSMUSG00000079470
ENSMUSG00000017386.11,NA,20.139504296890657,0.8378715060803716,0.2630433822034144,3.18529779788353,0.0014460511833740938,0.0040839972081553105,UP,ENSMUSG00000017386
ENSMUSG00000084342.2,Gm11224,165.97445313506284,0.5340110826602681,0.1677831824701711,3.1827449855125134,0.001458860412521571,0.004115123981188141,UP,ENSMUSG00000084342
ENSMUSG00000121048.2,Gm53066,33.57699045276575,-0.7171712309858591,0.2253315633168901,-3.182737564276697,0.0014588978019690001,0.004115123981188141,DOWN,ENSMUSG00000121048
ENSMUSG00000081669.2,Npm3-ps1,15.770014042663872,-1.058253645115475,0.3330750362825049,-3.1772229372900043,0.001486926874868008,0.004183357434869615,DOWN,ENSMUSG00000081669
ENSMUSG00000070305.11,NA,13.707414810812898,-1.1018270438045847,0.34695834181660445,-3.1756753218142526,0.0014948815962808084,0.004205013693478935,DOWN,ENSMUSG00000070305
ENSMUSG00000137874.1,ENSMUSG00000137874,25.81494652787692,-0.8572780221162991,0.26999302065446734,-3.1751858623539366,0.0014974055602150213,0.004211388728023871,DOWN,ENSMUSG00000137874
ENSMUSG00000041782.15,NA,78.50493485443764,1.3785690431738162,0.43422737563449404,3.1747630861814,0.0014995888223596151,0.004216803524908011,UP,ENSMUSG00000041782
ENSMUSG00000087259.10,NA,46.83068739437323,-0.756216920369101,0.2382718630862908,-3.1737566936102524,0.0015047977479319442,0.0042292682234689755,DOWN,ENSMUSG00000087259
ENSMUSG00000004568.14,NA,57.298002958313155,0.5884119041052912,0.18546799471072314,3.172579209814852,0.00151091337194552,0.004242080037413512,UP,ENSMUSG00000004568
ENSMUSG00000047583.10,NA,49.95552703156548,-0.6686575012631513,0.21079628664747804,-3.172055409028008,0.0015136412434308781,0.004249009061501139,DOWN,ENSMUSG00000047583
ENSMUSG00000026546.17,NA,35.570097486498696,0.6069171729468779,0.19149543641567426,3.1693558045396872,0.001527772440756393,0.004286468986715413,UP,ENSMUSG00000026546
ENSMUSG00000083767.2,Gm11405,133.95905459881143,0.5355128675757557,0.1693980282517485,3.161269780424544,0.0015708293673232778,0.0043944509392891155,UP,ENSMUSG00000083767
ENSMUSG00000066000.13,NA,18.484786454262537,-1.002817561786808,0.31732339041511554,-3.160238394260644,0.0015764009815104458,0.004407774622608578,DOWN,ENSMUSG00000066000
ENSMUSG00000014498.10,NA,1458.536193288845,0.5852581830471858,0.18542460088232726,3.1563135649869776,0.0015977699320291591,0.004462181327344718,UP,ENSMUSG00000014498
ENSMUSG00000137090.1,ENSMUSG00000137090,9.644921411912378,-1.5153748303958812,0.48024205923916585,-3.155439639744689,0.0016025642200068622,0.0044725140413577206,DOWN,ENSMUSG00000137090
ENSMUSG00000121767.1,ENSMUSG00000121767,152.17896261859752,-0.5340671567272277,0.16951220168767486,-3.150611881681786,0.0016292884081069948,0.004543218751094666,DOWN,ENSMUSG00000121767
ENSMUSG00000137951.1,ENSMUSG00000137951,34.03600898244408,0.5845289271928656,0.1855509060689163,3.150234830843473,0.001631392754814794,0.004547535124522957,UP,ENSMUSG00000137951
ENSMUSG00000028053.14,NA,589.0818846796199,0.5161070818821699,0.16397653726784994,3.1474446922801342,0.0016470426176908677,0.00458412372361228,UP,ENSMUSG00000028053
ENSMUSG00000105408.2,Gm7285,99.51502127734538,-0.5305771862518363,0.16875675132917078,-3.1440353175376767,0.0016663532735383874,0.004629199627678192,DOWN,ENSMUSG00000105408
ENSMUSG00000075330.5,A930003A15Rik,9.280303479784513,-1.4776308339043926,0.4701573434623416,-3.1428432512035136,0.0016731541221585995,0.004645724015764305,DOWN,ENSMUSG00000075330
ENSMUSG00000032547.13,NA,35.18081059114031,-0.814229297035336,0.25916230858696243,-3.1417735915179184,0.0016792783567806766,0.004657981337169004,DOWN,ENSMUSG00000032547
ENSMUSG00000096054.4,Syne1,654.5105268303063,0.6798940410197888,0.21660209883493833,3.1389079084496876,0.0016957873237430296,0.004699786299407182,UP,ENSMUSG00000096054
ENSMUSG00000111128.2,Gm49338,126.42593051928564,0.5428997785206595,0.17297926066952535,3.138525256839099,0.0016980030112684538,0.004705129212102754,UP,ENSMUSG00000111128
ENSMUSG00000028587.19,NA,85.32157871891809,-0.6764866165005808,0.21555016032171695,-3.138418526299857,0.0016986214934342169,0.00470595759228021,DOWN,ENSMUSG00000028587
ENSMUSG00000009731.5,Kcnd1,8.643805326919754,1.2437347621848698,0.39630532218497544,3.1383246516289702,0.001699165649678074,0.00470595759228021,UP,ENSMUSG00000009731
ENSMUSG00000039246.9,Lyplal1,23.02814020818589,-0.9276122875737594,0.29628260176772647,-3.130836174784808,0.0017430936871274854,0.004814567321694133,DOWN,ENSMUSG00000039246
ENSMUSG00000120938.1,Gm56853,52.278596353300706,-0.5398236724676252,0.17262368482565646,-3.127170370698709,0.0017649761561546018,0.004869248987089134,DOWN,ENSMUSG00000120938
ENSMUSG00000020027.19,NA,17.903595390730906,0.9434243200290195,0.3017614492362645,3.1263911358351284,0.0017696601092131458,0.00488134730766083,UP,ENSMUSG00000020027
ENSMUSG00000048921.12,NA,72.8369849381348,0.502635652797862,0.16101589249076234,3.1216524345675927,0.0017983911807418617,0.004953075356429059,UP,ENSMUSG00000048921
ENSMUSG00000118171.2,Gm50390,24.233975449448945,0.9092983002856714,0.29130249492557747,3.121491631982008,0.001799373616929258,0.004954111696534555,UP,ENSMUSG00000118171
ENSMUSG00000025261.19,NA,2924.9173321322874,0.5165967419743333,0.1656003306737629,3.1195393141577883,0.0018113408722849288,0.00498286400174511,UP,ENSMUSG00000025261
ENSMUSG00000024743.17,NA,27.520201284225074,0.9657875821865828,0.30962317938868633,3.119235401217099,0.001813210353969434,0.0049871674989036465,UP,ENSMUSG00000024743
ENSMUSG00000073737.4,Gm10566,44.7549994421912,0.6124624021643311,0.1965102374204972,3.116694632319688,0.0018289090884086292,0.005024428228424782,UP,ENSMUSG00000073737
ENSMUSG00000117010.2,Gm49933,62.027683999407394,-0.5208734999496333,0.1672231170048169,-3.1148414721550095,0.0018404379347668636,0.005054401626629562,DOWN,ENSMUSG00000117010
ENSMUSG00000049811.18,NA,58.14888051675441,-0.5019049978520509,0.1612691004070863,-3.112220484799063,0.001856857603645536,0.005097782060663408,DOWN,ENSMUSG00000049811
ENSMUSG00000031104.3,Rab33a,48.95723403987824,0.6222872787982461,0.200125636261641,3.1094830748454325,0.0018741502170343326,0.00513749110307617,UP,ENSMUSG00000031104
ENSMUSG00000017724.15,NA,7.48004061181295,1.345677767320829,0.4333985332201192,3.104943058580615,0.0019031565862171161,0.005208270142023268,UP,ENSMUSG00000017724
ENSMUSG00000083218.3,Gm16425,44.54087918035473,0.7422857662488384,0.23916622885491515,3.1036395472837826,0.0019115606377251237,0.005229518022469434,UP,ENSMUSG00000083218
ENSMUSG00000073010.10,NA,61.59861082584712,-0.5399045239845607,0.17396211830151947,-3.1035752453230785,0.0019119760886999201,0.00522977930821434,DOWN,ENSMUSG00000073010
ENSMUSG00000027009.19,NA,4909.954891060928,0.5028268682598598,0.1620232532246901,3.1034240965557647,0.0019129529780556214,0.005231575937643833,UP,ENSMUSG00000027009
ENSMUSG00000070443.7,Gm10291,52.74827277126327,0.5149748264431636,0.16601273157084087,3.1020200774385414,0.0019220492202459004,0.005253815477280851,UP,ENSMUSG00000070443
ENSMUSG00000074865.13,NA,69.01279279534286,-0.6591628193765535,0.21250853987937932,-3.1018180245871387,0.001923361527782946,0.005256523580193954,DOWN,ENSMUSG00000074865
ENSMUSG00000091492.3,Gm17025,10.954320085803941,-1.3196856360431222,0.4263587053811744,-3.0952473102743223,0.0019664885429641153,0.0053618384859535325,DOWN,ENSMUSG00000091492
ENSMUSG00000066975.13,NA,11.151193867688889,-1.3456905861044473,0.4347868132183533,-3.0950584175804594,0.0019677413693794357,0.0053643596437418705,DOWN,ENSMUSG00000066975
ENSMUSG00000114886.2,Gm48432,70.90373129177937,-0.5932814086217136,0.1917650802714857,-3.093792716493499,0.001976155023623418,0.005382807868046724,DOWN,ENSMUSG00000114886
ENSMUSG00000083460.2,Gm12182,37.803463491161466,0.7222764320591457,0.23353932514544606,3.0927400839636703,0.001983177458512899,0.005400136387948001,UP,ENSMUSG00000083460
ENSMUSG00000121606.1,Akap17a,154.62237754587667,0.8755840879813629,0.28321284355438625,3.0916115137738154,0.0019907319350619774,0.005418901617072953,UP,ENSMUSG00000121606
ENSMUSG00000031785.17,NA,31.74283412543059,0.7360865779457835,0.2381635764701085,3.090676537762559,0.0019970105169281947,0.005432551419071528,UP,ENSMUSG00000031785
ENSMUSG00000100839.2,Gm5920,149.22186602634028,-0.547664459532421,0.17730588198805616,-3.0888115689772397,0.0020095885303486943,0.005462952622165268,DOWN,ENSMUSG00000100839
ENSMUSG00000143481.1,ENSMUSG00000143481,85.83353189678182,-0.5053204111663359,0.1637639045729372,-3.085664160756964,0.002030980764315056,0.005517435860643827,DOWN,ENSMUSG00000143481
ENSMUSG00000120183.2,1700085D22Rik,48.0990276897585,-0.5594436936117668,0.1813655320591219,-3.084619702873853,0.0020381257579637165,0.005534086983334702,DOWN,ENSMUSG00000120183
ENSMUSG00000030162.15,NA,60.151970645786214,1.2510955642096957,0.40609169614782564,3.0808203567754595,0.0020643115407581753,0.005599607773852162,UP,ENSMUSG00000030162
ENSMUSG00000123981.1,ENSMUSG00000123981,23.288719716141244,-0.7811347456552785,0.2535688046366969,-3.0805632687130293,0.0020660945389589067,0.005603514407470099,DOWN,ENSMUSG00000123981
ENSMUSG00000086914.4,Gm16124,12.343826461850073,-1.7560004047062598,0.570269834915587,-3.0792447665870104,0.00207526104782551,0.005623709729402486,DOWN,ENSMUSG00000086914
ENSMUSG00000114733.2,Gm4815,11.587871648836002,1.984032712374433,0.644641062091757,3.0777324453030723,0.002085820954390949,0.0056495160431606385,UP,ENSMUSG00000114733
ENSMUSG00000050493.9,Fam167b,15.903759901228417,1.1635794390659073,0.37810007727543044,3.0774377182110104,0.002087884640024711,0.005653232122882877,UP,ENSMUSG00000050493
ENSMUSG00000027257.14,NA,62.593089976850415,0.5407283481745525,0.1757490242069854,3.076707541418375,0.002093005423948345,0.0056661587710930186,UP,ENSMUSG00000027257
ENSMUSG00000085614.4,1700123M08Rik,24.254699962900514,-0.7421748766076544,0.24125475342889527,-3.0763119319279846,0.002095784671460437,0.00567180401319409,DOWN,ENSMUSG00000085614
ENSMUSG00000093625.2,Gm18953,72.92125616817593,0.6898224049741737,0.22437471350197544,3.0744213294253426,0.002109113387283386,0.00570504177205597,UP,ENSMUSG00000093625
ENSMUSG00000129449.1,ENSMUSG00000129449,11.822151506355898,1.402809716107596,0.4563340976212723,3.0740848063294126,0.0021114940038292895,0.005710536232063793,UP,ENSMUSG00000129449
ENSMUSG00000120308.2,Gm56915,24.57378490622484,-0.7603267646305545,0.24741270748794722,-3.0731112090012354,0.0021183952667166517,0.0057273054961545465,DOWN,ENSMUSG00000120308
ENSMUSG00000120826.2,Gm57409,7.803976575992906,1.429233543340497,0.46527052522283435,3.071833408436924,0.0021274842381435104,0.0057490258483540784,UP,ENSMUSG00000120826
ENSMUSG00000024301.11,NA,186.7262231159698,0.5030118276347194,0.16378305013202454,3.0712080842873823,0.002131945176294483,0.005758953879013013,UP,ENSMUSG00000024301
ENSMUSG00000123611.1,ENSMUSG00000123611,121.09562234674448,-0.6076336026603466,0.1981806669094117,-3.0660589256069852,0.0021690056413259736,0.005846729256780073,DOWN,ENSMUSG00000123611
ENSMUSG00000017737.3,Mmp9,1206.959286428921,-0.522239845279381,0.17034468152935112,-3.065783096899312,0.0021710074535835075,0.0058511604016943134,DOWN,ENSMUSG00000017737
ENSMUSG00000035441.15,NA,68.05776869732895,0.6568626531118742,0.2142948899032148,3.065227796185634,0.0021750426570559004,0.005859137651983479,UP,ENSMUSG00000035441
ENSMUSG00000058966.14,NA,17.481702468792548,1.0096754697291817,0.3294050594598212,3.0651486391402427,0.0021756184270811225,0.005859722987159009,UP,ENSMUSG00000058966
ENSMUSG00000095649.4,Gvin-ps3,2146.8763318241035,0.530237468159445,0.1730575172806113,3.063937796470692,0.0021844432488848193,0.005880584543193554,UP,ENSMUSG00000095649
ENSMUSG00000068457.15,NA,658.5623896058545,-0.5410837350439991,0.17659471576387287,-3.0639859902008015,0.0021840913789453707,0.005880584543193554,DOWN,ENSMUSG00000068457
ENSMUSG00000069376.3,Gm5507,45.316646757818425,0.5401189812495294,0.1763540491525633,3.0626967957071076,0.0021935219048263444,0.005899195303766276,UP,ENSMUSG00000069376
ENSMUSG00000116927.3,Gm30881,36.55157793659385,-0.6411258997017188,0.20955686410550572,-3.0594364085298147,0.0022175385999031313,0.005956924561054492,DOWN,ENSMUSG00000116927
ENSMUSG00000083668.2,Gm5648,33.874557433611756,0.9656515424877397,0.31575721089990605,3.0582089946121545,0.0022266422527171706,0.005979414204520268,UP,ENSMUSG00000083668
ENSMUSG00000049608.10,NA,15.349716353881428,-0.9111865263079997,0.2980079023951493,-3.0575918255341916,0.0022312326856460648,0.005990757141847992,DOWN,ENSMUSG00000049608
ENSMUSG00000030352.16,NA,27.278050265852315,0.6155272442822003,0.201320636535789,3.057447338106232,0.0022323086186093687,0.005992661632417268,UP,ENSMUSG00000030352
ENSMUSG00000129227.1,ENSMUSG00000129227,27.78350824804775,0.6201380506281318,0.20283209933917523,3.057396007084356,0.0022326909721079183,0.005992703880143848,UP,ENSMUSG00000129227
ENSMUSG00000081058.6,H3c15,38.94795808696175,0.7434332121103829,0.24345451811295404,3.0536841865693245,0.0022604991050950425,0.0060643555509410085,UP,ENSMUSG00000081058
ENSMUSG00000001506.11,NA,61.72503089699509,1.3740241316088415,0.4500425518713097,3.053098259032505,0.0022649176300124792,0.0060742155176675946,UP,ENSMUSG00000001506
ENSMUSG00000105139.3,Gm19391,35.92714672501099,-0.6232368623695999,0.20413652652795836,-3.0530394191077894,0.0022653617833580633,0.006074410057541159,DOWN,ENSMUSG00000105139
ENSMUSG00000063816.4,Gm4987,28.418089398214594,-0.7939049765724996,0.26045906876114483,-3.04809880626792,0.002302941926334819,0.0061632125637338265,DOWN,ENSMUSG00000063816
ENSMUSG00000128616.1,ENSMUSG00000128616,9.263455321461338,-1.3455347985911847,0.44150277381624176,-3.047624790577671,0.0023065773235376005,0.006168735754343197,DOWN,ENSMUSG00000128616
ENSMUSG00000032845.17,NA,12.670791497070436,2.2424486540176773,0.7370838004209188,3.042325245429496,0.0023475808539994898,0.00626609350742581,UP,ENSMUSG00000032845
ENSMUSG00000110460.2,Gm20786,20.36114026786117,-0.9222351545842354,0.3031897432587383,-3.0417755715344614,0.002351871762969667,0.006274800212863538,DOWN,ENSMUSG00000110460
ENSMUSG00000082272.2,Gm11675,56.705445150721594,-0.5790096673193991,0.19035350973575632,-3.0417598715314726,0.0023519944270289305,0.006274800212863538,DOWN,ENSMUSG00000082272
ENSMUSG00000121482.2,ENSMUSG00000121482,45.95532776532685,-0.6414476251628899,0.21089196049802347,-3.041593542248386,0.0023532943168643027,0.006277243620016954,DOWN,ENSMUSG00000121482
ENSMUSG00000039431.17,NA,78.24646309181382,0.5643681449319912,0.1856520781462671,3.03992366025308,0.0023663812126957437,0.006305977714823056,UP,ENSMUSG00000039431
ENSMUSG00000113861.2,Gm6190,15.907085021063235,1.1039444380683245,0.363243570102424,3.0391300188935064,0.0023726243250349454,0.006319523744015189,UP,ENSMUSG00000113861
ENSMUSG00000048327.7,Ckap2l,580.2397723866109,0.6938786349369263,0.2283583560115813,3.03855154265402,0.00237718435680167,0.006329606694295504,UP,ENSMUSG00000048327
ENSMUSG00000108518.2,Gm5587,52.78266990127365,-0.5304571086100005,0.17459436401712455,-3.0382258419176247,0.0023797553305930116,0.006335420298676443,DOWN,ENSMUSG00000108518
ENSMUSG00000080316.12,NA,39.54568906561605,0.6797875780111484,0.22387489925638054,3.036461793033165,0.002393724433137239,0.0063694969207327545,UP,ENSMUSG00000080316
ENSMUSG00000024186.16,NA,19.703756629489938,0.8909099605642692,0.29363910641584073,3.0340303491545018,0.00241310153132566,0.006413749208300689,UP,ENSMUSG00000024186
ENSMUSG00000024352.13,NA,27.60122681268286,-0.947975935564124,0.31291123093272694,-3.02953630887071,0.0024492946091552456,0.0065014890680824364,DOWN,ENSMUSG00000024352
ENSMUSG00000098175.2,Gm7545,12.879019209471766,1.0034135058618245,0.3318043895917151,3.0241116071325145,0.0024936442768557876,0.0066063386303865,UP,ENSMUSG00000098175
ENSMUSG00000020122.17,NA,35.664339977575736,0.781658035698417,0.2585907442189031,3.022761073910384,0.0025047991938449434,0.006631591775605676,UP,ENSMUSG00000020122
ENSMUSG00000115516.2,Gm8341,75.56028374224734,-0.6508051846420894,0.21531593774877705,-3.022559274740849,0.0025064698966663856,0.006634940393669432,DOWN,ENSMUSG00000115516
ENSMUSG00000098198.2,Gm9169,58.86800011553457,-0.6040983771036108,0.1999054238171788,-3.021920894232875,0.0025117617881186705,0.006646795886123974,DOWN,ENSMUSG00000098198
ENSMUSG00000079501.4,Gm5138,41.74893041914535,0.5677372153597257,0.187904483612473,3.0214138824414913,0.0025159719710234115,0.006655782139237528,UP,ENSMUSG00000079501
ENSMUSG00000120025.1,Gm56824,31.272023022757022,0.745177354419241,0.24697330046138896,3.017238515366319,0.0025508901210117923,0.006741608717551941,UP,ENSMUSG00000120025
ENSMUSG00000095620.8,Csta2,282.63238344477367,-0.7429349075146469,0.24633669932987226,-3.015932703229795,0.0025619011268874065,0.006766333142688891,DOWN,ENSMUSG00000095620
ENSMUSG00000141895.1,ENSMUSG00000141895,70.82973881162884,0.7437784333217917,0.24719261182593524,3.008902360906869,0.002621933637600481,0.006909257978432608,UP,ENSMUSG00000141895
ENSMUSG00000033209.18,NA,38.480810230316145,0.7715143075663218,0.2566295219785235,3.0063349750964634,0.0026441753463084593,0.0069645005173635316,UP,ENSMUSG00000033209
ENSMUSG00000078783.2,Sirpd,8.65973707753899,-1.7464624779472078,0.5812767417640101,-3.004528398379039,0.0026599292619257715,0.007002609714195307,DOWN,ENSMUSG00000078783
ENSMUSG00000024206.16,NA,14.074022265638487,1.3778457545695875,0.458796417793535,3.0031746132543646,0.0026717908711540437,0.0070304400482749515,UP,ENSMUSG00000024206
ENSMUSG00000026069.16,NA,24.861217866573966,-1.8205139364525946,0.6070398177690329,-2.9990025088358627,0.002708650763175955,0.007114832938273206,DOWN,ENSMUSG00000026069
ENSMUSG00000075592.12,NA,39.54223638170379,0.6325137161524931,0.21113960714997998,2.9957132377498272,0.0027380378807676242,0.007182790434766103,UP,ENSMUSG00000075592
ENSMUSG00000121045.2,Gm31253,7.140580018193978,-1.2954856879436087,0.4325554144690065,-2.9949588991595735,0.0027448182467539424,0.007199422185725279,DOWN,ENSMUSG00000121045
ENSMUSG00000082487.2,Gm11628,59.56087622678268,-0.7187552695830324,0.24004151667704826,-2.994295651572829,0.002750792510624779,0.0072127774107591655,DOWN,ENSMUSG00000082487
ENSMUSG00000012017.5,Scarf2,30.18691907698216,-0.7650601796596366,0.2561797304152818,-2.9864196453772154,0.0028226500808558224,0.007382246115467083,DOWN,ENSMUSG00000012017
ENSMUSG00000051008.8,4930412M03Rik,8.881513372262145,1.0432774720638363,0.3494774165627006,2.9852500408324936,0.0028334660667815965,0.007408163200193853,UP,ENSMUSG00000051008
ENSMUSG00000097828.3,6430562O15Rik,20.909479447347334,0.6972375925664834,0.23369400257907474,2.9835493631487613,0.002849260710820479,0.007443505766193312,UP,ENSMUSG00000097828
ENSMUSG00000111116.3,Gm48065,34.533905414938715,-0.6188005023208721,0.20787190791978077,-2.9768356316798306,0.0029124010572477658,0.0075975275585336705,DOWN,ENSMUSG00000111116
ENSMUSG00000055407.15,NA,36.47352183399637,-0.7161744972962462,0.24061794521536453,-2.976396862899132,0.002916571654066081,0.007606603938794878,DOWN,ENSMUSG00000055407
ENSMUSG00000094092.2,Gm15921,39.69625216657652,-0.667515368647457,0.22434686080640776,-2.9753720031922617,0.0029263344216348013,0.007629005176402307,DOWN,ENSMUSG00000094092
ENSMUSG00000037406.8,Htra4,90.7008344984439,0.545198876016025,0.18346321566513474,2.971706748077208,0.00296149403400611,0.007712769222869987,UP,ENSMUSG00000037406
ENSMUSG00000063698.10,NA,22.313271119050256,-0.8390548730217612,0.28257872705950365,-2.9692782671679256,0.002985001519489115,0.0077621436267211385,DOWN,ENSMUSG00000063698
ENSMUSG00000112969.2,Gm48496,90.3333947085112,-0.5078567855033813,0.17109309560021918,-2.968306720512284,0.002994453589921878,0.0077805338389545405,DOWN,ENSMUSG00000112969
ENSMUSG00000036109.18,NA,28.636962120590603,1.006926336372385,0.3393746217233785,2.967005403229952,0.0030071567434500615,0.007808575715398683,UP,ENSMUSG00000036109
ENSMUSG00000021234.10,NA,18.962949453281215,0.768125522936674,0.2589709620400212,2.9660681525288863,0.003016336397412728,0.007831168162660173,UP,ENSMUSG00000021234
ENSMUSG00000121493.2,Cyp4f41-ps,14.643314320555973,-1.0246117367998562,0.3458784971503511,-2.9623458678163046,0.0030530462239318707,0.007908889631757584,DOWN,ENSMUSG00000121493
ENSMUSG00000097935.2,Gm3809,41.90581964947392,0.6213715976656262,0.20986424616510865,2.9608263866765,0.003068148378202233,0.007945493249381132,UP,ENSMUSG00000097935
ENSMUSG00000118283.2,Gm7623,48.65523992884657,-0.6021842413262056,0.20376271076395727,-2.9553211138017677,0.003123437705587889,0.0080784355594208275,DOWN,ENSMUSG00000118283
ENSMUSG00000089808.4,Gm7241,49.27445337033261,-0.5935675110248826,0.2009088300623685,-2.9544122617239883,0.003132652153638037,0.008096395023580283,DOWN,ENSMUSG00000089808
ENSMUSG00000008845.10,NA,79.67703685512791,-0.5027267612505713,0.17024665152432095,-2.952931859448367,0.0031477143668263816,0.00812579580545547,DOWN,ENSMUSG00000008845
ENSMUSG00000117869.2,Snhg4,23.60932177246897,-0.8623272427935369,0.2920922569057937,-2.952242732924128,0.0031547483125520487,0.00814266791678127,DOWN,ENSMUSG00000117869
ENSMUSG00000074607.12,NA,75.45943267257897,0.7107092462342712,0.24085215974959948,2.9508111821507264,0.003169406033266669,0.00817791807731286,UP,ENSMUSG00000074607
ENSMUSG00000082179.2,Gm11407,17.836343977067386,0.8784777859772358,0.29859951033843263,2.941993391019192,0.0032610688669934672,0.008389271592677874,UP,ENSMUSG00000082179
ENSMUSG00000047959.5,Kcna3,51.223214288220866,0.8579428581424333,0.29183808818453927,2.9397905649653464,0.003284341631362218,0.008430566631006095,UP,ENSMUSG00000047959
ENSMUSG00000112766.3,Gm40645,36.836221109928786,0.7065725243168802,0.24046428784158205,2.9383678161073568,0.0032994532235259824,0.008461384121706262,UP,ENSMUSG00000112766
ENSMUSG00000114581.2,Gm8277,13.91041999736134,-1.396649684310526,0.47548455953164376,-2.937318691665272,0.0033106369388994227,0.00848208015724921,DOWN,ENSMUSG00000114581
ENSMUSG00000097279.3,Gm5106,11.728247236367976,-1.166416760402848,0.39766064792546457,-2.9331963484138237,0.0033549164787676613,0.008580733024868751,DOWN,ENSMUSG00000097279
ENSMUSG00000067555.3,Gm10212,42.89044923948213,-0.6397243890091783,0.21810526693931845,-2.9330992230791164,0.003355966208715609,0.008581537763605816,DOWN,ENSMUSG00000067555
ENSMUSG00000026193.16,NA,111.90430258171284,0.9859438313124355,0.33621722800517345,2.932460769967637,0.003362874053974801,0.008595705908721203,UP,ENSMUSG00000026193
ENSMUSG00000078162.7,Gm2574,33.304876224930354,0.6175210552952789,0.21110042479408542,2.9252478098877823,0.0034418202097262775,0.008779649367694403,UP,ENSMUSG00000078162
ENSMUSG00000144053.1,ENSMUSG00000144053,11.935983718017948,0.9355656098751598,0.31983638048774327,2.925138186120176,0.003443032954043263,0.008781372549039036,UP,ENSMUSG00000144053
ENSMUSG00000110935.2,Gm8834,7.870097752576963,1.5282968600301319,0.522729313993533,2.9236869238388254,0.0034591246588501446,0.008816911223072581,UP,ENSMUSG00000110935
ENSMUSG00000059606.4,Rnase2b,21.24863992597016,-0.6574831617589894,0.2248797210219788,-2.9237103228829144,0.0034588646664820717,0.008816911223072581,DOWN,ENSMUSG00000059606
ENSMUSG00000074403.3,H3c13,9.747693776308008,1.1178724970990592,0.3827024914646185,2.9209961315404933,0.0034891415986937234,0.008890648257560032,UP,ENSMUSG00000074403
ENSMUSG00000054626.12,NA,12.920204016608828,-1.122873476058939,0.3846247652696689,-2.919399834463773,0.003507060806791559,0.008934915203836475,DOWN,ENSMUSG00000054626
ENSMUSG00000085099.2,Gm16288,304.929647705209,-0.512040132280435,0.17553328882633248,-2.9170542847119587,0.0035335426907174396,0.008993972099418759,DOWN,ENSMUSG00000085099
ENSMUSG00000004113.20,NA,28.597983224641148,0.7526177936804919,0.2580946035617433,2.9160539712735414,0.0035448917361535514,0.00902145419884259,UP,ENSMUSG00000004113
ENSMUSG00000107968.2,Gm44419,48.51462543775267,-0.5732645829033417,0.1968773135243511,-2.9117858865563835,0.0035936887987655874,0.00913426171740356,DOWN,ENSMUSG00000107968
ENSMUSG00000086714.4,0610009E02Rik,9.779174375625908,-1.1467966643180465,0.39406081719938985,-2.910202218196644,0.0036119497583232633,0.0091763958267877,DOWN,ENSMUSG00000086714
ENSMUSG00000064340.1,mt-Tl1,18.980465717209864,0.8854058214643811,0.3042825306337003,2.909814834326606,0.00361642943107041,0.00918634894798398,UP,ENSMUSG00000064340
ENSMUSG00000055633.7,Zfp580,66.62939491395818,0.6269038366236785,0.2155533405238255,2.9083466537805096,0.0036334532439124,0.00922672467375984,UP,ENSMUSG00000055633
ENSMUSG00000078435.6,AU041133,52.738535101226084,-0.5357013354567691,0.18424089922357284,-2.907613552226022,0.0036419809373007526,0.009244071490856848,DOWN,ENSMUSG00000078435
ENSMUSG00000110536.2,Gm45850,12.202683573554953,-1.1490218424825809,0.3953678681404129,-2.906209469896809,0.0036583645435294037,0.00927845257230902,DOWN,ENSMUSG00000110536
ENSMUSG00000056145.7,AI504432,188.30742791937357,0.5120728846383373,0.17623201103114725,2.9056746367595703,0.003664622877010974,0.009291692596810005,UP,ENSMUSG00000056145
ENSMUSG00000098219.2,Gm7481,19.383561168226755,0.8075413181562787,0.2779691132002412,2.905147657806673,0.003670798824907537,0.009301329653067526,UP,ENSMUSG00000098219
ENSMUSG00000121001.2,Gm57461,15.429423567066962,0.9978058794191214,0.34356515783329894,2.9042697045061425,0.0036811090489540592,0.009326008759175922,UP,ENSMUSG00000121001
ENSMUSG00000021087.19,NA,64.9111701659949,0.669385454705794,0.23049307934795601,2.90414556740456,0.0036825689727919006,0.009328261650279933,UP,ENSMUSG00000021087
ENSMUSG00000063972.14,NA,51.30774332184851,0.5736743930724131,0.1976647196183676,2.902259918613749,0.0037048101164421786,0.00938023949246652,UP,ENSMUSG00000063972
ENSMUSG00000044719.6,E230025N22Rik,26.066835366834948,0.6785071548342767,0.23409445584765326,2.8984332515582665,0.003750321273033992,0.009491059224185422,UP,ENSMUSG00000044719
ENSMUSG00000081892.3,Gm8864,49.911177705179085,0.5744719799225426,0.19843237365738564,2.895051696123078,0.0037909609461387918,0.009577596232702426,UP,ENSMUSG00000081892
ENSMUSG00000014791.11,NA,29.975928985882085,0.643563130273132,0.22251118937569658,2.892273112551274,0.0038246531521309796,0.009659731215193602,UP,ENSMUSG00000014791
ENSMUSG00000031262.13,NA,217.57476991545113,-0.6236434857570127,0.21563852476018555,-2.892078242747092,0.0038270262595616663,0.009664231614212112,DOWN,ENSMUSG00000031262
ENSMUSG00000042155.4,Klhl23,21.19105151523144,-1.4092451898273266,0.48729869937440645,-2.891953521806059,0.003828545802346785,0.00966657548426947,DOWN,ENSMUSG00000042155
ENSMUSG00000030206.14,NA,11.39524863454846,-1.2875527559437594,0.4452705107371362,-2.8916191952892687,0.00383262178810186,0.009675372316341777,DOWN,ENSMUSG00000030206
ENSMUSG00000126610.1,ENSMUSG00000126610,39.38652198914003,-0.701692160351682,0.2427298252863454,-2.89083617772931,0.003842183484797975,0.00969651555388416,DOWN,ENSMUSG00000126610
ENSMUSG00000085667.3,Gm12992,36.96758304919249,0.6224666799403905,0.21596373707940492,2.882274072297257,0.003948161556246948,0.009940950215405517,UP,ENSMUSG00000085667
