gene_id,gene_name,baseMean,log2FoldChange,lfcSE,stat,pvalue,padj,regulation,gene_id_clean
ENSMUSG00000029449.12,NA,625.5911544672983,1.29100501690487,0.06957281136898902,18.556171462697495,7.270501823590604e-77,1.236421540119818e-72,UP,ENSMUSG00000029449
ENSMUSG00000036959.16,NA,479.7932377005604,1.8348459621393964,0.11437111200744698,16.04291442073174,6.407549210194045e-58,5.448339093427997e-54,UP,ENSMUSG00000036959
ENSMUSG00000026797.17,NA,1545.8178747349612,1.2141025390663123,0.07605518027991359,15.96344305013712,2.2970237262889926e-57,1.302106182975687e-53,UP,ENSMUSG00000026797
ENSMUSG00000038963.16,NA,640.58170619147,2.001014065908767,0.12683385368832195,15.776655898400787,4.504283164282156e-56,1.914995987294559e-52,UP,ENSMUSG00000038963
ENSMUSG00000031959.16,NA,909.6351247537069,0.9144121002241637,0.058752099323679474,15.563905132758697,1.2804239842978853e-54,3.629148379494973e-51,UP,ENSMUSG00000031959
ENSMUSG00000043157.9,Arl11,2399.06143913261,-0.9211970923922559,0.05915469849445208,-15.572678347412282,1.1163320121355524e-54,3.629148379494973e-51,DOWN,ENSMUSG00000043157
ENSMUSG00000015944.10,NA,1303.7484146626734,1.6998591173836675,0.11179781891985589,15.204761003452486,3.288286330763334e-52,7.988656762994466e-49,UP,ENSMUSG00000015944
ENSMUSG00000096210.3,H1f0,1549.49658888753,-1.127959329376162,0.07425904175152266,-15.18952174403777,4.149359590093117e-52,8.820501148640444e-49,DOWN,ENSMUSG00000096210
ENSMUSG00000024947.18,NA,1586.5231999146408,1.0136001610632002,0.06712751849181543,15.099622089959784,1.6286413423229604e-51,3.0774082963938075e-48,UP,ENSMUSG00000024947
ENSMUSG00000007033.5,Hspa1l,373.950243664063,1.1918466886397685,0.07939624109267253,15.01137424438805,6.185280257372171e-51,1.0518687605687113e-47,UP,ENSMUSG00000007033
ENSMUSG00000018537.17,NA,285.65910224322886,1.6032863733803893,0.10709287091706085,14.970990689212828,1.136160770813732e-50,1.7565045516780296e-47,UP,ENSMUSG00000018537
ENSMUSG00000055531.13,NA,1451.1149423332945,0.8998305066207862,0.06113921443425076,14.717730918647407,4.960264688679601e-49,7.029521774640441e-46,UP,ENSMUSG00000055531
ENSMUSG00000033059.8,Pygb,2424.7942736839204,0.953207306068459,0.06660629951838107,14.311068366820264,1.8662411644367182e-46,2.4413305571085255e-43,UP,ENSMUSG00000033059
ENSMUSG00000120697.2,Gm36496,162.30509843994048,-1.9917236057398215,0.14088920401696511,-14.136807852928099,2.252735256301964e-45,2.7364296977622287e-42,DOWN,ENSMUSG00000120697
ENSMUSG00000072825.13,NA,725.1245045507984,1.6230484300119563,0.11534338396165467,14.071448003914387,5.689244480516613e-45,6.450086109044368e-42,UP,ENSMUSG00000072825
ENSMUSG00000020171.9,Yeats4,1091.4418809864978,-1.0463550998269013,0.07491575939076568,-13.967089279160104,2.4753837959180214e-44,2.631023552086367e-41,DOWN,ENSMUSG00000020171
ENSMUSG00000023079.15,NA,418.3236737103645,1.301502522480758,0.0952129203044745,13.669389808849234,1.54686859778047e-42,1.547414551403216e-39,UP,ENSMUSG00000023079
ENSMUSG00000036825.13,NA,490.02374330414153,0.9511398942251031,0.07112541438783405,13.372714976937903,8.729536525537982e-41,8.247472119627718e-38,UP,ENSMUSG00000036825
ENSMUSG00000022822.18,NA,5894.678178702818,1.0263822886919056,0.07683543294406724,13.358189696660734,1.0611349730300317e-40,9.497716500709851e-38,UP,ENSMUSG00000022822
ENSMUSG00000044600.15,NA,3570.6933803870143,-0.814034751440306,0.06165977062703956,-13.202039890225096,8.53909474897805e-40,7.260792265056035e-37,DOWN,ENSMUSG00000044600
ENSMUSG00000010751.16,NA,432.561067518591,1.4541740535871048,0.1120360789419498,12.979515771348696,1.5988821132752354e-38,1.2359358735617568e-35,UP,ENSMUSG00000010751
ENSMUSG00000008604.12,NA,940.6448501814921,0.8707636582709916,0.06710539934933187,12.97605955279456,1.672671454822108e-38,1.2367587287262944e-35,UP,ENSMUSG00000008604
ENSMUSG00000039157.13,NA,581.7936929387818,1.4476824930427836,0.11192646316328589,12.934228886789771,2.8850315670930504e-38,2.044285284582684e-35,UP,ENSMUSG00000039157
ENSMUSG00000000552.11,NA,1965.4112972605958,1.1801051566754763,0.09245373277735937,12.764278101321482,2.5954569463389333e-37,1.765533633177596e-34,UP,ENSMUSG00000000552
ENSMUSG00000089715.13,NA,355.2858974133607,1.3862927705106725,0.10895626084018892,12.723387897314234,4.384303600459357e-37,2.867671808823532e-34,UP,ENSMUSG00000089715
ENSMUSG00000025153.10,NA,1044.1083706158354,1.8170138809840144,0.1432597157072841,12.683355345313082,7.31328546826256e-37,4.606286395306411e-34,UP,ENSMUSG00000025153
ENSMUSG00000066440.6,Zfyve26,1102.9343286830651,1.681584284834096,0.1329542812655944,12.647838556435058,1.1499507756899157e-36,6.984308175493824e-34,UP,ENSMUSG00000066440
ENSMUSG00000038893.13,NA,296.0918476664878,1.7260312115362677,0.13684441128874947,12.613092455008951,1.7883548073641992e-36,1.0487159260012266e-33,UP,ENSMUSG00000038893
ENSMUSG00000016757.12,NA,943.0844634255712,0.9105583437138941,0.07258923240890432,12.543986394353972,4.288667301504569e-36,2.4311025376462234e-33,UP,ENSMUSG00000016757
ENSMUSG00000023087.17,NA,477.26853188378954,1.1814251403131293,0.09424162966933447,12.536128083293919,4.73574300373389e-36,2.5979369523064045e-33,UP,ENSMUSG00000023087
ENSMUSG00000035356.18,NA,3313.4424997376827,0.9514485952369661,0.0761081021713964,12.501278682449499,7.346009857298933e-36,3.903945113538302e-33,UP,ENSMUSG00000035356
ENSMUSG00000033009.16,NA,669.621319295442,0.8115664943080364,0.06495506589520438,12.494275590719619,8.022368964646703e-36,4.134194139781268e-33,UP,ENSMUSG00000033009
ENSMUSG00000021466.13,NA,380.57782090551626,1.8470634867093914,0.14790167677519364,12.488455350758974,8.631313166065604e-36,4.3171797559444606e-33,UP,ENSMUSG00000021466
ENSMUSG00000094103.3,Fam177a2,2987.3032362930603,0.5028054410846376,0.04038635453374676,12.449884296055847,1.4004804307825305e-35,6.804734344539347e-33,UP,ENSMUSG00000094103
ENSMUSG00000070738.11,NA,3495.141750991409,1.0150928867250872,0.08159127248581416,12.441194453752098,1.5615120409332538e-35,7.37640938003081e-33,UP,ENSMUSG00000070738
ENSMUSG00000039414.11,NA,1063.959078741509,1.2871539284878581,0.10352980777396738,12.432689253109128,1.7369115956335826e-35,7.983221241985055e-33,UP,ENSMUSG00000039414
ENSMUSG00000066152.12,NA,5968.360346065207,-0.7680338213833922,0.06188550511927406,-12.410560758987652,2.290429878758594e-35,1.0250276452149645e-32,DOWN,ENSMUSG00000066152
ENSMUSG00000031563.9,Wwc2,544.7209077109196,1.1901105339088174,0.09607992471354722,12.386672215418717,3.0858490321892517e-35,1.345588426702831e-32,UP,ENSMUSG00000031563
ENSMUSG00000026984.5,Il36a,142.9088705972516,-1.2564037416387732,0.1015840996336416,-12.368114165208294,3.8884378792596365e-35,1.6531693643672345e-32,DOWN,ENSMUSG00000026984
ENSMUSG00000037351.10,NA,2253.765758520354,0.6402872674110559,0.05189763859712533,12.337502913793887,5.68931041690596e-35,2.359814949997628e-32,UP,ENSMUSG00000037351
ENSMUSG00000042203.9,Tbc1d22b,760.7284992883726,0.8674642238146704,0.07064063498250953,12.279960734065495,1.160545739690172e-34,4.699104964088349e-32,UP,ENSMUSG00000042203
ENSMUSG00000032185.17,NA,945.5203858602656,1.0080554134474453,0.08225204279091829,12.255688481924828,1.56613556598513e-34,6.193884054684447e-32,UP,ENSMUSG00000032185
ENSMUSG00000063870.13,NA,7163.476203822061,1.2620451485946873,0.10312547166052619,12.237957589654993,1.948748487659286e-34,7.531912904803141e-32,UP,ENSMUSG00000063870
ENSMUSG00000039834.18,NA,837.1246195530805,1.287388406165834,0.1052419864091579,12.232650200659922,2.080385157822454e-34,7.862006665317478e-32,UP,ENSMUSG00000039834
ENSMUSG00000021483.9,Cdk20,1227.9476358548227,-0.6889986899521802,0.05659481589757192,-12.174236792273764,4.2636354718075125e-34,1.576247496381708e-31,DOWN,ENSMUSG00000021483
ENSMUSG00000032194.10,NA,352.6368655643523,1.517333387423662,0.12472736854739436,12.165200028629645,4.762772319583482e-34,1.7233128950390785e-31,UP,ENSMUSG00000032194
ENSMUSG00000042903.9,Foxo4,485.2429430574628,1.0640416370758878,0.08755062204758529,12.15344462655631,5.499855209231216e-34,1.9485528685038764e-31,UP,ENSMUSG00000042903
ENSMUSG00000037692.15,NA,315.0180646900068,1.7121108181177551,0.1410375969402438,12.13939300768971,6.530870819290915e-34,2.2666120235277816e-31,UP,ENSMUSG00000037692
ENSMUSG00000005683.9,Cs,10038.201725402885,0.5129912405458171,0.042546182719171065,12.057280060395788,1.7755011079955198e-33,6.038834368514362e-31,UP,ENSMUSG00000005683
ENSMUSG00000027646.16,NA,427.8835483629143,1.212901374390672,0.10075159960219962,12.038532183901841,2.228861075653627e-33,7.289232971647227e-31,UP,ENSMUSG00000027646
ENSMUSG00000068747.15,NA,1975.4965619330499,1.1104585933946618,0.09269261294133002,11.980011763154511,4.5225951419841626e-33,1.451155716690239e-30,UP,ENSMUSG00000068747
ENSMUSG00000060166.7,Zdhhc8,447.72910392370085,1.3804620892823323,0.11537731618731883,11.96476166113196,5.435343306134873e-33,1.7117305234098083e-30,UP,ENSMUSG00000060166
ENSMUSG00000039159.17,NA,1919.9634444383769,0.9782355915744262,0.08191767979399446,11.94169065865245,7.174977202769905e-33,2.1788868269697323e-30,UP,ENSMUSG00000039159
ENSMUSG00000005949.10,NA,882.096345428235,0.9152209964238606,0.0766371839151542,11.942257657028616,7.12622519504733e-33,2.1788868269697323e-30,UP,ENSMUSG00000005949
ENSMUSG00000031488.15,NA,1798.0619411554826,1.2409931592427144,0.10399028379408232,11.933741441653172,7.894386500321007e-33,2.3552971372712114e-30,UP,ENSMUSG00000031488
ENSMUSG00000120245.2,Gm57256,113.83454022264857,-1.6896261606125327,0.14186435021096017,-11.910153312653707,1.0478442044622359e-32,3.0723514726008246e-30,DOWN,ENSMUSG00000120245
ENSMUSG00000001521.13,NA,631.9761409277012,0.8632188398797622,0.07260296251880981,11.889581498222217,1.3407671180780685e-32,3.864590781361972e-30,UP,ENSMUSG00000001521
ENSMUSG00000027304.10,NA,836.0630925930349,0.8613901224200358,0.07267063603191028,11.853345029783313,2.0676906930488907e-32,5.8605246543315725e-30,UP,ENSMUSG00000027304
ENSMUSG00000029775.15,NA,1606.8747737206907,0.589872687996706,0.050055318711082056,11.784415786091287,4.696654032526358e-32,1.309365548805627e-29,UP,ENSMUSG00000029775
ENSMUSG00000020393.17,NA,1965.3420890614163,0.831501329508384,0.07058536406422783,11.78008133175845,4.944534014256853e-32,1.3562378297814847e-29,UP,ENSMUSG00000020393
ENSMUSG00000024622.9,Hmgxb3,1095.0939245100435,0.9689602507756125,0.08232107806052681,11.770500017786231,5.539519860187776e-32,1.495318646704021e-29,UP,ENSMUSG00000024622
ENSMUSG00000095762.2,Gm16378,463.0241132193956,-1.389129155145382,0.11808807361733369,-11.763500856546084,6.018592802672148e-32,1.5992529562850398e-29,DOWN,ENSMUSG00000095762
ENSMUSG00000031227.9,Magee1,379.1535286295418,1.1900010749375483,0.10151064351095573,11.722919230721999,9.726162280449257e-32,2.5446633190972316e-29,UP,ENSMUSG00000031227
ENSMUSG00000058756.14,NA,872.3349594967231,0.8657713012381728,0.07387385930983138,11.719589437003368,1.0116106384918148e-31,2.606583411847243e-29,UP,ENSMUSG00000058756
ENSMUSG00000038495.15,NA,878.7491708455875,1.1314559692843549,0.09743486687822016,11.61243408582387,3.5632547522027094e-31,9.044285121784967e-29,UP,ENSMUSG00000038495
ENSMUSG00000020777.17,NA,2224.4193982273123,0.8788417946666083,0.07606949896481537,11.553142936738697,7.116930499154273e-31,1.779860589244376e-28,UP,ENSMUSG00000020777
ENSMUSG00000024773.16,NA,1066.672622089126,1.5003745173209673,0.13018446472225584,11.524988949503044,9.8724868257506e-31,2.4332103037494887e-28,UP,ENSMUSG00000024773
ENSMUSG00000019338.14,NA,493.6432605601278,1.2221957050872811,0.10611160244284965,11.518021375141707,1.0704076849023117e-30,2.6004790127783875e-28,UP,ENSMUSG00000019338
ENSMUSG00000060671.13,NA,1348.8444411581459,1.2575434850530358,0.10922347296932763,11.513491110158911,1.128169822042535e-30,2.7022050695289226e-28,UP,ENSMUSG00000060671
ENSMUSG00000006403.14,NA,104.05813356070283,1.8540984356643624,0.16131679389727147,11.493523959105431,1.4219076944666008e-30,3.3584669794581965e-28,UP,ENSMUSG00000006403
ENSMUSG00000035107.14,NA,677.3958097284169,0.9458361947083193,0.08234792395756016,11.485853549820844,1.5539310348234025e-30,3.6200207093433947e-28,UP,ENSMUSG00000035107
ENSMUSG00000032322.15,NA,7302.4718451913295,-0.7037627253957852,0.06140927274872033,-11.460202895994245,2.090245526740111e-30,4.803610192938152e-28,DOWN,ENSMUSG00000032322
ENSMUSG00000010142.13,NA,1205.5961371206017,-0.6383603809013605,0.05575870678835956,-11.448622424554284,2.3891202098652607e-30,5.41725043852915e-28,DOWN,ENSMUSG00000010142
ENSMUSG00000020124.11,NA,3207.2701626572616,0.6474831430361874,0.056712852289599686,11.41686790376661,3.444239334556859e-30,7.7069387004570985e-28,UP,ENSMUSG00000020124
ENSMUSG00000037415.8,Ranbp10,1474.3019616728286,1.068777452173782,0.09372618674969636,11.40318932453789,4.0307688193496024e-30,8.902240849592122e-28,UP,ENSMUSG00000037415
ENSMUSG00000052423.16,NA,824.934735226729,1.1140120424145796,0.09807240113433636,11.359077880520559,6.684648011444816e-30,1.438976254210513e-27,UP,ENSMUSG00000052423
ENSMUSG00000038604.10,NA,842.0344529193393,1.172820791055645,0.1032450771576482,11.359580750419969,6.646282544911325e-30,1.438976254210513e-27,UP,ENSMUSG00000038604
ENSMUSG00000029147.12,NA,2094.618783862226,0.7263248936481876,0.06414515702053393,11.323144682858583,1.0079028696499231e-29,2.142549525158324e-27,UP,ENSMUSG00000029147
ENSMUSG00000038611.18,NA,1317.2803252578815,1.010542319636227,0.08935749288807626,11.308982458829398,1.1845525679779706e-29,2.486975428522638e-27,UP,ENSMUSG00000038611
ENSMUSG00000036249.17,NA,1599.672115475782,-0.7413600495631537,0.06566322847147155,-11.290338090598905,1.4647216973814684e-29,3.037689900691372e-27,DOWN,ENSMUSG00000036249
ENSMUSG00000020454.18,NA,1349.936949978677,0.6425572893868924,0.05694400301061213,11.284020360618921,1.573851614819552e-29,3.2246892242917233e-27,UP,ENSMUSG00000020454
ENSMUSG00000040721.10,NA,184.72181436924333,2.0213313945178952,0.179213981018471,11.278871118373088,1.668735740950642e-29,3.37839523935793e-27,UP,ENSMUSG00000040721
ENSMUSG00000028634.18,NA,801.3709283488037,1.6393016042928186,0.1455547127221902,11.262442648776585,2.011059060394714e-29,4.023537691890883e-27,UP,ENSMUSG00000028634
ENSMUSG00000037933.17,NA,1472.3971864208197,1.2355081487092667,0.10983561261718254,11.248702668190749,2.3502342492655116e-29,4.647451586396429e-27,UP,ENSMUSG00000037933
ENSMUSG00000031691.15,NA,1754.6769610924543,0.9290616533908391,0.08263081020959019,11.243525883799352,2.492252756887115e-29,4.8716379751289976e-27,UP,ENSMUSG00000031691
ENSMUSG00000011179.9,Odc1,5726.908707465268,-0.7537894836746648,0.06711591872376743,-11.23115794297738,2.866964013523608e-29,5.540407956134373e-27,DOWN,ENSMUSG00000011179
ENSMUSG00000068742.12,NA,266.64367655825293,1.0680899288203816,0.09532268006781754,11.204992642469627,3.853857883939784e-29,7.363899682503366e-27,UP,ENSMUSG00000068742
ENSMUSG00000041130.11,NA,710.2762922716292,1.0538859807777141,0.09435219224906467,11.169703169119119,5.737228290192564e-29,1.084081158922386e-26,UP,ENSMUSG00000041130
ENSMUSG00000033355.7,Rtp4,7897.152754925438,-0.774460760521391,0.06940407526713883,-11.158721696679383,6.491827998245208e-29,1.2131871092105276e-26,DOWN,ENSMUSG00000033355
ENSMUSG00000039294.15,NA,6003.44988956981,-0.5858916883660102,0.05258370335457381,-11.142077316527546,7.827203229917111e-29,1.4468415013909827e-26,DOWN,ENSMUSG00000039294
ENSMUSG00000025358.17,NA,900.5742580785178,0.7267032223168244,0.0653300266581319,11.123571495227129,9.633665557159412e-29,1.7544207892499293e-26,UP,ENSMUSG00000025358
ENSMUSG00000031161.16,NA,308.1689575547305,1.114253811160307,0.10017581254048354,11.122982513468603,9.697492307979146e-29,1.7544207892499293e-26,UP,ENSMUSG00000031161
ENSMUSG00000039879.10,NA,811.4141100982121,1.107689507661023,0.09974451982926025,11.105266831271868,1.1826358188601172e-28,2.1170426037405423e-26,UP,ENSMUSG00000039879
ENSMUSG00000024948.16,NA,784.8307125300789,1.1514985555946797,0.10381869098560235,11.091437819750302,1.380507961508964e-28,2.4455123326480668e-26,UP,ENSMUSG00000024948
ENSMUSG00000026478.15,NA,3687.4780161143126,1.3618827261139559,0.12295318845521629,11.076432772705196,1.632477931149299e-28,2.862053577023194e-26,UP,ENSMUSG00000026478
ENSMUSG00000002957.12,NA,4345.774239445209,0.8075066795437688,0.0729129317536819,11.07494459654603,1.659827858573123e-28,2.8803094451933193e-26,UP,ENSMUSG00000002957
ENSMUSG00000048701.14,NA,1015.825640168077,0.9600577801982585,0.08682129214824727,11.057860997495416,2.0082975678409929e-28,3.4498089332024166e-26,UP,ENSMUSG00000048701
ENSMUSG00000042496.19,NA,366.7506924550952,1.3917518723984652,0.1258814833133488,11.056049196163865,2.04926598229374e-28,3.484981729488734e-26,UP,ENSMUSG00000042496
ENSMUSG00000022438.7,Parvb,2818.339156706077,0.8901262720777217,0.08052641412342067,11.053842168030096,2.100292768242481e-28,3.536393942250656e-26,UP,ENSMUSG00000022438
ENSMUSG00000024270.12,NA,2108.831593690727,0.6529007386781503,0.0591969237760782,11.029301812165974,2.7599935644025775e-28,4.6016127996304146e-26,UP,ENSMUSG00000024270
ENSMUSG00000026923.16,NA,1774.9346165919837,1.491392731922336,0.13530964890182762,11.022072291418027,2.9909292060313716e-28,4.9382273861912144e-26,UP,ENSMUSG00000026923
ENSMUSG00000042744.17,NA,636.8139934322444,1.4988700009801146,0.13604271958640599,11.017642146062247,3.141810828493572e-28,5.137464898977085e-26,UP,ENSMUSG00000042744
ENSMUSG00000029016.14,NA,588.4555436683511,0.8123658047111111,0.07383134897232473,11.002992848141268,3.6965581681038034e-28,5.970031270622936e-26,UP,ENSMUSG00000029016
ENSMUSG00000057193.9,Slc44a2,4278.21200429718,0.8414487142613667,0.07647869015490598,11.002394425911715,3.7211767298955145e-28,5.970031270622936e-26,UP,ENSMUSG00000057193
ENSMUSG00000011877.14,NA,1869.2617460192548,1.1592363075242709,0.10547019711520939,10.991126775443398,4.216291485315352e-28,6.70114514011896e-26,UP,ENSMUSG00000011877
ENSMUSG00000018398.19,NA,3135.7393794621316,0.607812136217662,0.055329979365076706,10.985222535638647,4.501278820367875e-28,7.087847001775564e-26,UP,ENSMUSG00000018398
ENSMUSG00000052949.15,NA,824.5927063807691,1.2420215694200623,0.11324798504617366,10.967273006346764,5.490334825370903e-28,8.565929728463998e-26,UP,ENSMUSG00000052949
ENSMUSG00000026933.19,NA,482.0447591609231,1.0298065183327525,0.09391099745777673,10.96577127503904,5.582254691261962e-28,8.630165752690992e-26,UP,ENSMUSG00000026933
ENSMUSG00000002396.9,Ocel1,369.95225579163906,-1.216323141637775,0.11093116012864183,-10.964666196831082,5.650869093903887e-28,8.657538721705361e-26,DOWN,ENSMUSG00000002396
ENSMUSG00000051339.11,NA,847.3340073396691,1.2095880784651862,0.11032878578380424,10.963485819878825,5.7250829336194175e-28,8.692925032958198e-26,UP,ENSMUSG00000051339
ENSMUSG00000034994.11,NA,53305.70890935394,0.7384869803334234,0.06736862317102155,10.961883226538639,5.827392295422957e-28,8.769967555394938e-26,UP,ENSMUSG00000034994
ENSMUSG00000032777.10,NA,1469.4654811849036,0.9709903867899524,0.08863789307794617,10.95457431435205,6.317468968298198e-28,9.424112041656067e-26,UP,ENSMUSG00000032777
ENSMUSG00000029397.16,NA,1069.7485502343382,-0.7202515345088524,0.0657630517418906,-10.95222188495333,6.483737193843792e-28,9.588037801609351e-26,DOWN,ENSMUSG00000029397
ENSMUSG00000032212.11,NA,877.57255227078,1.1867419188059252,0.10849102161658268,10.93861870892857,7.533897002327552e-28,1.1044952794963997e-25,UP,ENSMUSG00000032212
ENSMUSG00000026854.17,NA,628.3494100803946,0.8245347330676106,0.07551143821067649,10.91933556830375,9.317491761672276e-28,1.3543014093931514e-25,UP,ENSMUSG00000026854
ENSMUSG00000024754.14,NA,1926.0633086782586,1.219474032920495,0.11177680486727588,10.909902411045852,1.033672531081601e-27,1.4897148358960769e-25,UP,ENSMUSG00000024754
ENSMUSG00000052296.8,Ppp6r1,6131.608043383931,0.8176460804555934,0.07504538048880517,10.895355252113953,1.212922842709945e-27,1.7333584758928844e-25,UP,ENSMUSG00000052296
ENSMUSG00000024960.10,NA,2498.9032835056364,0.9705999929462391,0.08914882636021412,10.887411899562643,1.3234800052129298e-27,1.8755917473875903e-25,UP,ENSMUSG00000024960
ENSMUSG00000028809.17,NA,2793.389568889488,0.92239346280848,0.08490071623359494,10.864377872509536,1.7038046944908673e-27,2.3946200524389825e-25,UP,ENSMUSG00000028809
ENSMUSG00000078671.12,NA,1134.5498165431545,1.2388039206630883,0.11430493136597379,10.837711950473683,2.2810464436350902e-27,3.153778521988483e-25,UP,ENSMUSG00000078671
ENSMUSG00000023050.10,NA,751.8331445043891,0.9152852031672034,0.08463257823549648,10.814809406140904,2.9290086891843938e-27,4.0169936909895004e-25,UP,ENSMUSG00000023050
ENSMUSG00000032536.13,NA,2097.579979369784,1.0779794339802131,0.09979201018595815,10.80226194433246,3.358268569296156e-27,4.568857223156034e-25,UP,ENSMUSG00000032536
ENSMUSG00000030216.13,NA,2633.105791919047,0.7414898527433176,0.06865300860960545,10.80054418240854,3.421695500089146e-27,4.618202672580637e-25,UP,ENSMUSG00000030216
ENSMUSG00000083563.2,Gm13340,6467.424108635493,1.0012315785729529,0.09296493582247353,10.76999160721104,4.7704467986458196e-27,6.387891201399276e-25,UP,ENSMUSG00000083563
ENSMUSG00000041025.16,NA,850.6537243787232,0.6999310939253114,0.06500364858594393,10.767566269759527,4.8977669883850946e-27,6.50714260972476e-25,UP,ENSMUSG00000041025
ENSMUSG00000030232.20,NA,1163.9415565228887,0.8271229103680565,0.0768334900720175,10.765135224142213,5.0287675633714326e-27,6.629396990906558e-25,UP,ENSMUSG00000030232
ENSMUSG00000094796.3,Tcstv4,550.7020280722514,-1.4582906504378947,0.13628365330963227,-10.700407679303279,1.0133140573833297e-26,1.3255706815277618e-24,DOWN,ENSMUSG00000094796
ENSMUSG00000141229.1,ENSMUSG00000141229,129.58841447517239,1.3692948128490372,0.1280524187256726,10.693236617283153,1.0948232499750125e-26,1.421264441914127e-24,UP,ENSMUSG00000141229
ENSMUSG00000020340.17,NA,2313.772437372931,1.1875980837590836,0.11112684372830119,10.686869561981743,1.172622512793797e-26,1.510728670649342e-24,UP,ENSMUSG00000020340
ENSMUSG00000049106.8,Dcaf5,1229.2315001435331,0.8609117809125808,0.0805979093823173,10.681564664771066,1.2416107817472713e-26,1.587581425142413e-24,UP,ENSMUSG00000049106
ENSMUSG00000035673.11,NA,7196.9899037569785,0.9103497575366089,0.08527768588826048,10.675122666079869,1.3308163646227038e-26,1.688945007221918e-24,UP,ENSMUSG00000035673
ENSMUSG00000002329.8,Mdp1,766.7133028523112,-0.9210001573096134,0.08635033748348073,-10.665854751127123,1.4704076462710832e-26,1.852277957961929e-24,DOWN,ENSMUSG00000002329
ENSMUSG00000052270.8,Fpr2,4586.922921037482,-0.7600048903614065,0.07139323045477577,-10.64533549637922,1.8332268253614122e-26,2.292342308242366e-24,DOWN,ENSMUSG00000052270
ENSMUSG00000060862.11,NA,333.30712740998854,1.2406518472116566,0.11662656289208564,10.637815403679774,1.9873419625774515e-26,2.4669151398242437e-24,UP,ENSMUSG00000060862
ENSMUSG00000037487.8,Ubr5,2213.5104145070263,1.2698032629473206,0.11946469879068423,10.629108647167483,2.181877924888264e-26,2.6887692746847693e-24,UP,ENSMUSG00000037487
ENSMUSG00000066306.14,NA,1783.6127582766287,1.2785957241150288,0.12031166391051351,10.62736298839682,2.2230956747338312e-26,2.719853600325434e-24,UP,ENSMUSG00000066306
ENSMUSG00000022003.8,Slc25a30,1943.8808245100615,0.8439171283487712,0.07950276653618203,10.614940399145746,2.5395645095995076e-26,3.0848452893035164e-24,UP,ENSMUSG00000022003
ENSMUSG00000040717.7,Il17rd,40.221221287393455,2.398738371347094,0.22599282396720474,10.6142236255041,2.5591297123250147e-26,3.0865645310495887e-24,UP,ENSMUSG00000040717
ENSMUSG00000064351.1,mt-Co1,84842.34888421764,0.9971696891264613,0.09406011372729325,10.60140849943619,2.9352577013569666e-26,3.5152811598082095e-24,UP,ENSMUSG00000064351
ENSMUSG00000053289.9,Ddx10,1019.445040199842,0.5845286956616939,0.055255626960495484,10.578627513892792,3.7440230634712566e-26,4.452507427789664e-24,UP,ENSMUSG00000053289
ENSMUSG00000054720.13,NA,2054.591009502987,0.9397528522951145,0.08887424998714173,10.573960989050004,3.935149705027006e-26,4.647302491922866e-24,UP,ENSMUSG00000054720
ENSMUSG00000006498.17,NA,6029.624980404207,0.7715100320706957,0.0730340357066548,10.563705327328588,4.389841086444765e-26,5.148526725246873e-24,UP,ENSMUSG00000006498
ENSMUSG00000027288.17,NA,4481.71732817946,1.0534762639176096,0.09982401227200458,10.553335214047038,4.9025297954601854e-26,5.6872502652840626e-24,UP,ENSMUSG00000027288
ENSMUSG00000009112.5,Bcl2l13,1534.907194091125,0.6660100339429904,0.06311051079365564,10.553076271566843,4.9160636775065107e-26,5.6872502652840626e-24,UP,ENSMUSG00000009112
ENSMUSG00000040751.13,NA,8629.150864163463,-0.8621009668479345,0.08172953805420524,-10.548217784813193,5.176974905776939e-26,5.948624003219097e-24,DOWN,ENSMUSG00000040751
ENSMUSG00000042211.8,Fbxo38,2154.8995480086883,0.7677083762235805,0.07289920883320847,10.531093389231119,6.210881685520369e-26,7.04148359626396e-24,UP,ENSMUSG00000042211
ENSMUSG00000042628.9,Zfyve1,1425.5956482254292,0.8135094305335768,0.07730552531258915,10.523302535544602,6.74664943643084e-26,7.598246378539263e-24,UP,ENSMUSG00000042628
ENSMUSG00000067365.12,NA,1514.571144778838,-0.5932205132295572,0.056378296725878574,-10.522143230291295,6.830195628779728e-26,7.641730714672898e-24,DOWN,ENSMUSG00000067365
ENSMUSG00000054792.16,NA,728.4510350317769,0.8732974749465088,0.0831775701248987,10.499194357747806,8.712047644134438e-26,9.683469427199363e-24,UP,ENSMUSG00000054792
ENSMUSG00000058013.12,NA,2309.748544849219,0.885086067802702,0.08449458200534783,10.475062977963287,1.1246272349017504e-25,1.2419097893986473e-23,UP,ENSMUSG00000058013
ENSMUSG00000041341.11,NA,835.4554437870434,1.2668897747121763,0.1209637707933649,10.473299289556106,1.1457853209677378e-25,1.2571113011856353e-23,UP,ENSMUSG00000041341
ENSMUSG00000030600.16,NA,98.27408158152768,1.2492091323059775,0.11937960567967688,10.464175394060982,1.2617028165905405e-25,1.375417826855047e-23,UP,ENSMUSG00000030600
ENSMUSG00000061130.14,NA,1502.7419102609983,0.5274312856291279,0.05040960691973055,10.462912088740943,1.278643210263222e-25,1.385006779218876e-23,UP,ENSMUSG00000061130
ENSMUSG00000003233.13,NA,586.101561429208,1.086182893601894,0.10384833030679044,10.459319763669523,1.3280565642496285e-25,1.4294259450398216e-23,UP,ENSMUSG00000003233
ENSMUSG00000030067.18,NA,1455.3990581548392,0.8631244963933804,0.08260596705586913,10.448694291171737,1.4855632704776976e-25,1.5888986778455173e-23,UP,ENSMUSG00000030067
ENSMUSG00000028920.10,NA,1515.2157642459033,0.9777008734906931,0.09361350470301696,10.444015279551689,1.5606660334798816e-25,1.658792910334929e-23,UP,ENSMUSG00000028920
ENSMUSG00000009739.19,NA,534.7272303499127,1.0407377939450013,0.09977299910888897,10.431056530727059,1.7888801709769456e-25,1.8895463470580086e-23,UP,ENSMUSG00000009739
ENSMUSG00000031153.17,NA,1526.8743800856664,0.7870257889425718,0.07546748724467618,10.42867356098559,1.8343098919092255e-25,1.925572470481993e-23,UP,ENSMUSG00000031153
ENSMUSG00000025195.10,NA,312.3420163066725,1.3003632785547776,0.124720937754763,10.426182659976975,1.8830196713332594e-25,1.9645786828646264e-23,UP,ENSMUSG00000025195
ENSMUSG00000020886.18,NA,626.3641603152807,0.9238504598804147,0.08862392073206325,10.424391656892412,1.9188329967435102e-25,1.9897362160134228e-23,UP,ENSMUSG00000020886
ENSMUSG00000027175.11,NA,573.2289585319495,0.7397533213478092,0.07099054032564642,10.420449231044408,2.0000624533645448e-25,2.0613977019343908e-23,UP,ENSMUSG00000027175
ENSMUSG00000037426.19,NA,702.0162695616646,1.0358836488576817,0.09952789514458547,10.40797303462351,2.2802498274896476e-25,2.3360197931499366e-23,UP,ENSMUSG00000037426
ENSMUSG00000051675.14,NA,435.5993349847651,0.7754363679678958,0.07451899591905325,10.405888571153302,2.330713944236731e-25,2.373420439262865e-23,UP,ENSMUSG00000051675
ENSMUSG00000019790.18,NA,1734.5046353168163,1.2150248268311146,0.11716697346192262,10.370028267615687,3.394243399635123e-25,3.435863288940173e-23,UP,ENSMUSG00000019790
ENSMUSG00000022807.10,NA,1376.1223250167473,0.8401829003743231,0.08105807518105496,10.365196786349205,3.5702282457007005e-25,3.592621393277285e-23,UP,ENSMUSG00000022807
ENSMUSG00000074553.5,Eif1-ps1,499.13587188214774,-1.1166999917136748,0.1077806358071745,-10.360859196558394,3.735909145296669e-25,3.737227701465597e-23,DOWN,ENSMUSG00000074553
ENSMUSG00000037703.15,NA,106.89387465958383,1.4744838242669536,0.14240800235635603,10.353939384510603,4.0161295845137864e-25,3.994052614867921e-23,UP,ENSMUSG00000037703
ENSMUSG00000057230.15,NA,1639.1648409583975,1.3562828913261056,0.13101823464219878,10.351863578608084,4.1041809160908244e-25,4.0503975519993143e-23,UP,ENSMUSG00000057230
ENSMUSG00000034022.9,Cpsf1,1962.3479284570944,0.8076967007695166,0.07804900343803815,10.348584417362023,4.2471892329547695e-25,4.1510172468752194e-23,UP,ENSMUSG00000034022
ENSMUSG00000020451.18,NA,615.4393582483708,0.6825646891706786,0.0659689502599203,10.34675686791053,4.329022417596924e-25,4.206820299065902e-23,UP,ENSMUSG00000020451
ENSMUSG00000070808.5,Bicra,487.23051904008497,1.5623988344344946,0.151014476467614,10.346020268921441,4.362445559050988e-25,4.215213021433017e-23,UP,ENSMUSG00000070808
ENSMUSG00000092060.5,Bend4,288.5294241037623,1.5158737219695755,0.1465407865556869,10.344380957676442,4.437749777883108e-25,4.2637498713378605e-23,UP,ENSMUSG00000092060
ENSMUSG00000029148.16,NA,3782.325128976921,-0.5093458056466275,0.04925187254027991,-10.341653613881716,4.565898784074957e-25,4.3622289169650966e-23,DOWN,ENSMUSG00000029148
ENSMUSG00000038500.16,NA,209.8249180976034,0.9148654797491419,0.08847365840313115,10.340540859976059,4.619230614404081e-25,4.388527141260101e-23,UP,ENSMUSG00000038500
ENSMUSG00000046808.19,NA,177.73738547704323,1.3362035665160028,0.12941334195181323,10.325083537472784,5.42715426304222e-25,5.1274547442942215e-23,UP,ENSMUSG00000046808
ENSMUSG00000128619.1,ENSMUSG00000128619,288.3032857337987,-1.0362505699357298,0.10052816142164021,-10.308062489966728,6.479439655170023e-25,6.087809435128255e-23,DOWN,ENSMUSG00000128619
ENSMUSG00000078771.12,NA,7471.019235513697,-0.7613616063351182,0.07388717647215022,-10.304380850472652,6.73237932605916e-25,6.29070564939352e-23,DOWN,ENSMUSG00000078771
ENSMUSG00000078622.9,Ccdc47,2182.5871382006835,0.6586063569998477,0.06392439215513822,10.302895886776284,6.837147929771131e-25,6.353690584354527e-23,UP,ENSMUSG00000078622
ENSMUSG00000024885.10,NA,5540.235032543047,-0.5653173597528728,0.054878990258031515,-10.30116183069055,6.961536844141069e-25,6.434124759318643e-23,DOWN,ENSMUSG00000024885
ENSMUSG00000031749.13,NA,618.7305866894187,1.1223130962997532,0.10896561107195621,10.299699926049383,7.068143646887858e-25,6.49734328967432e-23,UP,ENSMUSG00000031749
ENSMUSG00000039662.17,NA,1370.7374556836965,0.6617936334272997,0.06447928032807748,10.26366345995214,1.0273367826806566e-24,9.392951250681317e-23,UP,ENSMUSG00000039662
ENSMUSG00000036180.16,NA,2495.445469848511,0.8511893387412421,0.08301351305391048,10.253623867098172,1.1398803341161219e-24,1.0366205862020732e-22,UP,ENSMUSG00000036180
ENSMUSG00000033902.13,NA,759.8512510966542,1.1438985302840137,0.11157335103841004,10.252435009236365,1.1539911804821847e-24,1.0438709582595762e-22,UP,ENSMUSG00000033902
ENSMUSG00000050390.13,NA,1214.1664583540828,1.6307971990609365,0.15910446911512444,10.249851610899302,1.1852535761439672e-24,1.066477371211868e-22,UP,ENSMUSG00000050390
ENSMUSG00000040054.18,NA,2344.7810274750204,1.371184377140909,0.13383038353624827,10.245688168184323,1.2374114136804917e-24,1.1062734095547144e-22,UP,ENSMUSG00000040054
ENSMUSG00000037331.16,NA,4869.706737384959,0.9673515264179972,0.09441912758153563,10.245291936028966,1.2424921864339083e-24,1.1062734095547144e-22,UP,ENSMUSG00000037331
ENSMUSG00000023852.15,NA,1275.354081810799,1.0742071146243783,0.10485609688582709,10.244584211388608,1.2516186182157095e-24,1.1085951156966853e-22,UP,ENSMUSG00000023852
ENSMUSG00000044092.9,C130050O18Rik,934.8684171803936,-0.8863076615983481,0.08652040399072253,-10.243914969391332,1.2603098826177848e-24,1.1105093193677744e-22,DOWN,ENSMUSG00000044092
ENSMUSG00000086763.3,Plxna4os1,289.8097491381215,-1.5373569194112893,0.1501295648168294,-10.240200997631566,1.3096400882342639e-24,1.1478039859820379e-22,DOWN,ENSMUSG00000086763
ENSMUSG00000054808.16,NA,9196.974177909035,0.7161168822134159,0.06993518499042387,10.239722427437245,1.3161341718599164e-24,1.1478039859820379e-22,UP,ENSMUSG00000054808
ENSMUSG00000034471.13,NA,391.71979194385295,1.2540017856376489,0.12252497953686953,10.23466227358399,1.386781825460311e-24,1.2032454961111248e-22,UP,ENSMUSG00000034471
ENSMUSG00000045005.10,NA,173.7893010449862,1.6347965118458598,0.15983435981745106,10.228066816878314,1.4845314735541216e-24,1.2815199106224056e-22,UP,ENSMUSG00000045005
ENSMUSG00000006941.6,Eif1b,1751.5663405798218,-0.6839969458979959,0.06688014154724935,-10.227205416644747,1.4977919481903739e-24,1.2864368621679545e-22,DOWN,ENSMUSG00000006941
ENSMUSG00000015355.14,NA,6086.119532718666,-0.5356783283921687,0.052404033959410096,-10.222081926118168,1.5791232513023428e-24,1.3494758799822935e-22,DOWN,ENSMUSG00000015355
ENSMUSG00000027510.18,NA,319.96471244090844,1.1598631919857925,0.11348792301435964,10.220146436542281,1.6109733277157158e-24,1.369810620556673e-22,UP,ENSMUSG00000027510
ENSMUSG00000018765.7,Fxr2,1877.1688418083365,0.766821160733315,0.0750485147299163,10.217672708020162,1.6526085859580564e-24,1.3982219707862043e-22,UP,ENSMUSG00000018765
ENSMUSG00000037993.9,Dhx38,2810.2373174735762,0.9360641759712598,0.09164200760558898,10.214356935521478,1.7100927464047195e-24,1.4396949131365672e-22,UP,ENSMUSG00000037993
ENSMUSG00000045362.9,Tnfrsf26,2188.94434543053,1.146260527552178,0.11222704657554325,10.21376363834539,1.7205854356964036e-24,1.4413929024361101e-22,UP,ENSMUSG00000045362
ENSMUSG00000038615.18,NA,10258.062745405055,0.871928067024623,0.08538656611783457,10.211536857230573,1.7605389555897736e-24,1.4676336018999847e-22,UP,ENSMUSG00000038615
ENSMUSG00000032405.11,NA,1479.7103548204598,0.6646033301896999,0.06511431234456114,10.206716561373819,1.8502014032820845e-24,1.5348548811812258e-22,UP,ENSMUSG00000032405
ENSMUSG00000003062.14,NA,2488.16698171443,-0.7342408990387259,0.07197065073060643,-10.201948872007081,1.9433324153447983e-24,1.6042869444346427e-22,DOWN,ENSMUSG00000003062
ENSMUSG00000024325.9,Ring1,481.74928592258686,-0.8243574559421856,0.08086183433249972,-10.19464204277719,2.0951491824963666e-24,1.7212612076103e-22,DOWN,ENSMUSG00000024325
ENSMUSG00000035530.14,NA,14030.95247920238,-0.9705805553665158,0.09521467257716033,-10.19360282502651,2.1176749005067085e-24,1.7314028537508214e-22,DOWN,ENSMUSG00000035530
ENSMUSG00000030123.16,NA,3831.14044588055,1.2628976815008177,0.12391504193861771,10.191641480671926,2.1608439731955995e-24,1.7498720289602078e-22,UP,ENSMUSG00000030123
ENSMUSG00000109336.3,Samd4b,2981.758439011606,1.1620151027019219,0.11401600279571164,10.191684274215124,2.1598928515053373e-24,1.7498720289602078e-22,UP,ENSMUSG00000109336
ENSMUSG00000047388.11,NA,1207.272621708439,1.0208887714333308,0.10027761023847974,10.180625256280619,2.4200136707750276e-24,1.9504622030900529e-22,UP,ENSMUSG00000047388
ENSMUSG00000014778.11,NA,737.0007776842798,1.0309056198915894,0.10138306868939466,10.16841996615781,2.743223402514676e-24,2.2005309992058766e-22,UP,ENSMUSG00000014778
ENSMUSG00000020823.17,NA,5272.799569122871,0.8890107720645056,0.08747566746536758,10.162949284342107,2.9016370765647446e-24,2.316677940096716e-22,UP,ENSMUSG00000020823
ENSMUSG00000031875.8,Cmtm3,4004.9683597696167,-0.5089616965592273,0.05013056447553456,-10.152722234109655,3.222469417716987e-24,2.5608091083035084e-22,DOWN,ENSMUSG00000031875
ENSMUSG00000045348.17,NA,208.0171024715895,1.4011985078930562,0.13803103802902325,10.151329207554257,3.2688056760251448e-24,2.585549270999238e-22,UP,ENSMUSG00000045348
ENSMUSG00000021051.11,NA,1268.9285606601152,0.6505178075989199,0.06416327385825037,10.138475929954028,3.728713978252571e-24,2.935671755285334e-22,UP,ENSMUSG00000021051
ENSMUSG00000051498.8,Tlr6,2059.1417179338328,-0.6289875097387649,0.06205083800275995,-10.136648109583763,3.799122013681784e-24,2.977321150445734e-22,DOWN,ENSMUSG00000051498
ENSMUSG00000078780.8,Gm5150,503.57550226759423,-0.8795946858950128,0.08685066568863409,-10.127667749242399,4.1646417656285265e-24,3.2488026544164547e-22,DOWN,ENSMUSG00000078780
ENSMUSG00000062300.15,NA,2132.259093974686,0.9146026706301043,0.09035688294019255,10.12211400912847,4.4079052794682446e-24,3.4228692777459803e-22,UP,ENSMUSG00000062300
ENSMUSG00000074677.12,NA,2329.2215104369766,-0.889105939460862,0.08788986912959657,-10.116136800133875,4.68545666094932e-24,3.6218579989138243e-22,DOWN,ENSMUSG00000074677
ENSMUSG00000107994.3,D830050J10Rik,87.93357226153043,-1.4840528081099136,0.1467098691816223,-10.115562207152553,4.7130328679456946e-24,3.6266894548545015e-22,DOWN,ENSMUSG00000107994
ENSMUSG00000021905.15,NA,919.2565408291741,-0.8993849875536037,0.08892696070634235,-10.113749310780829,4.8010965280023614e-24,3.6778129529373044e-22,DOWN,ENSMUSG00000021905
ENSMUSG00000034111.7,Tmed8,1269.3038881280524,1.1386138881571726,0.11261254008823049,10.110897838420865,4.942919077392185e-24,3.76947452153056e-22,UP,ENSMUSG00000034111
ENSMUSG00000008730.18,NA,3185.342729418912,1.2002023865311555,0.11872346093287209,10.10922674508088,5.027953911984624e-24,3.8172046530004695e-22,UP,ENSMUSG00000008730
ENSMUSG00000031862.12,NA,2137.575486990191,0.8554517912385569,0.08462900002275545,10.10825829217572,5.077895883195136e-24,3.8210043092750658e-22,UP,ENSMUSG00000031862
ENSMUSG00000022000.12,NA,711.1188981927312,1.4215667265955736,0.14063224665949364,10.108398040724952,5.070658995388256e-24,3.8210043092750658e-22,UP,ENSMUSG00000022000
ENSMUSG00000037239.9,Spred3,413.51142191577213,1.1493227737121001,0.11374207423006344,10.104640534226515,5.2688437890439365e-24,3.947222796320757e-22,UP,ENSMUSG00000037239
ENSMUSG00000030225.12,NA,3228.435319682594,-0.7247551691079694,0.07175456438342506,-10.100474796769642,5.4975370375686355e-24,4.1004874938987817e-22,DOWN,ENSMUSG00000030225
ENSMUSG00000047030.16,NA,988.3101920847205,0.8408760798500597,0.08334747648352803,10.088800709116157,6.1921395483290075e-24,4.598407212178302e-22,UP,ENSMUSG00000047030
ENSMUSG00000053293.10,NA,747.680281599139,1.0660395279196457,0.10567856147059722,10.087566608448283,6.2704651883386816e-24,4.636327434473375e-22,UP,ENSMUSG00000053293
ENSMUSG00000032127.10,NA,3335.8404009272726,0.5735351874610799,0.05685893103461562,10.08698505274242,6.307714629524586e-24,4.643679436783338e-22,UP,ENSMUSG00000032127
ENSMUSG00000058655.10,NA,8187.151772383021,0.50391989090020906,0.04997284807146043,10.083873750393636,6.510751947590031e-24,4.754631423496433e-22,UP,ENSMUSG00000058655
ENSMUSG00000035629.20,NA,1438.9582868915852,0.9549994848001285,0.09470612556797144,10.083819595330366,6.514342712423079e-24,4.754631423496433e-22,UP,ENSMUSG00000035629
ENSMUSG00000018707.14,NA,11606.194485544644,1.273350869693318,0.12639120094694134,10.074679725749794,7.149333340309283e-24,5.1957932814230625e-22,UP,ENSMUSG00000018707
ENSMUSG00000024400.17,NA,1475.4148071577713,0.6868289707511633,0.06822880369556623,10.066554498240398,7.765080431089577e-24,5.6192748004727385e-22,UP,ENSMUSG00000024400
ENSMUSG00000043733.15,NA,2857.5031536832885,0.8225766975107905,0.0817539526488351,10.06161379186247,8.164881202500458e-24,5.883558039395034e-22,UP,ENSMUSG00000043733
ENSMUSG00000041187.17,NA,354.39209191106477,1.0341928713159487,0.10281410436703974,10.05886184276767,8.396339438628961e-24,6.02481639212338e-22,UP,ENSMUSG00000041187
ENSMUSG00000074151.15,NA,2344.9995944890957,1.2465829749290671,0.1239345973277425,10.058393715779816,8.436353851645296e-24,6.02809384878487e-22,UP,ENSMUSG00000074151
ENSMUSG00000027087.12,NA,3943.9171127479613,1.1548869871241496,0.11495089866202733,10.046785197562382,9.491330988600287e-24,6.753538694231652e-22,UP,ENSMUSG00000027087
ENSMUSG00000093826.2,Gm6900,453.4721203517226,-1.0024927587018084,0.09981631894402238,-10.043375364944211,9.825331843913425e-24,6.962066389066321e-22,DOWN,ENSMUSG00000093826
ENSMUSG00000032120.12,NA,1800.1064305653667,0.8059551785848257,0.08026682589301991,10.040949914464132,1.0069969309850121e-23,7.105804899722455e-22,UP,ENSMUSG00000032120
ENSMUSG00000020817.17,NA,2147.1448861667495,0.6860653603467537,0.06849386077056906,10.016450418013921,1.2905484494770587e-23,9.069035922234238e-22,UP,ENSMUSG00000020817
ENSMUSG00000003810.15,NA,1299.978644390261,1.0464113424902106,0.10448983824480138,10.014479494538524,1.3165307333674523e-23,9.21354800479296e-22,UP,ENSMUSG00000003810
ENSMUSG00000025198.17,NA,1997.0102164646114,-0.6423760351888574,0.06415724755242684,-10.012524846299437,1.3428099656254675e-23,9.358945194847008e-22,DOWN,ENSMUSG00000025198
ENSMUSG00000038116.17,NA,2019.7928427685003,0.7561850651278401,0.07555394526582375,10.008545053039006,1.397932364315204e-23,9.703362362263004e-22,UP,ENSMUSG00000038116
ENSMUSG00000056144.15,NA,2170.09566837835,-0.9173947597891384,0.0917316949401674,-10.000848238850434,1.5109720985347962e-23,1.044536240149705e-21,DOWN,ENSMUSG00000056144
ENSMUSG00000037815.8,Ctnna1,4392.303077135027,0.7406861960823335,0.07409368726463941,9.996616762192367,1.5769265807895666e-23,1.085717143032687e-21,UP,ENSMUSG00000037815
ENSMUSG00000025278.10,NA,3936.230261333952,1.2390170521260326,0.12407222406439314,9.986256484634193,1.7506881148668364e-23,1.2004920194123153e-21,UP,ENSMUSG00000025278
ENSMUSG00000051790.16,NA,246.14491893829742,1.3754442796187933,0.13779347102962186,9.981926352106408,1.828812348910425e-23,1.2490274219104694e-21,UP,ENSMUSG00000051790
ENSMUSG00000020472.15,NA,732.839926985971,0.9836661967671256,0.0985543907078154,9.980947471771247,1.846946236582434e-23,1.2563667079728349e-21,UP,ENSMUSG00000020472
ENSMUSG00000033365.15,NA,1804.569607849783,0.8961005444407267,0.08982171662766622,9.976435299664674,1.9328637061496783e-23,1.3095729158080252e-21,UP,ENSMUSG00000033365
ENSMUSG00000045639.15,NA,177.14170583736637,1.0623387370430561,0.1067158272166016,9.954837672642713,2.402145757159699e-23,1.6210670931054698e-21,UP,ENSMUSG00000045639
ENSMUSG00000022558.17,NA,2881.051094370688,0.9568838493240952,0.09613369813293828,9.953677720801611,2.430320519556495e-23,1.6335980535801484e-21,UP,ENSMUSG00000022558
ENSMUSG00000017858.13,NA,1575.2192807305814,-0.5690191117810863,0.05717956554607722,-9.95144167932776,2.4855596189631708e-23,1.6641506645703811e-21,DOWN,ENSMUSG00000017858
ENSMUSG00000015202.14,NA,105.91048198829579,1.2640380501421926,0.1270838663279685,9.9464872030259,2.612422997001062e-23,1.7354244330859397e-21,UP,ENSMUSG00000015202
ENSMUSG00000060012.10,NA,1621.6452384518557,1.2235260401803938,0.12300628433514457,9.946857973912604,2.6027111391975046e-23,1.7354244330859397e-21,UP,ENSMUSG00000060012
ENSMUSG00000018983.10,NA,607.0893890805926,1.0206958397917807,0.10276824038617126,9.932016311229242,3.020842683604529e-23,1.998928041921347e-21,UP,ENSMUSG00000018983
ENSMUSG00000120374.2,Gm57280,125.23810765361006,-1.5863225681215987,0.1598172749747605,-9.92585168513305,3.2134748726828025e-23,2.1181532435985945e-21,DOWN,ENSMUSG00000120374
ENSMUSG00000044167.7,Foxo1,249.1829676909887,1.1919888008288928,0.12011538140033286,9.923698255231029,3.283592021315795e-23,2.1560141279728346e-21,UP,ENSMUSG00000044167
ENSMUSG00000056493.10,NA,676.485213245242,1.1926550840358552,0.12023876655756485,9.91905620942033,3.439933932885825e-23,2.249981402409859e-21,UP,ENSMUSG00000056493
ENSMUSG00000030842.13,NA,7837.612570967148,-0.7375695966949466,0.07441104737899482,-9.91209803751737,3.6881858534626434e-23,2.4031145066661192e-21,DOWN,ENSMUSG00000030842
ENSMUSG00000028960.21,NA,1903.1634386955427,1.0586831667596859,0.10683239592565005,9.909757780743547,3.7756039765346103e-23,2.4506840162193738e-21,UP,ENSMUSG00000028960
ENSMUSG00000001910.6,Nacc1,3357.6958461953113,0.89811429268831,0.09075311096145959,9.896236979355066,4.3223343993197073e-23,2.7948904484726596e-21,UP,ENSMUSG00000001910
ENSMUSG00000048796.8,Cyb561d1,351.28999535338215,-0.7949611252157033,0.08035407277419121,-9.893227533714203,4.454307092303531e-23,2.869316151958858e-21,DOWN,ENSMUSG00000048796
ENSMUSG00000068391.9,Chrac1,1320.7145335746193,-0.8776168810567133,0.08901539579879031,-9.859158330773157,6.25716876709264e-23,4.000353836585618e-21,DOWN,ENSMUSG00000068391
ENSMUSG00000019854.18,NA,1341.5123194866937,0.6020174426669347,0.06106420328077439,9.85876193125532,6.281917796953565e-23,4.001134608801211e-21,UP,ENSMUSG00000019854
ENSMUSG00000028962.15,NA,2069.057567193377,0.9594949524403429,0.09737061733178999,9.854050212815922,6.583618985444915e-23,4.177650166659561e-21,UP,ENSMUSG00000028962
ENSMUSG00000046841.7,Ckap4,1605.0806390228486,0.789088054193961,0.08013707100664454,9.846729413513678,7.08107642330783e-23,4.4600290983249246e-21,UP,ENSMUSG00000046841
ENSMUSG00000064043.16,NA,1297.8190758500537,0.9858769203705758,0.10012032618636009,9.846920779457937,7.067611124105342e-23,4.4600290983249246e-21,UP,ENSMUSG00000064043
ENSMUSG00000023007.16,NA,178.8919430071018,1.2856803755031678,0.13063717729682411,9.841611722687027,7.450752327129386e-23,4.6755532869063595e-21,UP,ENSMUSG00000023007
ENSMUSG00000042292.19,NA,1586.548534188341,1.0382358540220322,0.10555527286705156,9.835944958710929,7.882409881145515e-23,4.9101927633245655e-21,UP,ENSMUSG00000042292
ENSMUSG00000024130.17,NA,3030.375872336821,1.0242099831519162,0.1041850529053654,9.830680645545565,8.305551379338968e-23,5.1548980568262224e-21,UP,ENSMUSG00000024130
ENSMUSG00000029547.11,NA,925.5322489268958,1.1441441464500521,0.11663899617881945,9.809276347817352,1.0270241291534546e-22,6.351117214684963e-21,UP,ENSMUSG00000029547
ENSMUSG00000130275.1,ENSMUSG00000130275,387.1804251422521,0.7101164965764827,0.07242936968735027,9.804261719269165,1.079333750681773e-22,6.6504165811935615e-21,UP,ENSMUSG00000130275
ENSMUSG00000028641.17,NA,672.4935119474256,0.7085859214071195,0.07233325270480259,9.796129648681935,1.16982384775149e-22,7.181958250852648e-21,UP,ENSMUSG00000028641
ENSMUSG00000017765.18,NA,2791.323474968712,0.6471503881292842,0.06609152951573184,9.791729634207394,1.221875481464042e-22,7.449496382028255e-21,UP,ENSMUSG00000017765
ENSMUSG00000067370.5,B3galt4,599.8139168932119,-0.7025672333353327,0.0717512597929619,-9.791705892866394,1.2221624665329197e-22,7.449496382028255e-21,DOWN,ENSMUSG00000067370
ENSMUSG00000005069.13,NA,1462.1866552953832,0.5746849462423034,0.05873184954400412,9.784894409152358,1.3073166910533232e-22,7.940081302876005e-21,UP,ENSMUSG00000005069
ENSMUSG00000020190.14,NA,5330.458553812312,1.1288827915139403,0.11568146849998956,9.758544788131232,1.6957084297611313e-22,1.0262355002319501e-20,UP,ENSMUSG00000020190
ENSMUSG00000034931.16,NA,1418.3259725103185,0.7507580360889982,0.07698176907905561,9.75241339696955,1.8013406775757698e-22,1.086297856838778e-20,UP,ENSMUSG00000034931
ENSMUSG00000041598.8,Cdc42ep4,1178.3226659807085,0.8169346655662978,0.08385857941544322,9.741813792469907,1.9995305850846386e-22,1.2015553756165853e-20,UP,ENSMUSG00000041598
ENSMUSG00000041642.19,NA,1326.8194248380883,1.3480506232335059,0.13844408536694225,9.737148536613425,2.093461710815645e-22,1.25357076951165e-20,UP,ENSMUSG00000041642
ENSMUSG00000021277.17,NA,823.7341420792882,0.9975326624012139,0.10255298662716214,9.7269976741663,2.3131958173467277e-22,1.3802880024490685e-20,UP,ENSMUSG00000021277
ENSMUSG00000006134.5,Crkl,2109.8239365260233,0.8828730642689802,0.09078671575978912,9.724694377148277,2.3661486997426167e-22,1.4069484191546482e-20,UP,ENSMUSG00000006134
ENSMUSG00000003660.11,NA,3249.395918178035,0.9590084016285066,0.0986196027551045,9.724318237317874,2.374909396757877e-22,1.4072372543994585e-20,UP,ENSMUSG00000003660
ENSMUSG00000019843.15,NA,1656.786167701356,0.6675979687203749,0.06866001670927134,9.723242153394748,2.400150229177294e-22,1.4172553749093427e-20,UP,ENSMUSG00000019843
ENSMUSG00000024104.12,NA,2645.0923420026165,0.7479807503210599,0.07693096228094261,9.722753078136789,2.4117096574861257e-22,1.419153440664673e-20,UP,ENSMUSG00000024104
ENSMUSG00000038563.15,NA,594.1595749433328,0.600484522098292,0.061774391181116675,9.720606073441147,2.4631100327061505e-22,1.4444016971103722e-20,UP,ENSMUSG00000038563
ENSMUSG00000026796.17,NA,16259.440707096592,0.9618239289200319,0.098955236634958,9.719788074158851,2.4829773076516088e-22,1.451048525564373e-20,UP,ENSMUSG00000026796
ENSMUSG00000019861.16,NA,1145.609564349372,0.5918091767158588,0.06090383207531515,9.71710903156329,2.5491618536763504e-22,1.484624879576028e-20,UP,ENSMUSG00000019861
ENSMUSG00000029428.14,NA,3381.3293509757873,0.6409155930564394,0.06597367131445622,9.714717709153792,2.60971147156177e-22,1.5147014773167052e-20,UP,ENSMUSG00000029428
ENSMUSG00000024456.18,NA,6580.966395027378,0.7811169523305462,0.08040916936269656,9.714277097021254,2.6210223079954668e-22,1.516092019379963e-20,UP,ENSMUSG00000024456
ENSMUSG00000014077.14,NA,4097.274150564954,0.5230140086958311,0.0538573636633121,9.711095625947078,2.7041456514171225e-22,1.558871218576257e-20,UP,ENSMUSG00000014077
ENSMUSG00000034312.16,NA,1910.6613681942888,1.2169787703987378,0.12542137788979577,9.703120718926105,2.924151292004926e-22,1.68000394837283e-20,UP,ENSMUSG00000034312
ENSMUSG00000036779.14,NA,1063.0863519002662,1.056739636048181,0.1089146096896492,9.702459927638243,2.94315615926544e-22,1.6852294156386556e-20,UP,ENSMUSG00000036779
ENSMUSG00000052928.10,NA,235.00203121641064,1.3981343597863687,0.14418961580788525,9.696498266901612,3.1202394587764293e-22,1.7775713468698005e-20,UP,ENSMUSG00000052928
ENSMUSG00000071652.9,Ints5,929.5892176129507,0.7962975181132365,0.08212358353560284,9.696331843191176,3.1253312519938277e-22,1.7775713468698005e-20,UP,ENSMUSG00000071652
ENSMUSG00000006005.19,NA,3686.4559343562432,1.0385140083241986,0.10735743212337857,9.673424445647184,3.910686638165911e-22,2.2168378989549828e-20,UP,ENSMUSG00000006005
ENSMUSG00000061461.12,NA,948.0663909942807,-0.8642327952379394,0.08934880336906585,-9.672572688725591,3.9433802190323523e-22,2.227944319098478e-20,DOWN,ENSMUSG00000061461
ENSMUSG00000040859.15,NA,1624.1352050508447,0.7150835883034706,0.07403552237186307,9.658655269720033,4.517547576275578e-22,2.5438878835146517e-20,UP,ENSMUSG00000040859
ENSMUSG00000070733.14,NA,771.5947527221118,1.35531146455758,0.14036743620335995,9.655455005917805,4.660855602079134e-22,2.6159244346190682e-20,UP,ENSMUSG00000070733
ENSMUSG00000021916.17,NA,1123.2410346669367,-0.6506844969412972,0.06741626804358815,-9.651743055854048,4.832719669441838e-22,2.703461536135786e-20,DOWN,ENSMUSG00000021916
ENSMUSG00000028710.19,NA,429.9517351591199,-0.7282109179628342,0.07545248694510615,-9.6512513695225,4.855950216471212e-22,2.707550471518342e-20,DOWN,ENSMUSG00000028710
ENSMUSG00000001018.16,NA,1304.0138705803022,-0.6522913771338029,0.06759831902798284,-9.649520676154417,4.938602224167001e-22,2.744636255692288e-20,DOWN,ENSMUSG00000001018
ENSMUSG00000032487.9,Ptgs2,21393.731903522432,1.6812874252174599,0.1744098053519279,9.639867562634574,5.425793165862771e-22,3.005571289207241e-20,UP,ENSMUSG00000032487
ENSMUSG00000017764.3,Zswim1,374.77072942722015,0.8629727199490749,0.08956255401297444,9.635418836136145,5.666045825573598e-22,3.118342243032512e-20,UP,ENSMUSG00000017764
ENSMUSG00000048490.15,NA,269.88811860343145,1.3633689201647177,0.14154071906452093,9.632344170466096,5.838214836802875e-22,3.2027316617635387e-20,UP,ENSMUSG00000048490
ENSMUSG00000059878.13,NA,447.6953247036958,0.6548307787980254,0.06809344708000487,9.616648985748169,6.801074607321197e-22,3.718941311000138e-20,UP,ENSMUSG00000059878
ENSMUSG00000069895.5,Atxn1l,1255.6838813601796,1.0897626569964807,0.1133426923138774,9.614758876369596,6.927145950506454e-22,3.7757385908433573e-20,UP,ENSMUSG00000069895
ENSMUSG00000056941.18,NA,1982.8549443985526,-0.7656969233630312,0.07964584433405605,-9.613771186246613,6.993942544592383e-22,3.7999676330139955e-20,DOWN,ENSMUSG00000056941
ENSMUSG00000106990.2,Gm42547,266.3094814320954,1.0227465335557657,0.10649547129533622,9.60366221319831,7.715328769239767e-22,4.178563090754506e-20,UP,ENSMUSG00000106990
ENSMUSG00000040661.7,Rad54l2,657.6295396473623,1.05377192472431,0.10986744845481455,9.591302424372742,8.69800087610052e-22,4.695815965046522e-20,UP,ENSMUSG00000040661
ENSMUSG00000038708.11,NA,1426.3373024144705,1.2758060795287087,0.1330479025532926,9.589073221336069,8.88797586564494e-22,4.783193594023983e-20,UP,ENSMUSG00000038708
ENSMUSG00000003847.17,NA,1262.963383958738,1.5071283464914942,0.1571808557973724,9.588498159307573,8.937645763395175e-22,4.79475091016714e-20,UP,ENSMUSG00000003847
ENSMUSG00000061079.15,NA,795.276164615513,0.8680982643491596,0.09057680910696769,9.584111793162963,9.3256565502028e-22,4.987173436878893e-20,UP,ENSMUSG00000061079
ENSMUSG00000023118.16,NA,4413.920112178504,0.8861519188062559,0.09249118868689092,9.5809333990304,9.617181429219651e-22,5.1269525826115794e-20,UP,ENSMUSG00000023118
ENSMUSG00000108506.2,Gm44705,799.8502379050549,-1.0179888599381646,0.10628946900873992,-9.577513834926185,9.940900297995207e-22,5.282967202115828e-20,DOWN,ENSMUSG00000108506
ENSMUSG00000032578.8,Cish,231.36772577308292,1.4291378767926735,0.14929013198366828,9.572889097244653,1.0395919491394883e-21,5.50757030749724e-20,UP,ENSMUSG00000032578
ENSMUSG00000039536.17,NA,2693.463261730363,0.5966007530770665,0.06232603221612948,9.572256276610386,1.045976332663182e-21,5.524184320891327e-20,UP,ENSMUSG00000039536
ENSMUSG00000039062.16,NA,18294.60942776446,0.9084853941887041,0.09500518366447058,9.562482373563933,1.1496547443023986e-21,6.052950025265198e-20,UP,ENSMUSG00000039062
ENSMUSG00000066043.14,NA,666.7235853936156,0.957019968507444,0.10019683384995677,9.551399298111223,1.279561644334405e-21,6.716118927021879e-20,UP,ENSMUSG00000066043
ENSMUSG00000064302.15,NA,1102.6973350573553,1.2100048305547568,0.12677036725170246,9.544855448373777,1.3629754594000521e-21,7.095676413598683e-20,UP,ENSMUSG00000064302
ENSMUSG00000024777.11,NA,1452.0035163325117,0.5968379591841516,0.06253051169404947,9.544747724188989,1.3643926774354753e-21,7.095676413598683e-20,UP,ENSMUSG00000024777
ENSMUSG00000014444.18,NA,5038.289065366093,1.1329658652306243,0.11873760803735164,9.541760895791532,1.404273268134291e-21,7.280814389601144e-20,UP,ENSMUSG00000014444
ENSMUSG00000036391.17,NA,693.5787883386531,1.1152927093969156,0.11697610394558995,9.534363615971351,1.5080765175367547e-21,7.795242935328283e-20,UP,ENSMUSG00000036391
ENSMUSG00000078763.3,Slfn1,1970.7414565909298,-0.9244066590074865,0.09699287642698733,-9.530665478338978,1.5627817501591198e-21,8.053535285819997e-20,DOWN,ENSMUSG00000078763
ENSMUSG00000001441.14,NA,5392.459999152833,0.6108206837275367,0.06409781477768245,9.529508702381099,1.5802932434056727e-21,8.119174289231682e-20,UP,ENSMUSG00000001441
ENSMUSG00000032515.9,Csrnp1,1248.9504326732392,0.8366519858368447,0.08784328123205178,9.524370835222987,1.6604465948381522e-21,8.505287587896873e-20,UP,ENSMUSG00000032515
ENSMUSG00000034485.11,NA,225.045531103858,0.9804988273695447,0.10299164711454248,9.520178139097824,1.7288244877715924e-21,8.802511748216676e-20,UP,ENSMUSG00000034485
ENSMUSG00000049354.9,Dcaf7,3243.175540397728,0.7280937952332944,0.07651972074648936,9.515113073209935,1.8151538319067238e-21,9.214479422509177e-20,UP,ENSMUSG00000049354
ENSMUSG00000020821.18,NA,7199.774948945917,0.6720160096318623,0.07066019505461457,9.51053148257585,1.896908774253167e-21,9.600842444925405e-20,UP,ENSMUSG00000020821
ENSMUSG00000027878.12,NA,3763.3063493324275,1.291099848471235,0.13576174436673388,9.510041687322317,1.905861456728049e-21,9.617531137423501e-20,UP,ENSMUSG00000027878
ENSMUSG00000001052.16,NA,2488.419720023875,0.9413572649022142,0.09903273439672752,9.505516238005852,1.990582020114548e-21,1.0015336637298225e-19,UP,ENSMUSG00000001052
ENSMUSG00000054199.19,NA,1186.7893711739641,1.1419761208561336,0.12015144644837959,9.504472518745402,2.0106440934673814e-21,1.0062419381080294e-19,UP,ENSMUSG00000054199
ENSMUSG00000038664.17,NA,1436.73975449935,1.3853556986314624,0.14576387875687832,9.504108359671994,2.0176908202683645e-21,1.0062419381080294e-19,UP,ENSMUSG00000038664
ENSMUSG00000071715.13,NA,8206.631574299887,-0.5106638702916907,0.053730355912315925,-9.50419668027246,2.015979515383479e-21,1.0062419381080294e-19,DOWN,ENSMUSG00000071715
ENSMUSG00000053641.10,NA,611.2499076306635,1.05728636387169,0.11125898678431126,9.502930005298044,2.040660640914488e-21,1.0147214871167189e-19,UP,ENSMUSG00000053641
ENSMUSG00000051212.9,Gpr183,636.0545110534481,-0.8330727756687131,0.08775387002854734,-9.4932881637893,2.238590986115473e-21,1.1088504121323796e-19,DOWN,ENSMUSG00000051212
ENSMUSG00000024986.13,NA,467.34037997096425,-0.9909598300129697,0.10438756469702809,-9.49308313580365,2.2429997752177973e-21,1.1088504121323796e-19,DOWN,ENSMUSG00000024986
ENSMUSG00000062202.15,NA,978.6207843662272,0.561630754956614,0.05919242819707935,9.488219558871311,2.3501386675062248e-21,1.1584480631771264e-19,UP,ENSMUSG00000062202
ENSMUSG00000038485.7,Socs7,834.3511581859727,0.8850356989920228,0.09330741868417097,9.485158966702437,2.4201391523134268e-21,1.1895053879838766e-19,UP,ENSMUSG00000038485
ENSMUSG00000021577.15,NA,5668.0873087549635,0.5139120563105403,0.05421881303695424,9.478482237526485,2.5800838296031636e-21,1.2644641385081097e-19,UP,ENSMUSG00000021577
ENSMUSG00000002052.7,Supt6,3555.050487191303,1.0575216830140808,0.11174172330289862,9.463982223967081,2.9643372020293653e-21,1.448606852233086e-19,UP,ENSMUSG00000002052
ENSMUSG00000041415.12,NA,862.15910943691,0.8779477808380471,0.09289967863604119,9.450493195758376,3.3723791891002273e-21,1.643285973920873e-19,UP,ENSMUSG00000041415
ENSMUSG00000095028.7,Sirpb1b,1727.3983793930627,-0.8918448787956784,0.09439953057846631,-9.447556289004673,3.468331368918756e-21,1.685212664566639e-19,DOWN,ENSMUSG00000095028
ENSMUSG00000123750.1,ENSMUSG00000123750,542.8733318251578,0.7016369589271905,0.07428779596025546,9.444848239979708,3.559197052175808e-21,1.7244360418604498e-19,UP,ENSMUSG00000123750
ENSMUSG00000017756.10,NA,2028.5423674535884,0.9582116328657673,0.10146437110613478,9.443823703036104,3.5941848453570625e-21,1.7364405534131307e-19,UP,ENSMUSG00000017756
ENSMUSG00000007670.11,NA,1991.177472187483,0.9025613485433238,0.09562360249245691,9.438687991435176,3.774761412997746e-21,1.8185153708056565e-19,UP,ENSMUSG00000007670
ENSMUSG00000035764.6,Fbxo45,440.4340354705433,0.8150168665156607,0.08638356840916975,9.434859910570045,3.915170703450636e-21,1.8808303102508902e-19,UP,ENSMUSG00000035764
ENSMUSG00000038002.10,NA,522.9679105576764,1.090195839227358,0.11557263043106979,9.432993219597751,3.985500143521781e-21,1.9092229701614484e-19,UP,ENSMUSG00000038002
ENSMUSG00000036698.12,NA,1907.7541921919787,1.3522849043112253,0.14337019083661845,9.432120417920485,4.018811134444268e-21,1.919772532369641e-19,UP,ENSMUSG00000036698
ENSMUSG00000047777.10,NA,812.5453068103419,0.5975830556554749,0.06336068473981434,9.43144882523607,4.0446302061623894e-21,1.9266941536694004e-19,UP,ENSMUSG00000047777
ENSMUSG00000061111.9,Mcrip1,1466.1768528724947,-0.9388739588295056,0.09956695115916318,-9.429574250281748,4.1175686963787856e-21,1.955960146665297e-19,DOWN,ENSMUSG00000061111
ENSMUSG00000026202.14,NA,3556.4682905423274,0.6896406640643549,0.0731614814240816,9.426280751025839,4.248880863751181e-21,2.0127149852075928e-19,UP,ENSMUSG00000026202
ENSMUSG00000051786.16,NA,485.47690020574925,1.0242220510569644,0.10869256975613484,9.423110092575165,4.379205660421155e-21,2.0686880961422824e-19,UP,ENSMUSG00000051786
ENSMUSG00000030613.14,NA,706.012092603892,-0.67335973457550935,0.07152837327917655,-9.413882962882072,4.781392327399661e-21,2.2524198869739236e-19,DOWN,ENSMUSG00000030613
ENSMUSG00000001630.14,NA,487.560372826421,0.7315341951171311,0.07784738502084908,9.397029777187914,5.612505015353269e-21,2.6366370246159582e-19,UP,ENSMUSG00000001630
ENSMUSG00000037523.14,NA,2135.9140055867415,0.8186864945320826,0.08715289636909125,9.393680860185727,5.793926435122235e-21,2.7069096965848553e-19,UP,ENSMUSG00000037523
ENSMUSG00000052397.9,Ezr,5827.417415307311,0.747581448094548,0.0795828495186191,9.393750696494536,5.790084614652633e-21,2.7069096965848553e-19,UP,ENSMUSG00000052397
ENSMUSG00000051853.11,NA,6913.622765978029,0.5892452433232235,0.06283161998269014,9.37816410726889,6.713140496374912e-21,3.1277717063384045e-19,UP,ENSMUSG00000051853
ENSMUSG00000005417.18,NA,1653.8755703808818,0.5297714646606236,0.05653382723857416,9.370875642736424,7.193324489949271e-21,3.342340881860036e-19,UP,ENSMUSG00000005417
ENSMUSG00000041115.19,NA,1323.9038946866533,1.0243301813917645,0.10932058642116294,9.369966032248328,7.255587434030196e-21,3.3620850109841286e-19,UP,ENSMUSG00000041115
ENSMUSG00000087107.10,NA,3112.6442237838455,-0.7449412684220148,0.07952780551579186,-9.36705424713488,7.458505334966648e-21,3.446721242566381e-19,DOWN,ENSMUSG00000087107
ENSMUSG00000054027.9,Nt5dc3,372.7513459785695,1.058685401087153,0.11305029740586788,9.364729022218405,7.624568603687011e-21,3.5139136497100624e-19,UP,ENSMUSG00000054027
ENSMUSG00000038762.16,NA,3290.3223588933743,0.5335838572972195,0.056980003607728896,9.364405467058324,7.647964262151368e-21,3.515169736274221e-19,UP,ENSMUSG00000038762
ENSMUSG00000041164.16,NA,3403.6303954796235,1.0115406277685093,0.10821150226392205,9.34781059874223,8.948072902798327e-21,4.1016422583554805e-19,UP,ENSMUSG00000041164
ENSMUSG00000021213.13,NA,2592.31249273053,-0.7231326335852442,0.07736338596617093,-9.347220581858348,8.998115214015093e-21,4.113493207783352e-19,DOWN,ENSMUSG00000021213
ENSMUSG00000007029.17,NA,1335.4095697620953,0.7552674933553652,0.08080387611564435,9.346921579287194,9.023580696900539e-21,4.114075424436745e-19,UP,ENSMUSG00000007029
ENSMUSG00000052248.19,NA,1041.129226890275,-0.7724144722993973,0.0826427824683456,-9.346423840403157,9.066130339290107e-21,4.1224227954536776e-19,DOWN,ENSMUSG00000052248
ENSMUSG00000020715.10,NA,1258.834907009364,1.1699637833768064,0.12520340785196316,9.34450430263158,9.23208986080957e-21,4.1755563875778604e-19,UP,ENSMUSG00000020715
ENSMUSG00000057738.15,NA,4584.698216572805,1.0115801188373166,0.1082661713605492,9.343455172793922,9.32406165854274e-21,4.2028930892609505e-19,UP,ENSMUSG00000057738
ENSMUSG00000121008.2,Gm56974,224.31961472525637,-1.3626526246073194,0.14584350233804808,-9.343252203645322,9.341959236390917e-21,4.2028930892609505e-19,DOWN,ENSMUSG00000121008
ENSMUSG00000037622.15,NA,1297.6483901921792,1.0145467122803153,0.10864557891954925,9.338131586850626,9.804901426054477e-21,4.399529120091884e-19,UP,ENSMUSG00000037622
ENSMUSG00000049680.19,NA,1614.5126708525572,0.5683703585918419,0.060975239889136126,9.32133042240163,1.1489049775696995e-20,5.12815696812344e-19,UP,ENSMUSG00000049680
ENSMUSG00000039952.16,NA,2351.700208464842,1.153084303921139,0.12378987023506306,9.31485186737462,1.2212283105567321e-20,5.436703834902562e-19,UP,ENSMUSG00000039952
ENSMUSG00000049764.9,Zfp280b,288.5944514345296,0.7311630240988855,0.07852101643822142,9.311685676842304,1.2581939141929052e-20,5.58664378714479e-19,UP,ENSMUSG00000049764
ENSMUSG00000051674.16,NA,172.05006324761547,1.073585271600143,0.11538505045634347,9.304370603940063,1.3478825894714232e-20,5.969294613685162e-19,UP,ENSMUSG00000051674
ENSMUSG00000066036.15,NA,4975.792419229929,1.3961934792112558,0.15011393354474015,9.300891970798517,1.3927233985953834e-20,6.151858212081322e-19,UP,ENSMUSG00000066036
ENSMUSG00000051586.18,NA,127.59953641265417,1.4621385841984929,0.1572751217730984,9.296693384907547,1.4488128871885445e-20,6.383034186406317e-19,UP,ENSMUSG00000051586
ENSMUSG00000039512.13,NA,793.8455021468133,1.2415788606180218,0.13357061346268645,9.295299530572736,1.4679229522542332e-20,6.450516208277904e-19,UP,ENSMUSG00000039512
ENSMUSG00000021959.17,NA,507.14798406770666,0.8861812005185483,0.09534544663846922,9.294426024126452,1.4800257473748993e-20,6.486937592746788e-19,UP,ENSMUSG00000021959
ENSMUSG00000026842.17,NA,2029.515775910214,0.9602922314485923,0.10339684722341329,9.28744209553754,1.5804062148486787e-20,6.909097195299905e-19,UP,ENSMUSG00000026842
ENSMUSG00000037570.17,NA,1096.8418022420626,-0.6164921980718563,0.06644394989354248,-9.278379732987121,1.7207527023300552e-20,7.503364219442287e-19,DOWN,ENSMUSG00000037570
ENSMUSG00000034906.16,NA,517.4141251886055,1.0339711091817294,0.1114641739885674,9.276264042362,1.7552526209485363e-20,7.6342266168416395e-19,UP,ENSMUSG00000034906
ENSMUSG00000032615.15,NA,542.5998301336555,-0.6014757218487274,0.06488483272921038,-9.26989708610207,1.8632561620275245e-20,8.083299564142878e-19,DOWN,ENSMUSG00000032615
ENSMUSG00000053560.6,Ier2,835.570668781825,-0.803424044716299,0.08669714487306783,-9.267018491699833,1.9142185081777456e-20,8.283256984750825e-19,DOWN,ENSMUSG00000053560
ENSMUSG00000106734.6,Gm20559,1540.2897514618367,-0.6933171056812328,0.07486879578715464,-9.260428171601317,2.036140439298559e-20,8.788478251449567e-19,DOWN,ENSMUSG00000106734
ENSMUSG00000058046.2,4933430I17Rik,55.119933632610355,-1.4728485372106939,0.15907509150424037,-9.258825648209248,2.0669293267048643e-20,8.898784843023525e-19,DOWN,ENSMUSG00000058046
ENSMUSG00000021012.17,NA,1888.9910042685312,0.5122027693214776,0.05537479417869206,9.249745789909781,2.2502721495017622e-20,9.663668730915902e-19,UP,ENSMUSG00000021012
ENSMUSG00000053774.10,NA,1054.1619373910148,0.7815303832385698,0.08452225550640302,9.246444957675847,2.3208339894632988e-20,9.941587613302988e-19,UP,ENSMUSG00000053774
ENSMUSG00000051506.18,NA,2777.5734859473764,1.0545036770612959,0.11408462075845187,9.243171165848608,2.3929776250981586e-20,1.0224868716688263e-18,UP,ENSMUSG00000051506
ENSMUSG00000028126.17,NA,1805.133008910023,0.5619917470370627,0.060828995696548885,9.238879264760689,2.4909251177694235e-20,1.0616709912979153e-18,UP,ENSMUSG00000028126
ENSMUSG00000117401.3,4833419F23Rik,71.25084920990896,-1.328936058976088,0.14394031563865328,-9.232549290167178,2.6426605392859847e-20,1.1235271282774363e-18,DOWN,ENSMUSG00000117401
ENSMUSG00000000085.17,NA,467.87652776292765,0.9483103542276048,0.1028035053547139,9.224494349249555,2.84901930279338e-20,1.2082399566908784e-18,UP,ENSMUSG00000000085
ENSMUSG00000032737.14,NA,6474.127323418026,0.8647864787857077,0.09375851829474016,9.223551038500382,2.8742045092824294e-20,1.2158886041009203e-18,UP,ENSMUSG00000032737
ENSMUSG00000016503.19,NA,971.0011928419038,-0.8065121491132141,0.08770175314328824,-9.196077845736156,3.7125369995458565e-20,1.5627575300563572e-18,DOWN,ENSMUSG00000016503
ENSMUSG00000030779.17,NA,1240.158831187604,1.0239025156532477,0.11145287723763417,9.186864808076106,4.044576115785728e-20,1.6983225043222739e-18,UP,ENSMUSG00000030779
ENSMUSG00000015947.11,NA,50644.50521267175,-0.6175487623567306,0.06722766175670027,-9.185932489987017,4.079769996801487e-20,1.7088809991528593e-18,DOWN,ENSMUSG00000015947
ENSMUSG00000028433.15,NA,1032.1987143793292,1.0752983447345312,0.11711484343008213,9.181571807987662,4.248441530952604e-20,1.7751596234737096e-18,UP,ENSMUSG00000028433
ENSMUSG00000044991.11,NA,199.38184569454168,-1.2015503624146513,0.13092520369249291,-9.177380126417528,4.417067646320292e-20,1.8410944214049727e-18,DOWN,ENSMUSG00000044991
ENSMUSG00000108371.3,Gm38832,77.10623057786069,-2.0632522519040903,0.2249230830190236,-9.17314587818265,4.59412130944995e-20,1.9102109288143237e-18,DOWN,ENSMUSG00000108371
ENSMUSG00000045917.18,NA,1399.5338752948787,-0.6029783676575399,0.06576716689633437,-9.168379848382184,4.8018134819426426e-20,1.991698538388209e-18,DOWN,ENSMUSG00000045917
ENSMUSG00000054008.10,NA,1268.2016002638904,1.223287093466576,0.13345741163103733,9.166123323660235,4.90335859874555e-20,2.023944571122981e-18,UP,ENSMUSG00000054008
ENSMUSG00000041607.18,NA,1389.4229322536319,0.8678387768643746,0.09467869606514376,9.166146270827994,4.902315353598058e-20,2.023944571122981e-18,UP,ENSMUSG00000041607
ENSMUSG00000049807.17,NA,533.0510104471718,1.0614669359911058,0.1158066692908862,9.165853249132702,4.915653477277888e-20,2.0241066110069676e-18,UP,ENSMUSG00000049807
ENSMUSG00000020668.11,NA,1445.5271732845092,0.7750992602345637,0.0845829214344048,9.163779721603298,5.0110694551541377e-20,2.0584117670133156e-18,UP,ENSMUSG00000020668
ENSMUSG00000068114.8,Ccdc134,382.34044933267893,-0.8599722989419424,0.09386411507264233,-9.161885756621704,5.0998212373506224e-20,2.089820721985173e-18,DOWN,ENSMUSG00000068114
ENSMUSG00000049504.13,NA,521.2897628935901,0.9592640125025407,0.10474164147161094,9.15838246398438,5.2681009791852985e-20,2.1535895493275286e-18,UP,ENSMUSG00000049504
ENSMUSG00000026113.18,NA,680.9446603131605,0.9903260914531715,0.10814085032789249,9.157742781293253,5.299415233377203e-20,2.1611955745518637e-18,UP,ENSMUSG00000026113
ENSMUSG00000140105.1,ENSMUSG00000140105,1257.740381885824,0.7933124865404542,0.08670770494894231,9.149273262481055,5.73178323239052e-20,2.331930757177827e-18,UP,ENSMUSG00000140105
ENSMUSG00000057137.10,NA,3237.942798367754,-0.6411139974730952,0.07008438571481146,-9.147743694036597,5.813503374860587e-20,2.3595331358682375e-18,DOWN,ENSMUSG00000057137
ENSMUSG00000030451.17,NA,1263.3635128434798,1.2414773702258002,0.13572813096828162,9.14679485652036,5.864774529199243e-20,2.374675134370531e-18,UP,ENSMUSG00000030451
ENSMUSG00000028917.15,NA,2365.233927690625,0.8775530974498348,0.09599747194113595,9.141418828070137,6.163825765145124e-20,2.4898342271272676e-18,UP,ENSMUSG00000028917
ENSMUSG00000096199.3,Ptrhd1,359.79982629245643,-0.8692079472573234,0.09509431126721933,-9.140483123273375,6.217394516922876e-20,2.5055215913457446e-18,DOWN,ENSMUSG00000096199
ENSMUSG00000027678.19,NA,3798.6412337467077,1.020483577595467,0.11165539841338745,9.139581176516685,6.269466115422277e-20,2.520532878460313e-18,UP,ENSMUSG00000027678
ENSMUSG00000040524.10,NA,460.66745747371107,1.5561976011710061,0.17032040858185302,9.13688273841314,6.427841332760739e-20,2.5781101345502156e-18,UP,ENSMUSG00000040524
ENSMUSG00000022372.15,NA,1835.3093846041659,-0.98001742531763,0.10740000492228927,-9.124929054023182,7.178325979636788e-20,2.872343802581252e-18,DOWN,ENSMUSG00000022372
ENSMUSG00000029772.18,NA,1445.91620488797,0.8149314363011164,0.08938360167579244,9.117236506725176,7.706428056761531e-20,3.0764205524245685e-18,UP,ENSMUSG00000029772
ENSMUSG00000047248.21,NA,428.6547806800979,1.0254816213170643,0.11264810671338936,9.103407515993124,8.75412264299843e-20,3.486477978145932e-18,UP,ENSMUSG00000047248
ENSMUSG00000057069.8,Ero1b,1354.3968628419268,0.5893318063709,0.06475408408259685,9.101075472230907,8.944170131488836e-20,3.553844795703251e-18,UP,ENSMUSG00000057069
ENSMUSG00000031732.13,NA,180.73274086090925,1.139781003695488,0.1252904858647521,9.097107380730032,9.276961916514118e-20,3.677482852033545e-18,UP,ENSMUSG00000031732
ENSMUSG00000018395.20,NA,1145.2763040042,0.8415522725898419,0.09254054075853445,9.093876755979846,9.556918240458427e-20,3.779650037145024e-18,UP,ENSMUSG00000018395
ENSMUSG00000095440.3,Fignl2,101.1673967313105,1.2215502559529494,0.1343904074042616,9.089564348729054,9.943668343434309e-20,3.923480831750437e-18,UP,ENSMUSG00000095440
ENSMUSG00000020850.15,NA,6342.505645653186,0.9877183954675943,0.10870936955364313,9.08586260340881,1.0287961465664134e-19,4.049932238080654e-18,UP,ENSMUSG00000020850
ENSMUSG00000026596.14,NA,965.2822366076714,1.0387658584161583,0.11438503290875562,9.081309258745213,1.0727654261576564e-19,4.2132676298469066e-18,UP,ENSMUSG00000026596
ENSMUSG00000032238.18,NA,169.43595048261412,1.4108956876924479,0.15550778245821453,9.072830088562032,1.159650381269492e-19,4.544012530845388e-18,UP,ENSMUSG00000032238
ENSMUSG00000030956.16,NA,1018.9637932411614,1.0307679340542928,0.11363223946233608,9.0710870342034,1.1783547775128665e-19,4.6066899646859334e-18,UP,ENSMUSG00000030956
ENSMUSG00000059981.13,NA,1145.480641884095,1.067655012891923,0.11777939463363203,9.06487094973617,1.2475183897287762e-19,4.865893976084304e-18,UP,ENSMUSG00000059981
ENSMUSG00000035877.18,NA,184.0421056077949,1.016846097285673,0.11219957481904523,9.062833784581056,1.271046333041052e-19,4.9463189793354985e-18,UP,ENSMUSG00000035877
ENSMUSG00000048911.16,NA,397.4099962092777,1.1014821721795096,0.12159012613560233,9.058977132329735,1.3167953967376513e-19,5.101007407043394e-18,UP,ENSMUSG00000048911
ENSMUSG00000020282.19,NA,59.488114681576256,1.5114975719174626,0.16691922159680156,9.055263722524005,1.3623816994492973e-19,5.265605268371534e-18,UP,ENSMUSG00000020282
ENSMUSG00000018750.15,NA,1059.661434202682,1.037823799721787,0.11466273328856047,9.051099428355657,1.4153599989672146e-19,5.45796193706042e-18,UP,ENSMUSG00000018750
ENSMUSG00000090215.11,NA,551.0075941078715,-0.967699736135414,0.10696397977845257,-9.046968317182538,1.4699266186400816e-19,5.642792793813369e-18,DOWN,ENSMUSG00000090215
ENSMUSG00000035172.16,NA,216.99141996449146,1.2650494124910943,0.13983038056008104,9.047028316908136,1.4691194148689366e-19,5.642792793813369e-18,UP,ENSMUSG00000035172
ENSMUSG00000079442.13,NA,1219.8181383799063,0.7515912333320519,0.08308198008610451,9.046380846401563,1.4778533226496257e-19,5.660444505626021e-18,UP,ENSMUSG00000079442
ENSMUSG00000037411.12,NA,16117.5326821036,1.1618426324659066,0.12845230167995217,9.044934324031953,1.4975516592625482e-19,5.716589816760443e-18,UP,ENSMUSG00000037411
ENSMUSG00000021279.6,Cdc42bpb,1903.2220566811536,1.1002162254088095,0.12164059089075134,9.04481158264796,1.4992350101582723e-19,5.716589816760443e-18,UP,ENSMUSG00000021279
ENSMUSG00000033713.13,NA,405.21280001827967,1.2086910884117363,0.13369002709517333,9.040996659767856,1.5524977686623438e-19,5.906437819658124e-18,UP,ENSMUSG00000033713
ENSMUSG00000033450.9,Tagap,986.5994627047284,0.7166697920364467,0.07937941791976465,9.028408255158084,1.7418690587691953e-19,6.612103842283245e-18,UP,ENSMUSG00000033450
ENSMUSG00000038256.16,NA,548.8596512508021,1.1248902994295733,0.12460169034510989,9.027889560036941,1.7501433309570606e-19,6.613986108056839e-18,UP,ENSMUSG00000038256
ENSMUSG00000066621.13,NA,3155.1166466616264,0.8764155477735612,0.09707855128518635,9.027900974736708,1.7499608253468886e-19,6.613986108056839e-18,UP,ENSMUSG00000066621
ENSMUSG00000026437.13,NA,4416.783578761709,0.9002117876655547,0.09975936919707115,9.023831996042574,1.8162243805439255e-19,6.8484948593192904e-18,UP,ENSMUSG00000026437
ENSMUSG00000020888.17,NA,480.7275560474772,0.6465200202625676,0.07165758794130403,9.022352535674845,1.8409270949847676e-19,6.926284552502424e-18,UP,ENSMUSG00000020888
ENSMUSG00000097431.5,Gm26782,373.99209611618386,-0.7589873135835368,0.08413149601147012,-9.021440834477254,1.8563149001550838e-19,6.968761852546877e-18,DOWN,ENSMUSG00000097431
ENSMUSG00000029071.17,NA,690.3100715232783,0.5650921759517918,0.06264977705245085,9.019859328129652,1.8833097910766226e-19,7.054530023579085e-18,UP,ENSMUSG00000029071
ENSMUSG00000003435.10,NA,3619.9470832567677,0.6400476131155542,0.07096452679998509,9.01926134052216,1.893617654577861e-19,7.07755205137387e-18,UP,ENSMUSG00000003435
ENSMUSG00000031833.11,NA,1756.5278972876856,0.9916610938531562,0.10997869938790086,9.016846892828887,1.935806905111433e-19,7.219371102702857e-18,UP,ENSMUSG00000031833
ENSMUSG00000021120.12,NA,357.33184294431396,-0.9691090185760611,0.10752157039278232,-9.013159080878856,2.0020455987577294e-19,7.450062899884889e-18,DOWN,ENSMUSG00000021120
ENSMUSG00000029722.16,NA,1619.7190498384991,0.5873792731037775,0.06517192001062766,9.012766127006737,2.0092343353049082e-19,7.460488887815561e-18,UP,ENSMUSG00000029722
ENSMUSG00000021840.18,NA,3412.4356370522496,0.6404045408469169,0.0710986004046471,9.007273521590436,2.1124272610809636e-19,7.826566013495178e-18,UP,ENSMUSG00000021840
ENSMUSG00000032479.16,NA,5349.378644955486,0.8796948718881941,0.09783971477884593,8.991183936672659,2.4458133764166694e-19,9.04206571290041e-18,UP,ENSMUSG00000032479
ENSMUSG00000025231.18,NA,519.4810975068673,0.8774435840059612,0.0976056285808224,8.989682221854588,2.4794628397018344e-19,9.146582440774273e-18,UP,ENSMUSG00000025231
ENSMUSG00000052609.10,NA,710.36909648866,0.9263009587222151,0.10310643941569078,8.983929267382404,2.612657304853529e-19,9.617067126913228e-18,UP,ENSMUSG00000052609
ENSMUSG00000048285.10,NA,379.36484329085977,1.1913972802482964,0.1327000988352903,8.978119012006763,2.754350580020248e-19,1.0116735629335711e-17,UP,ENSMUSG00000048285
ENSMUSG00000039156.20,NA,1061.019496852549,0.69891688119154,0.07786772607769675,8.975693992838032,2.8157106420026736e-19,1.0303367798759986e-17,UP,ENSMUSG00000039156
ENSMUSG00000025264.13,NA,276.2179858473422,-0.9742722626431023,0.1085463609096782,-8.975632664956843,2.817279799143475e-19,1.0303367798759986e-17,DOWN,ENSMUSG00000025264
ENSMUSG00000022983.17,NA,835.743115097909,0.8667451867675757,0.09663436118109765,8.969327019643165,2.9833158903696744e-19,1.0887182410220317e-17,UP,ENSMUSG00000022983
ENSMUSG00000032187.17,NA,3589.6017744184246,0.8423935952971318,0.09405102219358359,8.956772352386002,3.343209712017802e-19,1.21744377650053e-17,UP,ENSMUSG00000032187
ENSMUSG00000030691.16,NA,1139.337378466122,0.7516401504945063,0.0839560674176182,8.952779395390957,3.4664214844584965e-19,1.259614610356863e-17,UP,ENSMUSG00000030691
ENSMUSG00000031672.9,Got2,4306.744771050882,0.5050137821462541,0.056421317514412685,8.950761953002067,3.5303694873070316e-19,1.2801164925616926e-17,UP,ENSMUSG00000031672
ENSMUSG00000038418.9,Egr1,111.97137192599618,-1.5072683564454565,0.1684489254820964,-8.947925029095284,3.622269191417626e-19,1.3106448908350669e-17,DOWN,ENSMUSG00000038418
ENSMUSG00000022106.15,NA,3392.620447621937,-0.6776598060307336,0.07574576510429773,-8.94650420518736,3.669179820435638e-19,1.3247998307076105e-17,DOWN,ENSMUSG00000022106
ENSMUSG00000019832.6,Rab32,8696.808391769098,-0.5088760440505454,0.056889712418630646,-8.944957223652533,3.720938385256358e-19,1.3406414868574074e-17,DOWN,ENSMUSG00000019832
ENSMUSG00000035623.15,NA,711.3052211432646,0.7384629869429874,0.08261079072695501,8.93906208189864,3.924873119427903e-19,1.411128800612916e-17,UP,ENSMUSG00000035623
ENSMUSG00000025956.11,NA,484.7800659365456,-0.8722266299883641,0.09758737073970289,-8.93790480650283,3.9661852064644957e-19,1.4229735363108694e-17,DOWN,ENSMUSG00000025956
ENSMUSG00000026637.15,NA,450.2374608081058,-0.7043829105905102,0.07881921759037694,-8.936689961212055,4.0100146025954634e-19,1.4356696490892308e-17,DOWN,ENSMUSG00000026637
ENSMUSG00000000982.6,Ccl3,37914.98254830196,0.8642346870688027,0.09673012404168456,8.934493733269402,4.090468293218105e-19,1.4613971385392248e-17,UP,ENSMUSG00000000982
ENSMUSG00000037638.6,Zbtb42,285.34235973879925,0.91112393516764,0.10205404247617712,8.927857369102524,4.34339148042886e-19,1.5485055663767965e-17,UP,ENSMUSG00000037638
ENSMUSG00000004040.17,NA,6755.552525692813,0.6189682346529621,0.06935519794401952,8.924612040651462,4.472640832479082e-19,1.5912495815301104e-17,UP,ENSMUSG00000004040
ENSMUSG00000030738.12,NA,11093.193552753915,0.5468578957916574,0.06134693023376624,8.914185171251795,4.914164474300305e-19,1.744682276616931e-17,UP,ENSMUSG00000030738
ENSMUSG00000044881.8,Coa4,733.980229207325,-0.7777817142710884,0.08725657873367829,-8.913731498057112,4.934322879148167e-19,1.7481894767248695e-17,DOWN,ENSMUSG00000044881
ENSMUSG00000125801.1,ENSMUSG00000125801,113.6524408606474,-1.073647162162803,0.12047181338536884,-8.912019600206301,5.011127309434054e-19,1.7717095847034412e-17,DOWN,ENSMUSG00000125801
ENSMUSG00000110697.4,Gm31718,85.25662717062765,-1.5754070907330393,0.17691681714739851,-8.90478992407198,5.348724216250626e-19,1.887145311650584e-17,DOWN,ENSMUSG00000110697
ENSMUSG00000018974.8,Sart3,971.1996597974851,0.7869529260986468,0.08838318838709432,8.903875730891343,5.392982529181363e-19,1.898821136464974e-17,UP,ENSMUSG00000018974
ENSMUSG00000041638.19,NA,945.1539513573979,1.0679530317872572,0.12003219181782279,8.897221783703893,5.726200172178352e-19,2.0119785150426662e-17,UP,ENSMUSG00000041638
ENSMUSG00000038271.18,NA,353.39998484960626,0.8113319148878702,0.09120715399718067,8.895485489142107,5.816445741121884e-19,2.0394737375983252e-17,UP,ENSMUSG00000038271
ENSMUSG00000120732.2,Gm56936,388.3588784018016,1.2881532718409279,0.14481964278545972,8.894879500215573,5.848272176214344e-19,2.046413922401258e-17,UP,ENSMUSG00000120732
ENSMUSG00000041870.18,NA,5147.881937664493,0.6625366321408825,0.07454085323705233,8.888235153867983,6.2087172083536015e-19,2.163636164861913e-17,UP,ENSMUSG00000041870
ENSMUSG00000021264.13,NA,2702.0225951712296,0.5251752999464181,0.059085432489116914,8.888405785015644,6.199191883348748e-19,2.163636164861913e-17,UP,ENSMUSG00000021264
ENSMUSG00000030365.12,NA,267.7726544787656,1.335059841231939,0.15026585463521386,8.884652101922535,6.412110577224131e-19,2.2299458584105028e-17,UP,ENSMUSG00000030365
ENSMUSG00000037012.19,NA,10069.134722046098,0.6704293861475559,0.07549073944596124,8.8809487238825,6.629250886694145e-19,2.298222447515595e-17,UP,ENSMUSG00000037012
ENSMUSG00000037104.10,NA,775.0608859181025,0.6381340084919837,0.07185510430437748,8.880844508816724,6.635465257733489e-19,2.298222447515595e-17,UP,ENSMUSG00000037104
ENSMUSG00000009995.18,NA,790.9526063650991,-0.7427042736648352,0.08364933590228682,-8.878782666396889,6.759603337245474e-19,2.3364596413251326e-17,DOWN,ENSMUSG00000009995
ENSMUSG00000026135.18,NA,297.57770922384094,0.9599936869894522,0.10818249306666984,8.873835865455929,7.066869001344685e-19,2.4377114449668905e-17,UP,ENSMUSG00000026135
ENSMUSG00000038014.8,Fam120a,6185.680771082093,0.9110419316368447,0.10267075816871155,8.873431421825037,7.092592270994846e-19,2.4416320680270924e-17,UP,ENSMUSG00000038014
ENSMUSG00000027397.15,NA,2644.245329139745,0.6196086020877002,0.06985590906155742,8.869809446495037,7.3271174307342695e-19,2.5172718995367066e-17,UP,ENSMUSG00000027397
ENSMUSG00000022462.8,Slc38a2,2089.106776911419,0.709330254419252,0.08000765207964453,8.865780159542004,7.597023774591729e-19,2.599496706452856e-17,UP,ENSMUSG00000022462
ENSMUSG00000004565.16,NA,573.2649473393776,0.7333216654548215,0.08273080190315489,8.86394968482539,7.722861922760847e-19,2.6372487923387743e-17,UP,ENSMUSG00000004565
ENSMUSG00000024913.17,NA,704.6124792602375,1.231557223627128,0.13896780907393191,8.862176297043945,7.84673834874978e-19,2.6741810091951656e-17,UP,ENSMUSG00000024913
ENSMUSG00000039738.17,NA,492.37629736038195,0.923187681056392,0.10417868476582196,8.861579344484714,7.888877180138516e-19,2.683164906508712e-17,UP,ENSMUSG00000039738
ENSMUSG00000026924.18,NA,2254.699028888587,1.1949412388226774,0.13490893559743244,8.857391347214953,8.190858266783224e-19,2.780314085527256e-17,UP,ENSMUSG00000026924
ENSMUSG00000031701.7,Dnaja2,6511.239637188134,0.5511105754859542,0.06224117697005706,8.85443692286028,8.410731203307833e-19,2.849260853455239e-17,UP,ENSMUSG00000031701
ENSMUSG00000039275.10,NA,1682.171379738988,0.5426694637023242,0.06129624071400561,8.853225864768723,8.502535527582963e-19,2.874634576184411e-17,UP,ENSMUSG00000039275
ENSMUSG00000028890.14,NA,992.0935151281752,0.7158321267721235,0.08087089735397736,8.851541780708555,8.631844763788501e-19,2.912562540733874e-17,UP,ENSMUSG00000028890
ENSMUSG00000049550.18,NA,2006.882606248796,0.8419733358443253,0.09513522091595925,8.850279925119526,8.730005118055646e-19,2.939850832428799e-17,UP,ENSMUSG00000049550
ENSMUSG00000068580.12,NA,614.0050467141829,-0.6506363840755555,0.07353337609651898,-8.848177774695648,8.89598637333018e-19,2.989824985471404e-17,DOWN,ENSMUSG00000068580
ENSMUSG00000002108.11,NA,737.0754378551259,-0.7737145955489988,0.0874789035539645,-8.844584969811667,9.186912238932217e-19,3.075445463292938e-17,DOWN,ENSMUSG00000002108
ENSMUSG00000030530.16,NA,6944.240528179777,0.9076653684257602,0.10270937326895924,8.837220397099573,9.812943736852834e-19,3.278564266972874e-17,UP,ENSMUSG00000030530
ENSMUSG00000055652.15,NA,837.2096995518577,0.5781017052005214,0.06542130522334308,8.83659693469778,9.867836551574155e-19,3.290439772471962e-17,UP,ENSMUSG00000055652
ENSMUSG00000036529.18,NA,1996.4270823501884,0.9056080218645061,0.10251124238975463,8.834231258473324,1.0078895224681841e-18,3.3542405516817887e-17,UP,ENSMUSG00000036529
ENSMUSG00000030203.18,NA,2906.215622983474,0.7178609326738413,0.08128966685951444,8.830900167354054,1.03836637021381e-18,3.448917674190635e-17,UP,ENSMUSG00000030203
ENSMUSG00000038990.15,NA,498.5682712976135,0.8631370401937819,0.09781520245615702,8.824160442551447,1.1028401974035496e-18,3.655926003322566e-17,UP,ENSMUSG00000038990
ENSMUSG00000029528.20,NA,3864.4890671497205,0.8483502751708574,0.09618923080539585,8.819597246672942,1.1487214699993794e-18,3.800614264359814e-17,UP,ENSMUSG00000029528
ENSMUSG00000017119.21,NA,3437.664066324314,0.7738023989711493,0.08782617243358544,8.81061279946251,1.2446357625541917e-18,4.109956461746909e-17,UP,ENSMUSG00000017119
ENSMUSG00000021458.19,NA,2894.0122747310656,-0.5007129469546993,0.056844965606391566,-8.808395635626875,1.2694968184902018e-18,4.183926917683018e-17,DOWN,ENSMUSG00000021458
ENSMUSG00000020315.19,NA,2153.1760958109357,1.1689132841661405,0.13274950617116618,8.805405894760563,1.3037988646941473e-18,4.2886660528024506e-17,UP,ENSMUSG00000020315
ENSMUSG00000030172.16,NA,552.5939663373214,1.1703027666832881,0.13309798583477506,8.792790960308569,1.4588975863269465e-18,4.7803492009780455e-17,UP,ENSMUSG00000030172
ENSMUSG00000031834.16,NA,777.4427714625749,0.8412931296363849,0.09567954033144742,8.79282160765015,1.4584995413229041e-18,4.7803492009780455e-17,UP,ENSMUSG00000031834
ENSMUSG00000031824.16,NA,1182.9047186513717,0.7779687574919355,0.08848215706333819,8.792380105912677,1.4642440977848152e-18,4.7886413705631854e-17,UP,ENSMUSG00000031824
ENSMUSG00000002835.10,NA,443.22428654158796,1.0241225041797022,0.11649856350891344,8.790859503613925,1.4842007948858088e-18,4.844590924727076e-17,UP,ENSMUSG00000002835
ENSMUSG00000018474.19,NA,1178.9686953923128,1.2514817140409014,0.14247859973883412,8.783646921958036,1.5825793611471305e-18,5.155813144764004e-17,UP,ENSMUSG00000018474
ENSMUSG00000029028.15,NA,1295.4084649565596,0.6653083314336461,0.07576941089678886,8.780698220551193,1.6246291866774304e-18,5.282685267425694e-17,UP,ENSMUSG00000029028
ENSMUSG00000064363.1,mt-Nd4,6335.4085494918145,1.2317585905938122,0.1403399210923059,8.776965107338535,1.6794507893921822e-18,5.4505229245044755e-17,UP,ENSMUSG00000064363
ENSMUSG00000054855.14,NA,829.2840141614471,0.6928736360119979,0.07897770468515587,8.773028271385378,1.7392434723074916e-18,5.63382371239261e-17,UP,ENSMUSG00000054855
ENSMUSG00000017417.15,NA,1053.811034243365,0.8672311164166188,0.09887789910946987,8.770727576407022,1.775154598057784e-18,5.73921655790317e-17,UP,ENSMUSG00000017417
ENSMUSG00000027936.19,NA,1211.5802106661965,0.6909714808857533,0.07879276789755627,8.76947846005526,1.7949574935535065e-18,5.792229057945147e-17,UP,ENSMUSG00000027936
ENSMUSG00000035168.17,NA,772.9806022497505,1.0362500093455698,0.11818387684418526,8.768116574071874,1.8167968073357802e-18,5.85159971696066e-17,UP,ENSMUSG00000035168
ENSMUSG00000121137.2,Gm56555,1471.3861752439097,0.5604950381236093,0.06393558964172912,8.7665577382552,1.8421166116557547e-18,5.921934801099767e-17,UP,ENSMUSG00000121137
ENSMUSG00000134402.1,Gm12250,1673.3314900282455,-1.0248142134779288,0.11692470174752675,-8.764736605364966,1.8721384302933433e-18,6.00709172557898e-17,DOWN,ENSMUSG00000134402
ENSMUSG00000031155.18,NA,156.5411132412383,0.9321042885829132,0.10635283620947515,8.76426357588638,1.880015157897613e-18,6.021005230735745e-17,UP,ENSMUSG00000031155
ENSMUSG00000042308.15,NA,290.39449877489074,1.1190434270390046,0.12776492663773997,8.758612058001642,1.976691526755111e-18,6.318724831578462e-17,UP,ENSMUSG00000042308
ENSMUSG00000027637.4,Rab5if,8186.972388622808,-0.5600613078795679,0.06397195242318202,-8.754794666492218,2.0447540487481914e-18,6.524031398313647e-17,DOWN,ENSMUSG00000027637
ENSMUSG00000024163.19,NA,951.1813774161222,0.9684478645638176,0.1106784563191515,8.750102746023211,2.131585810372619e-18,6.788342376628606e-17,UP,ENSMUSG00000024163
ENSMUSG00000021550.7,Qng1,1319.3555668827692,-0.6357484329202453,0.07269116525525857,-8.74588308892537,2.2127813390626837e-18,7.033749430299065e-17,DOWN,ENSMUSG00000021550
ENSMUSG00000121096.2,Gm57390,149.59006196738133,1.239609100604148,0.1417933631570148,8.742363344830657,2.282839246082174e-18,7.242903772177883e-17,UP,ENSMUSG00000121096
ENSMUSG00000106864.4,Gtf3c2,490.5697025458853,0.7180156535963111,0.08222256108785302,8.732586824060698,2.4891304132945814e-18,7.882709833982802e-17,UP,ENSMUSG00000106864
ENSMUSG00000032741.10,NA,1783.7181219921943,0.9265533943874441,0.10629608012625033,8.716722133939042,2.863718119607268e-18,9.052117163948179e-17,UP,ENSMUSG00000032741
ENSMUSG00000020917.18,NA,5381.687977172373,0.731208685594224,0.083984781626762,8.706442660573904,3.1356047364368857e-18,9.874832249601052e-17,UP,ENSMUSG00000020917
ENSMUSG00000062960.11,NA,216.8437854160724,1.0872663775732838,0.12490803024246357,8.704535452706692,3.188781531648866e-18,1.0023737287841148e-16,UP,ENSMUSG00000062960
ENSMUSG00000003154.17,NA,959.6935600920274,0.9675142811182184,0.11119924445554207,8.700727112449353,3.2976437826152707e-18,1.0346813683976991e-16,UP,ENSMUSG00000003154
ENSMUSG00000016520.8,Lnx2,255.54503246721734,0.8289002380309045,0.09530467396892191,8.697372369178895,3.39657426318528e-18,1.0618040794067807e-16,UP,ENSMUSG00000016520
ENSMUSG00000030539.14,NA,104.62717802799082,1.2746204722111947,0.14655211449175795,8.697387114690038,3.396133074853099e-18,1.0618040794067807e-16,UP,ENSMUSG00000030539
ENSMUSG00000037613.17,NA,853.6179400008429,1.2085599236859021,0.1390291074926888,8.69285537022855,3.5344218960584e-18,1.1028693351260394e-16,UP,ENSMUSG00000037613
ENSMUSG00000031004.9,Mki67,2246.8299070240646,1.4047377424585596,0.16160603408496171,8.69235948033996,3.549887644247062e-18,1.1056664702942406e-16,UP,ENSMUSG00000031004
ENSMUSG00000072620.4,Slfn2,43004.450535514305,-0.6928375811112103,0.07972726792180145,-8.690095611839643,3.621345881533441e-18,1.1258612077030656e-16,DOWN,ENSMUSG00000072620
ENSMUSG00000005198.16,NA,3507.0593050938164,1.1689891610852206,0.13471536447598498,8.677474656527469,4.04653350607614e-18,1.2557545402250154e-16,UP,ENSMUSG00000005198
ENSMUSG00000044864.17,NA,1559.1246848297278,0.8350204590411018,0.09625188571293619,8.675367270533128,4.122179313077686e-18,1.2768994790200206e-16,UP,ENSMUSG00000044864
ENSMUSG00000038481.14,NA,1196.0317835788853,0.6725150315616625,0.07753039136341994,8.674211747613668,4.164248304541518e-18,1.2875855757642374e-16,UP,ENSMUSG00000038481
ENSMUSG00000035901.15,NA,3938.675880894018,0.8074978899833283,0.09313516752287722,8.670171659754399,4.314694084751858e-18,1.33168217069492e-16,UP,ENSMUSG00000035901
ENSMUSG00000005034.16,NA,3633.345880921122,0.6806006264919789,0.07851734873897075,8.66815598619639,4.391748016690413e-18,1.3530084560115428e-16,UP,ENSMUSG00000005034
ENSMUSG00000058690.15,NA,976.60331241606,0.9613442382204929,0.11095583227438316,8.664206455080077,4.546687851097337e-18,1.398209287445955e-16,UP,ENSMUSG00000058690
ENSMUSG00000036983.8,Tfb1m,217.39671487775587,-1.0608943863636489,0.1226068179930116,-8.652817222808263,5.024345765434289e-18,1.5423109040970311e-16,DOWN,ENSMUSG00000036983
ENSMUSG00000030811.15,NA,635.2886167633156,0.7906173871036977,0.09138817327842405,8.651200245517497,5.0960592884859594e-18,1.5615060227025627e-16,UP,ENSMUSG00000030811
ENSMUSG00000026116.12,NA,2487.0577400197726,1.0760284417183248,0.1244717026177968,8.644763581505599,5.391681552020884e-18,1.6491175624760278e-16,UP,ENSMUSG00000026116
ENSMUSG00000074582.11,NA,1438.6385714427765,1.0139430734803572,0.11735310116044452,8.640104636809722,5.616156085550202e-18,1.7146921075559558e-16,UP,ENSMUSG00000074582
ENSMUSG00000032384.17,NA,817.0076276679646,0.776463853700818,0.08990757550954437,8.636245047208403,5.8090836048622314e-18,1.770417128750665e-16,UP,ENSMUSG00000032384
ENSMUSG00000069094.13,NA,495.81264621152286,0.9184456116334218,0.10637482753459415,8.634050300431594,5.921694006473313e-18,1.795086065491714e-16,UP,ENSMUSG00000069094
ENSMUSG00000029714.12,NA,555.8948652855909,1.1299552153415988,0.13086954988804478,8.634210298027645,5.91341236744479e-18,1.795086065491714e-16,UP,ENSMUSG00000029714
ENSMUSG00000035007.6,Rundc1,722.6034530449313,0.6059952839565576,0.07018362229863208,8.634425869016008,5.902272269032206e-18,1.795086065491714e-16,UP,ENSMUSG00000035007
ENSMUSG00000025417.9,Pip4k2c,2286.5432287154067,0.583744420776755,0.06762536590356671,8.632033453381537,6.0270749886339164e-18,1.8237800223613592e-16,UP,ENSMUSG00000025417
ENSMUSG00000031245.9,Hmgn5,348.81059931889337,0.9731663987924061,0.1127515613273462,8.631068052060572,6.0781705478577316e-18,1.8359745708147172e-16,UP,ENSMUSG00000031245
ENSMUSG00000039840.9,Epg5,569.4051874031435,1.0930810814792211,0.1266868104524009,8.628215341248302,6.2316669352394035e-18,1.8790022677425762e-16,UP,ENSMUSG00000039840
ENSMUSG00000025226.12,NA,206.21919851843185,-1.0056586915671937,0.11655814021348122,-8.627957598888303,6.245722349236051e-18,1.8799071552408548e-16,DOWN,ENSMUSG00000025226
ENSMUSG00000021258.11,NA,1263.5996521850454,0.7470156835266868,0.08660612617263364,8.625436981647768,6.3848386802501075e-18,1.9183845688398114e-16,UP,ENSMUSG00000021258
ENSMUSG00000095788.7,Sirpb1a,943.0355143185334,-0.9078101076673168,0.10526958928085321,-8.62366913245317,6.484229109483628e-18,1.94481129163807e-16,DOWN,ENSMUSG00000095788
ENSMUSG00000056692.14,NA,9265.404335886178,0.5349785515275728,0.06203932872290502,8.623216313590735,6.5099317994345254e-18,1.9490827496687244e-16,UP,ENSMUSG00000056692
ENSMUSG00000029207.18,NA,623.1492911514013,1.1212231883515995,0.1301720216065574,8.613396139306161,7.092748364772229e-18,2.1198467256821886e-16,UP,ENSMUSG00000029207
ENSMUSG00000010608.16,NA,1346.292171358646,0.8668426233844392,0.10066686924615045,8.611002108994143,7.242465715260556e-18,2.160795999188088e-16,UP,ENSMUSG00000010608
ENSMUSG00000075585.5,6330403L08Rik,73.51615259304997,1.3187506297531486,0.1531683529518276,8.609811389483987,7.318087938871638e-18,2.1795342117066736e-16,UP,ENSMUSG00000075585
ENSMUSG00000024002.19,NA,1983.2622729499858,1.0422577917108198,0.12109775648635092,8.606747325069511,7.516287507612857e-18,2.234650093609515e-16,UP,ENSMUSG00000024002
ENSMUSG00000047989.12,NA,993.2431696170524,-0.6162346935581378,0.07160089631539199,-8.60652205865845,7.531066231748712e-18,2.2351363409619303e-16,DOWN,ENSMUSG00000047989
ENSMUSG00000048000.16,NA,943.2258532843655,1.1338993775218587,0.1318067550275586,8.602741014940996,7.78344776774033e-18,2.306015901362231e-16,UP,ENSMUSG00000048000
ENSMUSG00000056310.15,NA,740.5474262990168,0.5213372521960175,0.06062208245212107,8.599791216472417,7.98612490106489e-18,2.3610388076188603e-16,UP,ENSMUSG00000056310
ENSMUSG00000035181.7,Heatr5a,2276.0335266910656,1.1327609452970497,0.13172196416673443,8.599636001959357,7.996932571965561e-18,2.3610388076188603e-16,UP,ENSMUSG00000035181
ENSMUSG00000028465.17,NA,18459.736471005024,1.0258132909484068,0.11930465286939652,8.598267261808894,8.092865775226991e-18,2.3852214102861387e-16,UP,ENSMUSG00000028465
ENSMUSG00000034744.14,NA,1755.8377832802482,-0.6851189619572481,0.07971078839341109,-8.595059411228709,8.322172938681442e-18,2.448561816526239e-16,DOWN,ENSMUSG00000034744
ENSMUSG00000038291.17,NA,640.1456788963801,0.7690471517234037,0.0895281109524125,8.590007580213332,8.696358783249778e-18,2.5542362256985443e-16,UP,ENSMUSG00000038291
ENSMUSG00000031150.14,NA,57.42203001531046,1.4675149819177775,0.17085215348594507,8.589385336828668,8.743581492334621e-18,2.563678394114527e-16,UP,ENSMUSG00000031150
ENSMUSG00000038369.15,NA,1368.9261474726595,1.1784710874240991,0.1372103541941078,8.588791234785006,8.788904663981362e-18,2.57253206051062e-16,UP,ENSMUSG00000038369
ENSMUSG00000026271.16,NA,428.55148615420416,-1.0480659415616043,0.12207274559339422,-8.58558506624036,9.037530210351024e-18,2.6407601161036e-16,DOWN,ENSMUSG00000026271
ENSMUSG00000052906.8,Ubxn8,760.9364001110306,-0.5636751136645864,0.0657580398812165,-8.571957355827417,1.0174076653481672e-17,2.9677589634495594e-16,DOWN,ENSMUSG00000052906
ENSMUSG00000036270.17,NA,1032.1445498490425,0.7166044761275735,0.08362631875223671,8.569126165300764,1.0427324537790987e-17,3.0364226213985194e-16,UP,ENSMUSG00000036270
ENSMUSG00000034135.16,NA,1542.3208860862821,0.8601646179160249,0.10041540216840099,8.56606256949996,1.0708371375594572e-17,3.109105789933118e-16,UP,ENSMUSG00000034135
ENSMUSG00000034247.10,NA,3429.2058954168356,1.0042836335415746,0.11724132719048333,8.565952447040312,1.0718611725393402e-17,3.109105789933118e-16,UP,ENSMUSG00000034247
ENSMUSG00000033161.11,NA,13029.168562748404,0.5767904132872717,0.0673508221543275,8.56396989431867,1.0904632342373344e-17,3.1538125444626035e-16,UP,ENSMUSG00000033161
ENSMUSG00000079084.13,NA,606.8775473455338,0.708318414616006,0.08274991262874566,8.559748187213799,1.1311431043948589e-17,3.26591165251935e-16,UP,ENSMUSG00000079084
ENSMUSG00000015597.18,NA,420.57907324027565,0.9605018502877195,0.11221656502945351,8.559358861462355,1.134969175816049e-17,3.2714043735470725e-16,UP,ENSMUSG00000015597
ENSMUSG00000020516.16,NA,700.1967724074134,0.6561259752241496,0.07666933041826328,8.557867554662442,1.1497434093086621e-17,3.308381796734874e-16,UP,ENSMUSG00000020516
ENSMUSG00000068856.4,Sf3b4,2842.7505339223594,0.6589116017184214,0.07706987059057631,8.54953559243409,1.2358475626302883e-17,3.550139130082886e-16,UP,ENSMUSG00000068856
ENSMUSG00000026987.17,NA,640.2591287449305,1.1476716321807476,0.13427757388547198,8.547008997642596,1.2631934800898098e-17,3.622574759259242e-16,UP,ENSMUSG00000026987
ENSMUSG00000025986.7,Slc39a10,680.6677066687517,1.2754863266549354,0.14928732906305558,8.543835130952065,1.2983924546648307e-17,3.7172495090959784e-16,UP,ENSMUSG00000025986
ENSMUSG00000006307.17,NA,1010.9637634017187,1.030094730356647,0.12059232047370431,8.54195960663402,1.3196456299202054e-17,3.7717468205752966e-16,UP,ENSMUSG00000006307
ENSMUSG00000021607.10,NA,734.055453026861,-0.612620468991202,0.07179578860046053,-8.532818998624,1.428240517023136e-17,4.0752782269287667e-16,DOWN,ENSMUSG00000021607
ENSMUSG00000106874.4,Gm20186,3094.3628322277495,0.7182207059197967,0.08418136313338566,8.531825563121062,1.4405615806819512e-17,4.1035494541167944e-16,UP,ENSMUSG00000106874
ENSMUSG00000038733.15,NA,6994.272724915682,0.7975506289416298,0.09355387961041255,8.525040674559715,1.5275613055328325e-17,4.344098254496881e-16,UP,ENSMUSG00000038733
ENSMUSG00000024769.8,Cdc42bpg,376.7612846029268,1.125261907132148,0.13201494363154015,8.523746450044369,1.5447358637160327e-17,4.38560569254672e-16,UP,ENSMUSG00000024769
ENSMUSG00000020275.10,NA,1270.417319360676,0.8792214928260834,0.10317101476132595,8.521981632729496,1.5684626817703432e-17,4.445546061031076e-16,UP,ENSMUSG00000020275
ENSMUSG00000002028.14,NA,636.2255020854658,1.4778988116125917,0.1734443089942478,8.520883851320862,1.5834026802468454e-17,4.480423624006299e-16,UP,ENSMUSG00000002028
ENSMUSG00000022283.16,NA,17747.595284822048,0.6468042221830358,0.07592189243729913,8.519337458786419,1.6046864414181773e-17,4.533105917401582e-16,UP,ENSMUSG00000022283
ENSMUSG00000029470.16,NA,11076.891374480334,-0.550798699565678,0.06467213085073566,-8.51678601462708,1.6404220023808503e-17,4.626370907543738e-16,DOWN,ENSMUSG00000029470
ENSMUSG00000021975.10,NA,1092.1197177919948,0.7158992730091963,0.08408406975060505,8.514089233936549,1.6790468834699138e-17,4.727462135809496e-16,UP,ENSMUSG00000021975
ENSMUSG00000048154.18,NA,1027.4798134556968,1.4958639960300417,0.1757276687292194,8.512398797795662,1.703714429871307e-17,4.788986379238256e-16,UP,ENSMUSG00000048154
ENSMUSG00000047613.11,NA,618.1910237933655,-0.7784919619557207,0.09146039392476649,-8.511793231462493,1.7126378194142157e-17,4.806125207418837e-16,DOWN,ENSMUSG00000047613
ENSMUSG00000017774.20,NA,6812.761244032361,0.6043682011616529,0.0710100153223172,8.511027612350206,1.7239857206396776e-17,4.830000191960191e-16,UP,ENSMUSG00000017774
ENSMUSG00000038982.11,NA,659.6445212656114,-0.6783456221694375,0.07970625893737214,-8.510569072153245,1.7308176309073987e-17,4.841165235396583e-16,DOWN,ENSMUSG00000038982
ENSMUSG00000056211.14,NA,1677.4514812295415,0.9131939902882261,0.10735963559127988,8.505934146095395,1.801391973077393e-17,5.022044572812155e-16,UP,ENSMUSG00000056211
ENSMUSG00000028760.18,NA,2154.4268873571177,0.893225984860668,0.10501054605216953,8.506059804859131,1.7994416837559136e-17,5.022044572812155e-16,UP,ENSMUSG00000028760
ENSMUSG00000061887.15,NA,657.1256773878508,0.7082833758569206,0.08327280302346755,8.505578654021235,1.806920698531352e-17,5.029213322295282e-16,UP,ENSMUSG00000061887
ENSMUSG00000034908.17,NA,2075.038551072491,0.8940695641830649,0.10512866413129861,8.504527015262292,1.8233743318913197e-17,5.066716321592121e-16,UP,ENSMUSG00000034908
ENSMUSG00000025521.16,NA,2628.631555670514,-0.6250955199482011,0.07353622611864087,-8.500511284597241,1.8875745429415747e-17,5.236556717335142e-16,DOWN,ENSMUSG00000025521
ENSMUSG00000003731.14,NA,2854.34197239482,0.7601226361052239,0.08950469317131834,8.492545018285188,2.0216045980604092e-17,5.59925208381357e-16,UP,ENSMUSG00000003731
ENSMUSG00000039089.16,NA,228.85821382526933,1.2158745967497104,0.14329682620393097,8.485007162819885,2.1570544418993197e-17,5.964693957551192e-16,UP,ENSMUSG00000039089
ENSMUSG00000017485.12,NA,1461.4804874934107,0.8207760133597514,0.09674541778657186,8.483874814313676,2.1781609910063456e-17,6.013280164456804e-16,UP,ENSMUSG00000017485
ENSMUSG00000062115.16,NA,224.61648143459436,1.0091791150907012,0.11900138572678437,8.480398013243969,2.244248815332639e-17,6.185688063783932e-16,UP,ENSMUSG00000062115
ENSMUSG00000060181.7,Slc35e3,422.5763669230911,0.7224690977488446,0.08520241520529431,8.479443875012967,2.2627286771149505e-17,6.226531372656448e-16,UP,ENSMUSG00000060181
ENSMUSG00000026083.13,NA,3337.6346327807387,0.8500068802007394,0.10037366094894938,8.468425602539872,2.4873202285641677e-17,6.822478678542296e-16,UP,ENSMUSG00000026083
ENSMUSG00000098188.2,Sowahc,1174.480776827534,0.6643695359033579,0.07845533497130847,8.468124393915613,2.4937591601420213e-17,6.829125326469438e-16,UP,ENSMUSG00000098188
ENSMUSG00000061589.15,NA,1291.199201843283,1.182153896997365,0.13968754132640945,8.462844186189896,2.6093423608885602e-17,7.134160159046761e-16,UP,ENSMUSG00000061589
ENSMUSG00000052085.8,Dock8,5114.797697217431,1.0275251088859856,0.12145867777220178,8.45987398951543,2.676665940561235e-17,7.30648169906651e-16,UP,ENSMUSG00000052085
ENSMUSG00000005442.14,NA,5837.412098953143,1.0618702282343837,0.12553748770380221,8.458590717856323,2.7062805222165088e-17,7.375481820643261e-16,UP,ENSMUSG00000005442
ENSMUSG00000035569.18,NA,1517.550338949567,1.1229565748205563,0.13279233693412915,8.456486275842801,2.755546802908584e-17,7.49773262884214e-16,UP,ENSMUSG00000035569
ENSMUSG00000040374.14,NA,1132.0913958213935,-0.5613281627263479,0.06639534136734891,-8.454330547389745,2.8069310613816584e-17,7.613184948940428e-16,DOWN,ENSMUSG00000040374
ENSMUSG00000039262.17,NA,1782.46907464202,1.2320169103634127,0.14573454115624443,8.45384286105891,2.818686101335628e-17,7.632894241928932e-16,UP,ENSMUSG00000039262
ENSMUSG00000055485.7,Mtcl2,462.98972012136085,1.4991745063159414,0.17740877623981768,8.45039652541984,2.903151161982345e-17,7.836664866773296e-16,UP,ENSMUSG00000055485
ENSMUSG00000035722.16,NA,1714.206846142614,0.92775767756107,0.10978763842741826,8.45047485172404,2.901204041137326e-17,7.836664866773296e-16,UP,ENSMUSG00000035722
ENSMUSG00000022463.9,Srebf2,5695.1990102751615,0.7885409075766131,0.0933399758365312,8.448051336092115,2.9620513909603535e-17,7.982986680613594e-16,UP,ENSMUSG00000022463
ENSMUSG00000043535.14,NA,1207.356643020014,0.9983559485357001,0.11819097380023601,8.44697286463771,2.9895317907001895e-17,8.044300258330289e-16,UP,ENSMUSG00000043535
ENSMUSG00000026469.15,NA,1756.4306229046529,1.1084998487108364,0.13125238070310902,8.445559941638294,3.02591522649911e-17,8.129338758585129e-16,UP,ENSMUSG00000026469
ENSMUSG00000051306.8,Usp42,289.49369926544654,1.0044679285525548,0.11898585516750002,8.441910403035173,3.1219262640407876e-17,8.374050165028019e-16,UP,ENSMUSG00000051306
ENSMUSG00000031902.11,NA,1690.5037380355866,1.0218456282715893,0.1210739738471808,8.439845458127605,3.1775750986707155e-17,8.50989639810932e-16,UP,ENSMUSG00000031902
ENSMUSG00000031889.10,NA,919.5496726478463,0.5570869774436298,0.06601937290073888,8.438234914488183,3.2216563684341004e-17,8.614384937356967e-16,UP,ENSMUSG00000031889
ENSMUSG00000041438.9,Utp4,725.1181053553187,0.5730834053107494,0.0679396785330465,8.435179819580634,3.3069395767178673e-17,8.828542298534388e-16,UP,ENSMUSG00000041438
ENSMUSG00000046079.17,NA,3168.0463237118893,0.7589390262567864,0.08999323935039252,8.433289341900728,3.360823853732602e-17,8.958333927363108e-16,UP,ENSMUSG00000046079
ENSMUSG00000037907.17,NA,133.7807733875075,1.3452298485473706,0.1595578638836976,8.43098432007033,3.427696842230227e-17,9.122286776051211e-16,UP,ENSMUSG00000037907
ENSMUSG00000028854.10,NA,1736.5886814071976,1.017005831306413,0.12066474858015391,8.428359096367295,3.5054593107284874e-17,9.314662662226352e-16,UP,ENSMUSG00000028854
ENSMUSG00000022237.18,NA,1292.7379157119774,0.6742141449187187,0.08000397212516844,8.427258384919838,3.5385792474891716e-17,9.387999794508714e-16,UP,ENSMUSG00000022237
ENSMUSG00000000131.16,NA,2521.5310784307944,0.7885512307864618,0.09358911224264785,8.42567272934474,3.5868342549167205e-17,9.501199897058217e-16,UP,ENSMUSG00000000131
ENSMUSG00000030168.14,NA,4021.241211405164,0.6306121119427811,0.07487579876807954,8.422108642821167,3.6976792625888343e-17,9.77958530942235e-16,UP,ENSMUSG00000030168
ENSMUSG00000007880.17,NA,1907.2411722930392,1.119096337236583,0.13298759085256132,8.415043313908031,3.9274976492088345e-17,1.037127717739836e-15,UP,ENSMUSG00000007880
ENSMUSG00000063317.8,Usp31,328.54607923957747,1.0796419808412285,0.12835680616415307,8.411256193617774,4.0564262090784824e-17,1.0679256801827934e-15,UP,ENSMUSG00000063317
ENSMUSG00000141856.1,ENSMUSG00000141856,1004.5383481537131,-0.8179753715826663,0.09724779303006983,-8.41124868848943,4.0566858132311216e-17,1.0679256801827934e-15,DOWN,ENSMUSG00000141856
ENSMUSG00000051344.14,NA,2728.086530038326,0.9645967171290043,0.11469312843714523,8.410239831042956,4.0917320112183327e-17,1.0754867787137398e-15,UP,ENSMUSG00000051344
ENSMUSG00000019726.13,NA,1871.1601949396552,1.3120001927158615,0.15610975529809087,8.40434468820096,4.302572806477412e-17,1.1274199252227251e-15,UP,ENSMUSG00000019726
ENSMUSG00000026311.17,NA,434.0488629948899,0.6598484185560564,0.07852408727946031,8.40313388435467,4.3471858807023826e-17,1.1373575859573033e-15,UP,ENSMUSG00000026311
ENSMUSG00000020841.6,Cpd,22473.455855259755,1.009971555542299,0.12019320856810958,8.402900359964855,4.355842621103429e-17,1.1378718834790308e-15,UP,ENSMUSG00000020841
ENSMUSG00000027422.16,NA,12568.773886139079,0.9535103533253642,0.11351918785527522,8.399552281337561,4.4818414381891017e-17,1.1689907284945378e-15,UP,ENSMUSG00000027422
ENSMUSG00000040097.17,NA,550.1550498231401,0.8284035147474172,0.0986310758910249,8.39901123721595,4.502537317076184e-17,1.1725903463123675e-15,UP,ENSMUSG00000040097
ENSMUSG00000022090.11,NA,1148.105729912839,-0.6793627615963721,0.08089415902343787,-8.398168295433258,4.5349692938129156e-17,1.1792307004676215e-15,DOWN,ENSMUSG00000022090
ENSMUSG00000042548.15,NA,1352.2811195289619,0.869374023624184,0.10354340065134139,8.396228230436446,4.61049086090062e-17,1.1970382836713884e-15,UP,ENSMUSG00000042548
ENSMUSG00000026519.17,NA,2115.4865486155927,0.7573032358599231,0.09021143842742149,8.394758459252394,4.668529789165889e-17,1.2102594145511448e-15,UP,ENSMUSG00000026519
ENSMUSG00000056917.14,NA,2734.8427021482203,0.8528709607271407,0.10163610021303918,8.391417605943557,4.8031490384206825e-17,1.2432625958505651e-15,UP,ENSMUSG00000056917
ENSMUSG00000022102.14,NA,4337.132394476733,-0.7793945391226611,0.09290641341938166,-8.389028382835708,4.901763610425963e-17,1.2668600601657133e-15,DOWN,ENSMUSG00000022102
ENSMUSG00000040139.15,NA,226.8947750464667,-1.164091697463158,0.1389122472736895,-8.380050861675473,5.2904836548392627e-17,1.3652498487738467e-15,DOWN,ENSMUSG00000040139
ENSMUSG00000020133.9,2310011J03Rik,2589.261830161735,-0.5946943016828303,0.0710774740420127,-8.36684631380283,5.918080486087927e-17,1.5202851472267565e-15,DOWN,ENSMUSG00000020133
ENSMUSG00000044968.17,NA,539.2074669955884,0.6434922989114875,0.07691601104557513,8.366168372020727,5.952212648815419e-17,1.5267470332693064e-15,UP,ENSMUSG00000044968
ENSMUSG00000026548.5,Slamf9,4620.026865150347,-0.6348026453088994,0.07588403888210743,-8.365430394329978,5.989588150318424e-17,1.5340201217517339e-15,DOWN,ENSMUSG00000026548
ENSMUSG00000032462.15,NA,2559.5685728184476,0.7700294670385359,0.09207294624506887,8.363254337370313,6.101149173346176e-17,1.5602427495026327e-15,UP,ENSMUSG00000032462
ENSMUSG00000036057.12,NA,2188.271315503776,0.9620214461504685,0.11513304046397334,8.355737347625226,6.502524827673334e-17,1.6579001082370721e-15,UP,ENSMUSG00000036057
ENSMUSG00000030816.9,Rnf40,1764.484416570449,0.6489112051264458,0.07770084977643633,8.35140422522426,6.745613184854346e-17,1.7173038596052846e-15,UP,ENSMUSG00000030816
ENSMUSG00000053477.19,NA,1824.8033128104917,0.7547223130094894,0.09038745664755655,8.349856727934515,6.834582041442241e-17,1.7373527981579487e-15,UP,ENSMUSG00000053477
ENSMUSG00000018501.18,NA,2876.886936106556,1.147745788629884,0.13748411509481684,8.348206538903302,6.930730002090992e-17,1.759164095754618e-15,UP,ENSMUSG00000018501
ENSMUSG00000050567.17,NA,903.9148229317937,0.9517940236624296,0.11401570932641225,8.347920030366748,6.947558743348079e-17,1.7608075110190377e-15,UP,ENSMUSG00000050567
ENSMUSG00000010067.14,NA,1111.8761585294253,-0.6555295481128435,0.07854372316542632,-8.346046274534093,7.058616043298575e-17,1.7862920302430888e-15,DOWN,ENSMUSG00000010067
ENSMUSG00000037787.15,NA,617.2016936766198,-0.8544750174771224,0.10239399878576368,-8.344971654685725,7.123096717994102e-17,1.799931393554349e-15,DOWN,ENSMUSG00000037787
ENSMUSG00000027257.14,NA,62.593089976850415,1.2760953778705462,0.1529814137229072,8.341505983085746,7.335031587306122e-17,1.8507351212719276e-15,UP,ENSMUSG00000027257
ENSMUSG00000039852.18,NA,1594.68903962851,1.0417173880984099,0.12489266461152095,8.34090129583411,7.372641712510632e-17,1.857468814266012e-15,UP,ENSMUSG00000039852
ENSMUSG00000047205.13,NA,180.87097781222664,1.275120689950745,0.15293286604795872,8.337780641283972,7.569783246619281e-17,1.904315590118454e-15,UP,ENSMUSG00000047205
ENSMUSG00000026028.13,NA,1341.0195477991797,0.9307118967793735,0.11174167564260659,8.329138536960487,8.143272940358185e-17,2.0455612942944063e-15,UP,ENSMUSG00000026028
ENSMUSG00000042670.6,Immp1l,680.9246877463593,-0.8543838399887551,0.10259882041736648,-8.32742361474691,8.262067841813314e-17,2.0692890385548927e-15,DOWN,ENSMUSG00000042670
ENSMUSG00000037110.21,NA,2346.4998367135304,1.0955643780708573,0.13158952392291423,8.325620044895398,8.388847366279971e-17,2.0979520339846644e-15,UP,ENSMUSG00000037110
ENSMUSG00000040850.18,NA,3717.532521311171,0.8210436170255808,0.09862465201658364,8.32493296795129,8.437647503504143e-17,2.1070577598324735e-15,UP,ENSMUSG00000040850
ENSMUSG00000068923.15,NA,796.3327671493795,0.6336821310224144,0.07612203678125617,8.324555645343011,8.464566090525081e-17,2.1106805122502862e-15,UP,ENSMUSG00000068923
ENSMUSG00000097111.2,Peak1os,161.01608950132749,-1.1064243642377691,0.13306331974925692,-8.31502149745477,9.173563962163879e-17,2.280784045914604e-15,DOWN,ENSMUSG00000097111
ENSMUSG00000018761.15,NA,2226.675908109465,-0.6670506468662342,0.08026465643855267,-8.310639781743797,9.518746526725803e-17,2.3631504150875767e-15,DOWN,ENSMUSG00000018761
ENSMUSG00000020329.13,NA,400.8024582691359,0.8846462561728952,0.10650121262349269,8.306443038356115,9.861353456602446e-17,2.4446381469822333e-15,UP,ENSMUSG00000020329
ENSMUSG00000032867.9,Fbxw8,2477.653045197344,0.6045813063033062,0.0727967664237784,8.305057161245355,9.977140369139174e-17,2.4697416174320348e-15,UP,ENSMUSG00000032867
ENSMUSG00000021668.16,NA,611.4226142019327,0.8018166336337998,0.09657836735543623,8.302238436925357,1.0216790183595057e-16,2.5253885735787433e-15,UP,ENSMUSG00000021668
ENSMUSG00000042492.13,NA,5290.8237471564,0.8021881780205291,0.09663573162869567,8.301154909270867,1.0310415122526789e-16,2.544831924146452e-15,UP,ENSMUSG00000042492
ENSMUSG00000019952.16,NA,368.00460583126426,0.7257369632012339,0.08743267253494458,8.300523616170782,1.0365353112805475e-16,2.554683986034346e-15,UP,ENSMUSG00000019952
ENSMUSG00000032342.14,NA,718.4042317231853,0.5460491708698897,0.06578726514911466,8.300226033597905,1.0391350104450635e-16,2.5573849475584298e-15,UP,ENSMUSG00000032342
ENSMUSG00000035247.18,NA,3106.4381727674054,1.0846575147404367,0.13069586701053784,8.299095752224376,1.0490679343361848e-16,2.5780996085724216e-15,UP,ENSMUSG00000035247
ENSMUSG00000038342.16,NA,1345.622215511004,1.0822330253947912,0.13042140294000143,8.297971046153043,1.0590447818007696e-16,2.5988622740698255e-15,UP,ENSMUSG00000038342
ENSMUSG00000036634.16,NA,149.3325726969908,-0.9505376251792538,0.11471075388955045,-8.286386349569993,1.1674114117340507e-16,2.860662603450903e-15,DOWN,ENSMUSG00000036634
ENSMUSG00000066861.15,NA,12657.666659201048,-0.5338617752242206,0.06443091659155184,-8.285801342987885,1.1731646524858173e-16,2.8706241841976706e-15,DOWN,ENSMUSG00000066861
ENSMUSG00000047767.18,NA,203.94656437958713,0.8961019268543299,0.10818581584226701,8.282989039532044,1.2012148160419403e-16,2.9350372358633962e-15,UP,ENSMUSG00000047767
ENSMUSG00000075600.4,Zc3h3,618.0527769442657,0.988460305977509,0.11934120266914039,8.28264072985673,1.2047345870980863e-16,2.939414115952662e-15,UP,ENSMUSG00000075600
ENSMUSG00000029681.13,NA,1149.868828142104,-0.5300616058033365,0.06400975909284581,-8.280949863199531,1.2219663219333575e-16,2.977186141948235e-15,DOWN,ENSMUSG00000029681
ENSMUSG00000028309.15,NA,1033.7377656920728,0.6142501611651082,0.07422241942734857,8.275803536239575,1.2759222471893878e-16,3.099761962243247e-15,UP,ENSMUSG00000028309
ENSMUSG00000039886.9,Tmem120a,4500.290886792863,-0.6370378487568558,0.07697454157334827,-8.27595508509562,1.2743002896237526e-16,3.099761962243247e-15,DOWN,ENSMUSG00000039886
ENSMUSG00000005125.14,NA,3719.008870987512,-0.689382081770116,0.08330354877508411,-8.275542781873758,1.2787177465890995e-16,3.1021218257481065e-15,DOWN,ENSMUSG00000005125
ENSMUSG00000033253.19,NA,308.22179508869306,1.1759196529084153,0.1421088301262369,8.2747824457061,1.2869036943841866e-16,3.1086767367468008e-15,UP,ENSMUSG00000033253
ENSMUSG00000040407.19,NA,389.29735127733716,1.1899375163137687,0.14379966219136714,8.274967396865035,1.2849077261651108e-16,3.1086767367468008e-15,UP,ENSMUSG00000040407
ENSMUSG00000031077.8,Fadd,342.1505897453365,-0.8075804694520382,0.09759403755393464,-8.274895574493828,1.2856824608337222e-16,3.1086767367468008e-15,DOWN,ENSMUSG00000031077
ENSMUSG00000101249.2,Gm29216,29251.678793575786,0.8604973150317147,0.10402828362191979,8.271763073195599,1.3199240335890775e-16,3.183918881590901e-15,UP,ENSMUSG00000101249
ENSMUSG00000059263.10,NA,3055.076457203959,0.6704542835820982,0.08105675049627846,8.271418228305127,1.3237480602480155e-16,3.188620327560588e-15,UP,ENSMUSG00000059263
ENSMUSG00000042605.17,NA,1088.0916209420968,0.9418954860353991,0.11389737684301306,8.269685502359126,1.3431284234669417e-16,3.229736716766014e-15,UP,ENSMUSG00000042605
ENSMUSG00000045482.17,NA,1630.5453478589911,1.1544175626010909,0.1395985353389354,8.269553543654641,1.3446157800013748e-16,3.229736716766014e-15,UP,ENSMUSG00000045482
ENSMUSG00000068015.9,Lrch1,933.7114314400586,0.7564367865367053,0.09147798700700231,8.269058068350398,1.3502149803988524e-16,3.2386115594729034e-15,UP,ENSMUSG00000068015
ENSMUSG00000026810.13,NA,1408.0100805164811,-0.5009896775696261,0.060608026876904225,-8.26606150018946,1.3845714597693563e-16,3.3163411612447428e-15,DOWN,ENSMUSG00000026810
ENSMUSG00000036155.14,NA,1988.0271846428373,0.8015287579903682,0.09708239513614579,8.256169997313368,1.5042134237982946e-16,3.597841559087735e-15,UP,ENSMUSG00000036155
ENSMUSG00000023353.15,NA,2154.279985471523,0.5153360639822452,0.06252473257837961,8.242115443456418,1.6919219855724464e-16,4.041127147000706e-15,UP,ENSMUSG00000023353
ENSMUSG00000045598.11,NA,329.30587509453625,0.9192299448086024,0.11156611983960958,8.239328804569988,1.731794107891627e-16,4.130559691277e-15,UP,ENSMUSG00000045598
ENSMUSG00000039483.11,NA,1391.2064751702148,0.5755411884079494,0.06991551958422809,8.231951815999706,1.8418734612537147e-16,4.386960795809618e-15,UP,ENSMUSG00000039483
ENSMUSG00000016933.18,NA,315.0603855934984,0.8797380647701328,0.10692656564973843,8.227497623480296,1.9116492167333078e-16,4.5467841370302986e-15,UP,ENSMUSG00000016933
ENSMUSG00000030745.10,NA,3628.5109826841626,-0.5757363378493244,0.07000669084457894,-8.224018745972582,1.9679531604653223e-16,4.6741636098985016e-15,DOWN,ENSMUSG00000030745
ENSMUSG00000052056.15,NA,1419.5702436489264,0.8130326329644787,0.09887061350213376,8.223198017750061,1.9814727720271601e-16,4.6931651756398165e-15,UP,ENSMUSG00000052056
ENSMUSG00000029613.16,NA,2179.4486515510157,0.5220153950770043,0.06348054623226011,8.223234141166257,1.980875800095107e-16,4.6931651756398165e-15,UP,ENSMUSG00000029613
ENSMUSG00000035726.9,Supt16,1467.0146057484658,0.6428976302623253,0.0781847950019776,8.222796136333974,1.9881261979628386e-16,4.702374704110714e-15,UP,ENSMUSG00000035726
ENSMUSG00000138644.1,ENSMUSG00000138644,256.5545733186528,-0.8235827009655812,0.10021547174778375,-8.218119284398764,2.0671930360218883e-16,4.882595107026143e-15,DOWN,ENSMUSG00000138644
ENSMUSG00000070639.6,Lrrc8b,560.5168528735999,0.8706818789896734,0.10599481785800204,8.214381576239877,2.1326043940597116e-16,5.030106841245416e-15,UP,ENSMUSG00000070639
ENSMUSG00000055053.19,NA,1767.026059262306,1.0287442665128737,0.12526750415677032,8.212379367161466,2.1684787585753297e-16,5.107638472068152e-15,UP,ENSMUSG00000055053
ENSMUSG00000002205.17,NA,1683.169779123445,-0.5182863697001555,0.0631682843367904,-8.204851139170415,2.3087677311144116e-16,5.430553808482944e-15,DOWN,ENSMUSG00000002205
ENSMUSG00000027804.14,NA,476.34902400973795,0.7397020971899041,0.09017062297485397,8.203360171928567,2.337595137295491e-16,5.490765594592144e-15,UP,ENSMUSG00000027804
ENSMUSG00000044066.15,NA,333.1254434105881,0.9433798047928009,0.11500438585915951,8.202989805520236,2.3448109014299585e-16,5.500117819271431e-15,UP,ENSMUSG00000044066
ENSMUSG00000035401.10,NA,472.70260070999603,0.8143652190348282,0.09934967797862265,8.196958818629058,2.465448599477769e-16,5.7751265678676225e-15,UP,ENSMUSG00000035401
ENSMUSG00000021978.10,NA,1949.0295090962836,0.7133035214646312,0.08711910517783694,8.187681909824015,2.663055382820211e-16,6.229425012412724e-15,UP,ENSMUSG00000021978
ENSMUSG00000035021.15,NA,1456.4346183409832,0.86481377248187,0.10569393067798014,8.182246292994021,2.7860088186159244e-16,6.508085984805276e-15,UP,ENSMUSG00000035021
ENSMUSG00000026819.16,NA,787.2987457284789,0.6227696480862839,0.07611510690828782,8.18194539011379,2.7929763186169675e-16,6.5154122461454255e-15,UP,ENSMUSG00000026819
ENSMUSG00000040734.15,NA,317.57264130328275,1.0413180989257225,0.12728930371860417,8.180719577410391,2.821538334347254e-16,6.573024782727315e-15,UP,ENSMUSG00000040734
ENSMUSG00000038718.16,NA,152.23380840432307,1.1559995038828241,0.14131470010290245,8.180320257135664,2.8309047081845807e-16,6.585822909355264e-15,UP,ENSMUSG00000038718
ENSMUSG00000034101.15,NA,1075.9158809731498,0.5684446688144522,0.06949525962595672,8.17961788867303,2.8474537356410605e-16,6.615272982009819e-15,UP,ENSMUSG00000034101
ENSMUSG00000022895.17,NA,7054.489686351876,0.9947295709944151,0.1216172131938472,8.179184055211849,2.8577232113679677e-16,6.630073797070076e-15,UP,ENSMUSG00000022895
ENSMUSG00000040697.11,NA,965.2491952072899,0.7556394863933832,0.09238798169589466,8.178980344874887,2.862557921720176e-16,6.632242509097181e-15,UP,ENSMUSG00000040697
ENSMUSG00000023051.13,NA,1233.2984048697067,-0.5825223875178511,0.0712345886777227,-8.177521599138878,2.8974150785741352e-16,6.703869500167584e-15,DOWN,ENSMUSG00000023051
ENSMUSG00000038534.21,NA,313.19492581906746,0.9833257529744369,0.12052232953105081,8.158867794876944,3.3817954909682855e-16,7.813969309701992e-15,UP,ENSMUSG00000038534
ENSMUSG00000029684.15,NA,402.39853503881955,0.9546735031167622,0.1170568421111377,8.155640335917854,3.4733465432444946e-16,8.014617546053714e-15,UP,ENSMUSG00000029684
ENSMUSG00000075703.17,NA,561.7172676214534,0.5019396809324286,0.061580161933318105,8.150996443886466,3.609377352797403e-16,8.317218328139923e-15,UP,ENSMUSG00000075703
ENSMUSG00000037788.15,NA,1469.0228786042937,0.5408883445481611,0.06637543398219348,8.148923661926869,3.6717763410749304e-16,8.43813898058382e-15,UP,ENSMUSG00000037788
ENSMUSG00000034248.8,Slc25a37,1826.022546721188,0.7376955272102557,0.09060880756338566,8.141543267680667,3.902710212022741e-16,8.956746270669195e-15,UP,ENSMUSG00000034248
ENSMUSG00000040007.9,Bahd1,1945.8232761897066,0.8855827867455502,0.10880036108073043,8.139520659204827,3.968458848952059e-16,9.08312398186793e-15,UP,ENSMUSG00000040007
ENSMUSG00000032788.16,NA,3363.3891727953296,0.7640449283128751,0.09390151716712966,8.136662232549421,4.0632425537258087e-16,9.287567589873804e-15,UP,ENSMUSG00000032788
ENSMUSG00000052533.15,NA,883.2972163949516,0.9393587279061366,0.11546396781963734,8.135514010513475,4.101941928583624e-16,9.363439521811157e-15,UP,ENSMUSG00000052533
ENSMUSG00000025357.9,Dgka,839.1719535794106,0.7397524368520852,0.0910110795637381,8.128158026452283,4.358627682629019e-16,9.936035170347065e-15,UP,ENSMUSG00000025357
ENSMUSG00000034832.16,NA,1045.9658800451057,1.1783042191456723,0.14511536439296566,8.119775766505876,4.670457914642904e-16,1.063263819229146e-14,UP,ENSMUSG00000034832
ENSMUSG00000041740.17,NA,5492.374416438283,0.6475973079840772,0.07975960027727579,8.119365013525318,4.686290903516356e-16,1.0654420201229833e-14,UP,ENSMUSG00000041740
ENSMUSG00000020893.18,NA,1154.2907060245786,0.8116923666824666,0.10002471820352771,8.114917804925538,4.861137307422195e-16,1.1037183050737232e-14,UP,ENSMUSG00000020893
ENSMUSG00000045427.14,NA,3185.4391236096108,0.5982056136045135,0.07372159279106127,8.11438807758703,4.882387837810049e-16,1.1070651675973027e-14,UP,ENSMUSG00000045427
ENSMUSG00000026821.17,NA,3197.3482804769433,0.9194640657212121,0.1133267125263238,8.113392202280965,4.922586470770133e-16,1.1146938152052846e-14,UP,ENSMUSG00000026821
ENSMUSG00000021113.6,Snapc1,770.4532915295828,0.6263844526041359,0.07726164714339433,8.107314246635113,5.175089570644548e-16,1.1703134739146434e-14,UP,ENSMUSG00000021113
ENSMUSG00000054509.8,Parp4,1281.1801781236143,0.9806535567728685,0.1209782026399357,8.106035098666181,5.229834329223096e-16,1.181123009332908e-14,UP,ENSMUSG00000054509
ENSMUSG00000049625.7,Tifab,2449.095418281389,-0.7918312122977118,0.0977933127102076,-8.096987312866242,5.633694515636659e-16,1.2706446808079181e-14,DOWN,ENSMUSG00000049625
ENSMUSG00000038949.9,Cnst,459.9949299122489,0.9106920677224148,0.11254306295122796,8.091943153502722,5.872031564135381e-16,1.3222168633644105e-14,UP,ENSMUSG00000038949
ENSMUSG00000022799.5,Arhgap31,3274.6970349466737,1.1241373508751595,0.13892265832021752,8.091821481590257,5.877901615332791e-16,1.3222168633644105e-14,UP,ENSMUSG00000022799
ENSMUSG00000026565.19,NA,367.242834293033,1.230808504126015,0.1521141152019047,8.091349724463988,5.900716221649108e-16,1.3255955094499963e-14,UP,ENSMUSG00000026565
ENSMUSG00000063851.13,NA,184.84299762305412,-1.070380551535442,0.13230962193248993,-8.089967576822163,5.968061656427526e-16,1.3389558908866292e-14,DOWN,ENSMUSG00000063851
ENSMUSG00000030397.12,NA,1480.9122961127332,0.8481030582754507,0.10490814046529735,8.084244506802554,6.255072884250656e-16,1.401498938992973e-14,UP,ENSMUSG00000030397
ENSMUSG00000071867.6,Mrpl27-ps,459.45882081041293,-0.6925965355272442,0.08577482616303118,-8.074589789442816,6.770386501931186e-16,1.514963063840023e-14,DOWN,ENSMUSG00000071867
ENSMUSG00000040249.16,NA,19790.303112114503,1.2352787889188943,0.15303874141688095,8.071673730993169,6.934096657890796e-16,1.5495564752180142e-14,UP,ENSMUSG00000040249
ENSMUSG00000060703.13,NA,3748.7098842067976,-0.6649095368595344,0.08238575826124027,-8.070685405979349,6.990462270019979e-16,1.5601023801044587e-14,DOWN,ENSMUSG00000060703
ENSMUSG00000040528.16,NA,10058.95928676459,-0.5093454782851594,0.06311694146215914,-8.069869459541701,7.037336892338775e-16,1.5685052580748782e-14,DOWN,ENSMUSG00000040528
ENSMUSG00000022433.22,NA,635.5103234245223,0.9677812721566962,0.1199787910314156,8.066269578456492,7.247867842648238e-16,1.6133146666502086e-14,UP,ENSMUSG00000022433
ENSMUSG00000041570.15,NA,545.2159554056484,1.0955288314462117,0.13589929942756174,8.061328027891419,7.54700101575149e-16,1.6733285433359824e-14,UP,ENSMUSG00000041570
ENSMUSG00000047810.10,NA,2767.7484505564566,0.9869965716991917,0.12243535074072084,8.061369251020784,7.544455983280728e-16,1.6733285433359824e-14,UP,ENSMUSG00000047810
ENSMUSG00000037151.9,Lrrc20,471.9241124292038,0.7750908178913192,0.09617680698686003,8.059020071202971,7.690847127586773e-16,1.70300190431954e-14,UP,ENSMUSG00000037151
ENSMUSG00000061436.16,NA,772.3712405074997,1.2649490765728306,0.1570699184105728,8.053413978775477,8.051599357131072e-16,1.7805656523715347e-14,UP,ENSMUSG00000061436
ENSMUSG00000020091.17,NA,2137.250824466672,0.8193099584573192,0.10180775808084436,8.047618117734356,8.442088113124181e-16,1.864495460412855e-14,UP,ENSMUSG00000020091
ENSMUSG00000028163.18,NA,6057.898483841821,0.5624517581038986,0.06989924960953509,8.046606526476552,8.512129694492452e-16,1.8775262981133414e-14,UP,ENSMUSG00000028163
ENSMUSG00000073563.4,Csnk1g3,1238.0630765184285,0.5868302370462591,0.07294599120358458,8.044722230293338,8.644126311384998e-16,1.904171140562348e-14,UP,ENSMUSG00000073563
ENSMUSG00000060279.16,NA,2639.363108777686,0.7879706425263571,0.09798986164115403,8.041348659231325,8.885503932629383e-16,1.9548108651784644e-14,UP,ENSMUSG00000060279
ENSMUSG00000031480.16,NA,108.28500064478267,1.3423833787338029,0.16695832592317958,8.040230226981652,8.96698363563765e-16,1.9701876448017295e-14,UP,ENSMUSG00000031480
ENSMUSG00000028718.17,NA,164.72437076103938,1.2036970177060349,0.1497300513661455,8.039114437772744,9.049004183172752e-16,1.9856434211488492e-14,UP,ENSMUSG00000028718
ENSMUSG00000038406.18,NA,1949.9339756206807,0.8175288610333026,0.10169836559038244,8.038761058620354,9.075134512797276e-16,1.988811050575135e-14,UP,ENSMUSG00000038406
ENSMUSG00000040502.6,Marchf9,319.0124723296015,1.2636781997155047,0.15722287669141427,8.037495727773518,9.169309439292406e-16,2.0068632731609606e-14,UP,ENSMUSG00000040502
ENSMUSG00000035004.4,Igsf6,11705.717219551547,-0.6538789813981231,0.08135965752467746,-8.036894467012633,9.21439635180656e-16,2.014139130576123e-14,DOWN,ENSMUSG00000035004
ENSMUSG00000036686.17,NA,1016.6878248927567,0.7353168252755096,0.0915030839150971,8.035978612019104,9.283493882842156e-16,2.0266379585573006e-14,UP,ENSMUSG00000036686
ENSMUSG00000037326.11,NA,424.80924643239564,1.0334330815885386,0.1286100491405136,8.035399165888318,9.327474124770718e-16,2.033628525203216e-14,UP,ENSMUSG00000037326
ENSMUSG00000064367.1,mt-Nd5,6310.410752660716,1.1142651630561495,0.13870636871213454,8.033266052611104,9.491154319327626e-16,2.0666654334761283e-14,UP,ENSMUSG00000064367
ENSMUSG00000024413.15,NA,6874.712075541389,0.8535502935971031,0.10625541696122998,8.033004979958273,9.511380557017936e-16,2.0684211988829542e-14,UP,ENSMUSG00000024413
ENSMUSG00000036606.18,NA,15416.679526416021,0.9300551648876222,0.11578616379851618,8.032524218576286,9.54873803010075e-16,2.0738932176231594e-14,UP,ENSMUSG00000036606
ENSMUSG00000027076.11,NA,352.5712953994056,-0.9181941868094132,0.11431245057934877,-8.032320032996392,9.564647931563105e-16,2.074699014338803e-14,DOWN,ENSMUSG00000027076
ENSMUSG00000023991.17,NA,1313.64386565061,0.7934879934668162,0.09881958165226293,8.02966355655125,9.774032960676622e-16,2.117416618207218e-14,UP,ENSMUSG00000023991
ENSMUSG00000100347.2,Gm7895,373.75369446435445,0.6267454001946143,0.07813678440879758,8.021131211589093,1.0477573225121646e-15,2.2640611215555112e-14,UP,ENSMUSG00000100347
ENSMUSG00000044456.17,NA,903.9801814683725,0.9646165894214,0.12029781394530556,8.018571225741237,1.0698224247805707e-15,2.3088071263728913e-14,UP,ENSMUSG00000044456
ENSMUSG00000049526.9,Tmem202,81.28762898296966,-1.220348464366108,0.15226081005318928,-8.014855982572294,1.1026614320678245e-15,2.376661636723121e-14,DOWN,ENSMUSG00000049526
ENSMUSG00000024613.17,NA,1587.7354224069866,0.7838953292569598,0.09785743092327877,8.010585622992103,1.1416350038105929e-15,2.454443094159664e-14,UP,ENSMUSG00000024613
ENSMUSG00000025324.9,Atp10a,844.7700764761001,1.0007999227359932,0.12504695476185113,8.003393002588446,1.2103685726627363e-15,2.59893029630082e-14,UP,ENSMUSG00000025324
ENSMUSG00000031444.17,NA,1208.9541866767288,-0.657133415877464,0.08212736900176329,-8.001393735909831,1.2301872773996769e-15,2.6381544564260915e-14,DOWN,ENSMUSG00000031444
ENSMUSG00000028898.16,NA,772.8452392468155,-0.7348984771469894,0.09186714725893527,-7.999578729440856,1.2484560418888581e-15,2.670596660171311e-14,DOWN,ENSMUSG00000028898
ENSMUSG00000021127.9,Zfp36l1,1496.8232392154414,0.9840179671120916,0.12300755004458616,7.999655035446342,1.2476826378752981e-15,2.670596660171311e-14,UP,ENSMUSG00000021127
ENSMUSG00000021703.10,NA,444.71283241676326,1.0039551278249494,0.1255151323312302,7.998678001434485,1.2576211888979902e-15,2.686822354070254e-14,UP,ENSMUSG00000021703
ENSMUSG00000023009.15,NA,363.7158468353164,1.0832054527014143,0.1355072808455277,7.993706655041071,1.309411064893729e-15,2.7939579133729927e-14,UP,ENSMUSG00000023009
ENSMUSG00000037896.18,NA,1270.6516018432555,0.9119738683713748,0.11414300169021126,7.989748428436366,1.352143901422073e-15,2.881523707717265e-14,UP,ENSMUSG00000037896
ENSMUSG00000024477.5,Pggt1b,976.8933813319534,0.6221261124123245,0.07788069377897092,7.988194278006149,1.3692954552685259e-15,2.9144228425903067e-14,UP,ENSMUSG00000024477
ENSMUSG00000037887.12,NA,50.34938513543317,1.7313368085393241,0.21679033473401235,7.98622692595388,1.3913147052902906e-15,2.957587234770835e-14,UP,ENSMUSG00000037887
ENSMUSG00000026853.16,NA,2332.9555228427826,0.5520206283094836,0.06912367616609351,7.985984816303221,1.3940484630995328e-15,2.959698896812816e-14,UP,ENSMUSG00000026853
ENSMUSG00000026181.14,NA,1325.7196669472878,0.5009849145241158,0.06274843837328097,7.984022033246984,1.4164072336519775e-15,3.003419129112909e-14,UP,ENSMUSG00000026181
ENSMUSG00000066357.7,Wdr6,446.0928887346065,0.8284432070285496,0.10382638157571862,7.979120474543183,1.4737967261918748e-15,3.1212188201269016e-14,UP,ENSMUSG00000066357
ENSMUSG00000043019.13,NA,1318.8975401929865,1.0321094155781618,0.12937384227717666,7.977728707839732,1.490505510209306e-15,3.1487623238036594e-14,UP,ENSMUSG00000043019
ENSMUSG00000025366.9,Esyt1,18064.967166831484,0.6367127950155689,0.07983401004248077,7.9754580119020115,1.5181676323919162e-15,3.203220689386715e-14,UP,ENSMUSG00000025366
ENSMUSG00000023805.18,NA,1137.8637407096846,0.7595383234366381,0.09529437883484206,7.970442042053917,1.581078024038789e-15,3.3318231569769077e-14,UP,ENSMUSG00000023805
ENSMUSG00000032009.9,Sesn3,441.18375576228635,1.0015106621125105,0.125701242746815,7.967388708556636,1.620622939892494e-15,3.410929915323237e-14,UP,ENSMUSG00000032009
ENSMUSG00000041308.7,Sntb2,1556.1588510304764,0.703555475496115,0.08835135726554322,7.963154129953583,1.677083431313503e-15,3.525399361300053e-14,UP,ENSMUSG00000041308
ENSMUSG00000036023.7,Parp2,558.8990401368422,-0.5816923125186905,0.07309352375603152,-7.958192225897311,1.7457100064766543e-15,3.66512893458543e-14,DOWN,ENSMUSG00000036023
ENSMUSG00000010277.8,Bltp2,7830.000362203203,0.7846219649306241,0.09862969512444233,7.955230561553056,1.7879822674519125e-15,3.747835699865964e-14,UP,ENSMUSG00000010277
ENSMUSG00000059401.15,NA,72.11631443872217,1.3842936810345907,0.17401281882668618,7.955124745225372,1.7895111068394465e-15,3.747835699865964e-14,UP,ENSMUSG00000059401
ENSMUSG00000063382.7,Bcl9l,283.2732408504564,1.1741276006099648,0.14762695160103495,7.9533417704313925,1.815466077330624e-15,3.7928521020988437e-14,UP,ENSMUSG00000063382
ENSMUSG00000036644.16,NA,4002.2803083052013,0.694572601146816,0.08733063678311317,7.953366959544753,1.81509682726171e-15,3.7928521020988437e-14,UP,ENSMUSG00000036644
ENSMUSG00000058761.6,Rnf169,709.2268518024555,0.8339016936846959,0.10486971330739206,7.951787674296195,1.8383914113343334e-15,3.836034888484868e-14,UP,ENSMUSG00000058761
ENSMUSG00000047921.19,NA,1133.894475411781,0.7293740589148868,0.09173690666852556,7.950715643272623,1.8543714690692348e-15,3.8646374023273783e-14,UP,ENSMUSG00000047921
ENSMUSG00000026024.15,NA,630.1533683181723,0.8356869499468818,0.10513576675100811,7.9486456015109495,1.885616299304922e-15,3.92494379265355e-14,UP,ENSMUSG00000026024
ENSMUSG00000033671.19,NA,1941.546651453686,1.2382969782069684,0.15581982185483206,7.9469798095431985,1.9111354581068066e-15,3.973199217672903e-14,UP,ENSMUSG00000033671
ENSMUSG00000034354.19,NA,3896.4881672469605,0.6220335104543498,0.07829767230813246,7.94447002212787,1.950227823343069e-15,4.0495206793372694e-14,UP,ENSMUSG00000034354
ENSMUSG00000025949.17,NA,1509.3990476892868,1.010489914630979,0.1272030497421331,7.943912639511797,1.9590158882819193e-15,4.0628078287954045e-14,UP,ENSMUSG00000025949
ENSMUSG00000024074.9,Crim1,294.71262655491176,1.0090704033642464,0.12705782519611125,7.94182020514491,1.9923559932119022e-15,4.126919125525166e-14,UP,ENSMUSG00000024074
ENSMUSG00000052539.16,NA,109.84629576790115,1.344260068768439,0.1693248903765898,7.938939548572661,2.039171217088062e-15,4.218752520413575e-14,UP,ENSMUSG00000052539
ENSMUSG00000002496.11,NA,1247.9946428173946,0.8891200415369247,0.11201190222853036,7.9377282578677475,2.059178627859643e-15,4.254968620337921e-14,UP,ENSMUSG00000002496
ENSMUSG00000030287.16,NA,611.654398427249,0.7907897954066678,0.09965361937631625,7.93538458869671,2.0984404665930223e-15,4.330834778504968e-14,UP,ENSMUSG00000030287
ENSMUSG00000036206.13,NA,595.3300370391042,0.8108061401433896,0.10226275121131038,7.928655649680129,2.2153087769201564e-15,4.566489825491416e-14,UP,ENSMUSG00000036206
ENSMUSG00000053617.13,NA,384.8086105147036,1.1866487960683505,0.1496695312756556,7.928459359459249,2.2188124507855124e-15,4.568174883542182e-14,UP,ENSMUSG00000053617
ENSMUSG00000029186.13,NA,912.6055780503922,0.6080610837577856,0.0767115773737709,7.926588196655865,2.2524868370340082e-15,4.6318973579927864e-14,UP,ENSMUSG00000029186
ENSMUSG00000031198.5,Fundc2,2325.2338689683065,-0.5316184846707462,0.06710878378331007,-7.921742202739182,2.3420550790580162e-15,4.8102643326643265e-14,DOWN,ENSMUSG00000031198
ENSMUSG00000037318.11,NA,465.5939742518734,-0.792642066285568,0.10009237718521753,-7.919105216362389,2.3922585316145867e-15,4.9074485631649774e-14,DOWN,ENSMUSG00000037318
ENSMUSG00000036086.17,NA,1107.2223638611772,-0.6450820530558996,0.08146735507042205,-7.918288896187651,2.408013512958519e-15,4.933816602575009e-14,DOWN,ENSMUSG00000036086
ENSMUSG00000041229.16,NA,1019.6627364159554,0.6969704998753042,0.08806734345935635,7.9140629488496,2.4912223675478103e-15,5.0981621639612586e-14,UP,ENSMUSG00000041229
ENSMUSG00000120851.2,Gm57366,274.50968883326146,-1.1675780500400235,0.147557205959993,-7.912714546496546,2.51836347406092e-15,5.1475107259471166e-14,DOWN,ENSMUSG00000120851
ENSMUSG00000027201.17,NA,523.088558049155,0.5951400616089976,0.07522225871182077,7.911754735908702,2.5378600640878466e-15,5.1811342436828237e-14,UP,ENSMUSG00000027201
ENSMUSG00000032652.14,NA,312.2961923837992,0.7038891423170669,0.08898960129143073,7.909790943010417,2.5782148191854026e-15,5.2572087787850065e-14,UP,ENSMUSG00000032652
ENSMUSG00000014355.11,NA,2474.821262712006,0.8157310393638124,0.10316077581462525,7.907375966516966,2.6287082588959832e-15,5.3473460108594605e-14,UP,ENSMUSG00000014355
ENSMUSG00000055401.15,NA,1941.4854613695732,-0.6207974125216519,0.07851231504184267,-7.907006845878913,2.6365113165861382e-15,5.356811403806914e-14,DOWN,ENSMUSG00000055401
ENSMUSG00000063663.12,NA,335.50216063111094,1.5818323060252197,0.20021082365511794,7.900833117544511,2.770453742467544e-15,5.6155347251970266e-14,UP,ENSMUSG00000063663
ENSMUSG00000023094.15,NA,238.59630489529206,-1.1742548583759482,0.14862934199632424,-7.900558817013324,2.776557813351442e-15,5.621207401649359e-14,DOWN,ENSMUSG00000023094
ENSMUSG00000015711.9,Prune1,1110.9430624014258,0.6174000225197122,0.07814916274684164,7.9002768656618025,2.782845941762822e-15,5.627238773557497e-14,UP,ENSMUSG00000015711
ENSMUSG00000034875.6,Nudt19,771.7124083557604,-0.6910184208659443,0.08747210072320681,-7.899872246724417,2.7918943324234025e-15,5.638830762136862e-14,DOWN,ENSMUSG00000034875
ENSMUSG00000005621.12,NA,832.9117437989543,0.9028097676291884,0.11432220782795872,7.8970637882344725,2.8555025365268414e-15,5.753634613290932e-14,UP,ENSMUSG00000005621
ENSMUSG00000024855.11,NA,1302.9139420171193,0.909384702079025,0.11515308774789072,7.897180352384275,2.852834339256091e-15,5.753634613290932e-14,UP,ENSMUSG00000024855
ENSMUSG00000022184.9,Fbxo4,535.9395295439742,-0.8847195881918974,0.11206498243942647,-7.894701528821524,2.910108132421026e-15,5.856721763307925e-14,DOWN,ENSMUSG00000022184
ENSMUSG00000037643.15,NA,600.2001060651692,0.7428722798320315,0.09410424634550439,7.894141961506931,2.9231928774576e-15,5.876101427191956e-14,UP,ENSMUSG00000037643
ENSMUSG00000063077.16,NA,1903.8822836853435,0.9843798072787951,0.1247188081898191,7.892793569519941,2.9549617120771618e-15,5.932949099832847e-14,UP,ENSMUSG00000063077
ENSMUSG00000105143.2,Gm8069,167.54395817190058,-0.9128405040841877,0.11568763530944856,-7.890562389338018,3.008277780782773e-15,6.032874049527339e-14,DOWN,ENSMUSG00000105143
ENSMUSG00000045962.17,NA,9150.43931977241,1.1061751983645614,0.14020160529164932,7.889889677536005,3.024537884748752e-15,6.058338194115109e-14,UP,ENSMUSG00000045962
ENSMUSG00000029060.18,NA,741.2421822058726,0.8526335132500052,0.10809133407576409,7.888083911078124,3.068614182581733e-15,6.139394445762936e-14,UP,ENSMUSG00000029060
ENSMUSG00000004897.18,NA,6368.779093792151,0.5065854994517476,0.06426381546770651,7.882904178111149,3.1985835485227027e-15,6.391905032453242e-14,UP,ENSMUSG00000004897
ENSMUSG00000050144.14,NA,1187.1329243988994,0.7731451432958668,0.09812636501298895,7.879076568193735,3.2980935624052015e-15,6.583025718575454e-14,UP,ENSMUSG00000050144
ENSMUSG00000027889.18,NA,776.3471795374581,0.7380250964385733,0.09367970286154148,7.8781750357318465,3.3219715166946077e-15,6.617484074970115e-14,UP,ENSMUSG00000027889
ENSMUSG00000002413.16,NA,947.1513644953163,0.8790690308467443,0.11158344795730499,7.878131093270224,3.3231397154089607e-15,6.617484074970115e-14,UP,ENSMUSG00000002413
ENSMUSG00000045983.17,NA,9104.763968526036,0.7070759137069538,0.08975628181764064,7.877731779749209,3.333773915011037e-15,6.630895812710842e-14,UP,ENSMUSG00000045983
ENSMUSG00000049957.15,NA,242.23778484079793,-0.6870085688203963,0.08721868657194196,-7.87685065921877,3.357357895471008e-15,6.670003314296724e-14,DOWN,ENSMUSG00000049957
ENSMUSG00000041754.6,Trem3,525.5495570871669,-1.063143263725385,0.13500545986776588,-7.8748168019775235,3.412424926763547e-15,6.771493384427174e-14,DOWN,ENSMUSG00000041754
ENSMUSG00000034928.17,NA,1701.2657198578008,0.8838065409245063,0.11230692445281883,7.869564100616089,3.55879034708634e-15,7.053704969994208e-14,UP,ENSMUSG00000034928
ENSMUSG00000021285.16,NA,904.3882470005035,0.6304909254093464,0.0801549513320574,7.865901169316611,3.6644976952169374e-15,7.246331140099912e-14,UP,ENSMUSG00000021285
ENSMUSG00000021298.9,Gpr132,541.0432072557074,0.782424129162571,0.09948602398756905,7.8646637768973084,3.7009010528134855e-15,7.30981687620745e-14,UP,ENSMUSG00000021298
ENSMUSG00000056888.12,NA,18747.33438222307,-0.5641854362033606,0.07177605804924148,-7.8603569426493864,3.830403605016797e-15,7.548069954451407e-14,DOWN,ENSMUSG00000056888
ENSMUSG00000035845.18,NA,617.9402202891171,-0.621622670467279,0.07913569837943017,-7.855148601668979,3.992984510947646e-15,7.859339651987923e-14,DOWN,ENSMUSG00000035845
ENSMUSG00000026571.13,NA,848.8427623357177,0.6256529661594622,0.07965855784277502,7.854183945864751,4.0238337578572336e-15,7.894276333647156e-14,UP,ENSMUSG00000026571
ENSMUSG00000051329.14,NA,887.5605337531558,0.8218243724417887,0.10463217341327231,7.8544136629541,4.016466293868687e-15,7.894276333647156e-14,UP,ENSMUSG00000051329
ENSMUSG00000020740.14,NA,1337.041509650366,0.6860535161875014,0.08734908301348904,7.854158195130181,4.0246604617617805e-15,7.894276333647156e-14,UP,ENSMUSG00000020740
ENSMUSG00000089872.11,NA,857.5194798185425,0.6621321632124274,0.08433590743993494,7.851129884195602,4.12305684350441e-15,8.068665670959263e-14,UP,ENSMUSG00000089872
ENSMUSG00000036565.8,Ttyh3,2051.538703389109,0.926286728702574,0.11800040623861051,7.849860506662281,4.1650026454554125e-15,8.141383332024683e-14,UP,ENSMUSG00000036565
ENSMUSG00000097855.11,NA,313.5734644609304,-0.8096964759797928,0.10315622232402014,-7.849225744584612,4.186135256368237e-15,8.173296919609442e-14,DOWN,ENSMUSG00000097855
ENSMUSG00000024851.15,NA,2038.2786087961638,0.62770593119217,0.08003574108299193,7.84282025378236,4.4053837326920075e-15,8.581667326249745e-14,UP,ENSMUSG00000024851
ENSMUSG00000031662.9,Snx20,4593.991124812997,-0.6999591354386762,0.08925495942460951,-7.842243612579385,4.425667020397705e-15,8.611315028476358e-14,DOWN,ENSMUSG00000031662
ENSMUSG00000031788.15,NA,310.3031654595612,1.0027148725190465,0.1278662867368928,7.841901865675566,4.437731288695808e-15,8.624920948064103e-14,UP,ENSMUSG00000031788
ENSMUSG00000078713.9,Tomm5,1516.4678651734594,-0.8128385155972936,0.10365726368212128,-7.8415972670277165,4.448511442875925e-15,8.636002922094518e-14,DOWN,ENSMUSG00000078713
ENSMUSG00000040225.16,NA,4202.019207231401,1.3467894606805113,0.1717674819330421,7.840770822998459,4.477890440880131e-15,8.683124838951826e-14,UP,ENSMUSG00000040225
ENSMUSG00000042390.10,NA,1250.665426403732,0.8303374859776411,0.1059052784291198,7.840378669448178,4.491897724434594e-15,8.700365911359305e-14,UP,ENSMUSG00000042390
ENSMUSG00000018427.9,Ypel2,332.76248795413085,1.0822188571238947,0.13803775762220835,7.840020554997633,4.504726846348599e-15,8.715288367349746e-14,UP,ENSMUSG00000018427
ENSMUSG00000017615.13,NA,2671.8077563667443,0.5309962564935093,0.06774777358779106,7.837840690150754,4.583600183289444e-15,8.85780735420685e-14,UP,ENSMUSG00000017615
ENSMUSG00000020986.14,NA,1662.5179936754716,0.6810519622499926,0.08692185373540978,7.835221327919623,4.680175583205001e-15,9.034173208624773e-14,UP,ENSMUSG00000020986
ENSMUSG00000033863.3,Klf9,268.4684203499344,1.0986452245449523,0.14026741200897455,7.832505132943203,4.782436651728447e-15,9.221101779965303e-14,UP,ENSMUSG00000033863
ENSMUSG00000037111.10,NA,1060.3871775636624,1.073820781193059,0.13711512192406222,7.831527012664348,4.819797635054783e-15,9.27211296173548e-14,UP,ENSMUSG00000037111
ENSMUSG00000020611.15,NA,7819.906207478427,0.6971496997446379,0.08905301327065929,7.828479622871235,4.938049620645786e-15,9.488866875559575e-14,UP,ENSMUSG00000020611
ENSMUSG00000097354.10,NA,203.39055018589093,-0.8505699348597492,0.10866332432705642,-7.827571447194932,4.973839951971215e-15,9.546853524065742e-14,DOWN,ENSMUSG00000097354
ENSMUSG00000045854.5,Lyrm2,344.32968215945107,-0.7697311758962037,0.0983639450188041,-7.82533860093813,5.062923578900992e-15,9.706885950709164e-14,DOWN,ENSMUSG00000045854
ENSMUSG00000022031.7,Elp3,974.8782226442261,-0.5376588310568841,0.06874292480021726,-7.821296993391599,5.2281832267024375e-15,1.0012441886633069e-13,DOWN,ENSMUSG00000022031
ENSMUSG00000008496.20,NA,2345.6388200377714,0.8281011189887932,0.10589893201673149,7.819730598019227,5.293650489738172e-15,1.0126413973958081e-13,UP,ENSMUSG00000008496
ENSMUSG00000030042.16,NA,1060.0912139223717,-0.6285839541105697,0.08039050895976532,-7.81913141544072,5.318906051156686e-15,1.0163293966962989e-13,DOWN,ENSMUSG00000030042
ENSMUSG00000000532.12,NA,2190.070269515289,0.7408424710117961,0.09476568457264715,7.8176237986638295,5.3829779994422526e-15,1.0274177761898423e-13,UP,ENSMUSG00000000532
ENSMUSG00000057177.13,NA,2760.4678909825634,0.5792880058339217,0.0741275860917368,7.814742613053962,5.5075455013619496e-15,1.0500147847103287e-13,UP,ENSMUSG00000057177
ENSMUSG00000021892.15,NA,2806.0824292602797,0.5435521085575903,0.06956935490817107,7.813096862477145,5.57996803895692e-15,1.0620177420414005e-13,UP,ENSMUSG00000021892
ENSMUSG00000050821.15,NA,127.48989044929321,1.3990317632957918,0.17907436624614184,7.81257414236938,5.603166299676673e-15,1.0646642021486201e-13,UP,ENSMUSG00000050821
ENSMUSG00000066258.14,NA,1143.7255061840003,-0.5787374692535041,0.07408419098991645,-7.811888899917604,5.6337211361864264e-15,1.0692752415400265e-13,DOWN,ENSMUSG00000066258
ENSMUSG00000032598.9,Nckipsd,481.00138086219386,0.6064158935806101,0.07762983110134514,7.811634844199762,5.645091061697426e-15,1.0702387803258241e-13,UP,ENSMUSG00000032598
ENSMUSG00000039461.13,NA,557.5997028024639,-0.6770861158894569,0.08673716750593838,-7.8061820020016315,5.894643968896393e-15,1.1150646867080318e-13,DOWN,ENSMUSG00000039461
ENSMUSG00000031647.11,NA,1844.2348580997716,0.8694892334032526,0.11139557067787807,7.805420162688062,5.9303636419489334e-15,1.1205751566109286e-13,UP,ENSMUSG00000031647
ENSMUSG00000037410.14,NA,1879.7870134801058,0.7966258340080755,0.10206859388722306,7.804808547556538,5.959193998057252e-15,1.1247730647165553e-13,UP,ENSMUSG00000037410
ENSMUSG00000033499.15,NA,2840.7305098782194,0.6239506771333481,0.07995249992932454,7.804017106218073,5.996705863802587e-15,1.1305984470047317e-13,UP,ENSMUSG00000033499
ENSMUSG00000042677.8,Zc3h12a,2822.170333637099,0.6706404473681753,0.08594954578410365,7.802722414063183,6.058571963498936e-15,1.1397353408325542e-13,UP,ENSMUSG00000042677
ENSMUSG00000040940.19,NA,3545.166019365728,0.6430186855150531,0.08241962336369402,7.801766852022572,6.104635472553734e-15,1.1471318325552354e-13,UP,ENSMUSG00000040940
ENSMUSG00000020694.18,NA,1913.8276653682135,0.5732610191056531,0.07350650884655173,7.7987790210845445,6.250901350160762e-15,1.1733204013337078e-13,UP,ENSMUSG00000020694
ENSMUSG00000040274.12,NA,3104.0417317376523,0.7637741680840422,0.09794462205347486,7.798020473927034,6.2885808756066174e-15,1.1790915807118647e-13,UP,ENSMUSG00000040274
ENSMUSG00000048271.15,NA,1032.2188479098832,0.8988429689320281,0.11527416622986046,7.797436306237998,6.317750697301961e-15,1.1832562594528322e-13,UP,ENSMUSG00000048271
ENSMUSG00000122203.1,D730005E14Rik,125.7987974496173,-0.9944651992391007,0.12756765291246042,-7.795590626108983,6.410790766990141e-15,1.1993609217099487e-13,DOWN,ENSMUSG00000122203
ENSMUSG00000027845.16,NA,571.7848886444634,0.5904494013607093,0.07576284884124485,7.793389641378852,6.5235059063997525e-15,1.2177688413198046e-13,UP,ENSMUSG00000027845
ENSMUSG00000024695.17,NA,2757.2767726714533,0.6683380369363771,0.08575990107074556,7.793129756353704,6.536943024521592e-15,1.2189391784541029e-13,UP,ENSMUSG00000024695
ENSMUSG00000029505.19,NA,1781.4642846807376,1.1674507024175051,0.149870232085507,7.789743741448452,6.714523509790104e-15,1.2506811260404218e-13,UP,ENSMUSG00000029505
ENSMUSG00000004267.17,NA,247.3987426137326,1.2076936888656198,0.15511994469729087,7.785547443446915,6.941199031943368e-15,1.291488301282592e-13,UP,ENSMUSG00000004267
ENSMUSG00000028121.9,Bcar3,1047.9320352890588,0.7071229217306967,0.09089254670860981,7.779767949484843,7.265769823188266e-15,1.3492776754715826e-13,UP,ENSMUSG00000028121
ENSMUSG00000035278.10,NA,1208.3336877145164,-0.7801730661702263,0.10028829767708208,-7.779303111538523,7.292514423787783e-15,1.3524154884507638e-13,DOWN,ENSMUSG00000035278
ENSMUSG00000087403.10,NA,113.67750809198176,1.3296737692618066,0.1709528879095428,7.778012910582615,7.367255283683124e-15,1.3647880539685752e-13,UP,ENSMUSG00000087403
ENSMUSG00000047731.18,NA,3227.7379338651244,0.5513584594920831,0.07092112502418509,7.774248636130098,7.589653687316615e-15,1.4044575691676427e-13,UP,ENSMUSG00000047731
ENSMUSG00000037750.17,NA,836.6127584625046,0.7977840063935189,0.10265173277248757,7.771753918286889,7.740672083271043e-15,1.430846407044645e-13,UP,ENSMUSG00000037750
ENSMUSG00000034731.12,NA,577.7633953985211,1.013251897864451,0.13043287496863187,7.768378164692992,7.949741989587321e-15,1.46789698452684e-13,UP,ENSMUSG00000034731
ENSMUSG00000021224.16,NA,1831.9356448885144,0.6234486637738671,0.0802792878277825,7.765996443706721,8.100582504458502e-15,1.494126963891771e-13,UP,ENSMUSG00000021224
ENSMUSG00000055296.15,NA,452.2707875626213,1.0514726228347553,0.13542911122453705,7.7640074082111346,8.228708895572984e-15,1.5144742800661708e-13,UP,ENSMUSG00000055296
ENSMUSG00000020107.11,NA,1000.2862686219325,-0.6431171900055048,0.08283259733203992,-7.764059207603104,8.225347011415638e-15,1.5144742800661708e-13,DOWN,ENSMUSG00000020107
ENSMUSG00000004054.10,NA,2868.334926949845,0.7652429245138127,0.09864044337872718,7.75790231979883,8.634561243116407e-15,1.5874524162209472e-13,UP,ENSMUSG00000004054
ENSMUSG00000020806.16,NA,4665.631799044601,0.7503926784164286,0.09673008162325081,7.757593768390436,8.655587902131706e-15,1.5895996529552028e-13,UP,ENSMUSG00000020806
ENSMUSG00000079215.9,Zfp664,896.783112971757,0.643735859020599,0.08299492680526858,7.756327811831195,8.742387036904494e-15,1.6038083489708503e-13,UP,ENSMUSG00000079215
ENSMUSG00000057637.14,NA,1105.4691733817353,1.0731152970893885,0.13836198719015852,7.7558534600587,8.775130669673797e-15,1.6063495389501894e-13,UP,ENSMUSG00000057637
ENSMUSG00000053198.15,NA,43.49778315437881,1.3361482444620534,0.17227558928359912,7.755876790312373,8.773517406725829e-15,1.6063495389501894e-13,UP,ENSMUSG00000053198
ENSMUSG00000020994.6,Pnn,1041.9733052669123,0.5481232574416018,0.07067419325324407,7.755635150691189,8.790240691025736e-15,1.6073853031353081e-13,UP,ENSMUSG00000020994
ENSMUSG00000078429.10,NA,1925.4139187280123,0.7820418462801493,0.10088119234764842,7.752107484863396,9.037983687788594e-15,1.65091246610669e-13,UP,ENSMUSG00000078429
ENSMUSG00000029033.17,NA,553.8938183538561,0.5881682206603165,0.07588544470403825,7.750738273383499,9.135981616624996e-15,1.6670225683725823e-13,UP,ENSMUSG00000029033
ENSMUSG00000040365.15,NA,1466.7984610217165,0.546153822840175,0.07048725087814581,7.748263920582368,9.31573671293366e-15,1.6980001987154322e-13,UP,ENSMUSG00000040365
ENSMUSG00000017146.13,NA,279.7261130177629,0.9840023769792909,0.12700290662286853,7.747872888462762,9.344460851742686e-15,1.701412218894391e-13,UP,ENSMUSG00000017146
ENSMUSG00000024164.16,NA,26680.33227224598,0.7514942938932143,0.09700328836838354,7.747101222376192,9.401401263707294e-15,1.7099489827872326e-13,UP,ENSMUSG00000024164
ENSMUSG00000022817.16,NA,4196.759385331377,0.595039311631981,0.07682140298348006,7.745749081931507,9.501998729840248e-15,1.7263994700818724e-13,UP,ENSMUSG00000022817
ENSMUSG00000042569.14,NA,1114.773454408578,-0.72881428443551,0.09413051379246862,-7.742593289593012,9.740925101921634e-15,1.7679207287436427e-13,DOWN,ENSMUSG00000042569
ENSMUSG00000135451.1,ENSMUSG00000135451,65.87185020253393,-1.2633842736265615,0.1632049777520957,-7.741089095613314,9.856879299629725e-15,1.7870585220629328e-13,DOWN,ENSMUSG00000135451
ENSMUSG00000105692.2,Gm43737,260.7428807307106,0.8456840877758298,0.10927426685136966,7.739096423553171,1.0012582760589385e-14,1.8133544454375195e-13,UP,ENSMUSG00000105692
ENSMUSG00000022526.9,Zfp251,271.8088361124516,0.5995410136568857,0.0774819708703312,7.73781315733745,1.0114133276618317e-14,1.8297973457677776e-13,UP,ENSMUSG00000022526
ENSMUSG00000029502.15,NA,2634.6818478443565,0.8210709802213049,0.10611523075808203,7.737541296905391,1.0135776541739438e-14,1.8317642494029852e-13,UP,ENSMUSG00000029502
ENSMUSG00000027881.15,NA,1425.3266781201273,0.5792708790064893,0.07486740380447894,7.7372908578383806,1.0155754743863814e-14,1.833426381891168e-13,UP,ENSMUSG00000027881
ENSMUSG00000024393.15,NA,5706.582134551718,0.9941780835006644,0.12850766309099296,7.7363330682989115,1.023251833112644e-14,1.8453256281986875e-13,UP,ENSMUSG00000024393
ENSMUSG00000039976.5,Tbc1d16,202.37443503263435,1.1944479028530965,0.15440576161963498,7.735772877410585,1.0277680073961433e-14,1.851506645527417e-13,UP,ENSMUSG00000039976
ENSMUSG00000038268.5,Ovca2,538.322989474415,-0.6643869891584966,0.08588809377580015,-7.735495805656062,1.0300089622291722e-14,1.853580149382995e-13,DOWN,ENSMUSG00000038268
ENSMUSG00000025060.16,NA,1815.216411891704,0.8917183531197315,0.11528452072778642,7.734935683388805,1.0345539235917717e-14,1.859791123107999e-13,UP,ENSMUSG00000025060
ENSMUSG00000045328.12,NA,434.80377229299313,1.0746007094195935,0.13904622629416677,7.728370183496845,1.0893218986049357e-14,1.9541147898391917e-13,UP,ENSMUSG00000045328
ENSMUSG00000032300.8,1700017B05Rik,1857.2717309375817,0.8673988701628621,0.11224955316083488,7.727414904895205,1.0975248034677915e-14,1.9667551957611447e-13,UP,ENSMUSG00000032300
ENSMUSG00000041112.19,NA,2490.0304456728336,0.7174360877952898,0.09286604357602475,7.7254942729196925,1.1142015112083955e-14,1.994537989432629e-13,UP,ENSMUSG00000041112
ENSMUSG00000030138.9,Bms1,1055.8129471339596,0.607517288626448,0.07863971822595298,7.725323822764575,1.1156935077319426e-14,1.9951087058348493e-13,UP,ENSMUSG00000030138
ENSMUSG00000050010.9,Shisa3,662.8814667721392,0.8111219777182724,0.10500350266857723,7.724713529589755,1.1210517086193923e-14,2.002584596300566e-13,UP,ENSMUSG00000050010
ENSMUSG00000039844.21,NA,3092.1196088862016,0.8676325413199876,0.11232718904895408,7.724154309085921,1.1259837333728862e-14,2.0092842990282582e-13,UP,ENSMUSG00000039844
ENSMUSG00000050310.10,NA,599.7287488166824,1.0631472544592688,0.1376752973498354,7.722135160948972,1.1439699068195915e-14,2.037104946112458e-13,UP,ENSMUSG00000050310
ENSMUSG00000038533.16,NA,512.7520984251039,0.6160060294218018,0.07979079216425264,7.720264615918689,1.1608844616666716e-14,2.0649491561388453e-13,UP,ENSMUSG00000038533
ENSMUSG00000070002.8,Ell,1766.2087760883667,0.6350652692281803,0.08226086605122941,7.720138380656996,1.1620347773873191e-14,2.0649491561388453e-13,UP,ENSMUSG00000070002
ENSMUSG00000029012.12,NA,797.625891700726,-0.566663903125834,0.07341282407211841,-7.718868062740122,1.1736731321775116e-14,2.0834535788946517e-13,DOWN,ENSMUSG00000029012
ENSMUSG00000035596.15,NA,2409.276376881274,0.666820683384335,0.08640278319991054,7.717583377395479,1.18555975534734e-14,2.1023596662603613e-13,UP,ENSMUSG00000035596
ENSMUSG00000018923.14,NA,1820.5713253600475,-0.7593778044355219,0.09840997016189514,-7.716472255669447,1.1959359465035243e-14,2.1185506985665555e-13,DOWN,ENSMUSG00000018923
ENSMUSG00000050240.17,NA,106.47987292176333,1.0355864905663068,0.13424130086059677,7.714365727442662,1.2158536082934547e-14,2.1515927640622777e-13,UP,ENSMUSG00000050240
ENSMUSG00000099966.4,2810402E24Rik,97.38969473361972,-1.0206146208030356,0.13232357192942493,-7.713021995411238,1.2287290106553304e-14,2.1721170015805144e-13,DOWN,ENSMUSG00000099966
ENSMUSG00000005871.16,NA,788.1490544402188,1.252848560557605,0.1625166330839805,7.709048217299673,1.2675951926413801e-14,2.2361746728277293e-13,UP,ENSMUSG00000005871
ENSMUSG00000004099.17,NA,2019.221389188182,0.8133200349934953,0.1055073153019566,7.708660130966411,1.271455151485196e-14,2.24065972084531e-13,UP,ENSMUSG00000004099
ENSMUSG00000024191.16,NA,841.0465104824098,-0.6486730678297884,0.08415338030593332,-7.708223549328452,1.275811275694156e-14,2.2460089600884904e-13,DOWN,ENSMUSG00000024191
ENSMUSG00000036026.16,NA,970.1979999907963,0.6824264329332232,0.08854460375639851,7.7071487587283825,1.2865979950489754e-14,2.2626562051502455e-13,UP,ENSMUSG00000036026
ENSMUSG00000020827.19,NA,1611.2913285143136,0.7910687117903784,0.10264644811794528,7.706732442231276,1.29080026214192e-14,2.2677013696266002e-13,UP,ENSMUSG00000020827
ENSMUSG00000047881.15,NA,989.7674543187948,0.6861603383721743,0.0890970215655325,7.701271336747107,1.3471907867634224e-14,2.361493601470975e-13,UP,ENSMUSG00000047881
ENSMUSG00000020536.13,NA,1306.3003255134954,0.7709353407186993,0.10010637757497753,7.701161098765014,1.3483536910668688e-14,2.361493601470975e-13,UP,ENSMUSG00000020536
ENSMUSG00000001323.18,NA,538.2446819428436,0.6673867261367709,0.08667289151286106,7.700063012640347,1.3599914936140444e-14,2.379425446543255e-13,UP,ENSMUSG00000001323
ENSMUSG00000030733.11,NA,950.251829255445,0.5740364869510609,0.07457474643405325,7.697464817512771,1.3879228642200423e-14,2.4257981735792436e-13,UP,ENSMUSG00000030733
ENSMUSG00000022476.9,Polr3h,220.04359058188112,-0.7258042885832607,0.09431950360454408,-7.6951665439881864,1.4130999285954624e-14,2.4647361421225056e-13,DOWN,ENSMUSG00000022476
ENSMUSG00000044636.7,Csrnp2,96.61259241805082,1.1228999469000827,0.14596495265296558,7.6929422199711075,1.4378945955372543e-14,2.505413472510917e-13,UP,ENSMUSG00000044636
ENSMUSG00000018334.19,NA,226.96246183977217,0.9678403417359537,0.12586402775128566,7.689570713949026,1.4762952310083154e-14,2.5670630571091423e-13,UP,ENSMUSG00000018334
ENSMUSG00000025509.16,NA,2319.6509234278697,0.7244891829350929,0.09423294664251404,7.68827898042438,1.4912735906810804e-14,2.590459518194326e-13,UP,ENSMUSG00000025509
ENSMUSG00000020747.19,NA,695.497254081825,1.0360724562673103,0.1347648250527834,7.68800357112111,1.4944863979143927e-14,2.593391396217568e-13,UP,ENSMUSG00000020747
ENSMUSG00000060657.9,Marf1,2402.5886131038815,0.7432067214090731,0.09670527057814723,7.685276272594574,1.526671796039186e-14,2.6465423612071764e-13,UP,ENSMUSG00000060657
ENSMUSG00000021500.19,NA,1416.87812205706,0.6464877591073411,0.08415546474003424,7.682065105390541,1.5654423772593158e-14,2.7109891107608885e-13,UP,ENSMUSG00000021500
ENSMUSG00000020826.10,NA,24104.52636928401,1.0977867695984267,0.14295203712466506,7.679406265760823,1.5982761122992547e-14,2.7650339334446716e-13,UP,ENSMUSG00000020826
ENSMUSG00000037926.16,NA,1296.187337975665,1.0200644856606447,0.13285309241810664,7.678138815544947,1.6141652727135468e-14,2.789684413390912e-13,UP,ENSMUSG00000037926
ENSMUSG00000096188.2,Cmtm4,810.9004896000489,0.580913571638876,0.07566037804298285,7.67790997963105,1.6170505490674272e-14,2.791833668775702e-13,UP,ENSMUSG00000096188
ENSMUSG00000049658.14,NA,772.1481646156376,1.1520477387534611,0.15006639389035253,7.676920254345659,1.6295880347465853e-14,2.8106261783874677e-13,UP,ENSMUSG00000049658
ENSMUSG00000003316.15,NA,6239.4413941928815,1.028361185137942,0.13399739685915896,7.674486290348048,1.660828839525679e-14,2.861606407798754e-13,UP,ENSMUSG00000003316
ENSMUSG00000063550.9,Nup98,2974.9856348288213,0.7732559338412711,0.10076150738294462,7.674120345406386,1.665576548475842e-14,2.863983294578379e-13,UP,ENSMUSG00000063550
ENSMUSG00000006676.18,NA,2946.8139531903594,0.5701750460310792,0.07429838822984403,7.674124023622526,1.665528761545043e-14,2.863983294578379e-13,UP,ENSMUSG00000006676
ENSMUSG00000021375.12,NA,476.2539528253419,0.8987958198928546,0.11713600972860004,7.6730957625697895,1.6789404577961208e-14,2.8840466086142253e-13,UP,ENSMUSG00000021375
ENSMUSG00000057133.15,NA,400.8522566119265,0.9271587362533129,0.12086131748126155,7.671261207268078,1.703133106658192e-14,2.922652029447952e-13,UP,ENSMUSG00000057133
ENSMUSG00000039117.17,NA,357.785291269507,0.8560914817071349,0.11174855270853844,7.660873102669928,1.846732615106228e-14,3.1595105485408964e-13,UP,ENSMUSG00000039117
ENSMUSG00000035235.14,NA,723.0068174948306,0.5247457976537755,0.0684959960494793,7.660970391243249,1.845334024204164e-14,3.1595105485408964e-13,UP,ENSMUSG00000035235
ENSMUSG00000001248.16,NA,2696.0030907851124,0.6777401116678116,0.08848634905596599,7.659261783296691,1.8700486869888033e-14,3.196185725721768e-13,UP,ENSMUSG00000001248
ENSMUSG00000058881.14,NA,1151.1705028709412,0.8972447816040443,0.11716205481002195,7.658151635006103,1.8862809739823043e-14,3.2206921931268135e-13,UP,ENSMUSG00000058881
ENSMUSG00000019373.12,NA,1609.7474904650633,-0.5705726583066187,0.07450827305565585,-7.657843014028992,1.8908181159922784e-14,3.2252008907286543e-13,DOWN,ENSMUSG00000019373
ENSMUSG00000038543.14,NA,2634.1016657939444,-0.6355305533147549,0.08299931443349251,-7.657057864303285,1.9024093250339372e-14,3.2417207396319777e-13,DOWN,ENSMUSG00000038543
ENSMUSG00000029705.18,NA,3983.030957587615,0.5859910270792839,0.07654585798953233,7.655424375273426,1.9267490685339232e-14,3.2799093753241134e-13,UP,ENSMUSG00000029705
ENSMUSG00000042608.16,NA,1998.4953617129174,0.8161641706243928,0.1066270856352076,7.654379426787038,1.9424796801969513e-14,3.3033809441429353e-13,UP,ENSMUSG00000042608
ENSMUSG00000037553.15,NA,2502.1966860095613,0.9520169649531698,0.12455749824376279,7.643192729273061,2.119004393704298e-14,3.595910875788872e-13,UP,ENSMUSG00000037553
ENSMUSG00000033004.17,NA,1397.425442573965,1.1321787701369088,0.1481311944125447,7.643081355192454,2.1208388853441365e-14,3.595910875788872e-13,UP,ENSMUSG00000033004
ENSMUSG00000031851.15,NA,1058.200314101058,-0.5852795074980276,0.07659525732820774,-7.6411977440081875,2.1521023691372952e-14,3.6416570039352087e-13,DOWN,ENSMUSG00000031851
ENSMUSG00000024498.17,NA,833.5619606652314,0.8423107843774972,0.11025757982591287,7.639481890564192,2.1809757853516523e-14,3.6868463425139365e-13,UP,ENSMUSG00000024498
ENSMUSG00000065954.12,NA,2020.3105221272272,0.7148950822857634,0.09358669725781928,7.638853632331096,2.191642785216439e-14,3.7011993252622407e-13,UP,ENSMUSG00000065954
ENSMUSG00000005370.5,Msh6,562.9889035241198,0.6862411270361725,0.08983982308983132,7.638495974663666,2.1977382492398656e-14,3.7078111772394006e-13,UP,ENSMUSG00000005370
ENSMUSG00000029482.5,Aacs,1156.279052520657,0.6087871933585809,0.07974813448129864,7.6338737867447515,2.2780293965099752e-14,3.8394616369721146e-13,UP,ENSMUSG00000029482
ENSMUSG00000000976.14,NA,1192.0216349130094,0.7365724281774416,0.09653800771362697,7.629869785198287,2.3499094609145933e-14,3.9566891378528297e-13,UP,ENSMUSG00000000976
ENSMUSG00000036718.18,NA,2048.9716620162,0.6824147784665616,0.08944257930486003,7.629641092310061,2.354081649636173e-14,3.9597935246006687e-13,UP,ENSMUSG00000036718
ENSMUSG00000018930.4,Ccl4,31890.517379099514,0.6408713587446652,0.08403546472420616,7.6262011621869945,2.417724624044684e-14,4.062828553014219e-13,UP,ENSMUSG00000018930
ENSMUSG00000020706.14,NA,983.9523133976118,0.6038180214866529,0.07918703164538915,7.625213484332085,2.4363085589003253e-14,4.090016125632669e-13,UP,ENSMUSG00000020706
ENSMUSG00000005102.14,NA,469.01948954697224,0.8772860081104846,0.11509296589053093,7.622412032937817,2.4897879184784577e-14,4.167773831739376e-13,UP,ENSMUSG00000005102
ENSMUSG00000035632.17,NA,1073.4494938513303,0.7454176290764025,0.09779300752635399,7.622402132131194,2.4899789562784938e-14,4.167773831739376e-13,UP,ENSMUSG00000035632
ENSMUSG00000040506.17,NA,1464.084658293027,0.75750467084462,0.09941278995588738,7.619790885868397,2.540870041712667e-14,4.248774427666235e-13,UP,ENSMUSG00000040506
ENSMUSG00000079426.14,NA,14400.044015375293,-0.5502042595870852,0.07220980349163418,-7.619523014639262,2.5461481365051595e-14,4.253417996994768e-13,DOWN,ENSMUSG00000079426
ENSMUSG00000032193.10,NA,6982.25186025108,0.6953518222071242,0.09126426455579334,7.619102894123789,2.5544478562885406e-14,4.2630952153133393e-13,UP,ENSMUSG00000032193
ENSMUSG00000039911.14,NA,166.9597721116919,1.0175736950046903,0.13358922150726543,7.617184107546792,2.5926941436981043e-14,4.3226820203656825e-13,UP,ENSMUSG00000039911
ENSMUSG00000107092.2,Gm7993,539.0281529786656,-0.6888639468008886,0.0904760708797275,-7.613769476313971,2.6621543319239e-14,4.4341426609890145e-13,DOWN,ENSMUSG00000107092
ENSMUSG00000048874.16,NA,1394.1136014671881,0.8453162807119724,0.11104782989048342,7.6121818998681245,2.6950688922342567e-14,4.4845735402481183e-13,UP,ENSMUSG00000048874
ENSMUSG00000019943.11,NA,4354.187908126981,0.9189331993449332,0.12074772914234622,7.610355953457542,2.7334205960523528e-14,4.543944345695632e-13,UP,ENSMUSG00000019943
ENSMUSG00000031386.15,NA,3214.9807541124947,1.0646029354012345,0.13992038895379957,7.6086333332932385,2.7700939009839603e-14,4.600411804700511e-13,UP,ENSMUSG00000031386
ENSMUSG00000121069.2,Gm56730,3023.983451354453,0.7999262913455151,0.1052487179206271,7.600342380880842,2.9534829365638566e-14,4.895412360546291e-13,UP,ENSMUSG00000121069
ENSMUSG00000026131.22,NA,1454.7292070884266,1.3564092775476952,0.17849609818520934,7.599097634841695,2.9820274013340295e-14,4.937912170115532e-13,UP,ENSMUSG00000026131
ENSMUSG00000034601.18,NA,161.04858888198476,1.0679940157259546,0.1405545179288414,7.598432490563187,2.997391514167474e-14,4.958525300577049e-13,UP,ENSMUSG00000034601
ENSMUSG00000009035.16,NA,4680.270474160553,0.7532796663886927,0.09915048468414436,7.597337207058084,3.022861199524983e-14,4.990949277584646e-13,UP,ENSMUSG00000009035
ENSMUSG00000042303.20,NA,436.3197062230477,0.5420222316672232,0.07134939042270852,7.596732480207884,3.037014575714438e-14,5.00945391606205e-13,UP,ENSMUSG00000042303
ENSMUSG00000027309.19,NA,1118.1398263215906,0.7681741028295576,0.10114056882788994,7.595113530919062,3.075226986006411e-14,5.067568810467542e-13,UP,ENSMUSG00000027309
ENSMUSG00000020532.19,NA,918.1307758131217,0.8995294410921808,0.11845049047432342,7.594138593180181,3.0984663604691366e-14,5.095988290729027e-13,UP,ENSMUSG00000020532
ENSMUSG00000032067.7,Pts,466.80918535506464,-0.6475743547139364,0.08528413200421897,-7.593140007356834,3.1224484723640706e-14,5.130469441644772e-13,DOWN,ENSMUSG00000032067
ENSMUSG00000032519.12,NA,504.40162818403223,-0.6861355638906677,0.09037771184668497,-7.5918669533769005,3.153287096883318e-14,5.17613903181445e-13,DOWN,ENSMUSG00000032519
ENSMUSG00000032477.15,NA,455.1884367916519,0.7282471570352272,0.0960354085231516,7.583110940374311,3.37366130767055e-14,5.527214277287609e-13,UP,ENSMUSG00000032477
ENSMUSG00000032396.18,NA,725.9815396894705,-0.5839858376331041,0.077023125953081,-7.581954515697555,3.403876198648721e-14,5.571349242947078e-13,DOWN,ENSMUSG00000032396
ENSMUSG00000029911.15,NA,692.3683609283553,-0.7000235307029128,0.09233403849197466,-7.581424381906097,3.417816266797821e-14,5.588786868573437e-13,DOWN,ENSMUSG00000029911
ENSMUSG00000040423.12,NA,1078.765847087485,0.9396770873418029,0.12394991951910839,7.581102843692773,3.426298572623897e-14,5.597275074547742e-13,UP,ENSMUSG00000040423
ENSMUSG00000033364.14,NA,458.89769327078557,0.7573815183524151,0.09997652555771357,7.575593511850945,3.574895004137615e-14,5.83442077162805e-13,UP,ENSMUSG00000033364
ENSMUSG00000041258.19,NA,457.42428192522,0.9789444750718438,0.1292829723820689,7.572106805981976,3.672193428768475e-14,5.987470896417706e-13,UP,ENSMUSG00000041258
ENSMUSG00000034932.5,Mrpl54,1693.3914314839926,-0.7955698360399857,0.10506759756236703,-7.57198084373961,3.675756785714824e-14,5.987540220102136e-13,DOWN,ENSMUSG00000034932
ENSMUSG00000016382.16,NA,2327.6748439405933,0.6046405319699045,0.07985745387219545,7.5714977456904196,3.68945474518491e-14,6.004102143216706e-13,UP,ENSMUSG00000016382
ENSMUSG00000030400.18,NA,597.2955144154143,0.7715077611241632,0.10190194705952163,7.571079683821156,3.701349150090291e-14,6.01770015740301e-13,UP,ENSMUSG00000030400
ENSMUSG00000085126.3,Gm12589,83.10320552895071,-1.6222662126865475,0.2143681184395185,-7.5676654928715585,3.799909313237485e-14,6.172039902666349e-13,DOWN,ENSMUSG00000085126
ENSMUSG00000083307.2,AA414768,491.9299738901071,-0.5651414125808313,0.07469779804785714,-7.565703773741206,3.857702563750886e-14,6.25993223274309e-13,DOWN,ENSMUSG00000083307
ENSMUSG00000005907.15,NA,294.93367706591533,0.7490579661642779,0.09904865988177707,7.562524995879215,3.9531911960639425e-14,6.408767347975539e-13,UP,ENSMUSG00000005907
ENSMUSG00000037275.15,NA,472.52992033138725,0.7023173912796923,0.09287360307071338,7.562077577037172,3.966816653701696e-14,6.424731810747718e-13,UP,ENSMUSG00000037275
ENSMUSG00000025579.15,NA,3340.631538663161,0.7253999464928673,0.09593015218642888,7.56175123211666,3.9767841063429643e-14,6.434746956467027e-13,UP,ENSMUSG00000025579
ENSMUSG00000024900.6,Cpt1a,2765.187943098254,0.8267167381576528,0.10933164670360715,7.561550228899801,3.9829355376769386e-14,6.438574311191447e-13,UP,ENSMUSG00000024900
ENSMUSG00000020576.11,NA,667.7513317957828,0.7993850513709762,0.1057213638093946,7.5612442231845405,3.992318398080107e-14,6.447613169776857e-13,UP,ENSMUSG00000020576
ENSMUSG00000024991.9,Eif3a,5167.187553390143,0.8239817564117028,0.10901504588570969,7.558422323424578,4.079875340457308e-14,6.582766607193261e-13,UP,ENSMUSG00000024991
ENSMUSG00000118087.4,4833438C02Rik,307.3382454761773,-0.617613742277608,0.08177656725747967,-7.552453752833678,4.271333383527955e-14,6.878626469723145e-13,DOWN,ENSMUSG00000118087
ENSMUSG00000019763.12,NA,451.41987346158254,-0.5565540134032698,0.07369444856087026,-7.552183702732593,4.2802017734372826e-14,6.886387072760117e-13,DOWN,ENSMUSG00000019763
ENSMUSG00000041890.18,NA,1908.5891619621852,0.5348014753460948,0.07082483076170995,7.551044875002012,4.317800238238423e-14,6.940312934922743e-13,UP,ENSMUSG00000041890
ENSMUSG00000025762.17,NA,194.54175957491896,0.9734040972198387,0.12895602696367042,7.548341245764858,4.4083662850593156e-14,7.07919518826428e-13,UP,ENSMUSG00000025762
ENSMUSG00000064354.1,mt-Co2,23519.66974913088,0.8180523622646898,0.10848106438077998,7.54096917221645,4.6649139523285655e-14,7.477052466851987e-13,UP,ENSMUSG00000064354
ENSMUSG00000102070.2,Gm28661,23520.294445772328,0.817996190035561,0.10849230488863158,7.539670125685339,4.71161769154342e-14,7.544799478567551e-13,UP,ENSMUSG00000102070
ENSMUSG00000022503.11,NA,1617.4387982743062,-0.6356199495007269,0.08431040251304926,-7.539045367531579,4.7342426257970487e-14,7.573897468890367e-13,DOWN,ENSMUSG00000022503
ENSMUSG00000001855.16,NA,1249.7235280799844,0.9727271541343524,0.12904734455618158,7.537754127988813,4.781342535882959e-14,7.64205932004e-13,UP,ENSMUSG00000001855
ENSMUSG00000034187.19,NA,3842.543221459112,0.5262687684723393,0.06982927661760344,7.536506089763371,4.8273043687134446e-14,7.708275877402896e-13,UP,ENSMUSG00000034187
ENSMUSG00000020919.12,NA,1975.910745296203,0.5558692900146947,0.07378633838583923,7.533498777347851,4.939847543647092e-14,7.880586053214113e-13,UP,ENSMUSG00000020919
ENSMUSG00000033955.14,NA,273.8959471537396,0.873173787066483,0.11591984123831336,7.532565415366399,4.97529861637651e-14,7.929702743214521e-13,UP,ENSMUSG00000033955
ENSMUSG00000054226.14,NA,623.7814012818978,-0.5784143821812717,0.07684699177259675,-7.526831810058326,5.19862630999534e-14,8.270143968922428e-13,DOWN,ENSMUSG00000054226
ENSMUSG00000083367.2,Gm8806,652.7196440660093,0.506674217518545,0.06731824388233829,7.526551322463669,5.209800776329965e-14,8.280174953482933e-13,UP,ENSMUSG00000083367
ENSMUSG00000052917.16,NA,449.5749247290333,0.9390631555782698,0.12477710271127716,7.525925311402496,5.234825943812905e-14,8.312180205460529e-13,UP,ENSMUSG00000052917
ENSMUSG00000011832.17,NA,730.3470479962742,0.7449472697481512,0.09899065051824368,7.525430592163445,5.254686215298515e-14,8.335932255351357e-13,UP,ENSMUSG00000011832
ENSMUSG00000029581.15,NA,406.26885237887933,0.7189282418803893,0.09555998472622124,7.523318928316222,5.340294212687726e-14,8.463843744731358e-13,UP,ENSMUSG00000029581
ENSMUSG00000028680.15,NA,725.9449547932618,0.7556536447703291,0.1004797325445093,7.520458361447159,5.458453583938853e-14,8.643059743804853e-13,UP,ENSMUSG00000028680
ENSMUSG00000030527.16,NA,468.9031503817392,0.8507071186355241,0.11314183429030275,7.518944022533292,5.5220419946083355e-14,8.735613596307846e-13,UP,ENSMUSG00000030527
ENSMUSG00000020776.19,NA,363.0687479696706,0.8476832232818494,0.11275853775927545,7.51768549084541,5.575442538851496e-14,8.81189366316994e-13,UP,ENSMUSG00000020776
ENSMUSG00000047409.14,NA,149.7246832121357,0.9842747703399485,0.13096097305404503,7.515786935499919,5.65696184587335e-14,8.932432047439386e-13,UP,ENSMUSG00000047409
ENSMUSG00000028688.14,NA,409.4083634618706,-0.7009972335840113,0.09327477061880372,-7.515400240959626,5.673708635972968e-14,8.950564848177763e-13,DOWN,ENSMUSG00000028688
ENSMUSG00000025280.9,Polr3a,642.1905910931539,0.6340203204491167,0.08437676690439097,7.514157554383875,5.727857024166866e-14,9.027612284799048e-13,UP,ENSMUSG00000025280
ENSMUSG00000029708.10,NA,694.2270875259441,0.5834967513742644,0.0776656245588265,7.512934514964272,5.781645298055608e-14,9.103949994327193e-13,UP,ENSMUSG00000029708
ENSMUSG00000085795.9,Zfp703,1069.0897435537236,0.8843845054048992,0.1177460828023343,7.510946303747155,5.870146848468025e-14,9.234756457451178e-13,UP,ENSMUSG00000085795
ENSMUSG00000029512.12,NA,873.1975788853837,0.919364782031686,0.12241684539019385,7.510116594667055,5.907472472729129e-14,9.284886956675744e-13,UP,ENSMUSG00000029512
ENSMUSG00000056076.14,NA,5124.214747076634,0.5166577395890397,0.06880736326933129,7.508756549305582,5.969161338510487e-14,9.373181691847586e-13,UP,ENSMUSG00000056076
ENSMUSG00000051671.8,Coa6,391.8955216454276,-0.7061212946700413,0.09406462847544293,-7.5067674865094,6.060523133093079e-14,9.507864981677205e-13,DOWN,ENSMUSG00000051671
ENSMUSG00000020863.16,NA,1051.959902954561,0.5875854818719346,0.07828422174292037,7.505797065997823,6.105594155943112e-14,9.569745089029361e-13,UP,ENSMUSG00000020863
ENSMUSG00000042699.12,NA,2188.0715998476144,0.8605995973558672,0.11467013355347748,7.505002136886137,6.142759900115937e-14,9.619132123514883e-13,UP,ENSMUSG00000042699
ENSMUSG00000090258.8,Churc1,600.7293047048466,-0.7805160110058046,0.10402691121231905,-7.503020150360617,6.236396096099594e-14,9.756775713916255e-13,DOWN,ENSMUSG00000090258
ENSMUSG00000052395.18,NA,924.3069379792504,-0.5333858021872114,0.07110149507282142,-7.501752271747917,6.297029705052143e-14,9.842581540819554e-13,DOWN,ENSMUSG00000052395
ENSMUSG00000037636.7,Slc25a43,251.8806838926661,-0.7802277608855639,0.10402020275582338,-7.500732936630277,6.346197193830864e-14,9.91032410268941e-13,DOWN,ENSMUSG00000037636
ENSMUSG00000018547.9,Pip4k2b,2357.1059584501304,0.7005801867985177,0.0934186905419896,7.499357813023751,6.413124537824648e-14,1.0005650999105135e-12,UP,ENSMUSG00000018547
ENSMUSG00000017677.12,NA,2043.4883631110263,-0.5252359099692286,0.07005965171646171,-7.496981459384211,6.530421191195541e-14,1.0170339388772872e-12,DOWN,ENSMUSG00000017677
ENSMUSG00000053754.15,NA,2122.3511096082834,0.8346102375145787,0.11133736845837523,7.496227448797727,6.568077978650317e-14,1.0219280338968644e-12,UP,ENSMUSG00000053754
ENSMUSG00000034330.11,NA,4514.763223002369,0.644594657226522,0.08600639639951532,7.494729278416257,6.64353413509685e-14,1.0327234140901009e-12,UP,ENSMUSG00000034330
ENSMUSG00000057506.6,Bloc1s2,1140.0836563540347,-0.6428188214776794,0.08577106884408063,-7.494587978683475,6.650694594457898e-14,1.0328923495283198e-12,DOWN,ENSMUSG00000057506
ENSMUSG00000026811.19,NA,948.2085610980191,0.6228345686021257,0.0831221874970076,7.493000212783714,6.731679169267589e-14,1.0445158389832539e-12,UP,ENSMUSG00000026811
ENSMUSG00000028602.13,NA,301.17184725289445,-0.7526163173446782,0.10045883095876054,-7.491788528314006,6.794133034973843e-14,1.0522862148703567e-12,DOWN,ENSMUSG00000028602
ENSMUSG00000060538.15,NA,3394.864728001182,-0.5865575494314041,0.07829244274879125,-7.491879533168096,6.789422653184888e-14,1.0522862148703567e-12,DOWN,ENSMUSG00000060538
ENSMUSG00000050947.10,NA,80.00210921787776,1.0479968013428498,0.1398946339454266,7.491329522701187,6.817940025954198e-14,1.0550126304037951e-12,UP,ENSMUSG00000050947
ENSMUSG00000034258.5,Flvcr2,27.61922026564749,1.5637933395495347,0.20880005224208775,7.489429828956343,6.917345489523247e-14,1.069421612680294e-12,UP,ENSMUSG00000034258
ENSMUSG00000024045.7,Akap8,779.8171586893517,0.5707727798594571,0.0762262176194637,7.487880124248946,6.999491081352677e-14,1.0811384680243743e-12,UP,ENSMUSG00000024045
ENSMUSG00000035765.11,NA,1088.2136469879292,0.5599573098446319,0.07479604871471358,7.486455761592648,7.075837960534967e-14,1.0919392046901783e-12,UP,ENSMUSG00000035765
ENSMUSG00000022867.12,NA,7135.454150452179,0.6504523665176924,0.08688585026183451,7.4862864845947215,7.084965579369079e-14,1.0923565244129698e-12,UP,ENSMUSG00000022867
ENSMUSG00000040560.11,NA,1637.6304042294141,0.8863749876888164,0.11847392225198615,7.481604144104859,7.342082147884075e-14,1.1309732699901865e-12,UP,ENSMUSG00000040560
ENSMUSG00000040848.12,NA,3468.6709755266156,0.5521512690335361,0.07385660988557001,7.4759898929698165,7.662484603908626e-14,1.1792598477291411e-12,UP,ENSMUSG00000040848
ENSMUSG00000107853.2,Gm18584,322.6971687399962,-0.6389200740939731,0.08546814040169655,-7.475534989893035,7.689039588706167e-14,1.1810643233328374e-12,DOWN,ENSMUSG00000107853
ENSMUSG00000035671.7,Zswim4,1922.9703371161856,0.7808138044454114,0.10444823216086416,7.475605745464934,7.684903296397873e-14,1.1810643233328374e-12,UP,ENSMUSG00000035671
ENSMUSG00000024260.16,NA,1102.9425921857217,0.8387150700186115,0.1121961957952186,7.475432335954072,7.695044515187485e-14,1.1810643233328374e-12,UP,ENSMUSG00000024260
ENSMUSG00000075415.14,NA,7550.307828034273,0.6101911958646842,0.08163843405154066,7.474312839948071,7.760831452733849e-14,1.190087463347086e-12,UP,ENSMUSG00000075415
ENSMUSG00000037905.14,NA,1065.7324688918857,0.7271513847320688,0.09730646284381327,7.472796394821384,7.850827410805004e-14,1.2028033418752244e-12,UP,ENSMUSG00000037905
ENSMUSG00000022272.18,NA,956.4938554455713,0.9345562758041915,0.1251620832913693,7.466768299378691,8.218829962884077e-14,1.2569192657266781e-12,UP,ENSMUSG00000022272
ENSMUSG00000081650.3,Gm16181,151.4068907255746,-0.9464953600989109,0.126759138734504,-7.466880648986877,8.211818640357177e-14,1.2569192657266781e-12,DOWN,ENSMUSG00000081650
ENSMUSG00000095609.4,Anxa2r1,6747.750263042677,-0.5933100767764863,0.07946141216838683,-7.466644004755437,8.226593585570165e-14,1.256976195114162e-12,DOWN,ENSMUSG00000095609
ENSMUSG00000058325.7,Dock1,625.3797544445847,0.8777622746306277,0.11762185864251865,7.462577830013384,8.484586536603655e-14,1.2952323037834987e-12,UP,ENSMUSG00000058325
ENSMUSG00000022568.18,NA,741.8272569667758,0.7732716211794286,0.10363663079771641,7.461373601470527,8.562508013304778e-14,1.3059552580651215e-12,UP,ENSMUSG00000022568
ENSMUSG00000047281.4,Sfn,131.0600513864829,1.1058927702335142,0.14825070313957184,7.459612310859412,8.677743331387189e-14,1.322345009799019e-12,UP,ENSMUSG00000047281
ENSMUSG00000026475.8,Rgs16,55.147027740906616,1.1663677964512504,0.1564620776137952,7.454635744581295,9.011645175240696e-14,1.3719967578347651e-12,UP,ENSMUSG00000026475
ENSMUSG00000078676.10,NA,1348.0083585733212,0.5124985167590637,0.0687950453981455,7.449642831006534,9.359326467755816e-14,1.4236556879307282e-12,UP,ENSMUSG00000078676
ENSMUSG00000002250.17,NA,1450.2527625007717,0.8492067016984743,0.11401492839022323,7.448206245343691,9.461782676709841e-14,1.4366703232154246e-12,UP,ENSMUSG00000002250
ENSMUSG00000024241.8,Sos1,773.1827183947462,0.8532893545795,0.11457973189338452,7.447122981344367,9.539768512752113e-14,1.4472194766089423e-12,UP,ENSMUSG00000024241
ENSMUSG00000040857.16,NA,648.728414263645,0.7648821643839976,0.10275246815015542,7.443929845716711,9.773341516396211e-14,1.4813319592498572e-12,UP,ENSMUSG00000040857
ENSMUSG00000019975.13,NA,675.0891991196062,0.5306262635206119,0.07129968866319188,7.442196080647758,9.902508886984414e-14,1.499573162351353e-12,UP,ENSMUSG00000019975
ENSMUSG00000058056.17,NA,459.83096376739803,0.7223567372415896,0.09707021088006988,7.441590274631837,9.948036467034323e-14,1.505127296782791e-12,UP,ENSMUSG00000058056
ENSMUSG00000024940.12,NA,838.461138066003,0.8702104213214807,0.11701616894780585,7.436668189928789,1.0325647667711133e-13,1.5594845846988946e-12,UP,ENSMUSG00000024940
ENSMUSG00000034973.17,NA,453.63174360850473,0.9736911948322204,0.13097329796324858,7.434272557643318,1.051449714648023e-13,1.5865975019790842e-12,UP,ENSMUSG00000034973
ENSMUSG00000029475.18,NA,864.3736389310409,0.5492959691023954,0.07390164307379636,7.432797787105788,1.0632438169744675e-13,1.6029720169740953e-12,UP,ENSMUSG00000029475
ENSMUSG00000020196.11,NA,1044.1626094714895,0.7199944414349692,0.09689368078565641,7.430767781726722,1.0796911762428614e-13,1.626326673444296e-12,UP,ENSMUSG00000020196
ENSMUSG00000035969.16,NA,2407.5396049371648,0.8932137549254666,0.12023223578465217,7.42907049092309,1.0936345655517855e-13,1.642963729838663e-12,UP,ENSMUSG00000035969
ENSMUSG00000030094.9,Xpc,417.5342070845803,0.6788600699618008,0.09138127305962726,7.428875164814539,1.0952504969993216e-13,1.643939095496069e-12,UP,ENSMUSG00000030094
ENSMUSG00000005566.15,NA,3019.071537299136,0.6294663722602749,0.08477931081761222,7.424763968823256,1.1298120727974601e-13,1.6943195864191891e-12,UP,ENSMUSG00000005566
ENSMUSG00000020593.17,NA,274.3660450139922,1.3563919870222088,0.18268831400645025,7.424623706223038,1.13100993289479e-13,1.694621578749674e-12,UP,ENSMUSG00000020593
ENSMUSG00000027134.5,Lpcat4,271.5378621340977,0.9431793666106179,0.12711906757282432,7.419652964888896,1.1742760924380155e-13,1.7563534941073783e-12,UP,ENSMUSG00000027134
ENSMUSG00000042423.10,NA,2468.4730326366416,0.8440341592653063,0.11383908934678728,7.414273639295642,1.2229318757374383e-13,1.827520165095859e-12,UP,ENSMUSG00000042423
ENSMUSG00000025532.14,NA,1431.9766238215236,-0.5386620648385312,0.07265703551197293,-7.4137633202742865,1.227649291849567e-13,1.832959074380486e-12,DOWN,ENSMUSG00000025532
ENSMUSG00000041879.14,NA,2106.346303569537,0.6732198346750747,0.09081143506531145,7.413381741967805,1.2311883023084608e-13,1.836630549917341e-12,UP,ENSMUSG00000041879
ENSMUSG00000029104.16,NA,1731.0622751843798,0.9929258968132402,0.13397173544030805,7.411458047848044,1.2491831626933114e-13,1.8618412677267705e-12,UP,ENSMUSG00000029104
ENSMUSG00000020074.8,Ccar1,1237.1345713688838,0.5997785983969004,0.08093871010702593,7.410281157233766,1.2603193477698183e-13,1.8767942931850728e-12,UP,ENSMUSG00000020074
ENSMUSG00000026788.14,NA,683.6320521727832,0.565160842157675,0.07631262199786198,7.4058632420402075,1.303000598249141e-13,1.9386551333180133e-12,UP,ENSMUSG00000026788
ENSMUSG00000028991.16,NA,1035.0542358726964,0.7481992292716974,0.10109341546060992,7.40106787235046,1.3509365648429474e-13,2.0064652595387917e-12,UP,ENSMUSG00000028991
ENSMUSG00000048109.11,NA,385.53102980397,0.7006670025467487,0.09477308143303895,7.393101416057666,1.4344298360636258e-13,2.128613768943981e-12,UP,ENSMUSG00000048109
ENSMUSG00000027312.15,NA,1228.2534592948816,0.8863833238102168,0.11990574874379765,7.392333838005967,1.442737380815927e-13,2.1390751436927335e-12,UP,ENSMUSG00000027312
ENSMUSG00000034216.13,NA,2832.3224099372874,0.531890472062101,0.07195305345724476,7.392187634929987,1.4443250973052927e-13,2.1395638157468475e-12,UP,ENSMUSG00000034216
ENSMUSG00000040370.14,NA,797.9147669842318,-0.5470688908346709,0.07404811872577573,-7.388018767372673,1.490327123721046e-13,2.2038698318260962e-12,DOWN,ENSMUSG00000040370
ENSMUSG00000085761.4,4930455G09Rik,149.9285452353843,-1.289929747941003,0.17460088411742195,-7.38787638139051,1.491923468489317e-13,2.2043136841988987e-12,DOWN,ENSMUSG00000085761
ENSMUSG00000020680.16,NA,1151.125305763418,0.6957236810507049,0.09418792257957546,7.386548742095005,1.506889251665809e-13,2.22449293522819e-12,UP,ENSMUSG00000020680
ENSMUSG00000059552.14,NA,1615.3095245238565,0.5139752667688469,0.06960026930058291,7.384673535516654,1.528279081838048e-13,2.254112234669371e-12,UP,ENSMUSG00000059552
ENSMUSG00000040711.9,Sh3pxd2b,4503.474454544855,0.8956841650118055,0.12130150116411609,7.383949550632359,1.5366169100637425e-13,2.2644460288166382e-12,UP,ENSMUSG00000040711
ENSMUSG00000071659.5,Hnrnpul2,4196.158103559331,0.6135940741906263,0.08310920486885892,7.382985737366144,1.5477861324262467e-13,2.2789308197437878e-12,UP,ENSMUSG00000071659
ENSMUSG00000024222.19,NA,689.4737492323345,0.7151372136866513,0.09691972730779598,7.378654826540432,1.5989677535175594e-13,2.3522530809965065e-12,UP,ENSMUSG00000024222
ENSMUSG00000007817.16,NA,4823.364951804259,1.2026907048994617,0.1630029575175398,7.378336707602665,1.6027920909855103e-13,2.3558411667501805e-12,UP,ENSMUSG00000007817
ENSMUSG00000054874.13,NA,1236.874290301524,0.9212371432957027,0.12485947448692994,7.378191739803744,1.60453783317384e-13,2.3563705000824114e-12,UP,ENSMUSG00000054874
ENSMUSG00000032177.19,NA,266.9072118606124,0.9120222296684979,0.12366516384503377,7.374932449136309,1.6442840203564324e-13,2.4126569499725187e-12,UP,ENSMUSG00000032177
ENSMUSG00000020788.16,NA,2173.1527990641603,0.7220485357896308,0.09795764732552359,7.371027740082276,1.693176045193838e-13,2.482254467635035e-12,UP,ENSMUSG00000020788
ENSMUSG00000033124.17,NA,1259.6163475706267,1.1781439282834723,0.15992446273268837,7.366877512996397,1.7467083208682726e-13,2.5585290012649306e-12,UP,ENSMUSG00000033124
ENSMUSG00000032077.6,Bud13,613.3381377998181,0.5005261083194493,0.06795957604971885,7.3650563675274725,1.7707203138970384e-13,2.5914689895123094e-12,UP,ENSMUSG00000032077
ENSMUSG00000036591.17,NA,818.3124381936678,1.0998069792515515,0.1493312673229142,7.364880771240807,1.7730526401611346e-13,2.592651177865886e-12,UP,ENSMUSG00000036591
ENSMUSG00000042286.14,NA,26620.12890004821,0.77763033334897,0.10559185354190079,7.364491741215548,1.778230618060168e-13,2.5979888222277676e-12,UP,ENSMUSG00000042286
ENSMUSG00000135415.1,ENSMUSG00000135415,41.706988552866235,-1.3074998720515532,0.17774758967298027,-7.355935877707761,1.8959401753382561e-13,2.767584431055999e-12,DOWN,ENSMUSG00000135415
ENSMUSG00000000538.19,NA,724.6815919204521,0.634572288505667,0.0863178376596301,7.351577677465959,1.9588087652747056e-13,2.856904104825184e-12,UP,ENSMUSG00000000538
ENSMUSG00000026111.16,NA,1632.7607703261817,-0.5367630513080678,0.07305517651602558,-7.347365058933531,2.021522080792869e-13,2.9408044915281033e-12,DOWN,ENSMUSG00000026111
ENSMUSG00000118667.1,Ahnak2,647.9462192059527,1.1159617757373161,0.1519745155565304,7.343084935330546,2.0872597448221738e-13,3.0312501469210832e-12,UP,ENSMUSG00000118667
ENSMUSG00000027284.17,NA,255.69739679729884,0.6482446516655126,0.08829267945198836,7.341997724941782,2.1042897365553558e-13,3.0533746808754593e-12,UP,ENSMUSG00000027284
ENSMUSG00000028161.18,NA,2744.938991534003,0.5289281515447912,0.07205363768236311,7.340755700308789,2.1239118085441275e-13,3.0792194557631228e-12,UP,ENSMUSG00000028161
ENSMUSG00000115801.3,Gm55330,254.76809299434146,1.335678187385882,0.18199586884430005,7.339057726241978,2.1510282907703468e-13,3.1158762447053252e-12,UP,ENSMUSG00000115801
ENSMUSG00000039523.17,NA,701.0544997224625,0.7153142714171371,0.09750120441347376,7.336466002857779,2.1930748731927102e-13,3.1700441925748788e-12,UP,ENSMUSG00000039523
ENSMUSG00000060950.13,NA,186.2162451748975,-0.7994912526845381,0.10897583479867196,-7.336408609868077,2.1940150621313845e-13,3.1700441925748788e-12,DOWN,ENSMUSG00000060950
ENSMUSG00000007950.10,NA,503.3984956571738,0.9330786206321179,0.1272074871801619,7.335091992742643,2.2156924155129113e-13,3.1986473020553964e-12,UP,ENSMUSG00000007950
ENSMUSG00000037992.17,NA,535.6581020247419,0.7769562117834241,0.10593641879147792,7.3341747875464955,2.230917877547768e-13,3.2178956255790795e-12,UP,ENSMUSG00000037992
ENSMUSG00000055670.15,NA,1859.7474540813698,0.8853468101932559,0.12071974869071143,7.333902031734244,2.2354653745772477e-13,3.2217223864458196e-12,UP,ENSMUSG00000055670
ENSMUSG00000014980.15,NA,195.38318154645438,-0.9823334929793234,0.13398354322451797,-7.3317473873131895,2.2717100201410677e-13,3.2711854870888227e-12,DOWN,ENSMUSG00000014980
ENSMUSG00000052040.11,NA,2577.580350230743,0.7141042413992996,0.09740959851879324,7.330943277232864,2.2853838665013915e-13,3.288091204206655e-12,UP,ENSMUSG00000052040
ENSMUSG00000039218.18,NA,4367.49773560152,1.1909184536066817,0.16247788960897852,7.329726256740299,2.3062331558800157e-13,3.3152832670241374e-12,UP,ENSMUSG00000039218
ENSMUSG00000078517.14,NA,958.100933153268,0.5976102267540638,0.08156340198574771,7.326940909827296,2.3546558102530023e-13,3.3820335058414322e-12,UP,ENSMUSG00000078517
ENSMUSG00000021143.11,NA,2358.285241963033,0.7044901125143146,0.09616535734515737,7.3258201494094575,2.3744205431011805e-13,3.407543945652209e-12,UP,ENSMUSG00000021143
ENSMUSG00000036087.19,NA,2032.9050538515828,0.5119113524931842,0.06993439179762141,7.31987995226399,2.4819288495876457e-13,3.552835186539352e-12,UP,ENSMUSG00000036087
ENSMUSG00000028184.14,NA,887.8531795467783,0.8961107236059183,0.12244765774026414,7.3183165782292665,2.511009320032955e-13,3.5914402436064287e-12,UP,ENSMUSG00000028184
ENSMUSG00000041671.14,NA,238.05110060030682,-0.8191748250444767,0.11197588878867804,-7.315635838268998,2.5616549542962005e-13,3.6607986682992594e-12,DOWN,ENSMUSG00000041671
ENSMUSG00000026234.13,NA,5534.911255396892,0.633647136070362,0.08663643126781172,7.313864696384173,2.59566515341206e-13,3.706287287903064e-12,UP,ENSMUSG00000026234
ENSMUSG00000066233.7,Tmem42,81.65470828323917,-1.3487456907618496,0.1844269376548273,-7.313170775985863,2.6091106879421434e-13,3.7223604328141016e-12,DOWN,ENSMUSG00000066233
ENSMUSG00000038025.9,Phf2,820.884189067506,1.0266012112665164,0.14045554336854504,7.309082907271165,2.6897178309044575e-13,3.834144294414183e-12,UP,ENSMUSG00000038025
ENSMUSG00000034269.13,NA,2775.1445690403607,0.8870295960033879,0.12141469583477504,7.305784443182116,2.7565378072905267e-13,3.92610401597845e-12,UP,ENSMUSG00000034269
ENSMUSG00000033335.19,NA,5797.587183918949,0.5490570141905093,0.07516265337580416,7.3049179283931185,2.774360320021432e-13,3.944880568752882e-12,UP,ENSMUSG00000033335
ENSMUSG00000109609.2,Gm4972,81.19991830760428,1.2651900123094593,0.17330779320993583,7.300248816721562,2.87236049507146e-13,4.080815587233521e-12,UP,ENSMUSG00000109609
ENSMUSG00000036622.16,NA,5984.867210937435,0.7510447609989321,0.10290208175094206,7.298635248378309,2.907012016164655e-13,4.126598192562281e-12,UP,ENSMUSG00000036622
ENSMUSG00000047843.17,NA,4527.799754121119,-0.8039201265336056,0.11016417651287735,-7.297473207541595,2.932220934671061e-13,4.158911527524275e-12,DOWN,ENSMUSG00000047843
ENSMUSG00000045252.12,NA,423.51591155387365,0.8958858044962671,0.12278809875211674,7.296194123054804,2.9602172309450254e-13,4.1916281623189926e-12,UP,ENSMUSG00000045252
ENSMUSG00000026499.6,Acbd3,2285.9771133857116,0.576925893310667,0.07908637782995424,7.294883254751292,2.9891815866281895e-13,4.229119971896755e-12,UP,ENSMUSG00000026499
ENSMUSG00000018858.16,NA,958.5564887779889,-0.8748963390887653,0.11999683811514385,-7.2909949364603435,3.0767433274372064e-13,4.342165728331712e-12,DOWN,ENSMUSG00000018858
ENSMUSG00000021286.9,Zfyve21,423.3427801820218,-0.8641832977713577,0.11852736908729844,-7.2910021071577535,3.0765795533351933e-13,4.342165728331712e-12,DOWN,ENSMUSG00000021286
ENSMUSG00000022614.9,Lmf2,1905.3741830175493,0.60738218023562,0.08336764135440623,7.28558671407726,3.2027339216871496e-13,4.516226622903123e-12,UP,ENSMUSG00000022614
ENSMUSG00000064181.7,Rab3ip,367.73758421601457,0.7344240086033573,0.10081007412814291,7.2852243682492235,3.211353981249547e-13,4.524630141270075e-12,UP,ENSMUSG00000064181
ENSMUSG00000002546.18,NA,2069.731418856635,0.6298220525192135,0.08646353148105945,7.284250848083636,3.23462663849283e-13,4.553647401838499e-12,UP,ENSMUSG00000002546
ENSMUSG00000055541.20,NA,3952.9860142075704,-0.6120900782667598,0.08410247273750947,-7.277908227230628,3.3903583129365307e-13,4.764994501636251e-12,DOWN,ENSMUSG00000055541
ENSMUSG00000055452.7,Gm7353,489.5191809852014,0.9372762475839463,0.12881691599895373,7.2760338990847995,3.4377723728457104e-13,4.8276430200342e-12,UP,ENSMUSG00000055452
ENSMUSG00000030878.12,NA,759.7360744605578,0.6453281393828108,0.08870441474283662,7.275039706351533,3.4631857302227176e-13,4.8593181953933614e-12,UP,ENSMUSG00000030878
ENSMUSG00000036197.17,NA,1139.5007215437315,0.6262697159130787,0.08609142932869879,7.274472276699791,3.477772860990302e-13,4.8757630069250676e-12,UP,ENSMUSG00000036197
ENSMUSG00000121135.2,Hmga2-ps1,231.17994890009732,-0.9920848387449104,0.1364345969916346,-7.271504886738804,3.555045134702765e-13,4.971800786246318e-12,DOWN,ENSMUSG00000121135
ENSMUSG00000000276.12,NA,324.27574279212956,0.7587563526276868,0.10434508812632978,7.271605844149237,3.552388660829096e-13,4.971800786246318e-12,UP,ENSMUSG00000000276
ENSMUSG00000020021.5,Fgd6,1290.301430608648,0.8081890304761514,0.11115180998853828,7.271037966538646,3.5673565183485837e-13,4.9849190592470016e-12,UP,ENSMUSG00000020021
ENSMUSG00000033054.8,Npat,380.1890787440892,0.8049614516912168,0.11073463062356358,7.269283756656398,3.613985420855089e-13,5.045930711581416e-12,UP,ENSMUSG00000033054
ENSMUSG00000043241.15,NA,752.4479598503946,0.8812414622150908,0.12126625970701581,7.266996313271357,3.675688333686016e-13,5.127871681924888e-12,UP,ENSMUSG00000043241
ENSMUSG00000121141.1,Gm56878,1737.5410439174423,0.7941219272826009,0.109311348886201,7.264771090779646,3.7367051475478444e-13,5.2087219458359546e-12,UP,ENSMUSG00000121141
ENSMUSG00000043939.17,NA,1069.3554296594903,-0.6810753368837869,0.09379624015374173,-7.261222153120786,3.836083107382162e-13,5.342868904516057e-12,DOWN,ENSMUSG00000043939
ENSMUSG00000097101.6,1810034E14Rik,79.7604229321776,-1.439742642434195,0.19832511629463043,-7.259507365145438,3.885026404080175e-13,5.406608758411412e-12,DOWN,ENSMUSG00000097101
ENSMUSG00000039286.13,NA,2217.432479178718,0.9621068925373514,0.1325485893107325,7.258522308991857,3.913418537460741e-13,5.4416676735942236e-12,UP,ENSMUSG00000039286
ENSMUSG00000059498.14,NA,48037.43221337142,-0.5035599532814091,0.0693797293904302,-7.258027059282059,3.9277699232739485e-13,5.45716138196052e-12,DOWN,ENSMUSG00000059498
ENSMUSG00000031767.14,NA,376.5361148756154,-0.7624853092616912,0.10506179855065968,-7.2574933970317375,3.9432922834222933e-13,5.474255393622818e-12,DOWN,ENSMUSG00000031767
ENSMUSG00000089847.9,Timm10b,687.4508497771716,-0.7798115554665257,0.10746522490952806,-7.2564083509156285,3.975038447018232e-13,5.5138257610107705e-12,DOWN,ENSMUSG00000089847
ENSMUSG00000034602.16,NA,2364.06317965969,0.7520300093970653,0.10365984336162246,7.25478627990563,4.022965400545577e-13,5.5757579137471946e-12,UP,ENSMUSG00000034602
ENSMUSG00000033478.7,Fhip2a,900.9301800841423,0.6252291529668889,0.08620452795877909,7.25285745159301,4.080694984049869e-13,5.6511644054358364e-12,UP,ENSMUSG00000033478
ENSMUSG00000040112.10,NA,451.16271044015497,-0.7218271367325927,0.09953765684296102,-7.251799566383283,4.1127019860446077e-13,5.690855164741627e-12,DOWN,ENSMUSG00000040112
ENSMUSG00000126783.1,ENSMUSG00000126783,46.7088085645528,-1.456298409308998,0.20082597637273436,-7.251544026386797,4.120470405565496e-13,5.696969082686734e-12,DOWN,ENSMUSG00000126783
ENSMUSG00000035696.16,NA,1087.7783925616882,0.6999316187784462,0.09653860522804888,7.250276893114715,4.1592046524842196e-13,5.745851691319792e-12,UP,ENSMUSG00000035696
ENSMUSG00000034621.15,NA,1044.6493197087862,0.8998848660188116,0.12412749220680547,7.249682161624095,4.177507722221532e-13,5.76177585759119e-12,UP,ENSMUSG00000034621
ENSMUSG00000018476.8,Kdm6b,540.3512554271836,1.2922982769049793,0.17842584296910383,7.24277523592114,4.3959510679499754e-13,6.05324241793986e-12,UP,ENSMUSG00000018476
ENSMUSG00000027001.11,NA,301.6487063621129,-0.7626662454608334,0.1053315526137456,-7.240624737181617,4.466226004108464e-13,6.1450355522547365e-12,DOWN,ENSMUSG00000027001
ENSMUSG00000048924.15,NA,141.2904458551932,-0.9042484378077825,0.12492389200813085,-7.2383946999420115,4.5402651025662336e-13,6.241855160407548e-12,DOWN,ENSMUSG00000048924
ENSMUSG00000000823.17,NA,235.49661739047232,0.8807798351649809,0.12170438155869931,7.23704293867326,4.585729988962208e-13,6.299266897600268e-12,UP,ENSMUSG00000000823
ENSMUSG00000028826.15,NA,756.3049858046024,0.5320791694031596,0.07352739523375881,7.236475162918117,4.604959498056512e-13,6.3205763699716745e-12,UP,ENSMUSG00000028826
ENSMUSG00000113769.3,5033406O09Rik,239.67537363746808,-0.9045603815590312,0.12504768764543206,-7.233723378587196,4.699284838662009e-13,6.444841771474687e-12,DOWN,ENSMUSG00000113769
ENSMUSG00000042595.8,Fam199x,130.06563648184877,1.3911238957963576,0.19231645821343268,7.233514534946818,4.706520515487743e-13,6.4495638909254285e-12,UP,ENSMUSG00000042595
ENSMUSG00000000555.9,Itga5,15625.739988921003,0.7519291462582797,0.10397109169336327,7.2320982112595935,4.755880481527605e-13,6.511956801035301e-12,UP,ENSMUSG00000000555
ENSMUSG00000038658.16,NA,1793.1990602190208,0.7915488822679635,0.10945891084852898,7.231470477203284,4.777919724116152e-13,6.536870702197851e-12,UP,ENSMUSG00000038658
ENSMUSG00000009418.18,NA,1988.9779725318836,1.0704318004154632,0.14809756833363635,7.227882351207677,4.905834200963029e-13,6.701093688480102e-12,UP,ENSMUSG00000009418
ENSMUSG00000030583.17,NA,387.7002710348551,1.235309104340873,0.17094890885897174,7.226188880561794,4.967367540918193e-13,6.779699229603114e-12,UP,ENSMUSG00000030583
ENSMUSG00000015697.15,NA,1414.684008035978,0.560317369494984,0.07757958850513012,7.222484422663982,5.104625357537678e-13,6.961448182059803e-12,UP,ENSMUSG00000015697
ENSMUSG00000043940.16,NA,2122.221964406838,1.188186758218347,0.16453223380552218,7.221604732011291,5.137762924850849e-13,7.001025344552366e-12,UP,ENSMUSG00000043940
ENSMUSG00000042644.10,NA,1785.2014970397502,0.9234676897675533,0.12788210653680496,7.2212423987696495,5.151473192932266e-13,7.0140875195361185e-12,UP,ENSMUSG00000042644
ENSMUSG00000041037.9,Irgq,847.1530937935763,0.7772464752950561,0.10766478607489094,7.219133605619282,5.231983301928328e-13,7.118008642607451e-12,UP,ENSMUSG00000041037
ENSMUSG00000030768.13,NA,420.78166172952564,0.7581258375360909,0.10502439291984864,7.218569100558087,5.253743927631201e-13,7.141900018648778e-12,UP,ENSMUSG00000030768
ENSMUSG00000120076.2,Gm31223,360.69748901819185,-0.9466381749251315,0.13117738792222614,-7.216473737732791,5.335296119790672e-13,7.246968515428129e-12,DOWN,ENSMUSG00000120076
ENSMUSG00000029551.14,NA,567.0311881318495,-0.7748578729629859,0.10739811006739552,-7.214818514746111,5.4005954586196e-13,7.318656834770504e-12,DOWN,ENSMUSG00000029551
ENSMUSG00000068566.14,NA,17684.019496814944,0.5455163817509503,0.07561490231557175,7.214403048149008,5.417108621275151e-13,7.334661561576848e-12,UP,ENSMUSG00000068566
ENSMUSG00000070461.4,9230112E08Rik,144.6459483783495,0.8203552083389282,0.11373603787815996,7.212799246776434,5.481319730582263e-13,7.415697958494985e-12,UP,ENSMUSG00000070461
ENSMUSG00000031490.7,Eif4ebp1,4038.1258714282635,-0.6854447500193518,0.09507399845500171,-7.209592119382369,5.611972183645386e-13,7.58642281041919e-12,DOWN,ENSMUSG00000031490
ENSMUSG00000029020.14,NA,2213.728816171596,0.532962990057084,0.07393773595559328,7.208267648027248,5.666816411725007e-13,7.65447814914976e-12,UP,ENSMUSG00000029020
ENSMUSG00000039621.14,NA,9919.48915034878,0.7932912520542629,0.11005707695156866,7.207998558814676,5.678023105772675e-13,7.663528645775407e-12,UP,ENSMUSG00000039621
ENSMUSG00000028398.9,Dmac1,1695.452641854524,-0.6997634186731505,0.09712744034002543,-7.2045903425788484,5.821861255584828e-13,7.851433188935415e-12,DOWN,ENSMUSG00000028398
ENSMUSG00000022641.16,NA,1543.3543960647646,0.87183201867702,0.12102414836765231,7.203785611682485,5.856342194533707e-13,7.891676335993678e-12,UP,ENSMUSG00000022641
ENSMUSG00000001930.18,NA,574.7724316860597,0.8225159582338004,0.11422238968048337,7.201004641337317,5.977051278108897e-13,8.047959939471093e-12,UP,ENSMUSG00000001930
ENSMUSG00000069729.15,NA,1168.0012418915962,0.8795004741191813,0.12217629181852363,7.19861816910895,6.08258188304964e-13,8.183574960691628e-12,UP,ENSMUSG00000069729
ENSMUSG00000041219.16,NA,1085.036307835369,0.6627887979264956,0.09209871293808378,7.196504454650479,6.177577115109727e-13,8.304812365182293e-12,UP,ENSMUSG00000041219
ENSMUSG00000046410.11,NA,2219.3498780856635,0.5670366662119413,0.07882958368114752,7.193196256186126,6.329186284876956e-13,8.501906947916075e-12,UP,ENSMUSG00000046410
ENSMUSG00000027472.15,NA,1058.5090992302764,-0.5847045225663922,0.08129236997940267,-7.192612575012154,6.356311892984672e-13,8.528961765639614e-12,DOWN,ENSMUSG00000027472
ENSMUSG00000074305.10,NA,3046.640434793716,1.0810603628852877,0.15030285295763254,7.192547191303266,6.359357590750929e-13,8.528961765639614e-12,UP,ENSMUSG00000074305
ENSMUSG00000021948.18,NA,10839.751757701564,0.5761521533232616,0.08015326406897276,7.1881308891859526,6.568427987615969e-13,8.795487114755683e-12,UP,ENSMUSG00000021948
ENSMUSG00000036632.10,NA,1638.292210093641,-0.575938382960722,0.0801340770455793,-7.187184331494017,6.614108986340279e-13,8.849688231447898e-12,DOWN,ENSMUSG00000036632
ENSMUSG00000024050.19,NA,794.189490565208,0.9365733377283625,0.13034842832574434,7.185152515900228,6.713220442308194e-13,8.97523795926833e-12,UP,ENSMUSG00000024050
ENSMUSG00000024620.13,NA,63.853207826821354,1.3566513749895739,0.188847906876925,7.183830614938846,6.778483741060941e-13,9.055372702315975e-12,UP,ENSMUSG00000024620
ENSMUSG00000008384.9,Sertad1,2805.4373442076885,-0.6875019598455323,0.09577114124046684,-7.178592120138977,7.04329266654731e-13,9.394371379396357e-12,DOWN,ENSMUSG00000008384
ENSMUSG00000056608.15,NA,904.5041676812901,0.8646513065598088,0.12046398775168235,7.177674612118537,7.090706942323713e-13,9.450200804165914e-12,UP,ENSMUSG00000056608
ENSMUSG00000032175.12,NA,3023.9088570505833,0.7389151369821367,0.10295108628733123,7.177341819588599,7.107982056495072e-13,9.465806018226718e-12,UP,ENSMUSG00000032175
ENSMUSG00000075609.4,Gm7935,1255.0254315411823,0.6457164244394119,0.08999111052324955,7.175335660210444,7.212999514918997e-13,9.59063876080629e-12,UP,ENSMUSG00000075609
ENSMUSG00000029387.11,NA,461.20139844770875,-0.5590274289425581,0.07791437069826697,-7.174895002456747,7.236270061884213e-13,9.60706991498568e-12,DOWN,ENSMUSG00000029387
ENSMUSG00000040725.14,NA,3383.7812333257366,0.6216046747339874,0.08663615370718228,7.174887712985524,7.236655628070479e-13,9.60706991498568e-12,UP,ENSMUSG00000040725
ENSMUSG00000049295.18,NA,418.2849172906615,0.8440637423982174,0.117651238883012,7.174286904343802,7.268503969163509e-13,9.641823595912217e-12,UP,ENSMUSG00000049295
ENSMUSG00000043384.16,NA,256.9085422256769,0.7425381278776297,0.10350332178181246,7.1740511811100935,7.281036996485581e-13,9.650920901187358e-12,UP,ENSMUSG00000043384
ENSMUSG00000031706.8,Rfx1,500.94284080792,0.7938894149914799,0.11068437624277723,7.172551736210246,7.361258182719088e-13,9.74206666578372e-12,UP,ENSMUSG00000031706
ENSMUSG00000006732.15,NA,240.8300715511479,-0.892542811363846,0.1244760410903742,-7.17039844411365,7.477980177387265e-13,9.88884377112347e-12,DOWN,ENSMUSG00000006732
ENSMUSG00000030051.11,NA,206.45952299200255,0.7672279760021037,0.10700747991288474,7.169853702065569,7.507795386163391e-13,9.914131657185426e-12,UP,ENSMUSG00000030051
ENSMUSG00000024687.12,NA,2213.189142492531,0.5231044953431052,0.0729590593763614,7.169836067165501,7.508762539371297e-13,9.914131657185426e-12,UP,ENSMUSG00000024687
ENSMUSG00000033396.14,NA,1564.2920848594079,0.800582075935279,0.11170226492987811,7.1671069197911965,7.659920889003749e-13,1.0105866147276785e-11,UP,ENSMUSG00000033396
ENSMUSG00000027368.7,Dusp2,566.9625445733417,0.9526565180994209,0.13293278070663758,7.166452947386912,7.696583531529212e-13,1.01463643052082e-11,UP,ENSMUSG00000027368
ENSMUSG00000063160.13,NA,345.00282621901914,0.8013129044993413,0.11181874681054248,7.166176757972681,7.712118792898571e-13,1.0158969186059884e-11,UP,ENSMUSG00000063160
ENSMUSG00000025227.15,NA,1141.4772852924932,0.7325975452187949,0.10231134687679763,7.1604721038516095,8.03996905328001e-13,1.0574455817484907e-11,UP,ENSMUSG00000025227
ENSMUSG00000003863.19,NA,252.8699365201708,0.7533623514908387,0.10523731674873943,7.158699734710433,8.144585765995965e-13,1.0695507763438408e-11,UP,ENSMUSG00000003863
ENSMUSG00000030144.5,Clec4d,40236.28467516054,-0.5282977943661407,0.07381353670720546,-7.157193896042781,8.234519066855562e-13,1.0805264757017414e-11,DOWN,ENSMUSG00000030144
ENSMUSG00000024835.16,NA,19293.06384520072,-0.5239101689808978,0.07321242165724663,-7.156028405038296,8.304794239942352e-13,1.0880688046568538e-11,DOWN,ENSMUSG00000024835
ENSMUSG00000071713.7,Csf2rb,11385.570755579587,0.6684281523237832,0.09342959125735362,7.154351670902476,8.406929338382772e-13,1.1006023119979786e-11,UP,ENSMUSG00000071713
ENSMUSG00000074994.7,Qser1,380.69008154535027,0.9965534179108816,0.13934668417872956,7.15161199410154,8.576470536587795e-13,1.1219342918862464e-11,UP,ENSMUSG00000074994
ENSMUSG00000096727.4,Psmb9,4627.258119651941,-0.6144935952251863,0.08595543356716183,-7.1489790665187884,8.742565987099723e-13,1.142783068229192e-11,DOWN,ENSMUSG00000096727
ENSMUSG00000034308.14,NA,301.16645972594745,-0.5684684812329972,0.07952222504513251,-7.148548483274522,8.770027593035781e-13,1.1454922369214016e-11,DOWN,ENSMUSG00000034308
ENSMUSG00000047888.11,NA,518.6805508547175,1.0126960485376144,0.1417652811006242,7.143470112536288,9.100371647710591e-13,1.1868168730135454e-11,UP,ENSMUSG00000047888
ENSMUSG00000018415.15,NA,737.7418282360534,0.5898580106622331,0.08257604561757184,7.143209707497954,9.117636028104475e-13,1.1881572283060897e-11,UP,ENSMUSG00000018415
ENSMUSG00000038740.10,NA,1473.151641200792,0.700863106321357,0.09812642521810172,7.142450209141689,9.168173194336722e-13,1.1938281266683791e-11,UP,ENSMUSG00000038740
ENSMUSG00000032182.16,NA,620.1480039859856,-0.5300582176103676,0.07426732270400382,-7.137166095551088,9.527469587835298e-13,1.239664482101967e-11,DOWN,ENSMUSG00000032182
ENSMUSG00000002968.10,NA,1102.6986122128105,0.7744642610178029,0.10853843106140475,7.1353920767442816,9.65116587828494e-13,1.2547991355207469e-11,UP,ENSMUSG00000002968
ENSMUSG00000038538.18,NA,452.64675299720096,1.0774489211056137,0.151101139318151,7.130647233817285,9.989805091805132e-13,1.2968444686354052e-11,UP,ENSMUSG00000038538
ENSMUSG00000020736.13,NA,1038.2729481567103,-0.6717489672776645,0.09420919170832487,-7.13039731152162,1.0007961722448667e-12,1.2982105038288485e-11,DOWN,ENSMUSG00000020736
ENSMUSG00000020741.18,NA,890.393828842765,0.7035411067092914,0.09867492308866255,7.1298875609676164,1.0045095092684104e-12,1.3020342008093435e-11,UP,ENSMUSG00000020741
ENSMUSG00000028042.16,NA,5045.494654485464,0.5878861943132097,0.08248266206259387,7.12739113423714,1.0228911729194121e-12,1.3248505168825226e-11,UP,ENSMUSG00000028042
ENSMUSG00000015305.7,Sash1,8366.560199159834,0.8581664221199078,0.12044668705383701,7.124865308552042,1.0418251738309622e-12,1.3473215898227636e-11,UP,ENSMUSG00000015305
ENSMUSG00000019256.18,NA,254.2396968354068,1.0517563665563605,0.14761704029216025,7.124898077313761,1.0415773456044103e-12,1.3473215898227636e-11,UP,ENSMUSG00000019256
ENSMUSG00000038886.11,NA,1189.7275447667805,0.8859935035803848,0.12452317895826844,7.115089021918631,1.1184062468573796e-12,1.4452596226486777e-11,UP,ENSMUSG00000038886
ENSMUSG00000026510.11,NA,373.56650367202667,0.6594291648380175,0.09269458877435548,7.11399849287052,1.1272838244635352e-12,1.4534184017306202e-11,UP,ENSMUSG00000026510
ENSMUSG00000014498.10,NA,1458.536193288845,1.3153122160623718,0.1848900101468027,7.11402533332122,1.1270644989215835e-12,1.4534184017306202e-11,UP,ENSMUSG00000014498
ENSMUSG00000078684.9,5830417I10Rik,908.0967381614045,1.139856351234615,0.16028583604998686,7.111397858505342,1.1487346143812809e-12,1.4788327670074233e-11,UP,ENSMUSG00000078684
ENSMUSG00000038909.18,NA,1846.0628093116975,0.6554178369980869,0.09220040922670517,7.108621778310393,1.1720745483296138e-12,1.5077382578588057e-11,UP,ENSMUSG00000038909
ENSMUSG00000021639.18,NA,501.5990739744776,-0.6399942560899686,0.09003448267275176,-7.108323800961406,1.1746072825546894e-12,1.509854228807638e-11,DOWN,ENSMUSG00000021639
ENSMUSG00000023169.16,NA,2500.6795273141397,0.6128021015969041,0.0862157937708121,7.107770801553126,1.1793218813832756e-12,1.5147694799700895e-11,UP,ENSMUSG00000023169
ENSMUSG00000037646.11,NA,957.0170291320259,1.0441700649866092,0.14699179087288208,7.103594416980765,1.2155323764712097e-12,1.5601014033410862e-11,UP,ENSMUSG00000037646
ENSMUSG00000052031.9,Tagap1,621.5052205233718,0.5051808517797377,0.07113812130180092,7.101408394474267,1.2349185515017552e-12,1.5837876988566253e-11,UP,ENSMUSG00000052031
ENSMUSG00000039201.11,NA,319.6463000715006,0.6171924591532248,0.08692176651276182,7.1005512648274225,1.2426023030727703e-12,1.5924412031692187e-11,UP,ENSMUSG00000039201
ENSMUSG00000038013.15,NA,737.6831211593336,0.8697796425699441,0.1225100696336487,7.099658380498135,1.2506564646284333e-12,1.6003509283273994e-11,UP,ENSMUSG00000038013
ENSMUSG00000020528.15,NA,694.1783031490503,-0.5236974602163172,0.07377493790311444,-7.098582189307531,1.2604322247996977e-12,1.611647399619824e-11,DOWN,ENSMUSG00000020528
ENSMUSG00000034959.9,Rubcnl,358.48667443374194,0.8227663344197705,0.11597673626544437,7.094235972778589,1.3006803487240025e-12,1.660613364144173e-11,UP,ENSMUSG00000034959
ENSMUSG00000042207.18,NA,1279.4801873609217,0.8893941633836512,0.12540587017611618,7.092125449427631,1.3206770748366917e-12,1.68361576721685e-11,UP,ENSMUSG00000042207
ENSMUSG00000109036.2,2210406H18Rik,380.4806906078382,-0.5025179558268551,0.07095016554215876,-7.082688982991276,1.4138375444492079e-12,1.7996797365945532e-11,DOWN,ENSMUSG00000109036
ENSMUSG00000080845.2,Gm9115,261.1334718525895,-0.7295032029766855,0.10299697980364136,-7.082763051571485,1.4130817894260754e-12,1.7996797365945532e-11,DOWN,ENSMUSG00000080845
ENSMUSG00000061288.14,NA,3678.1243306678202,0.8302682242380875,0.11729064999786751,7.078724725740567,1.4548705054356626e-12,1.8491425871030553e-11,UP,ENSMUSG00000061288
ENSMUSG00000038648.6,Creb3l2,612.1929441892291,0.8295952914197573,0.11723635817391652,7.0762628960981395,1.480937962190764e-12,1.879464998881801e-11,UP,ENSMUSG00000038648
ENSMUSG00000027508.16,NA,1014.2494300659368,0.8414109580649125,0.11893151269156414,7.074752006619303,1.4971625866913111e-12,1.898638847820465e-11,UP,ENSMUSG00000027508
ENSMUSG00000028223.9,Decr1,1145.7495550541908,-0.5543897954271445,0.0783841632770431,-7.072727094983386,1.5191807691594472e-12,1.92512579436107e-11,DOWN,ENSMUSG00000028223
ENSMUSG00000032456.14,NA,301.09003909509624,-0.8285379289229804,0.11714877760590361,-7.072527309761933,1.5213703052503221e-12,1.9264648854122843e-11,DOWN,ENSMUSG00000032456
ENSMUSG00000028381.9,Ugcg,850.3897516766239,0.559336233384857,0.07911180612097249,7.070199263679525,1.5471137697164089e-12,1.9576054142706287e-11,UP,ENSMUSG00000028381
ENSMUSG00000025969.16,NA,23590.753813546653,0.7446494402496185,0.10533446306842299,7.069380889765492,1.5562644600843816e-12,1.9677199559996278e-11,UP,ENSMUSG00000025969
ENSMUSG00000004508.7,Gab2,2558.8170429718652,0.7932530068870819,0.11221451857003319,7.069076417166215,1.559682471392624e-12,1.970576531092345e-11,UP,ENSMUSG00000004508
ENSMUSG00000039929.15,NA,142.93027574072954,0.9168426331997195,0.12985775375101036,7.060361100636904,1.6607047405644207e-12,2.096655146105311e-11,UP,ENSMUSG00000039929
ENSMUSG00000020882.19,NA,99.79646161258052,1.0395259857995167,0.1473209328991134,7.056200129491392,1.7111733151124902e-12,2.1587695398221818e-11,UP,ENSMUSG00000020882
ENSMUSG00000028337.15,NA,5156.034963354803,0.735916908184295,0.104306282999576,7.0553459199316535,1.721718675918224e-12,2.1704631432665173e-11,UP,ENSMUSG00000028337
ENSMUSG00000045624.16,NA,341.92754780776727,0.6717838022485985,0.0952247071343113,7.054721641738101,1.7294657911349389e-12,2.1786144625215387e-11,UP,ENSMUSG00000045624
ENSMUSG00000022489.7,Pde1b,439.7224060047774,0.8424173837458945,0.1194291721376821,7.053698595304056,1.7422355088904309e-12,2.1930760225159634e-11,UP,ENSMUSG00000022489
ENSMUSG00000031903.8,Pla2g15,3849.4812204183477,0.5832632479455753,0.08278750320162533,7.04530545540265,1.85055097812651e-12,2.3259770830760846e-11,UP,ENSMUSG00000031903
ENSMUSG00000036968.16,NA,836.4348945379263,0.6038550413278081,0.08571443799421676,7.044962966082223,1.8551084004068513e-12,2.329983268635075e-11,UP,ENSMUSG00000036968
ENSMUSG00000018209.16,NA,4289.200331171908,0.5008384718769658,0.07112106449987872,7.042055337597202,1.894245626825502e-12,2.3756298768285016e-11,UP,ENSMUSG00000018209
ENSMUSG00000034714.10,NA,1794.8574934165101,0.7598387759465485,0.1079173625258084,7.040931673666814,1.909586360720226e-12,2.3931043220639768e-11,UP,ENSMUSG00000034714
ENSMUSG00000041168.11,NA,1709.9488420469297,0.6116245327710208,0.08687467581772125,7.04030866318649,1.9181444113390882e-12,2.4020591943470203e-11,UP,ENSMUSG00000041168
ENSMUSG00000054150.13,NA,310.424410889448,1.2330159901653546,0.175256998109323,7.035473638526066,1.9858526143371382e-12,2.4850190992948764e-11,UP,ENSMUSG00000054150
ENSMUSG00000053716.10,NA,2142.2059215215822,0.5504368941951876,0.07823888299755537,7.035336818553333,1.9878023175282288e-12,2.48562986852096e-11,UP,ENSMUSG00000053716
ENSMUSG00000046909.10,NA,378.63956582763694,-0.6801276171174624,0.09671179732561538,-7.032519671075555,2.0283669821047044e-12,2.5344899998289935e-11,DOWN,ENSMUSG00000046909
ENSMUSG00000018401.18,NA,924.4807839058947,0.718832862748043,0.10222648614927539,7.031767302442278,2.0393371658674753e-12,2.544458389049324e-11,UP,ENSMUSG00000018401
ENSMUSG00000027634.15,NA,1542.623655915599,0.5023828255530708,0.07144845672010006,7.031402057026366,2.0446837223173227e-12,2.549258898953694e-11,UP,ENSMUSG00000027634
ENSMUSG00000039652.17,NA,148.87327092802508,1.0899690545326002,0.15511193653878375,7.026983730939801,2.1104596334949252e-12,2.6274140942324082e-11,UP,ENSMUSG00000039652
ENSMUSG00000029135.11,NA,2495.2111528434352,0.8221651431642722,0.1170613528903898,7.023369565309101,2.1658033778196853e-12,2.694341788090824e-11,UP,ENSMUSG00000029135
ENSMUSG00000020220.17,NA,1990.3431472736572,0.8387731987846513,0.11944415051604612,7.022304526097078,2.1823821580633815e-12,2.7129817967855166e-11,UP,ENSMUSG00000020220
ENSMUSG00000048546.9,Tob2,1029.53563140609,0.6168132875148998,0.08786509055452564,7.0200040041173075,2.2186188737806246e-12,2.756014066290234e-11,UP,ENSMUSG00000048546
ENSMUSG00000046230.12,NA,671.3809791890217,0.9778539646683517,0.13936408821133964,7.0165419027136915,2.274267199193221e-12,2.82102027640262e-11,UP,ENSMUSG00000046230
ENSMUSG00000025261.19,NA,2924.9173321322874,1.1614296657468715,0.16554502480331185,7.0157932388895095,2.2864797230360693e-12,2.8320374486490453e-11,UP,ENSMUSG00000025261
ENSMUSG00000033016.17,NA,893.9926327878155,0.780008548548849,0.11120846311051105,7.013931554595194,2.317127836667744e-12,2.8679094607257388e-11,UP,ENSMUSG00000033016
ENSMUSG00000036985.13,NA,1839.2528922491315,0.6331910057509091,0.0902858024212213,7.013184673231416,2.329536355649528e-12,2.8811705646673366e-11,UP,ENSMUSG00000036985
ENSMUSG00000000631.21,NA,1537.7928092961731,0.7403520808492544,0.10558440591282911,7.011945319467838,2.350270649099757e-12,2.9047022280952376e-11,UP,ENSMUSG00000000631
ENSMUSG00000025782.13,NA,374.6563437627018,0.7318177273035219,0.1043981615768634,7.009871785574686,2.3853661650028322e-12,2.9459358752387916e-11,UP,ENSMUSG00000025782
ENSMUSG00000032121.10,NA,233.13446252458814,-0.8477895922646446,0.120955283252209,-7.009115844050255,2.398288250286138e-12,2.957598983637858e-11,DOWN,ENSMUSG00000032121
ENSMUSG00000040907.16,NA,3768.689530702796,0.6875094723521257,0.09810880466354645,7.007622554467615,2.424016671828277e-12,2.98716141457331e-11,UP,ENSMUSG00000040907
ENSMUSG00000069833.14,NA,13774.729939327026,1.2517663375281238,0.17867694645665613,7.005751790322766,2.4566309832123565e-12,3.025160499674825e-11,UP,ENSMUSG00000069833
ENSMUSG00000061755.11,NA,627.4701451575299,1.0655077461820621,0.15213818039822596,7.003552582218781,2.495521897868279e-12,3.070828176204628e-11,UP,ENSMUSG00000061755
ENSMUSG00000035640.20,NA,54.56622117648591,1.1459866014667868,0.16370473524812865,7.0003265313602885,2.5536663551061034e-12,3.14010484706684e-11,UP,ENSMUSG00000035640
ENSMUSG00000031465.7,Angpt2,136.16454867909897,-1.3276312704921656,0.1898201199408263,-6.994154628634918,2.668631062841052e-12,3.269649845437675e-11,DOWN,ENSMUSG00000031465
ENSMUSG00000019082.19,NA,2540.2385855644347,0.628378856969224,0.08984616905860932,6.993941573171739,2.672688991570936e-12,3.272264146195489e-11,UP,ENSMUSG00000019082
ENSMUSG00000032485.15,NA,775.759625099808,0.5499346600018151,0.07865486643805002,6.99174361239242,2.7149069486389204e-12,3.321561695579387e-11,UP,ENSMUSG00000032485
ENSMUSG00000029392.13,NA,549.300576442787,0.7039963003139943,0.1007540381254075,6.987276276090666,2.802739945641542e-12,3.4240945054296025e-11,UP,ENSMUSG00000029392
ENSMUSG00000021958.6,Pinx1,177.80572551886578,-0.7600752982009435,0.10878838875131885,-6.9867318279564925,2.8136331043112288e-12,3.4349350015733495e-11,DOWN,ENSMUSG00000021958
ENSMUSG00000027263.13,NA,1082.2456146727095,0.590456649582899,0.08458058893038976,6.980994777286875,2.9309721092323987e-12,3.575617768264431e-11,UP,ENSMUSG00000027263
ENSMUSG00000003382.19,NA,3111.1563998364745,0.8023471160470858,0.11493716203381464,6.9807458427678455,2.9361707091926944e-12,3.5776280107247646e-11,UP,ENSMUSG00000003382
ENSMUSG00000073968.5,Trim68,54.2075178715632,-1.63112596405324,0.23366511924882666,-6.9806138344349,2.938931160168468e-12,3.5776280107247646e-11,DOWN,ENSMUSG00000073968
ENSMUSG00000020238.15,NA,3708.6263589159835,0.5309208176576394,0.07605589692057524,6.98066605160251,2.9378389330879112e-12,3.5776280107247646e-11,UP,ENSMUSG00000020238
ENSMUSG00000055204.17,NA,3705.552396011727,1.08268541813513,0.15525643728102465,6.973529968199619,3.0908555759111313e-12,3.754506423138907e-11,UP,ENSMUSG00000055204
ENSMUSG00000020170.5,Frs2,931.810570243348,0.7942674385007751,0.11391371382827141,6.972535718554123,3.112785920073234e-12,3.778446635029652e-11,UP,ENSMUSG00000020170
ENSMUSG00000106918.4,Mrpl33,1243.3971451738248,-0.86753195498832,0.12445245643998443,-6.970790129857147,3.15165836736106e-12,3.822903152306861e-11,DOWN,ENSMUSG00000106918
ENSMUSG00000025235.9,Bbs4,189.53368226645975,-0.7509065977086457,0.10772790290830078,-6.970400216068681,3.1604061644951617e-12,3.830781698745882e-11,DOWN,ENSMUSG00000025235
ENSMUSG00000028906.18,NA,2459.1643266625288,0.7254210919818977,0.1040738326251424,6.970254421154553,3.1636832157114067e-12,3.83202256170856e-11,UP,ENSMUSG00000028906
ENSMUSG00000106666.2,Gm43587,87.06991151234786,1.0245881699092099,0.14702816210456784,6.968652503324587,3.199909887017135e-12,3.873143597054335e-11,UP,ENSMUSG00000106666
ENSMUSG00000023088.18,NA,10141.81682508944,0.8133620720803612,0.11672289262331634,6.9683166155349845,3.20755726869589e-12,3.8796386139005904e-11,UP,ENSMUSG00000023088
ENSMUSG00000059669.9,Taf1b,494.9530344170984,-0.5374825608471853,0.07714355595361334,-6.967303415082073,3.230734205446406e-12,3.9048945201010364e-11,DOWN,ENSMUSG00000059669
ENSMUSG00000017400.11,NA,437.72838297722257,1.059301092588156,0.152234684434315,6.9583426176786585,3.4429907487241463e-12,4.1555358887723796e-11,UP,ENSMUSG00000017400
ENSMUSG00000037652.16,NA,843.2340197906288,1.0559476456452963,0.15178030091501496,6.957079668965369,3.4739852550246447e-12,4.189971152265894e-11,UP,ENSMUSG00000037652
ENSMUSG00000035898.14,NA,1355.9817129096784,0.9306840443780128,0.13377797588687454,6.956930228672459,3.4776707783625773e-12,4.19144360431141e-11,UP,ENSMUSG00000035898
ENSMUSG00000045237.6,Eola1,712.8734582349854,-0.636744137756005,0.0915439085432286,-6.955614501158464,3.51028538777019e-12,4.2277558997464486e-11,DOWN,ENSMUSG00000045237
ENSMUSG00000038400.17,NA,34.759672696083456,1.5320574142114067,0.2203516236193301,6.952784776653711,3.581448785867405e-12,4.307740769842958e-11,UP,ENSMUSG00000038400
ENSMUSG00000011254.17,NA,240.71458265699962,-0.6576707743332065,0.09459115507787352,-6.952772421393624,3.581762582945985e-12,4.307740769842958e-11,DOWN,ENSMUSG00000011254
ENSMUSG00000043903.5,Zfp469,52.504738890171645,1.7894123348253654,0.2573901385864647,6.952140220493532,3.597855158965183e-12,4.3240370906969535e-11,UP,ENSMUSG00000043903
ENSMUSG00000031770.17,NA,1969.6475799472369,-0.5421570579308259,0.07798720743387463,-6.951871669344245,3.6047125200991307e-12,4.32921900542414e-11,DOWN,ENSMUSG00000031770
ENSMUSG00000031861.17,NA,33.64417185185065,1.6799874238093258,0.24172324587751545,6.950044947934378,3.651698460591371e-12,4.3825535653364045e-11,UP,ENSMUSG00000031861
ENSMUSG00000021144.15,NA,985.2090507754878,0.6234452968077568,0.08971373373868637,6.949273771435005,3.671714027545966e-12,4.4034674719638013e-11,UP,ENSMUSG00000021144
ENSMUSG00000038352.16,NA,2846.719607012957,-0.5373197704184651,0.077366700399162,-6.945103870867486,3.781819631143169e-12,4.5323202711219686e-11,DOWN,ENSMUSG00000038352
ENSMUSG00000020901.14,NA,9974.911805312087,0.6624563968151568,0.09539670729552507,6.944227066065955,3.80538012110896e-12,4.557344671801336e-11,UP,ENSMUSG00000020901
ENSMUSG00000047067.8,Dusp28,217.6485942465842,-0.78548517007509,0.11313329062392516,-6.94300648149783,3.83841802951503e-12,4.593676073886882e-11,DOWN,ENSMUSG00000047067
ENSMUSG00000010406.13,NA,2934.261663821345,-0.9619893927605871,0.1386362334584703,-6.938946397795491,3.950349721060189e-12,4.720531296173829e-11,DOWN,ENSMUSG00000010406
ENSMUSG00000027274.17,NA,320.33503084682104,-0.5243088024737549,0.07556791259988313,-6.938246465134803,3.969966776408133e-12,4.7377722806734536e-11,DOWN,ENSMUSG00000027274
ENSMUSG00000031925.18,NA,206.07507992032194,1.142436287989834,0.16473849750066374,6.934847077776893,4.066608166593755e-12,4.8497011557568996e-11,UP,ENSMUSG00000031925
ENSMUSG00000031441.16,NA,1629.0424768385217,0.914459938118748,0.13187728396505652,6.934173275520689,4.086035798145124e-12,4.8694551354769434e-11,UP,ENSMUSG00000031441
ENSMUSG00000035614.12,NA,756.2869546176362,0.8540637931244265,0.12319521824692023,6.932605057873481,4.1316049793046054e-12,4.920313324793706e-11,UP,ENSMUSG00000035614
ENSMUSG00000021684.18,NA,431.6473976528955,-0.716002867186819,0.10331683118156626,-6.930166740485242,4.203448783909147e-12,5.002368790703916e-11,DOWN,ENSMUSG00000021684
ENSMUSG00000028068.15,NA,751.7080773010947,0.7575744661699453,0.10934067444004177,6.928569537819799,4.251171958571509e-12,5.053867829416006e-11,UP,ENSMUSG00000028068
ENSMUSG00000022521.11,NA,481.5937069916696,0.9916873085955071,0.1431311935924454,6.9285197985510925,4.252666625834591e-12,5.053867829416006e-11,UP,ENSMUSG00000022521
ENSMUSG00000029163.10,NA,3780.941404266068,0.6443229824506146,0.09299769409099926,6.928375899515719,4.2569937001542536e-12,5.0554772950295555e-11,UP,ENSMUSG00000029163
ENSMUSG00000014601.14,NA,2171.427916368686,0.5770532667463937,0.08331006497541964,6.926573240780107,4.311567112789551e-12,5.1167139092881435e-11,UP,ENSMUSG00000014601
ENSMUSG00000022812.15,NA,1786.3737349409757,0.7919537233160183,0.11433889339396462,6.92637211895407,4.317698208595535e-12,5.120416717948094e-11,UP,ENSMUSG00000022812
ENSMUSG00000134256.1,ENSMUSG00000134256,55.96769800779725,-1.0081318673181618,0.14557400036895168,-6.925219233950366,4.353008589173564e-12,5.1551019545602806e-11,DOWN,ENSMUSG00000134256
ENSMUSG00000001632.17,NA,1881.0732800353298,0.7051189567139893,0.10183271530373667,6.924287097823419,4.381764744506617e-12,5.1855456677160425e-11,UP,ENSMUSG00000001632
ENSMUSG00000024143.16,NA,2480.938884508707,0.5020337793357978,0.07251928088213484,6.922762791205147,4.429190958263378e-12,5.234386479237457e-11,UP,ENSMUSG00000024143
ENSMUSG00000038855.11,NA,4183.5253218143025,0.7736486445011517,0.11180765463967168,6.9194604519201235,4.5336702751801785e-12,5.354138659702369e-11,UP,ENSMUSG00000038855
ENSMUSG00000048027.10,NA,512.4052243144745,0.5856720752181409,0.08465525355301383,6.918319308457027,4.5703324115836674e-12,5.393690006342252e-11,UP,ENSMUSG00000048027
ENSMUSG00000041528.17,NA,655.1074497787914,0.5711355278365406,0.08255626220619451,6.918136947746723,4.576218083940336e-12,5.396890758355711e-11,UP,ENSMUSG00000041528
ENSMUSG00000038039.14,NA,673.3895321976928,0.7926221673855616,0.11460153698369556,6.916331039245385,4.634906176804661e-12,5.454755324757098e-11,UP,ENSMUSG00000038039
ENSMUSG00000028224.15,NA,313.9180287662081,-0.5936491463591128,0.08583780893878441,-6.915940116580517,4.647707120172691e-12,5.466037848247358e-11,DOWN,ENSMUSG00000028224
ENSMUSG00000051413.18,NA,3739.378559725302,0.8997178409404418,0.1300993433667088,6.915621690759979,4.65815972772365e-12,5.4745448741996126e-11,UP,ENSMUSG00000051413
ENSMUSG00000025159.9,Mms19,1647.236401430859,0.5397225963936418,0.0780525662726179,6.914860358447756,4.683244634504087e-12,5.5002250175674386e-11,UP,ENSMUSG00000025159
ENSMUSG00000042185.15,NA,594.6664436755591,0.6235717558818464,0.090198666785396,6.913314554476414,4.734584927904842e-12,5.552851812686189e-11,UP,ENSMUSG00000042185
ENSMUSG00000042446.17,NA,639.5940338747813,0.5608001970273382,0.08113569740707108,6.9118799116708365,4.782726660588374e-12,5.605447938660639e-11,UP,ENSMUSG00000042446
ENSMUSG00000048498.9,Cd300e,748.5920170976575,-0.8229459162221177,0.11909898159452117,-6.909764510194393,4.8545889243883145e-12,5.685753391745708e-11,DOWN,ENSMUSG00000048498
ENSMUSG00000031508.15,NA,336.66553142939927,0.6075211041974369,0.08793857663537641,6.908470974194048,4.899051977975869e-12,5.7326223407738826e-11,UP,ENSMUSG00000031508
ENSMUSG00000022443.18,NA,13838.882211928276,0.8666419577544959,0.12544748356634278,6.908404482232386,4.901348279128088e-12,5.7326223407738826e-11,UP,ENSMUSG00000022443
ENSMUSG00000029050.16,NA,2074.7010003039913,0.7829454494645702,0.11338964274955708,6.904911511132074,5.023473125886851e-12,5.86738900953515e-11,UP,ENSMUSG00000029050
ENSMUSG00000012609.20,NA,163.61438166925126,0.9952246470083288,0.1441616494508979,6.90353260245754,5.0725007906866815e-12,5.920586715608627e-11,UP,ENSMUSG00000012609
ENSMUSG00000048118.18,NA,546.3779649156986,0.7596545192807707,0.1100489220677225,6.902880146461501,5.095862302771923e-12,5.943774644783219e-11,UP,ENSMUSG00000048118
ENSMUSG00000039936.19,NA,4799.3761622557595,0.5849840250120036,0.08476212444339795,6.901479037404749,5.146386689489214e-12,5.994483016537916e-11,UP,ENSMUSG00000039936
ENSMUSG00000068966.11,NA,461.04543249274,0.8264459389300891,0.11988177048297068,6.8938416207949365,5.430548366664189e-12,6.316819803248371e-11,UP,ENSMUSG00000068966
ENSMUSG00000021880.8,Rnase6,356.4127751213201,-0.8476159856788126,0.12296693438423374,-6.893039904778581,5.4612546531748745e-12,6.348195258502523e-11,DOWN,ENSMUSG00000021880
ENSMUSG00000039813.15,NA,391.65745971676836,0.8727379466280565,0.12665834761887468,6.890488965276859,5.560093980911188e-12,6.458672010886316e-11,UP,ENSMUSG00000039813
ENSMUSG00000028015.4,Ctso,2321.2825036383138,-0.5958943680900171,0.08651774546668527,-6.887539254238583,5.676571247359063e-12,6.584977532918706e-11,DOWN,ENSMUSG00000028015
ENSMUSG00000051343.12,NA,4303.466440201472,0.631643387185868,0.09171541379793774,6.886992720519904,5.698413683220924e-12,6.605809345388891e-11,UP,ENSMUSG00000051343
ENSMUSG00000047417.19,NA,1122.0722969402996,0.7467145433061638,0.10849482242520199,6.882490119018909,5.881524603406076e-12,6.808795602826665e-11,UP,ENSMUSG00000047417
ENSMUSG00000003423.16,NA,1177.751650338981,-0.6317354506098355,0.09185124103767878,-6.877810723871308,6.077934932638027e-12,7.03138513363553e-11,DOWN,ENSMUSG00000003423
ENSMUSG00000023909.5,Paqr4,262.337951522265,0.8252317508178194,0.11998923990759257,6.877547948910719,6.089153117310861e-12,7.03957429727998e-11,UP,ENSMUSG00000023909
ENSMUSG00000038774.10,NA,3069.507843870799,0.761451608708209,0.11072233825801917,6.877127241783663,6.10715588590668e-12,7.055590556775069e-11,UP,ENSMUSG00000038774
ENSMUSG00000004317.15,NA,1317.919472967484,0.6569308780245517,0.09553056779222727,6.8766562704131875,6.12737143584538e-12,7.073306403595834e-11,UP,ENSMUSG00000004317
ENSMUSG00000036572.17,NA,248.44984030923808,0.8172836204559787,0.11885523758631254,6.876294533191844,6.1429428343332744e-12,7.082500734960791e-11,UP,ENSMUSG00000036572
ENSMUSG00000074903.6,Gm2058,157.50694719431277,0.9598005002248242,0.13959288603519257,6.875712133230416,6.168094437780043e-12,7.10668116591378e-11,UP,ENSMUSG00000074903
ENSMUSG00000003123.16,NA,732.5941905377799,0.5138624351798647,0.0747600436986771,6.873490299858635,6.264977144081739e-12,7.213419181601492e-11,UP,ENSMUSG00000003123
ENSMUSG00000090100.8,Ttbk2,284.8847723877959,0.8774866834515513,0.12769134762382237,6.871935332976669,6.33366675338473e-12,7.287573532345109e-11,UP,ENSMUSG00000090100
ENSMUSG00000091971.4,Hspa1a,8074.88448061835,0.9926665766848238,0.14448110104836406,6.870563481880827,6.3948797891984165e-12,7.348062546966776e-11,UP,ENSMUSG00000091971
ENSMUSG00000046876.17,NA,449.2213144777687,0.8372868802990653,0.12187885853107322,6.869828700320471,6.427904352160309e-12,7.381022377639313e-11,UP,ENSMUSG00000046876
ENSMUSG00000023809.12,NA,855.69252144223,0.5506221159367254,0.08016476260429588,6.868630281544906,6.482125912872627e-12,7.438261354541963e-11,UP,ENSMUSG00000023809
ENSMUSG00000015337.6,Endog,112.15147628352757,-1.1790275811801987,0.1716765412754201,-6.867726786787303,6.523299961649219e-12,7.480461169777924e-11,DOWN,ENSMUSG00000015337
ENSMUSG00000032126.17,NA,1439.4253813854036,-0.676716623009009,0.09855119155835317,-6.866650847223072,6.572667108459571e-12,7.531993048953063e-11,DOWN,ENSMUSG00000032126
ENSMUSG00000025465.14,NA,2527.9837562535304,-0.5792745942418125,0.08436537703782526,-6.866259768887116,6.590701461067043e-12,7.547573673192332e-11,DOWN,ENSMUSG00000025465
ENSMUSG00000073910.11,NA,240.1834047184022,0.7837938720150296,0.11417104635142009,6.8650844243163105,6.645194180604233e-12,7.604856812608047e-11,UP,ENSMUSG00000073910
ENSMUSG00000070939.10,NA,1012.0376629374377,0.6865580034928893,0.10004468543582261,6.862513490867114,6.765934659567358e-12,7.737826820484364e-11,UP,ENSMUSG00000070939
ENSMUSG00000030465.21,NA,802.3116676750527,0.809579554376002,0.11801331760981361,6.860069446167998,6.882708053634093e-12,7.86608421774875e-11,UP,ENSMUSG00000030465
ENSMUSG00000091223.3,Gm8775,760.0053135553999,0.5567475707522169,0.08116258277523929,6.859658129584153,6.9025534569602635e-12,7.883467030830506e-11,UP,ENSMUSG00000091223
ENSMUSG00000007721.7,Ccdc124,1576.082263852577,-0.7821276258286217,0.11403830016551503,-6.8584644342597425,6.9604655065203465e-12,7.938945432856138e-11,DOWN,ENSMUSG00000007721
ENSMUSG00000018076.13,NA,1031.0884360896132,1.127348148363486,0.1643942451841537,6.857588883969969,7.00324520764725e-12,7.977038714082327e-11,UP,ENSMUSG00000018076
ENSMUSG00000038150.8,Ormdl3,1221.0034598119223,0.5409084688633766,0.0788768864984988,6.857629565204393,7.001251812549399e-12,7.977038714082327e-11,UP,ENSMUSG00000038150
ENSMUSG00000046668.10,NA,21.52158643066824,1.5526066176573934,0.2266777223270739,6.849400998555708,7.41598501639189e-12,8.435868975836821e-11,UP,ENSMUSG00000046668
ENSMUSG00000037210.17,NA,750.4381106207634,0.8215451777148632,0.119953839086876,6.848844388547357,7.444892458416001e-12,8.463090985817013e-11,UP,ENSMUSG00000037210
ENSMUSG00000027663.14,NA,1237.5050458790697,0.7341030253471752,0.10719183636699552,6.848497518353985,7.462962916007839e-12,8.466654259481609e-11,UP,ENSMUSG00000027663
ENSMUSG00000028538.13,NA,1253.2779752205765,0.5915446996022915,0.08637374858794622,6.848663040252068,7.454334576162243e-12,8.466654259481609e-11,UP,ENSMUSG00000028538
ENSMUSG00000050989.11,NA,3284.5920564386897,0.57759645410118865,0.08433861450000345,6.848540938518323,7.460698559477332e-12,8.466654259481609e-11,UP,ENSMUSG00000050989
ENSMUSG00000080935.4,Got2-ps1,1019.0924032580521,0.5791853004855645,0.0846208477359212,6.844475279815741,7.675668990022346e-12,8.696364213479015e-11,UP,ENSMUSG00000080935
ENSMUSG00000026463.18,NA,182.54447598053986,0.9966672158814415,0.14565676549276663,6.842574133166072,7.77826290939008e-12,8.806733624306771e-11,UP,ENSMUSG00000026463
ENSMUSG00000038872.11,NA,180.41643012980157,1.1349421485082976,0.16605299324873754,6.834818971364289,8.210864783262294e-12,9.284173304797778e-11,UP,ENSMUSG00000038872
ENSMUSG00000004945.16,NA,2677.803578374346,-0.5821582179097933,0.08518883247874175,-6.833738659994743,8.272968002392311e-12,9.348178993268016e-11,DOWN,ENSMUSG00000004945
ENSMUSG00000028886.16,NA,1934.4993715237274,0.5883319038690009,0.08612635978895115,6.831031815470691,8.430603164954221e-12,9.519975924516035e-11,UP,ENSMUSG00000028886
ENSMUSG00000021453.3,Gadd45g,549.7695893197892,-0.9891895919436385,0.14481398221898686,-6.830760240042234,8.446580070491458e-12,9.531688167138536e-11,DOWN,ENSMUSG00000021453
ENSMUSG00000020743.16,NA,1469.075100591299,-0.5156805510045787,0.0755209295083519,-6.828313083031496,8.591891988914317e-12,9.682817439594226e-11,DOWN,ENSMUSG00000020743
ENSMUSG00000026718.18,NA,1202.5526082203883,0.6297305559836819,0.09223362690817462,6.827559287141827,8.637143719689257e-12,9.727368615697715e-11,UP,ENSMUSG00000026718
ENSMUSG00000030610.14,NA,328.8137808788938,-0.6071602830261222,0.08896386026208973,-6.824796959545292,8.80497581226154e-12,9.909822545553921e-11,DOWN,ENSMUSG00000030610
ENSMUSG00000059089.5,Fcgr4,9893.656730375564,-0.6177457910321208,0.09052549430864726,-6.823997988079607,8.854112231150167e-12,9.958533902310829e-11,DOWN,ENSMUSG00000059089
ENSMUSG00000022906.16,NA,6434.214707093972,-0.5983109003042173,0.08770337018249288,-6.821982998592345,8.979229545474637e-12,1.0079259250847635e-10,DOWN,ENSMUSG00000022906
ENSMUSG00000069910.3,Spdl1,551.14155708524,0.8255498279370636,0.12101881140135116,6.82166531283455,8.999113139705907e-12,1.0094915438907562e-10,UP,ENSMUSG00000069910
ENSMUSG00000046006.7,Gapt,304.1517136285238,-0.6325990284164884,0.0927576738549183,-6.819910441112749,9.109728364339169e-12,1.0205536269035039e-10,DOWN,ENSMUSG00000046006
ENSMUSG00000021244.16,NA,469.2234459321102,0.8352199047994154,0.12253953952423922,6.8159216857037626,9.366131113287715e-12,1.0485873977127772e-10,UP,ENSMUSG00000021244
ENSMUSG00000015846.17,NA,1528.2587333065046,0.6986904511095829,0.10253317614407675,6.814286627850118,9.473266215973934e-12,1.0598839820319258e-10,UP,ENSMUSG00000015846
ENSMUSG00000032280.18,NA,1775.3181357426076,0.7556521904953625,0.11089512454936964,6.814115530921758,9.484546276287383e-12,1.0604483496025195e-10,UP,ENSMUSG00000032280
ENSMUSG00000029923.5,Rab19,303.7818121352938,-0.8500459161143389,0.12475895972407947,-6.813505963774666,9.524840811119136e-12,1.064253895097845e-10,DOWN,ENSMUSG00000029923
ENSMUSG00000025047.10,NA,636.67446558434,0.6425262272230757,0.09436329055460768,6.809069749970707,9.823184791365035e-12,1.0961488225849986e-10,UP,ENSMUSG00000025047
ENSMUSG00000115379.2,Gm48990,109.03037229740637,1.0025950612706784,0.14724715087113288,6.808926728559422,9.83295404783837e-12,1.0965194527051758e-10,UP,ENSMUSG00000115379
ENSMUSG00000052889.12,NA,1447.2072621958646,0.7092590194345514,0.1042333304025605,6.804531877618374,1.0137833956546624e-11,1.1297772232308774e-10,UP,ENSMUSG00000052889
ENSMUSG00000061207.12,NA,645.5157928743594,-0.5852729399687746,0.08602157785027625,-6.8037921948777065,1.0190049821478695e-11,1.1348525688543988e-10,DOWN,ENSMUSG00000061207
ENSMUSG00000022175.10,NA,7757.344887106262,0.6848624262563004,0.10068833683323195,6.801804933878531,1.0331643334521441e-11,1.1491165895805862e-10,UP,ENSMUSG00000022175
ENSMUSG00000026979.17,NA,6658.136399091011,0.5184331184803234,0.07623219912035875,6.800710519472203,1.041044216231426e-11,1.1563682522032417e-10,UP,ENSMUSG00000026979
ENSMUSG00000001999.16,NA,3658.6270956714416,-0.5923062741445684,0.08709473094612345,-6.800713059334982,1.0410258610058804e-11,1.1563682522032417e-10,DOWN,ENSMUSG00000001999
ENSMUSG00000026355.12,NA,1965.1758861080434,0.5204799054432051,0.07654802383873169,6.79939049164393,1.0506268965370375e-11,1.1662507181794294e-10,UP,ENSMUSG00000026355
ENSMUSG00000026489.14,NA,173.93816879707944,-1.2221884593010812,0.17980180812777397,-6.797420293084861,1.0650903985458026e-11,1.1815347239184553e-10,DOWN,ENSMUSG00000026489
ENSMUSG00000019820.12,NA,638.556103647158,1.208363441036284,0.1777838730462197,6.796811321137871,1.0696002789926319e-11,1.1857641684842697e-10,UP,ENSMUSG00000019820
ENSMUSG00000064370.1,mt-Cytb,8779.06939065533,0.7041670816612089,0.10361472477492105,6.7960136282835135,1.075536085775825e-11,1.1915678615442136e-10,UP,ENSMUSG00000064370
ENSMUSG00000039065.12,NA,283.58087455475544,-0.7108368548202919,0.10471117073119204,-6.788548440978735,1.1326735014840315e-11,1.2540524457185834e-10,DOWN,ENSMUSG00000039065
ENSMUSG00000019979.13,NA,2741.426559254772,0.5974512315702456,0.08811876122195493,6.780068435884794,1.2011896961193764e-11,1.3281815326531934e-10,UP,ENSMUSG00000019979
ENSMUSG00000028581.18,NA,69680.96894178171,0.5621645479970637,0.08291790415747503,6.77977276089153,1.2036505016559647e-11,1.330037714825298e-10,UP,ENSMUSG00000028581
ENSMUSG00000024414.14,NA,2244.6230849280214,-0.6095454730756202,0.08993390924431205,-6.777704629960489,1.2210014783493024e-11,1.3483344896628725e-10,DOWN,ENSMUSG00000024414
ENSMUSG00000028636.15,NA,226.4460957168384,-0.7917821402796137,0.11683977291492072,-6.776649085548686,1.2299513602742292e-11,1.3569245270390937e-10,DOWN,ENSMUSG00000028636
ENSMUSG00000033039.11,NA,680.1064485204037,0.8048010416796898,0.11876279431709881,6.776541814356914,1.230864493577981e-11,1.3569245270390937e-10,UP,ENSMUSG00000033039
ENSMUSG00000002326.7,Gmpr2,2401.4734196674667,-0.5223526813827882,0.07714096431854281,-6.771404609693573,1.2753804003631475e-11,1.4047356922652645e-10,DOWN,ENSMUSG00000002326
ENSMUSG00000073664.12,NA,498.91996041530786,1.1381368315837737,0.16810061359686265,6.770569168255643,1.282767382080131e-11,1.4111953961633799e-10,UP,ENSMUSG00000073664
ENSMUSG00000004263.16,NA,114.21619242923379,1.2473835398175543,0.18430580393893187,6.768010085188983,1.3056565754344641e-11,1.4352938411013897e-10,UP,ENSMUSG00000004263
ENSMUSG00000026773.20,NA,10050.104783619297,0.6570168781020685,0.09708682716633128,6.76731228404913,1.3119670160838096e-11,1.441299165085353e-10,UP,ENSMUSG00000026773
ENSMUSG00000030084.13,NA,7989.910280814148,0.9561699407610711,0.14132659614609297,6.765675865940006,1.3268830749276652e-11,1.4567445818089008e-10,UP,ENSMUSG00000030084
ENSMUSG00000029313.19,NA,3235.683428477417,0.9412838451422301,0.13917977956405245,6.763079005374041,1.3508952126546138e-11,1.482149934606733e-10,UP,ENSMUSG00000029313
ENSMUSG00000034243.18,NA,1757.3639992747824,0.7402079989641336,0.10950128383111082,6.7598111461943455,1.3817172488873967e-11,1.5140131143414347e-10,UP,ENSMUSG00000034243
ENSMUSG00000003068.18,NA,2192.8413738731083,0.571497676635901,0.08455409025385822,6.758959559733698,1.3898617794137674e-11,1.5209774402001628e-10,UP,ENSMUSG00000003068
ENSMUSG00000061411.13,NA,924.3777729479647,0.8464341262102828,0.12523932883963612,6.7585329149608215,1.3939598494217227e-11,1.5244811060621106e-10,UP,ENSMUSG00000061411
ENSMUSG00000054823.18,NA,2551.884187918556,0.7412630188295375,0.10970849738566925,6.756660026284942,1.4120900330627393e-11,1.5423251831897843e-10,UP,ENSMUSG00000054823
ENSMUSG00000019841.17,NA,286.69000591239933,1.2170152203254545,0.18019302150704494,6.753953122862049,1.4387025102299774e-11,1.5703834973665594e-10,UP,ENSMUSG00000019841
ENSMUSG00000038047.19,NA,280.56594390550197,0.6665049570350637,0.09868553835010527,6.753826023327893,1.4399640685914335e-11,1.5707523380670892e-10,UP,ENSMUSG00000038047
ENSMUSG00000042724.9,Map3k9,253.32792360087424,0.9235854406382139,0.136821180392304,6.750310427011667,1.4752916546803993e-11,1.6082570435573634e-10,UP,ENSMUSG00000042724
ENSMUSG00000044465.20,NA,516.7580602996793,0.7381788854617505,0.10936060580119983,6.749952417085566,1.4789364974710488e-11,1.61119757053124e-10,UP,ENSMUSG00000044465
ENSMUSG00000044442.12,NA,257.7001356686148,-0.8754637887891124,0.12972105858368793,-6.748817796798334,1.4905462495982433e-11,1.6228059872386509e-10,DOWN,ENSMUSG00000044442
ENSMUSG00000027665.14,NA,1970.8046757153893,0.6496503822563633,0.09627239554507289,6.74804421951056,1.4985128316617952e-11,1.6304356503672738e-10,UP,ENSMUSG00000027665
ENSMUSG00000055493.5,Epm2a,104.57896563678086,-1.3049037937587378,0.1933864522920352,-6.747648443274542,1.5026047897959942e-11,1.6338425227155164e-10,DOWN,ENSMUSG00000055493
ENSMUSG00000033705.18,NA,606.6568808686675,1.159740319596688,0.17187843793439267,6.747445075334987,1.5047116792809935e-11,1.6350879755816342e-10,UP,ENSMUSG00000033705
ENSMUSG00000011960.13,NA,1554.6448283001735,0.6617150118454055,0.09807789466217856,6.7468313234560116,1.511087698079657e-11,1.640967905079352e-10,UP,ENSMUSG00000011960
ENSMUSG00000025193.15,NA,264.4827823840392,-0.7234364883141611,0.107230831291045,-6.746534365201515,1.51418216739282e-11,1.6432790005540713e-10,DOWN,ENSMUSG00000025193
ENSMUSG00000002580.8,Mien1,2298.9890602246883,-0.7575127666657813,0.11229688053656395,-6.745626085482709,1.523685514935168e-11,1.6525380017211395e-10,DOWN,ENSMUSG00000002580
ENSMUSG00000099083.8,Atf7,979.0671215977547,0.9949021377540725,0.147495584706842,6.7453011541431,1.527099443709165e-11,1.6551850312121133e-10,UP,ENSMUSG00000099083
ENSMUSG00000026281.16,NA,472.42272990874346,-0.8481023149216605,0.12574916422167842,-6.744397230557916,1.536636076053931e-11,1.6644607076033852e-10,DOWN,ENSMUSG00000026281
ENSMUSG00000024392.18,NA,4602.872283674664,0.5654788544051182,0.08386401311257884,6.742806996917985,1.5535552168286807e-11,1.6806463115387113e-10,UP,ENSMUSG00000024392
ENSMUSG00000036513.16,NA,1259.1080042096178,-0.6246529537297415,0.0926489053551187,-6.742151473193099,1.5605825800896963e-11,1.6871752928801891e-10,DOWN,ENSMUSG00000036513
ENSMUSG00000064037.14,NA,590.413672179309,-0.6197569606718399,0.0919303614878646,-6.741591685720194,1.5666082639324037e-11,1.6926137316667382e-10,DOWN,ENSMUSG00000064037
ENSMUSG00000127564.1,ENSMUSG00000127564,347.04954724835454,0.8138240726932028,0.12073474023560608,6.740595715078174,1.5773855078946454e-11,1.7031757426829422e-10,UP,ENSMUSG00000127564
ENSMUSG00000030602.14,NA,504.35294242518853,0.668570819667433,0.0992002315196931,6.739609468902391,1.5881290593641824e-11,1.713687993879904e-10,UP,ENSMUSG00000030602
ENSMUSG00000000374.9,Trappc10,2501.637323598041,0.5960488066095888,0.08845330594057527,6.73857014468206,1.5995283561853026e-11,1.7248940536009672e-10,UP,ENSMUSG00000000374
ENSMUSG00000024533.18,NA,1144.6608100247927,0.5632253644271746,0.08358942689017504,6.7379976796249,1.6058413287610717e-11,1.7306044129854746e-10,UP,ENSMUSG00000024533
ENSMUSG00000020407.14,NA,2060.419492374214,-0.8372985463899687,0.12426812610233105,-6.7378383552712355,1.6076026459251462e-11,1.7314053576062723e-10,DOWN,ENSMUSG00000020407
ENSMUSG00000032571.15,NA,899.6340712730993,0.6146254441629264,0.09122685231491905,6.737330386465739,1.6132308383568883e-11,1.736367318803623e-10,UP,ENSMUSG00000032571
ENSMUSG00000031668.15,NA,775.3257348104341,0.555104043168954,0.08240665141349046,6.736155803536025,1.626318979825364e-11,1.7482415025859762e-10,UP,ENSMUSG00000031668
ENSMUSG00000029119.10,NA,4565.006214976386,0.6104836742643905,0.0906365306572534,6.7355145859781995,1.6335077568916007e-11,1.75485994401128e-10,UP,ENSMUSG00000029119
ENSMUSG00000030707.16,NA,24683.70144056614,-0.5779403291209309,0.08586065628616883,-6.731142692348957,1.683357778945898e-11,1.8038552229838653e-10,DOWN,ENSMUSG00000030707
ENSMUSG00000051116.7,Gm8121,314.0371971068225,-0.7814184618940144,0.11610695329724455,-6.730160767318654,1.6947572821798272e-11,1.81492709954346e-10,DOWN,ENSMUSG00000051116
ENSMUSG00000035547.15,NA,1152.6004384634223,0.738133706123603,0.10969485710426888,6.728972766899915,1.7086502723907116e-11,1.8286536521256413e-10,UP,ENSMUSG00000035547
ENSMUSG00000097164.5,Cep83os,123.2766899349093,-0.9579176470929162,0.14244644682318675,-6.724756344971821,1.7588651302525884e-11,1.881211346231165e-10,DOWN,ENSMUSG00000097164
ENSMUSG00000020189.16,NA,19724.2091555696,0.6021286232905181,0.08958788168414092,6.721094549522187,1.8036450431406823e-11,1.927893626879349e-10,UP,ENSMUSG00000020189
ENSMUSG00000044791.18,NA,1236.145674280947,0.7416449697081764,0.11034864277533014,6.720925160975162,1.8057432809998815e-11,1.9289240098419586e-10,UP,ENSMUSG00000044791
ENSMUSG00000030291.13,NA,1267.3664401587757,-0.5220937940259601,0.07768751638033818,-6.720433582532394,1.811846069223753e-11,1.9342281389340333e-10,DOWN,ENSMUSG00000030291
ENSMUSG00000029191.17,NA,1107.1064954087049,0.5635606998809928,0.08387586465928552,6.718985278664468,1.8299439389924843e-11,1.952322874937653e-10,UP,ENSMUSG00000029191
ENSMUSG00000049409.10,NA,501.9006715526582,1.1648442275107687,0.1734353428773127,6.716302503203017,1.8639364439932575e-11,1.9860966896334172e-10,UP,ENSMUSG00000049409
ENSMUSG00000031608.14,NA,1985.9823185012312,0.6665960415753243,0.09927020382806044,6.714965980425431,1.881101018133567e-11,2.003131115490259e-10,UP,ENSMUSG00000031608
ENSMUSG00000037999.14,NA,303.64925264214463,1.2038620536466769,0.17938776625677144,6.710948459682011,1.9336340403575794e-11,2.056496591014446e-10,UP,ENSMUSG00000037999
ENSMUSG00000030706.18,NA,1466.6493597780818,-0.6072651658358468,0.0904905405020705,-6.710813776407402,1.9354198156212338e-11,2.0571093365284188e-10,DOWN,ENSMUSG00000030706
ENSMUSG00000004383.19,NA,470.1473744669461,0.7848466492352529,0.11698633585937247,6.708874531968463,1.9613121178760867e-11,2.0833275375765603e-10,UP,ENSMUSG00000004383
ENSMUSG00000049577.16,NA,235.61543706191642,1.1367089281075855,0.16946176981120317,6.707760277577588,1.9763424637910454e-11,2.0979825180543395e-10,UP,ENSMUSG00000049577
ENSMUSG00000028106.14,NA,777.6708442439628,0.7267909133999598,0.10842663922799682,6.703065949242253,2.040912958507181e-11,2.165175656417537e-10,UP,ENSMUSG00000028106
ENSMUSG00000034940.16,NA,826.833066309163,0.8004239772591396,0.11943424978573051,6.701795998175816,2.0587332096015624e-11,2.18271926200026e-10,UP,ENSMUSG00000034940
ENSMUSG00000073542.4,Cep76,226.03584356858943,0.6696640130852631,0.09995427628175463,6.699703484397112,2.0884287013108835e-11,2.2128235822113946e-10,UP,ENSMUSG00000073542
ENSMUSG00000029577.14,NA,1689.6585753984614,0.7042554916177733,0.1052174055639951,6.69333640991017,2.181388685750371e-11,2.3055746420056438e-10,UP,ENSMUSG00000029577
ENSMUSG00000013275.10,NA,407.5879553621192,0.7581181313752128,0.11328116122216562,6.692358404487051,2.1960220353614495e-11,2.3175779971508455e-10,UP,ENSMUSG00000013275
ENSMUSG00000026781.18,NA,1858.7416486858856,0.5917029192472002,0.08847655738858658,6.687680180055576,2.267359678985275e-11,2.389016028551647e-10,UP,ENSMUSG00000026781
ENSMUSG00000010307.8,Tmem86a,2230.1762859132773,-0.5808580455887887,0.08686219170131412,-6.687121683345701,2.2760262488199616e-11,2.3966626865283136e-10,DOWN,ENSMUSG00000010307
ENSMUSG00000051721.7,Wdcp,129.69823394654517,0.75484380086933,0.11288632813373908,6.6867601537632515,2.281653629418146e-11,2.401101585512685e-10,UP,ENSMUSG00000051721
ENSMUSG00000035392.18,NA,2847.683660492147,0.7283868705933454,0.10893702767374458,6.686311221697646,2.2886604327489476e-11,2.4057173739906185e-10,UP,ENSMUSG00000035392
ENSMUSG00000051256.11,NA,1099.653998524005,-0.5869367379029845,0.08778202060387456,-6.686297875866827,2.2888690527559808e-11,2.4057173739906185e-10,DOWN,ENSMUSG00000051256
ENSMUSG00000031822.21,NA,896.0098745881046,0.8774055161269922,0.13123727872791668,6.685642407642756,2.2991381758140204e-11,2.4150181481095264e-10,UP,ENSMUSG00000031822
ENSMUSG00000043279.10,NA,1177.6927239976565,0.7661228093737724,0.11466995303398904,6.681112088244144,2.3713575779815098e-11,2.4862704667788874e-10,UP,ENSMUSG00000043279
ENSMUSG00000070610.5,Gm13127,309.62896702464036,-0.5438152744533381,0.08140570553467068,-6.680309087447529,2.3843881630305765e-11,2.498392181176709e-10,DOWN,ENSMUSG00000070610
ENSMUSG00000047123.9,Ticam1,2194.7450890170426,0.6258526339949262,0.09371015488873759,6.678599931224138,2.412357072578743e-11,2.5261418950907696e-10,UP,ENSMUSG00000047123
ENSMUSG00000099398.2,Ms4a14,618.8406780450628,1.0703501085614153,0.16028226298404913,6.677907390588401,2.4237811273385423e-11,2.5365428831704157e-10,UP,ENSMUSG00000099398
ENSMUSG00000031540.15,NA,1211.4590027773506,1.0954537059096119,0.16407808829450815,6.67641680431669,2.448549595049133e-11,2.5608877253016945e-10,UP,ENSMUSG00000031540
ENSMUSG00000025158.8,Rfng,813.0723823809961,0.7085654063985287,0.10615380389101924,6.674894167014155,2.4741064275004845e-11,2.5860266690887053e-10,UP,ENSMUSG00000025158
ENSMUSG00000022901.14,NA,1888.0972346245,-0.6064473854403681,0.09085745132184181,-6.67471271334881,2.4771694105757256e-11,2.5876377761824807e-10,DOWN,ENSMUSG00000022901
ENSMUSG00000017210.15,NA,1075.3419752640864,0.5265023099939724,0.07894406558750094,6.669308276382113,2.570118868576809e-11,2.6814381275470684e-10,UP,ENSMUSG00000017210
ENSMUSG00000020716.17,NA,786.2738587322907,0.8179096329540038,0.12270395351951577,6.665715402755277,2.6337920406621873e-11,2.7430170628863357e-10,UP,ENSMUSG00000020716
ENSMUSG00000074466.15,NA,185.11769066758487,-0.9996998231911594,0.1499787164253896,-6.665611274840343,2.635660241095677e-11,2.743086784582196e-10,DOWN,ENSMUSG00000074466
ENSMUSG00000042111.10,NA,1634.3274316192906,-0.5771651946369564,0.086592485066543,-6.665303509807197,2.6411895622477982e-11,2.7471602260297284e-10,DOWN,ENSMUSG00000042111
ENSMUSG00000071714.8,Csf2rb2,7333.881661553001,0.7134279263677573,0.10705632136155198,6.664042975644188,2.6639551115715964e-11,2.769145515121428e-10,UP,ENSMUSG00000071714
ENSMUSG00000110386.2,Gm42031,860.7806907203353,0.5627006712875868,0.08446910418207088,6.661615234781,2.7083431764012883e-11,2.81356652766526e-10,UP,ENSMUSG00000110386
ENSMUSG00000120423.2,D430040L24Rik,90.05533043861095,-1.0663192030230564,0.16015763153447482,-6.6579356400729814,2.777003211631786e-11,2.881373802136068e-10,DOWN,ENSMUSG00000120423
ENSMUSG00000025786.18,NA,2022.646720174921,0.5033651250432043,0.07564848167248542,6.654001691963718,2.8522939161027242e-11,2.957689654709935e-10,UP,ENSMUSG00000025786
ENSMUSG00000019850.12,NA,10551.722169706129,0.5695153607409725,0.08559291928469849,6.65376722163962,2.8568439256824447e-11,2.9606025472367857e-10,UP,ENSMUSG00000019850
ENSMUSG00000044103.5,Il36g,191.82851840114085,-0.7061077197220024,0.10612991715654331,-6.653239149150397,2.8671174603574373e-11,2.9694396791010095e-10,DOWN,ENSMUSG00000044103
ENSMUSG00000028649.23,NA,4019.8694429694024,1.111135372512569,0.1670689413247326,6.650759642708518,2.91584124453939e-11,3.018064285127016e-10,UP,ENSMUSG00000028649
ENSMUSG00000070056.7,Mfhas1,1053.9129874611504,0.708304894687549,0.1065026981319728,6.6505816952153936,2.919369021086607e-11,3.0198777112286403e-10,UP,ENSMUSG00000070056
ENSMUSG00000002222.15,NA,1738.652737438358,0.6574019012091759,0.09886121797891438,6.649745113896835,2.9360101574928256e-11,3.0352455160074767e-10,UP,ENSMUSG00000002222
ENSMUSG00000047766.16,NA,158.6337039930657,-0.7282710024984737,0.10955229059734707,-6.647702193422777,2.977038760641089e-11,3.0757910791896935e-10,DOWN,ENSMUSG00000047766
ENSMUSG00000022946.11,NA,1428.666164293832,0.8362179396811504,0.12583132383621856,6.645546706395362,3.0209364391230186e-11,3.119249853292414e-10,UP,ENSMUSG00000022946
ENSMUSG00000114055.3,Gm32089,364.936025696851,-0.7948012689772858,0.11960276240763856,-6.645342072187163,3.025136705456764e-11,3.121691432827532e-10,DOWN,ENSMUSG00000114055
ENSMUSG00000014361.6,Mertk,1210.442442259626,0.8004751915772487,0.12045990476497506,6.645158761656226,3.028904140858002e-11,3.123683676132879e-10,UP,ENSMUSG00000014361
ENSMUSG00000023495.14,NA,511.69138618006303,0.7275453629140548,0.10949190587154937,6.644741062116281,3.03750594882082e-11,3.1306561312513253e-10,UP,ENSMUSG00000023495
ENSMUSG00000060791.16,NA,5555.207623554373,-0.6640324645384447,0.10000484296135854,-6.640003072601434,3.13676613597319e-11,3.231002114376746e-10,DOWN,ENSMUSG00000060791
ENSMUSG00000021024.15,NA,19683.664942478426,-0.5520414776844701,0.08324312550811612,-6.631676481568999,3.318953994626359e-11,3.4145270195169913e-10,DOWN,ENSMUSG00000021024
ENSMUSG00000034462.10,NA,433.813330646353,0.804142702682205,0.12128743951943254,6.630057538261133,3.355560441481672e-11,3.4501004152259554e-10,UP,ENSMUSG00000034462
ENSMUSG00000022434.9,Fam118a,424.86985707192804,-0.5691158626810705,0.08585456587947052,-6.628836298351804,3.3834354568117216e-11,3.476658814413301e-10,DOWN,ENSMUSG00000022434
ENSMUSG00000023977.16,NA,2150.8241061820354,0.6356171010693349,0.09590208698654502,6.627771313866313,3.407928797150304e-11,3.4976003092539577e-10,UP,ENSMUSG00000023977
ENSMUSG00000087260.6,Lamtor5,3248.2737418743345,-0.566767776253439,0.08552243631930302,-6.627123836105163,3.42290472210607e-11,3.510851489996129e-10,DOWN,ENSMUSG00000087260
ENSMUSG00000035666.15,NA,1199.2854527367265,0.6459302473871856,0.09749173731062653,6.625487094656377,3.4610497242326806e-11,3.5478367456480386e-10,UP,ENSMUSG00000035666
ENSMUSG00000081126.2,Gm15784,133.17622086386783,1.0539945556561374,0.15919093320802905,6.620945894442294,3.569075998625836e-11,3.654166552235459e-10,UP,ENSMUSG00000081126
ENSMUSG00000032855.7,Pkd1,840.5020793848764,0.9830044749347052,0.14847674122735366,6.6205957027942075,3.577542075283709e-11,3.660630597609792e-10,UP,ENSMUSG00000032855
ENSMUSG00000030830.20,NA,6886.6345041266595,0.6680463678343549,0.10091813982598968,6.619685707507575,3.5996337054427e-11,3.681020492769607e-10,UP,ENSMUSG00000030830
ENSMUSG00000024077.16,NA,1053.6068097660461,0.8776540773487677,0.1326299090837972,6.617316436477801,3.657779804202125e-11,3.7382333744147437e-10,UP,ENSMUSG00000024077
ENSMUSG00000031103.13,NA,2571.2702504188896,0.7607715782152189,0.11511455653343006,6.608821691410379,3.873909716647094e-11,3.956739257735765e-10,UP,ENSMUSG00000031103
ENSMUSG00000030729.18,NA,967.7061375923336,0.9120579523483194,0.1380383395574085,6.607279943185679,3.914454133169022e-11,3.995750719608187e-10,UP,ENSMUSG00000030729
ENSMUSG00000048612.17,NA,7644.386028868522,0.7732913993250762,0.11707452452380383,6.605120989988296,3.971928216575989e-11,4.0519862778099144e-10,UP,ENSMUSG00000048612
ENSMUSG00000032733.7,Snx33,484.27771293821036,0.5372298303085877,0.08136930497555193,6.6023647427,4.0465041846630114e-11,4.1231186437614843e-10,UP,ENSMUSG00000032733
ENSMUSG00000033014.13,NA,777.9426340656303,0.7552143894382123,0.1144142392852167,6.600702798500295,4.0921318226973815e-11,4.1671133998078845e-10,UP,ENSMUSG00000033014
ENSMUSG00000039087.18,NA,1125.9534521911098,0.9638532332401117,0.14604632012482138,6.599640664799602,4.121555303943062e-11,4.194564302744208e-10,UP,ENSMUSG00000039087
ENSMUSG00000025192.14,NA,815.8082078207282,0.5257756287960156,0.07966903789511434,6.599497655390395,4.125532763466833e-11,4.1961010870524493e-10,UP,ENSMUSG00000025192
ENSMUSG00000021967.5,Mrpl57,926.3149781680079,-0.8490626711161867,0.12865808821806926,-6.599372669653434,4.129012013675592e-11,4.197129605772093e-10,DOWN,ENSMUSG00000021967
ENSMUSG00000034342.10,NA,3895.2908281904683,1.0167286721443898,0.1541627102512083,6.5951660455867005,4.247801746240762e-11,4.312723372929576e-10,UP,ENSMUSG00000034342
ENSMUSG00000021140.10,NA,1111.048290279332,0.8736376145043713,0.1324895602555058,6.594010975804911,4.281000388485997e-11,4.3438360743790494e-10,UP,ENSMUSG00000021140
ENSMUSG00000029461.18,NA,1154.6299825222152,0.7088160047007629,0.10751452033219885,6.592746751886722,4.317627309179987e-11,4.378388194389675e-10,UP,ENSMUSG00000029461
ENSMUSG00000025790.15,NA,3834.2617801788756,0.6535217383325725,0.09913952978928293,6.591939055204383,4.3411881173628424e-11,4.3996570395633193e-10,UP,ENSMUSG00000025790
ENSMUSG00000025377.15,NA,538.3600617589958,0.5855582222325428,0.08886052982904291,6.589632352621431,4.409170258003551e-11,4.465893353639571e-10,UP,ENSMUSG00000025377
ENSMUSG00000025332.15,NA,2323.2606122340303,0.6947391407319834,0.10543198128851666,6.58945352483528,4.4144838848889176e-11,4.4686138658583884e-10,UP,ENSMUSG00000025332
ENSMUSG00000000732.10,NA,1557.052131498954,0.5377771788771374,0.08162871748138054,6.5880880585904595,4.455263961097001e-11,4.5045314460413553e-10,UP,ENSMUSG00000000732
ENSMUSG00000029062.15,NA,1580.0406561532038,0.505276688017201,0.07671397345425467,6.586501327799201,4.503115305963003e-11,4.550206707855426e-10,UP,ENSMUSG00000029062
ENSMUSG00000028070.8,Naxe,2944.586079715835,-0.6223631815754125,0.09450989029405818,-6.585164575252294,4.5438179556255616e-11,4.585885350348267e-10,DOWN,ENSMUSG00000028070
ENSMUSG00000000787.13,NA,5608.627519014832,0.8528191646176508,0.12954742127474128,6.583065538672599,4.608458728535153e-11,4.6483659037644605e-10,UP,ENSMUSG00000000787
ENSMUSG00000001229.10,NA,1622.3533241282537,0.5825277453698721,0.08853653579263034,6.579518163374548,4.7197525361080553e-11,4.757801519208867e-10,UP,ENSMUSG00000001229
ENSMUSG00000070544.7,Top1,1981.5752870550382,0.6277055182129653,0.09540772288711376,6.579189809987031,4.730186127781702e-11,4.765494389162063e-10,UP,ENSMUSG00000070544
ENSMUSG00000038437.12,NA,1855.065019296019,0.6591588409310921,0.10026796214653895,6.573972651082197,4.899023377148577e-11,4.923923850578529e-10,UP,ENSMUSG00000038437
ENSMUSG00000004071.14,NA,523.5132960511997,0.5091878840612037,0.07745758272574055,6.573764196387598,4.9058904515690654e-11,4.927913350229387e-10,UP,ENSMUSG00000004071
ENSMUSG00000062753.15,NA,2133.39800256052,-0.7929390435377658,0.12062355783913821,-6.573666518734405,4.9091114629736166e-11,4.928237871270917e-10,DOWN,ENSMUSG00000062753
ENSMUSG00000031865.17,NA,3268.3528959289647,0.5382343932625795,0.0818885481078054,6.572767568842467,4.938852474580058e-11,4.955169627298434e-10,UP,ENSMUSG00000031865
ENSMUSG00000021488.9,Nsd1,2080.6172453701906,0.711505418300536,0.10825743627651029,6.5723468315212505,4.952832706506929e-11,4.966266097102408e-10,UP,ENSMUSG00000021488
ENSMUSG00000046574.9,Prr12,637.5188623676638,0.7920470523813544,0.12053357890176672,6.571173440613278,4.99202692374932e-11,4.999670781229737e-10,UP,ENSMUSG00000046574
ENSMUSG00000038290.16,NA,383.86955317891784,0.7911593777994117,0.12042494914369645,6.569729806199585,5.040664426594255e-11,5.045411373670507e-10,UP,ENSMUSG00000038290
ENSMUSG00000021275.17,NA,527.3525596341917,0.74695589271824,0.11372412431429314,6.568139321556075,5.094786236101435e-11,5.096584395949471e-10,UP,ENSMUSG00000021275
ENSMUSG00000031546.7,Gins4,1014.6401514499784,-0.5998868004706994,0.09137195408313997,-6.565327473732895,5.191863446412638e-11,5.190642549658632e-10,DOWN,ENSMUSG00000031546
ENSMUSG00000075486.11,NA,1240.2212249256868,-0.6208103380396033,0.0945712143940548,-6.564474634457379,5.2216631619938635e-11,5.217368021907617e-10,DOWN,ENSMUSG00000075486
ENSMUSG00000022565.16,NA,4949.517168072644,0.9314355536405853,0.1419279613991813,6.562734675099464,5.2829802584291914e-11,5.275535071922891e-10,UP,ENSMUSG00000022565
ENSMUSG00000042594.17,NA,1925.7983901070972,0.6120469264106404,0.09326619828230144,6.562365976986379,5.296063529886001e-11,5.285496266974257e-10,UP,ENSMUSG00000042594
ENSMUSG00000037217.16,NA,555.2750856473097,0.7922420051019416,0.12082485846851752,6.556945442715917,5.4921094646302864e-11,5.468314610977906e-10,UP,ENSMUSG00000037217
ENSMUSG00000017713.10,NA,167.61825272730812,-0.7666932778956687,0.11693886194663523,-6.556360008408046,5.513703054115221e-11,5.486602348641512e-10,DOWN,ENSMUSG00000017713
ENSMUSG00000036499.10,NA,4186.381720635644,0.9126876267041903,0.13921934921085877,6.555752715966603,5.5361906301619854e-11,5.502539909791626e-10,UP,ENSMUSG00000036499
ENSMUSG00000087380.10,NA,266.9870563834419,-0.7576907988839785,0.11562625041118167,-6.552930638064743,5.64187263625011e-11,5.604304091826481e-10,DOWN,ENSMUSG00000087380
ENSMUSG00000042938.9,Gm14117,166.21375999363772,-0.7276249749948229,0.11106226524569049,-6.5515049002933665,5.696011851455742e-11,5.654779775006208e-10,DOWN,ENSMUSG00000042938
ENSMUSG00000056698.12,NA,381.11732997434444,0.540710625543117,0.08255064009438479,6.550047642572997,5.751873043240959e-11,5.706905074291468e-10,UP,ENSMUSG00000056698
ENSMUSG00000037958.14,NA,525.0926516198866,0.665863964146184,0.10167919604573623,6.54867455724839,5.8049977879816237e-11,5.75625611559274e-10,UP,ENSMUSG00000037958
ENSMUSG00000042121.17,NA,840.6783495229098,0.7468749730002813,0.11407519608722659,6.547216210167107,5.86194687539248e-11,5.809339659844087e-10,UP,ENSMUSG00000042121
ENSMUSG00000026944.19,NA,499.61247606247184,0.93739925911686794,0.14324976010628931,6.543810324159223,5.997085086825938e-11,5.939803668407798e-10,UP,ENSMUSG00000026944
ENSMUSG00000068284.15,NA,598.2932496887987,1.0540729505437685,0.16113687771267018,6.5414755796828175,6.091478209793497e-11,6.02978337809943e-10,UP,ENSMUSG00000068284
ENSMUSG00000101191.8,Gm28809,63.00250389332248,-1.2585886314271504,0.19245129358497842,-6.539777457361753,6.161044157211303e-11,6.093200119621794e-10,DOWN,ENSMUSG00000101191
ENSMUSG00000120996.2,Gm56817,359.795918249161,-0.7943431179147852,0.12148540488785667,-6.538588883562139,6.210197406825636e-11,6.136584375390864e-10,DOWN,ENSMUSG00000120996
ENSMUSG00000078920.4,Ifi47,8962.148564752284,-0.6559040378554862,0.10034128496863377,-6.536731496517299,6.287778284537524e-11,6.209637485879509e-10,DOWN,ENSMUSG00000078920
ENSMUSG00000030199.17,NA,2347.242583513596,0.5757453688637169,0.08808185751859857,6.536480781438422,6.298322703830404e-11,6.216440853240851e-10,UP,ENSMUSG00000030199
ENSMUSG00000028868.14,NA,6007.76491127542,0.6885428566724348,0.10535984124829807,6.535154652044022,6.354384555952405e-11,6.264502246871108e-10,UP,ENSMUSG00000028868
ENSMUSG00000022390.12,NA,820.1709448720941,0.772896859748596,0.11836784730248467,6.5296182820110475,6.593752161971639e-11,6.496717802229994e-10,UP,ENSMUSG00000022390
ENSMUSG00000137750.1,ENSMUSG00000137750,22.898248338878243,-1.6627231675706609,0.2546718277408586,-6.528885359328262,6.626094135286464e-11,6.524803524301193e-10,DOWN,ENSMUSG00000137750
ENSMUSG00000046139.9,Patl1,1269.3800501609785,0.7482134150029598,0.11463910508034632,6.526685762930238,6.724090930966362e-11,6.617470507639696e-10,UP,ENSMUSG00000046139
ENSMUSG00000022685.10,NA,589.9056386743221,-0.5471311161749964,0.08384227147129375,-6.5257191458884245,6.76760281785054e-11,6.656440342415631e-10,DOWN,ENSMUSG00000022685
ENSMUSG00000036931.16,NA,541.0648760643463,0.5781905319405659,0.08861200019107764,6.524968747955021,6.801571439225919e-11,6.682487541811439e-10,UP,ENSMUSG00000036931
ENSMUSG00000024073.17,NA,2910.1804518298077,1.0706472617585028,0.16411710432491736,6.52367872418006,6.860357695716466e-11,6.735984005389967e-10,UP,ENSMUSG00000024073
ENSMUSG00000035342.15,NA,136.74681192088022,1.0721636836830668,0.1644060506239042,6.521436891247706,6.963702085093533e-11,6.833509385983879e-10,UP,ENSMUSG00000035342
ENSMUSG00000037679.10,NA,908.3323627823283,0.7854062337076831,0.12044480573245844,6.520880904173566,6.989566763959282e-11,6.854934970466641e-10,UP,ENSMUSG00000037679
ENSMUSG00000040483.16,NA,4658.943004008885,-0.5413816335956203,0.08302767400989412,-6.520496208662978,7.007517877742476e-11,6.868579194748619e-10,DOWN,ENSMUSG00000040483
ENSMUSG00000112134.3,Gm40723,302.3001747014679,-0.693959633785648,0.10645397809589512,-6.518869902264433,7.083905991342248e-11,6.935457990141985e-10,DOWN,ENSMUSG00000112134
ENSMUSG00000140475.1,ENSMUSG00000140475,459.5373819778616,0.7080840480487554,0.10869075264071909,6.514666895254197,7.285114199883884e-11,7.12015241857617e-10,UP,ENSMUSG00000140475
ENSMUSG00000041992.10,NA,1185.4471052093554,0.7223571073811897,0.11094837007835867,6.510750062132648,7.477647423702047e-11,7.30412820720718e-10,UP,ENSMUSG00000041992
ENSMUSG00000029038.10,NA,4015.805912867903,-0.5680675413915316,0.08727562965651228,-6.508890782309513,7.570773933239707e-11,7.390848536663287e-10,DOWN,ENSMUSG00000029038
ENSMUSG00000022009.2,Nufip1,806.7542652716168,-0.5862037895222985,0.09008414007974219,-6.507291838534427,7.6517672056031e-11,7.465631273579249e-10,DOWN,ENSMUSG00000022009
ENSMUSG00000027164.9,Traf6,1466.5537004312162,0.6020036676500224,0.09251983776111336,6.506752305428795,7.679287560707066e-11,7.488186023932589e-10,UP,ENSMUSG00000027164
ENSMUSG00000033909.18,NA,323.12753880530266,0.667078802473437,0.10253657846405832,6.505764210839794,7.729939182153104e-11,7.533257635054194e-10,UP,ENSMUSG00000033909
ENSMUSG00000021754.18,NA,1312.773388298693,0.7699044821125215,0.11835764291056541,6.504898738937243,7.774573221949516e-11,7.568081981252058e-10,UP,ENSMUSG00000021754
ENSMUSG00000048661.15,NA,372.84283972490533,0.757957385892108,0.1165492859824824,6.503320715375558,7.856604485549502e-11,7.639189015509138e-10,UP,ENSMUSG00000048661
ENSMUSG00000032902.2,Slc16a1,682.0564789704059,0.5206876618980418,0.08007968284802572,6.502119431294411,7.919618303125116e-11,7.696058792168327e-10,UP,ENSMUSG00000032902
ENSMUSG00000033623.14,NA,1438.801523330328,0.5416615923345416,0.08331018951963959,6.501744810061319,7.93937009968285e-11,7.710846825540066e-10,UP,ENSMUSG00000033623
ENSMUSG00000028893.9,Sesn2,1464.891212911499,0.6461557858534689,0.099399639300993,6.500584814969382,8.00083650669584e-11,7.761678587157414e-10,UP,ENSMUSG00000028893
ENSMUSG00000038894.8,Irs2,115.00005920937657,1.2557553356648663,0.19333069151596138,6.495374975479209,8.282684805597625e-11,8.021374590204624e-10,UP,ENSMUSG00000038894
ENSMUSG00000037519.18,NA,1177.0605733401837,0.5496343494664142,0.0846388464174053,6.493878079999284,8.365445639656269e-11,8.09691340626036e-10,UP,ENSMUSG00000037519
ENSMUSG00000000568.16,NA,2375.9935067697807,0.5649529581548985,0.08700426586201494,6.493393772793737,8.392394889151275e-11,8.118376990040192e-10,UP,ENSMUSG00000000568
ENSMUSG00000048174.3,Tmem81,190.75456099551766,0.8058050565006208,0.12412121205119514,6.492081757695516,8.465829104507744e-11,8.18475780280038e-10,UP,ENSMUSG00000048174
ENSMUSG00000032640.11,NA,446.1043296252757,0.5987378523674911,0.09222942670945826,6.491831010222356,8.47993491780709e-11,8.193737114331101e-10,UP,ENSMUSG00000032640
ENSMUSG00000090247.8,Bloc1s1,1456.0575335687731,-0.7676613332398025,0.11828678192451655,-6.489831921623139,8.593218736091072e-11,8.298482556840703e-10,DOWN,ENSMUSG00000090247
ENSMUSG00000005983.16,NA,95.29506264856875,-0.9203365262821984,0.14187457391651065,-6.486972971096227,8.757804224766367e-11,8.447828624298176e-10,DOWN,ENSMUSG00000005983
ENSMUSG00000068663.15,NA,663.3586368887824,0.6747147160144218,0.10413240508878448,6.479392418134896,9.209270255715996e-11,8.863205997097125e-10,UP,ENSMUSG00000068663
ENSMUSG00000030979.14,NA,168.11535568475907,-0.7004419974152525,0.10811643069177114,-6.478589728994484,9.258386771174043e-11,8.90543695874354e-10,DOWN,ENSMUSG00000030979
ENSMUSG00000058729.14,NA,328.38288833019465,0.5643570963670826,0.08717619394465642,6.473752418296253,9.559849872299716e-11,9.185017340583557e-10,UP,ENSMUSG00000058729
ENSMUSG00000017167.7,Cntnap1,50.67288488226968,1.3376342941343535,0.2066224696087261,6.473808471399001,9.556302268898032e-11,9.185017340583557e-10,UP,ENSMUSG00000017167
ENSMUSG00000026193.16,NA,111.90430258171284,2.151907497474351,0.3324618821866112,6.472644272243166,9.63024941384518e-11,9.247432045841396e-10,UP,ENSMUSG00000026193
ENSMUSG00000035476.10,NA,307.8184274590983,0.9208958901371338,0.14231873781343807,6.47065807556776,9.757701248211096e-11,9.359248021831806e-10,UP,ENSMUSG00000035476
ENSMUSG00000041936.19,NA,860.7257088503139,0.8524483758424809,0.1317801324081685,6.468716947423869,9.88385383216926e-11,9.469567226471573e-10,UP,ENSMUSG00000041936
ENSMUSG00000027937.16,NA,1137.7720521057802,-0.5316191951161832,0.08218676758938497,-6.468428078011499,9.902763041751184e-11,9.482341682884044e-10,DOWN,ENSMUSG00000027937
ENSMUSG00000051234.7,Rnf7,3080.084596698294,-0.5083090477220037,0.07861903633211231,-6.465470342001413,1.0098420921353568e-10,9.664251333063521e-10,DOWN,ENSMUSG00000051234
ENSMUSG00000041530.18,NA,2084.925027568397,0.7663717814228573,0.1185586205780787,6.464074714146584,1.0192050884398612e-10,9.742890238340799e-10,UP,ENSMUSG00000041530
ENSMUSG00000035711.6,Dok3,2119.1694029624086,-0.5283559316710061,0.08174560309149145,-6.463417134248294,1.0236460264680646e-10,9.774353916965698e-10,DOWN,ENSMUSG00000035711
ENSMUSG00000071855.6,Ccdc112,98.48678119612872,1.0444102957290269,0.16158784094502257,6.4634213169812025,1.0236177188665578e-10,9.774353916965698e-10,UP,ENSMUSG00000071855
ENSMUSG00000023791.19,NA,789.320562571572,-0.5639936985423155,0.08728859247858052,-6.461253212219136,1.038393944375635e-10,9.904141201359902e-10,DOWN,ENSMUSG00000023791
ENSMUSG00000086320.2,Gm12840,65.65309286217952,1.0990566756355022,0.1701482095150193,6.4594078231454235,1.0511348826322024e-10,1.0019955052714817e-9,UP,ENSMUSG00000086320
ENSMUSG00000032691.15,NA,6729.386212986328,0.6351091592389952,0.09833062726957313,6.458914957369745,1.054563505397726e-10,1.0047006707447466e-9,UP,ENSMUSG00000032691
ENSMUSG00000027276.8,Jag1,1913.3564650113935,0.7917786212658833,0.12259559720663661,6.458458862362971,1.0577460704357257e-10,1.0071685147721137e-9,UP,ENSMUSG00000027276
ENSMUSG00000020941.8,Map3k14,690.729965301752,0.5519244712475068,0.08547238191008334,6.457342815462069,1.0655733339073741e-10,1.013486583692886e-9,UP,ENSMUSG00000020941
ENSMUSG00000063450.15,NA,46.890440257344466,1.5664491114173997,0.24258404216850804,6.457346070312758,1.0655504242772075e-10,1.013486583692886e-9,UP,ENSMUSG00000063450
ENSMUSG00000028468.16,NA,870.6572990335164,0.773355063615814,0.11979405439169849,6.455704897399366,1.0771633023255152e-10,1.0239373459668928e-9,UP,ENSMUSG00000028468
ENSMUSG00000039298.17,NA,356.9631490793781,0.811751440237534,0.12578367829956186,6.453551456050571,1.0925888052543807e-10,1.038020403472402e-9,UP,ENSMUSG00000039298
ENSMUSG00000078572.4,Ndufaf8,440.8047410746105,-0.8734839848463961,0.1353594880533144,-6.453068029500486,1.0960812457225868e-10,1.040756988540386e-9,DOWN,ENSMUSG00000078572
ENSMUSG00000082674.2,Gm11914,58.19288991387273,0.9784002122228717,0.15162345687900497,6.452828819248145,1.097813416823827e-10,1.0418200316130582e-9,UP,ENSMUSG00000082674
ENSMUSG00000027806.10,NA,490.8590989519572,0.7020862544917785,0.10892452314663799,6.445621557108913,1.1512760955476082e-10,1.09133786404028e-9,UP,ENSMUSG00000027806
ENSMUSG00000020647.11,NA,953.3263462622095,0.9017699742247403,0.1400014383097885,6.44114792756162,1.185732330045832e-10,1.1233740392623632e-9,UP,ENSMUSG00000020647
ENSMUSG00000120488.2,Gm2848,273.681865054051,-0.6625321281238307,0.10291608132096337,-6.437595753938573,1.213807504217454e-10,1.149332428547997e-9,DOWN,ENSMUSG00000120488
ENSMUSG00000030223.15,NA,1864.2804324772871,-0.5087786442392124,0.07905832151534037,-6.435485025323864,1.2307966420948348e-10,1.1647706007492909e-9,DOWN,ENSMUSG00000030223
ENSMUSG00000021280.10,NA,333.2912846237605,-0.63392325679501,0.09852707907726706,-6.434000304605334,1.2428860947690008e-10,1.175557337466164e-9,DOWN,ENSMUSG00000021280
ENSMUSG00000029066.13,NA,2420.5424992392714,-0.5791956189762407,0.09009618452111276,-6.428636485050202,1.2875361765320533e-10,1.2171117408618176e-9,DOWN,ENSMUSG00000029066
ENSMUSG00000042460.6,C1galt1,1060.2484475612123,0.7606203338276972,0.11832043424064917,6.428478214343681,1.288877204473812e-10,1.2177025410712028e-9,UP,ENSMUSG00000042460
ENSMUSG00000029330.9,Cds1,517.1059973158816,0.5214708676422272,0.08114796148366087,6.426173351837376,1.3085616973767533e-10,1.2349278704544431e-9,UP,ENSMUSG00000029330
ENSMUSG00000035069.4,Oma1,660.9950842733198,-0.5113338412433474,0.07957735733618451,-6.425619778791516,1.3133330278585238e-10,1.2387432873966752e-9,DOWN,ENSMUSG00000035069
ENSMUSG00000028059.17,NA,3582.5166280937287,0.5672553519509941,0.08830234910802769,6.424012018717904,1.3272871673311782e-10,1.250517759979724e-9,UP,ENSMUSG00000028059
ENSMUSG00000020287.16,NA,358.8716199680953,-0.6522267545232998,0.10153654047652422,-6.423566840689221,1.3311765232830107e-10,1.2534877051467817e-9,DOWN,ENSMUSG00000020287
ENSMUSG00000030766.16,NA,3250.594207544074,0.5076540818893491,0.07903943762231892,6.422794710598994,1.3379487687200187e-10,1.2586141617558312e-9,UP,ENSMUSG00000030766
ENSMUSG00000024054.15,NA,1628.0590527141424,0.69384030994235,0.10803572527303049,6.422322876889659,1.3421037193863e-10,1.2609843012090285e-9,UP,ENSMUSG00000024054
ENSMUSG00000022200.9,Golph3,3821.922708257625,0.5478050947710217,0.0852992349863768,6.4221571841589435,1.3435657932652266e-10,1.2616609541837903e-9,UP,ENSMUSG00000022200
ENSMUSG00000022710.18,NA,2507.2605226712794,0.5298395113676733,0.08250706425834521,6.421747230135902,1.347189924206233e-10,1.2643659961948784e-9,UP,ENSMUSG00000022710
ENSMUSG00000139808.1,ENSMUSG00000139808,274.0874823845397,-0.9848193645021402,0.15335919196387995,-6.421652017663804,1.3480330005411047e-10,1.2644594157309445e-9,DOWN,ENSMUSG00000139808
ENSMUSG00000028364.16,NA,74.53734758917392,0.9926485161407759,0.1545961697790443,6.42091274033188,1.3545966360943967e-10,1.269915677696875e-9,UP,ENSMUSG00000028364
ENSMUSG00000032575.17,NA,7542.6564321547785,-0.6293242356545429,0.0980550668692662,-6.418069516933802,1.3801323585820961e-10,1.2910082997825701e-9,DOWN,ENSMUSG00000032575
ENSMUSG00000049532.12,NA,48.2085267906742,1.2097259703354724,0.18849771513722166,6.4177221960214315,1.383283800374827e-10,1.2932448768100226e-9,UP,ENSMUSG00000049532
ENSMUSG00000048707.10,NA,248.79592691915857,0.754047256565837,0.11753289393181945,6.4156274157876005,1.4024406012131112e-10,1.3097147097325739e-9,UP,ENSMUSG00000048707
ENSMUSG00000039747.12,NA,3209.886314974889,0.5558346627858363,0.08664268640374065,6.415251948626549,1.405901548692777e-10,1.31137974361709e-9,UP,ENSMUSG00000039747
ENSMUSG00000042506.16,NA,2040.240396612522,0.5607649621015885,0.08741213907474309,6.415184069824648,1.4065281261001822e-10,1.31137974361709e-9,UP,ENSMUSG00000042506
ENSMUSG00000023905.16,NA,372.1655446191661,0.9255492268762355,0.14427479459781897,6.415183119520638,1.4065369001279385e-10,1.31137974361709e-9,UP,ENSMUSG00000023905
ENSMUSG00000023868.18,NA,163.09322113701347,0.692080298915339,0.10788757406962149,6.4148286295577375,1.4098135920579507e-10,1.3137145176184937e-9,UP,ENSMUSG00000023868
ENSMUSG00000037376.15,NA,614.2493675028367,-0.600678349284922,0.09364842355735514,-6.4141853804622295,1.415778460359757e-10,1.318550301033846e-9,DOWN,ENSMUSG00000037376
ENSMUSG00000041966.19,NA,386.2547610799212,-0.6483274695550614,0.10113604406245091,-6.41044916839661,1.450915252081276e-10,1.3492207983697605e-9,DOWN,ENSMUSG00000041966
ENSMUSG00000023026.17,NA,587.8277317400973,0.8098944884704625,0.12634010441602223,6.410430735466079,1.451090697529279e-10,1.3492207983697605e-9,UP,ENSMUSG00000023026
ENSMUSG00000034574.11,NA,1397.874784920519,0.6176328330101258,0.09635637803801146,6.409880130264724,1.4563409517968525e-10,1.3533625260249878e-9,UP,ENSMUSG00000034574
ENSMUSG00000067336.7,Bmpr2,1056.8978031517654,0.9494473785445521,0.1481702650240646,6.407813189713541,1.4762162661014189e-10,1.3688471981504008e-9,UP,ENSMUSG00000067336
ENSMUSG00000007039.13,NA,754.243475389364,0.9302923018036562,0.14518095073010245,6.407812437687566,1.4762235454591527e-10,1.3688471981504008e-9,UP,ENSMUSG00000007039
ENSMUSG00000045374.19,NA,2106.234244396489,0.7783127853036845,0.12147957116900625,6.40694379980047,1.4846551299845006e-10,1.3759152665131564e-9,UP,ENSMUSG00000045374
ENSMUSG00000025571.14,NA,478.07780233470595,0.908889516246333,0.1418636766724996,6.40678105604549,1.4862400566934375e-10,1.3766339000070044e-9,UP,ENSMUSG00000025571
ENSMUSG00000046417.15,NA,916.1055782907553,0.5394519389522826,0.08420148633790174,6.406679530423661,1.4872296304166673e-10,1.3768006039665676e-9,UP,ENSMUSG00000046417
ENSMUSG00000106825.2,2510016D11Rik,118.68923034229334,0.8448482601486186,0.1318827565182338,6.406055518196663,1.4933260551034882e-10,1.381692213987482e-9,UP,ENSMUSG00000106825
ENSMUSG00000070327.16,NA,22337.579129655078,1.1450628230698974,0.17875165604201865,6.405886515539362,1.4949813620370112e-10,1.3824716173355853e-9,UP,ENSMUSG00000070327
ENSMUSG00000058230.14,NA,470.7662306935378,0.914872868097742,0.1428517390962108,6.404352329806599,1.510090290626032e-10,1.395684537086212e-9,UP,ENSMUSG00000058230
ENSMUSG00000021715.13,NA,472.3255812784858,0.5599311727040719,0.08746291493242607,6.401926726735271,1.534283008090777e-10,1.4172741355563147e-9,UP,ENSMUSG00000021715
ENSMUSG00000074406.6,Zfp628,309.41677378429034,0.629820964838729,0.09839634504256814,6.400857314021739,1.5450691398754326e-10,1.4256888655844605e-9,UP,ENSMUSG00000074406
ENSMUSG00000016206.7,H2-M3,2624.0989290839775,-0.5045270502114315,0.07882114987625996,-6.400909540186617,1.544540668379299e-10,1.4256888655844605e-9,DOWN,ENSMUSG00000016206
ENSMUSG00000019874.12,NA,355.7168798436911,-0.7272607140045829,0.11363026541213582,-6.400237747987437,1.5513519658644982e-10,1.4307099529008489e-9,DOWN,ENSMUSG00000019874
ENSMUSG00000066640.12,NA,251.5993957962186,0.7379122105230359,0.11532849011133021,6.39835143779916,1.570634553555805e-10,1.4477079250823859e-9,UP,ENSMUSG00000066640
ENSMUSG00000074277.5,Phldb3,220.72778780683132,0.8290327580059554,0.12962075214911917,6.395833570323786,1.5967384912782228e-10,1.4709715483573918e-9,UP,ENSMUSG00000074277
ENSMUSG00000093594.2,Gm20707,147.19840839953764,-0.7835047798712865,0.12250760282097706,-6.395560453633548,1.5995953807293266e-10,1.4728055790299363e-9,DOWN,ENSMUSG00000093594
ENSMUSG00000021361.8,Tmem14c,5147.16583804549,-0.540299009249256,0.0845028804908367,-6.393853157560053,1.617567789449337e-10,1.4885475014813544e-9,DOWN,ENSMUSG00000021361
ENSMUSG00000034610.15,NA,731.4562388396489,0.8791341008788829,0.13751489607610567,6.393009964479329,1.6265165755211808e-10,1.4959730061283505e-9,UP,ENSMUSG00000034610
ENSMUSG00000041193.16,NA,126.28473381934575,-1.0148789757342178,0.1587988736920078,-6.390970868613256,1.648357866208925e-10,1.5152418309594043e-9,DOWN,ENSMUSG00000041193
ENSMUSG00000031093.15,NA,1887.7496043453305,0.6906068555694839,0.10807011308430196,6.390359331175715,1.6549638831095852e-10,1.5204924795333122e-9,UP,ENSMUSG00000031093
ENSMUSG00000030187.16,NA,1502.1692443658271,-0.6207185376941761,0.09719596096125177,-6.386258560081856,1.6999348412530506e-10,1.5609660858719967e-9,DOWN,ENSMUSG00000030187
ENSMUSG00000031534.16,NA,233.17473997920166,-0.6486789418819088,0.10157817900857788,-6.386006800014897,1.7027343266640564e-10,1.562692928183969e-9,DOWN,ENSMUSG00000031534
ENSMUSG00000041161.9,Otud3,196.51617698644114,0.6566963537317959,0.10287631821206289,6.3833578528551405,1.7324641073845875e-10,1.5891199897617204e-9,UP,ENSMUSG00000041161
ENSMUSG00000039308.7,Ndst2,1970.5456493793351,0.5072990360708236,0.07949228431728446,6.381739315050966,1.750878339553564e-10,1.6051448540403184e-9,UP,ENSMUSG00000039308
ENSMUSG00000028458.13,NA,3324.8497243309707,0.6074400314626972,0.09519828509692861,6.380787540912279,1.7617958950134463e-10,1.6134141621216298e-9,UP,ENSMUSG00000028458
ENSMUSG00000000317.12,NA,7.578275722374855,3.4772454030106745,0.5453057908259961,6.376688935841951,1.8095747553239734e-10,1.6544961445720156e-9,UP,ENSMUSG00000000317
ENSMUSG00000042694.18,NA,499.7369399418677,-0.5140410594567899,0.08063870513100961,-6.374619466193728,1.8341779370460057e-10,1.6751895809561965e-9,DOWN,ENSMUSG00000042694
ENSMUSG00000029202.13,NA,2062.364651027343,0.6560745401210256,0.10292991204752597,6.373993012041975,1.8416898527583206e-10,1.6811474844878153e-9,UP,ENSMUSG00000029202
ENSMUSG00000038384.17,NA,677.7791049073494,0.9627529377547872,0.1510575362882082,6.3734187741412365,1.8486020336967016e-10,1.686551833961701e-9,UP,ENSMUSG00000038384
ENSMUSG00000027330.17,NA,1263.0556687831404,0.5496816867672614,0.08627111824555239,6.371560934248115,1.8711392109447824e-10,1.7052836774558935e-9,UP,ENSMUSG00000027330
ENSMUSG00000024621.17,NA,45141.9983829933,0.554633024268467,0.08705379709177198,6.3711525837726946,1.8761287169712334e-10,1.7089151023466949e-9,UP,ENSMUSG00000024621
ENSMUSG00000025578.10,NA,95.84149749260256,-1.3094836692817249,0.20554446015618935,-6.370804974683692,1.8803862833986255e-10,1.7109603603786529e-9,DOWN,ENSMUSG00000025578
ENSMUSG00000094320.2,Chchd2-ps,1175.9507519749218,-0.7383915031574003,0.11594127591056912,-6.368668080959846,1.90676740420508e-10,1.7331099131967712e-9,DOWN,ENSMUSG00000094320
ENSMUSG00000001435.16,NA,3081.971713603299,0.5171996623292168,0.0812324824164877,6.366907017287472,1.9287801917887182e-10,1.7521814071345588e-9,UP,ENSMUSG00000001435
ENSMUSG00000031391.19,NA,345.46040594031774,0.9819130819884645,0.15423415356768913,6.366379036518198,1.9354280378571568e-10,1.757281858611789e-9,UP,ENSMUSG00000031391
ENSMUSG00000041779.6,Tram2,796.344583050271,0.7563750355612707,0.11884054259273766,6.364621189532442,1.9577229517895616e-10,1.7765761215652767e-9,UP,ENSMUSG00000041779
ENSMUSG00000096140.3,Ankrd66,83.88716082645239,-1.6757647373464437,0.2632978098410944,-6.3645221293629515,1.9589867802167026e-10,1.7767748898328129e-9,DOWN,ENSMUSG00000096140
ENSMUSG00000020889.12,NA,193.87812178356242,0.8315729285545316,0.13067349749564236,6.36374585888973,1.9689182208852392e-10,1.7848306644122804e-9,UP,ENSMUSG00000020889
ENSMUSG00000033732.11,NA,2608.2030928115205,0.5211604265557436,0.08198709484057398,6.356615362078061,2.0624756409901618e-10,1.867649667235287e-9,UP,ENSMUSG00000033732
ENSMUSG00000055602.18,NA,95.77050293746353,0.6998981481244492,0.11012467610462226,6.355506984279542,2.0774030981426935e-10,1.880165890740535e-9,UP,ENSMUSG00000055602
ENSMUSG00000007379.16,NA,262.0911906979505,0.7854567136826168,0.12359181180982604,6.355248799906095,2.0808954112129775e-10,1.882324859738718e-9,UP,ENSMUSG00000007379
ENSMUSG00000053580.17,NA,404.44033325887926,1.1007349513863227,0.17326374011337983,6.352944653428507,2.112317339354476e-10,1.9097325185041053e-9,UP,ENSMUSG00000053580
ENSMUSG00000035649.18,NA,298.6652398365154,0.5148401273562241,0.08106222113435764,6.3511722248875415,2.1368031106121148e-10,1.9298180403117166e-9,UP,ENSMUSG00000035649
ENSMUSG00000013974.4,Mcemp1,379.41478774110465,-0.9207415173148474,0.145016985795569,-6.349197732000997,2.1644068965275046e-10,1.95267393540301e-9,DOWN,ENSMUSG00000013974
ENSMUSG00000038145.18,NA,635.0925189788393,0.6354788631902273,0.10011156581960422,6.3477067608284825,2.18548148456975e-10,1.968553926196672e-9,UP,ENSMUSG00000038145
ENSMUSG00000120024.2,Gm53692,246.2523194774159,-0.659504592543017,0.10396408438299182,-6.3435810208598324,2.244848253385238e-10,2.018820169067655e-9,DOWN,ENSMUSG00000120024
ENSMUSG00000049950.7,Rpp38,131.07245328750676,-0.774917667529567,0.12216864659125043,-6.343015897706325,2.2531016995236277e-10,2.025171643874145e-9,DOWN,ENSMUSG00000049950
ENSMUSG00000025931.16,NA,37.12884503219564,1.3433421635634453,0.211805066857037,6.342351405928201,2.2628443146159671e-10,2.032854221572062e-9,UP,ENSMUSG00000025931
ENSMUSG00000039219.19,NA,507.79662825178144,0.7738158145680004,0.12201959516066622,6.341733994028565,2.2719335292246607e-10,2.0399420062299146e-9,UP,ENSMUSG00000039219
ENSMUSG00000026925.17,NA,384.5103311078947,0.6635533790360325,0.10463746324660134,6.341451316267312,2.2761068552381078e-10,2.042610721909196e-9,UP,ENSMUSG00000026925
ENSMUSG00000033257.15,NA,230.3103092875502,0.7973172934396756,0.12573468965670145,6.341267438736466,2.2788255582127338e-10,2.0439719115488266e-9,UP,ENSMUSG00000033257
ENSMUSG00000026663.7,Atf6,3795.645730452025,0.524290749384065,0.08269682601917593,6.3399138107488096,2.2989373484312213e-10,2.060816270739511e-9,UP,ENSMUSG00000026663
ENSMUSG00000002343.12,NA,267.39340304946586,-0.7268878137050473,0.1146539560814572,-6.33984066968105,2.300028979103606e-10,2.060816270739511e-9,DOWN,ENSMUSG00000002343
ENSMUSG00000020948.10,NA,774.141642436794,0.7322944070191703,0.11558218603802577,6.335703036264172,2.362614594912901e-10,2.1130243480309383e-9,UP,ENSMUSG00000020948
ENSMUSG00000029699.14,NA,133.44896379455147,-0.9467798034260317,0.14958218939872214,-6.329495558474022,2.4596397315564094e-10,2.1968819997294278e-9,DOWN,ENSMUSG00000029699
ENSMUSG00000025484.10,NA,1258.9361348903633,-0.5621628671571129,0.0888153674350851,-6.3295675443553865,2.458492571371208e-10,2.1968819997294278e-9,DOWN,ENSMUSG00000025484
ENSMUSG00000021054.7,Sgpp1,1801.1063372089498,0.6127573742887286,0.09681283327299042,6.329299056467963,2.4627738309669674e-10,2.198526602069514e-9,UP,ENSMUSG00000021054
ENSMUSG00000068036.17,NA,611.1274522001477,0.7410510082433102,0.11710763300088382,6.327947967642018,2.484428813628406e-10,2.2166944598407484e-9,UP,ENSMUSG00000068036
ENSMUSG00000032565.10,NA,346.1880316978695,-0.7792085526272294,0.12317234350778791,-6.326164871402011,2.5132927977573526e-10,2.241272014612561e-9,DOWN,ENSMUSG00000032565
ENSMUSG00000025759.12,NA,510.915453073127,-0.571824642940866,0.09045459941443018,-6.321675698556497,2.587419579668682e-10,2.3061665289227256e-9,DOWN,ENSMUSG00000025759
ENSMUSG00000078903.11,NA,446.8086087367753,-0.7837406526634291,0.12399276856997736,-6.320857754064199,2.6011538383926154e-10,2.3171934088897235e-9,DOWN,ENSMUSG00000078903
ENSMUSG00000039849.7,Pcif1,1330.6215616347024,0.5357746806001662,0.08476636014713301,6.3206050097019215,2.6054120972301627e-10,2.3197716296071283e-9,UP,ENSMUSG00000039849
ENSMUSG00000044340.8,Phlpp1,378.3798771369019,1.0043432891075497,0.15893971431443418,6.319020349568728,2.632266168943103e-10,2.342455178913993e-9,UP,ENSMUSG00000044340
ENSMUSG00000050106.19,NA,449.6270501955526,0.7590410268774092,0.12017556364161473,6.316101242853387,2.6824435242760955e-10,2.3858595488409667e-9,UP,ENSMUSG00000050106
ENSMUSG00000112368.2,Gm49376,308.86542260933226,0.5219030521355669,0.08263935869159718,6.315429601568705,2.694120079337359e-10,2.394992476174131e-9,UP,ENSMUSG00000112368
ENSMUSG00000034121.13,NA,68.93732730594947,-1.3663434083154178,0.21638322693539233,-6.314460818737029,2.7110499538828876e-10,2.408783464771807e-9,DOWN,ENSMUSG00000034121
ENSMUSG00000024474.9,Ik,1693.3856784163315,0.550898565783806,0.08732837945033092,6.308356679138152,2.8201370742709795e-10,2.50048232977332e-9,UP,ENSMUSG00000024474
ENSMUSG00000055491.15,NA,665.2647685999889,0.7811948008595421,0.12385685442153863,6.307239147223917,2.8405675346827225e-10,2.5172846010846472e-9,UP,ENSMUSG00000055491
ENSMUSG00000050148.10,NA,769.1200102397428,0.619616138451155,0.09826236140937226,6.305732221005387,2.868345813091896e-10,2.540577546741708e-9,UP,ENSMUSG00000050148
ENSMUSG00000037344.15,NA,2023.3957807471031,0.5068354592127958,0.0804066982618159,6.303398475117905,2.911889769064418e-10,2.5764618841159983e-9,UP,ENSMUSG00000037344
ENSMUSG00000041353.13,NA,271.9584001236429,-0.6984236458760967,0.11082344845367004,-6.302128796940244,2.935850371529762e-10,2.5963115662108757e-9,DOWN,ENSMUSG00000041353
ENSMUSG00000022338.9,Eny2,705.150493000611,-0.5434110810631956,0.08623146720636057,-6.30177241172017,2.94261039267588e-10,2.59958609547252e-9,DOWN,ENSMUSG00000022338
ENSMUSG00000036990.14,NA,877.0616561699311,0.738007282094738,0.11714600104683483,6.299893086403211,2.9785101826487757e-10,2.628570013810331e-9,UP,ENSMUSG00000036990
ENSMUSG00000025314.19,NA,8924.791537080233,0.6134248415934073,0.09740240355358235,6.297840907549619,3.018200438987661e-10,2.6608354932827457e-9,UP,ENSMUSG00000025314
ENSMUSG00000029610.14,NA,776.7708725007187,-0.6237405115364247,0.09906168346469496,-6.296486085447179,3.04468597144208e-10,2.6827942813649746e-9,DOWN,ENSMUSG00000029610
ENSMUSG00000026659.14,NA,259.0754593203556,-0.6848767252502245,0.1087773855348518,-6.296131515596989,3.0516548729547675e-10,2.6875423495323033e-9,DOWN,ENSMUSG00000026659
ENSMUSG00000050271.13,NA,327.10587183738465,0.7614749801323057,0.12096800474556003,6.294846159808672,3.077048746401355e-10,2.708503673980406e-9,UP,ENSMUSG00000050271
ENSMUSG00000063235.19,NA,1512.5425186159925,-0.5193760929445504,0.08253509439157455,-6.292790924554513,3.118081916744024e-10,2.741783923275536e-9,DOWN,ENSMUSG00000063235
ENSMUSG00000027580.18,NA,7608.852431989851,0.9689437606040676,0.15399329308098528,6.292116631952918,3.13166033850462e-10,2.752300553829952e-9,UP,ENSMUSG00000027580
ENSMUSG00000039202.13,NA,1748.586528820202,0.6315547099593705,0.10039352700083806,6.290791137899741,3.1585207005215753e-10,2.7744732971627015e-9,UP,ENSMUSG00000039202
ENSMUSG00000033819.17,NA,647.5467092745286,0.6991023197274382,0.11114319147237615,6.290104778043872,3.172517649291222e-10,2.7853296408800478e-9,UP,ENSMUSG00000033819
ENSMUSG00000027544.17,NA,589.5706445625286,0.8606838858609792,0.1368440869618169,6.289521929443196,3.1844512295214836e-10,2.7943641697235476e-9,UP,ENSMUSG00000027544
ENSMUSG00000030922.13,NA,289.93539806452577,-0.6656347700799818,0.10593491310260002,-6.283431501334236,3.311801680242038e-10,2.9031185244430983e-9,DOWN,ENSMUSG00000030922
ENSMUSG00000014786.9,Slc9a5,79.02323087553641,1.3286071152796015,0.21146906185551084,6.282749370626095,3.3263709372547963e-10,2.9128869288854304e-9,UP,ENSMUSG00000014786
ENSMUSG00000039069.20,NA,373.51699228967084,-0.5017418027150362,0.07987684660740582,-6.281442295551474,3.354463086773961e-10,2.9359752575233137e-9,DOWN,ENSMUSG00000039069
ENSMUSG00000026158.12,NA,1265.5758576621256,0.5031547691147887,0.08011661036623563,6.280280291624001,3.3796317194515217e-10,2.9549623147039884e-9,UP,ENSMUSG00000026158
ENSMUSG00000035781.16,NA,1554.981280485242,0.506720839755255,0.0807079375206975,6.278451108050019,3.4196252566777826e-10,2.9883939935797726e-9,UP,ENSMUSG00000035781
ENSMUSG00000003352.15,NA,106.71199113467635,0.9327612210894017,0.14858140111814233,6.2777791437552155,3.4344329292041464e-10,2.999792829689045e-9,UP,ENSMUSG00000003352
ENSMUSG00000043061.11,NA,653.1118422536105,-0.593752490610948,0.09460263478882616,-6.276278582899238,3.467726238234399e-10,3.0257646181331034e-9,DOWN,ENSMUSG00000043061
ENSMUSG00000035311.17,NA,4309.132795876487,0.5820226481519288,0.09279347018060176,6.272237119908888,3.5589701844555965e-10,3.102196153605939e-9,UP,ENSMUSG00000035311
ENSMUSG00000028247.3,Coq3,599.9558301561623,-0.5054298796466177,0.080676813689206,-6.264871609750259,3.731327121510319e-10,3.24743853778938e-9,DOWN,ENSMUSG00000028247
ENSMUSG00000024645.6,Timm21,228.53780711720964,-0.6546242824799712,0.10449899742239072,-6.264407301765238,3.742461071292014e-10,3.255462556439488e-9,DOWN,ENSMUSG00000024645
ENSMUSG00000040084.10,NA,538.4291042564138,0.7959548095220417,0.127087185751828,6.263061101033097,3.7749261738166296e-10,3.2786718341126455e-9,UP,ENSMUSG00000040084
ENSMUSG00000009681.11,NA,90.55624987168501,1.0189284260403382,0.1626844669646001,6.263218886545914,3.771106826135171e-10,3.2786718341126455e-9,UP,ENSMUSG00000009681
ENSMUSG00000025381.4,Cnpy2,2450.0567486166065,-0.5872424275273237,0.09376562883732215,-6.262875158083297,3.779431946362192e-10,3.2809096314362145e-9,DOWN,ENSMUSG00000025381
ENSMUSG00000028514.17,NA,1722.6960750616627,0.7052741104248154,0.11262259350537655,6.262279072725722,3.793911718857434e-10,3.2917991168821184e-9,UP,ENSMUSG00000028514
ENSMUSG00000034297.15,NA,1832.4198702654867,1.0673074537049154,0.17046871737781555,6.261016508614927,3.824760284341642e-10,3.3168726871756234e-9,UP,ENSMUSG00000034297
ENSMUSG00000026074.16,NA,3339.809264517537,0.5370934031207473,0.08581009214944922,6.259093652822684,3.872212922699518e-10,3.352894753738697e-9,UP,ENSMUSG00000026074
ENSMUSG00000030201.16,NA,982.5660236716092,0.9923643977694561,0.1585607456639872,6.258575498077043,3.885098047610229e-10,3.3606295726174747e-9,UP,ENSMUSG00000030201
ENSMUSG00000107002.2,Ncbp2as2,1572.9299600554677,-0.6358235444134834,0.10162668288013353,-6.256462637508532,3.938073941710806e-10,3.402992146988514e-9,DOWN,ENSMUSG00000107002
ENSMUSG00000034647.16,NA,437.62753040613603,0.8935364205528785,0.14282192449867628,6.256297299516924,3.9422490946896185e-10,3.4048698884861174e-9,UP,ENSMUSG00000034647
ENSMUSG00000098332.3,Pigbos1,210.90448659265638,-0.8534294501210037,0.13641915344262195,-6.255935684866693,3.951395737142398e-10,3.4093067430666473e-9,DOWN,ENSMUSG00000098332
ENSMUSG00000020898.19,NA,480.9245752823197,0.7542512533244087,0.12056546114506732,6.255947981792854,3.9510843600192867e-10,3.4093067430666473e-9,UP,ENSMUSG00000020898
ENSMUSG00000143116.1,ENSMUSG00000143116,363.6604738165996,-0.893467711253668,0.14282583303773755,-6.255645020586684,3.958762783705321e-10,3.413931029396181e-9,DOWN,ENSMUSG00000143116
ENSMUSG00000041079.13,NA,211.82501778518875,-0.5858463864658154,0.09367941620784553,-6.253736521649582,4.0074688739134184e-10,3.4541822437796043e-9,DOWN,ENSMUSG00000041079
ENSMUSG00000023020.4,Cox14,1808.1897108813478,-0.816943370417765,0.13072045852868427,-6.249544865530757,4.1165048285706187e-10,3.544571195679592e-9,DOWN,ENSMUSG00000023020
ENSMUSG00000062591.6,Tubb4a,137.1145660181107,1.0309024712355626,0.16496170965355011,6.249344004742961,4.1218018176368875e-10,3.5473361189642164e-9,UP,ENSMUSG00000062591
ENSMUSG00000022094.16,NA,4885.450861210836,0.5540427484416977,0.08866756498334419,6.24853911964056,4.143094629378594e-10,3.563857727223691e-9,UP,ENSMUSG00000022094
ENSMUSG00000051435.12,NA,64.63858057230274,-0.9021815428041068,0.1444414979406471,-6.245999630762795,4.210981680022255e-10,3.616765376285781e-9,DOWN,ENSMUSG00000051435
ENSMUSG00000032560.15,NA,4252.677751267249,0.7529514973638101,0.12054799735560474,6.246072219206406,4.209026215741895e-10,3.616765376285781e-9,UP,ENSMUSG00000032560
ENSMUSG00000022698.18,NA,2600.259716609499,0.5831706519929785,0.09336915998284398,6.24585946901667,4.2147600150491806e-10,3.6181831810159702e-9,UP,ENSMUSG00000022698
ENSMUSG00000032232.15,NA,1202.9856941165103,0.9777094253627583,0.15659001525833166,6.243753305405834,4.271935847080401e-10,3.661720817310953e-9,UP,ENSMUSG00000032232
ENSMUSG00000047098.19,NA,2316.474191533845,0.6081662952524622,0.09740968452539862,6.243386355428436,4.2819745502059836e-10,3.667846331535885e-9,UP,ENSMUSG00000047098
ENSMUSG00000024451.10,NA,1011.3128849784936,0.6549688707423631,0.10490690087702399,6.243334473393161,4.283395751164452e-10,3.667846331535885e-9,UP,ENSMUSG00000024451
ENSMUSG00000022021.16,NA,546.7485831272493,0.6035427292096497,0.09675549626313805,6.2378133803194356,4.4372956161438346e-10,3.79389890639226e-9,UP,ENSMUSG00000022021
ENSMUSG00000048537.17,NA,189.32232297627021,0.8931702825192583,0.14323650142345537,6.235633191561598,4.499543209228103e-10,3.843256243904225e-9,UP,ENSMUSG00000048537
ENSMUSG00000039116.8,Adgrg6,495.427874394008,0.7798815335343309,0.1250672523563527,6.235697345554721,4.497699406811874e-10,3.843256243904225e-9,UP,ENSMUSG00000039116
ENSMUSG00000040549.17,NA,2773.8117098461817,0.5949010949481655,0.09544215911141896,6.233106003539581,4.5727651230747663e-10,3.903837534287624e-9,UP,ENSMUSG00000040549
ENSMUSG00000040669.15,NA,212.26725503368647,0.7154142428148924,0.1148139206244157,6.231075804433042,4.632428681845568e-10,3.95278886921554e-9,UP,ENSMUSG00000040669
ENSMUSG00000031683.17,NA,506.3841956309667,-0.505438106556225,0.08111714959911318,-6.230964833628113,4.6357117039046743e-10,3.953606481273966e-9,DOWN,ENSMUSG00000031683
ENSMUSG00000020300.15,NA,2656.504861669424,1.1184332511834605,0.17951744126932834,6.23022054723633,4.657789853872192e-10,3.970444824809548e-9,UP,ENSMUSG00000020300
ENSMUSG00000001089.15,NA,1020.4339804345439,0.76374889315453,0.12264091464711233,6.2275211771874455,4.738727040071125e-10,4.035392691209291e-9,UP,ENSMUSG00000001089
ENSMUSG00000073628.7,Gm10552,117.60230984385865,-1.0601951068001751,0.1704087246936759,-6.221483722185971,4.9247526021765905e-10,4.1917088464772316e-9,DOWN,ENSMUSG00000073628
ENSMUSG00000030096.9,Slc6a6,24546.169760946737,0.7678444790988744,0.12343710805440845,6.220531987515658,4.954720377379633e-10,4.215106290030918e-9,UP,ENSMUSG00000030096
ENSMUSG00000020859.18,NA,3313.808099178725,0.6813856489916394,0.10957149246528688,6.218639845646967,5.01482881129646e-10,4.264108938245381e-9,UP,ENSMUSG00000020859
ENSMUSG00000026511.8,Srp9,2658.7681406470906,-0.5540943683428545,0.0891212862911808,-6.217306677245369,5.057606855815373e-10,4.2979365565723845e-9,DOWN,ENSMUSG00000026511
ENSMUSG00000015943.12,NA,293.4063337904768,-1.0140472723161136,0.16312397590220587,-6.216420772652348,5.086230053708237e-10,4.316533018712869e-9,DOWN,ENSMUSG00000015943
ENSMUSG00000019578.12,NA,2502.2622470934366,-0.5497109735916689,0.0884334846731091,-6.216095358264506,5.096783703014113e-10,4.3229877133894264e-9,DOWN,ENSMUSG00000019578
ENSMUSG00000028041.18,NA,12279.677508228788,0.5345432546866444,0.08601835664904535,6.214292803425429,5.155631297287509e-10,4.370148114677263e-9,UP,ENSMUSG00000028041
ENSMUSG00000019254.17,NA,3511.5247309095594,0.5679174140400043,0.0913909035861767,6.214156899154506,5.160094916071942e-10,4.370148114677263e-9,UP,ENSMUSG00000019254
ENSMUSG00000024829.13,NA,1118.0817078330533,-0.5379576212231476,0.08656882599345334,-6.214218745022949,5.158063192552522e-10,4.370148114677263e-9,DOWN,ENSMUSG00000024829
ENSMUSG00000118280.3,Gm41804,152.12201633084527,-0.8529007096640437,0.1372541102711281,-6.214026727354441,5.164373794432883e-10,4.371594860533878e-9,DOWN,ENSMUSG00000118280
ENSMUSG00000018341.13,NA,202.73667625771162,0.7591283540673212,0.12219378438464439,6.212495650987611,5.214962429299012e-10,4.412221446400946e-9,UP,ENSMUSG00000018341
ENSMUSG00000031529.6,Tnks,1461.15628046613,0.9204878326110071,0.14818190726427924,6.211877344575791,5.235528825718391e-10,4.427419354061012e-9,UP,ENSMUSG00000031529
ENSMUSG00000000148.18,NA,535.6287778266346,0.5631348192673434,0.09066391397960119,6.211234377042725,5.256999458188732e-10,4.443366440653955e-9,UP,ENSMUSG00000000148
ENSMUSG00000021676.11,NA,1569.401242290509,0.745146083212882,0.1200065803974841,6.209210201180799,5.325155389434628e-10,4.496504098943659e-9,UP,ENSMUSG00000021676
ENSMUSG00000045975.9,C2cd2,296.92737473996516,0.5888202421095666,0.09484019574692525,6.208551526831453,5.347518962639598e-10,4.5131467731339456e-9,UP,ENSMUSG00000045975
ENSMUSG00000017478.16,NA,1279.8423448824842,0.5066556828381644,0.08162703163839653,6.206959541082206,5.401949823724609e-10,4.555179304106643e-9,UP,ENSMUSG00000017478
ENSMUSG00000046556.8,Zfp319,591.3370169019661,0.6851495218395139,0.11047570595853883,6.201811664336848,5.581685080337355e-10,4.703772867998863e-9,UP,ENSMUSG00000046556
ENSMUSG00000025477.15,NA,424.7665622273603,0.5225402735885638,0.08426753966217108,6.200967486216281,5.611710747682014e-10,4.726733678805366e-9,UP,ENSMUSG00000025477
ENSMUSG00000124938.1,ENSMUSG00000124938,1538.5565063982533,0.5843219125011204,0.09423434081542065,6.200732211260941,5.620107036613133e-10,4.73146238933876e-9,UP,ENSMUSG00000124938
ENSMUSG00000056145.7,AI504432,188.30742791937357,0.994443850181019,0.16041318251172984,6.199265139000048,5.672739857932985e-10,4.773409897278988e-9,UP,ENSMUSG00000056145
ENSMUSG00000039959.14,NA,4221.852307568852,0.7168881613385615,0.11565310741952617,6.198607001004164,5.696507270042629e-10,4.78867042186579e-9,UP,ENSMUSG00000039959
ENSMUSG00000069020.10,NA,1530.1678109364557,-0.5288288156503496,0.08533524835535222,-6.197073610757019,5.752260321634571e-10,4.833149161547308e-9,DOWN,ENSMUSG00000069020
ENSMUSG00000124043.1,ENSMUSG00000124043,99.60253721075208,-0.8391922563768529,0.13543899508513593,-6.196090393681251,5.788289224554111e-10,4.8610195828527015e-9,DOWN,ENSMUSG00000124043
ENSMUSG00000020721.17,NA,706.7980899515939,0.8766066037228378,0.14152626482577058,6.193949969654086,5.867485806434622e-10,4.9250969212353e-9,UP,ENSMUSG00000020721
ENSMUSG00000034254.18,NA,3262.8100140892075,0.5888820172104177,0.09510996004473198,6.19159146879523,5.955975831231984e-10,4.996907991412488e-9,UP,ENSMUSG00000034254
ENSMUSG00000039531.9,Zup1,1507.5620580233267,-0.5196642534050119,0.08396437910873303,-6.1891037475791,6.050725141363754e-10,5.073897029291518e-9,DOWN,ENSMUSG00000039531
ENSMUSG00000018405.8,Mrm1,284.8816603377293,-0.6398962507719423,0.10339989148273204,-6.18855824310808,6.071697414065891e-10,5.088974185490613e-9,DOWN,ENSMUSG00000018405
ENSMUSG00000027035.11,NA,5615.461343309607,0.5957996027785641,0.0962755952643631,6.188480072676344,6.074708531014688e-10,5.088989816671713e-9,UP,ENSMUSG00000027035
ENSMUSG00000035513.21,NA,179.1895489526093,0.7851079528223215,0.12689093104317536,6.1872660746352635,6.121659054637855e-10,5.125796843090663e-9,UP,ENSMUSG00000035513
ENSMUSG00000067825.12,NA,271.1506030639285,0.6682630177129484,0.1080349840984871,6.185616847073768,6.186009371678299e-10,5.1745831468156e-9,UP,ENSMUSG00000067825
ENSMUSG00000096960.4,A230028O05Rik,206.57109309192188,-0.6082415573537864,0.09836719390594799,-6.183378148769249,6.274416914103231e-10,5.245955459254648e-9,DOWN,ENSMUSG00000096960
ENSMUSG00000020621.7,Rdh14,351.1006068265408,-0.6283013051431131,0.10164954791781251,-6.181053610303494,6.367518654366132e-10,5.321180453864887e-9,DOWN,ENSMUSG00000020621
ENSMUSG00000125368.1,ENSMUSG00000125368,216.38535412980377,-0.6941594989583172,0.11230804065128673,-6.180853079911373,6.375613099580045e-10,5.325327916083411e-9,DOWN,ENSMUSG00000125368
ENSMUSG00000051029.9,Serpinb1b,87.2075487427524,-1.0602818713295297,0.1715693952056454,-6.179900966944958,6.414182503492209e-10,5.3549134832787684e-9,DOWN,ENSMUSG00000051029
ENSMUSG00000047454.13,NA,980.2022716259069,0.5165706719345784,0.08359519598690476,6.179430119590838,6.433340218004126e-10,5.368272019007761e-9,UP,ENSMUSG00000047454
ENSMUSG00000026197.13,NA,1094.7095123887605,-0.5767685018390285,0.09335012045480273,-6.17855123302473,6.469249594551804e-10,5.395588945804217e-9,DOWN,ENSMUSG00000026197
ENSMUSG00000026126.16,NA,2059.561776668971,-0.9420175977233286,0.1525305564741229,-6.175927102731994,6.577633314657532e-10,5.480609120483391e-9,DOWN,ENSMUSG00000026126
ENSMUSG00000031803.9,B3gnt3,2626.589668949255,0.520937477585511,0.08435103083085767,6.17582823178658,6.581751395545794e-10,5.4813547616381865e-9,UP,ENSMUSG00000031803
ENSMUSG00000014554.14,NA,668.4599593942125,-0.6854013908050312,0.1109979935787976,-6.174898921199544,6.620581311940534e-10,5.5109939202575e-9,DOWN,ENSMUSG00000014554
ENSMUSG00000034317.15,NA,460.07283468683096,0.6924945522029181,0.11217967695917348,6.173083850606413,6.697067044209363e-10,5.566486908789073e-9,UP,ENSMUSG00000034317
ENSMUSG00000025583.17,NA,1304.4665570772247,0.6540692997281209,0.1059832959290942,6.171437621318284,6.767182963526248e-10,5.619273119029657e-9,UP,ENSMUSG00000025583
ENSMUSG00000083465.2,Gm11652,214.83879886440494,-0.7184669379242694,0.11646205172128724,-6.169107681905506,6.867644801051617e-10,5.699910565479932e-9,DOWN,ENSMUSG00000083465
ENSMUSG00000025375.16,NA,720.279529463573,0.5265336902695823,0.08538332095309706,6.166704274231953,6.972798597861697e-10,5.7815413435024875e-9,UP,ENSMUSG00000025375
ENSMUSG00000034663.14,NA,2215.09618907474,0.5747254308318769,0.09324044638194509,6.16390690020512,7.097168011938605e-10,5.878930307405159e-9,UP,ENSMUSG00000034663
ENSMUSG00000024672.12,NA,13470.052473677018,-0.5420844689357276,0.08799845762185007,-6.160158752613497,7.267205458005509e-10,6.016849854860842e-9,DOWN,ENSMUSG00000024672
ENSMUSG00000040712.17,NA,2144.591086932624,0.6614645641423711,0.10738044711048464,6.160009405267093,7.274062397330995e-10,6.0195963566428665e-9,UP,ENSMUSG00000040712
ENSMUSG00000029009.18,NA,4125.074860876765,0.6805327528508163,0.11049100237937405,6.159168965760554,7.31276709174734e-10,6.045742205262774e-9,UP,ENSMUSG00000029009
ENSMUSG00000024122.17,NA,1646.4023000624486,0.6734034896361808,0.10933785345140362,6.158923633300358,7.324103199436939e-10,6.0521719635386094e-9,UP,ENSMUSG00000024122
ENSMUSG00000024902.6,Mrpl11,1280.8818408799416,-0.6636940574125908,0.10778626725389598,-6.157501083595613,7.390173794529419e-10,6.100839589794529e-9,DOWN,ENSMUSG00000024902
ENSMUSG00000025404.16,NA,1993.7988636092375,0.6899023424540542,0.11208753693249963,6.155031695178752,7.5062482148155e-10,6.184653931257384e-9,UP,ENSMUSG00000025404
ENSMUSG00000062949.14,NA,456.02994854901686,1.049329381494756,0.17048154719839345,6.15509067543613,7.503455210105247e-10,6.184653931257384e-9,UP,ENSMUSG00000062949
ENSMUSG00000061533.17,NA,174.06863222576212,0.8124413299648426,0.13202910804285026,6.153501618000505,7.579060326566877e-10,6.241622271844857e-9,UP,ENSMUSG00000061533
ENSMUSG00000039842.16,NA,304.69302018353716,0.6088189337219254,0.09898487339923057,6.150625977632032,7.717772788787615e-10,6.352780447537376e-9,UP,ENSMUSG00000039842
ENSMUSG00000038844.11,NA,815.8040031426674,0.7433582537730654,0.12087922732658153,6.149594683995798,7.768120171717666e-10,6.39018682257727e-9,UP,ENSMUSG00000038844
ENSMUSG00000086107.3,Gm16312,36.11288338661718,-1.5418236147364257,0.25072172417024,-6.1495413683799,7.770731711801596e-10,6.39018682257727e-9,DOWN,ENSMUSG00000086107
ENSMUSG00000035314.11,NA,645.0426404020775,0.6897655072752847,0.11216990209387041,6.14929222901566,7.782946573069333e-10,6.397138203074774e-9,UP,ENSMUSG00000035314
ENSMUSG00000049922.9,Slc35c1,1312.6245688053598,0.5744058936580326,0.09341147328660124,6.149200665058179,7.787440496317763e-10,6.397739762337193e-9,UP,ENSMUSG00000049922
ENSMUSG00000127251.1,ENSMUSG00000127251,11479.017810623982,0.5561575311453543,0.09045560566449698,6.1484031537875286,7.826689214272884e-10,6.426879612647256e-9,UP,ENSMUSG00000127251
ENSMUSG00000091952.4,Gm17709,350.4949291810443,-0.639214333458371,0.10396710179762175,-6.148236532577779,7.834913643710008e-10,6.427426021463212e-9,DOWN,ENSMUSG00000091952
ENSMUSG00000036282.16,NA,430.68774526156176,0.6560315706908377,0.10670129690930161,6.148299877259023,7.831785955033855e-10,6.427426021463212e-9,UP,ENSMUSG00000036282
ENSMUSG00000015013.10,NA,2108.850521331017,-0.6450909946337583,0.1049958304917051,-6.143967732935089,8.048519913512653e-10,6.593117998516195e-9,DOWN,ENSMUSG00000015013
ENSMUSG00000021211.5,Akr1c12,630.042268060747,-0.5550750104834319,0.09037185447230897,-6.14212260802409,8.142596554801572e-10,6.666971449733055e-9,DOWN,ENSMUSG00000021211
ENSMUSG00000033272.14,NA,2250.5945775369087,0.5206807340379511,0.08477355387079126,6.1420184746714,8.147937813639566e-10,6.668134285791841e-9,UP,ENSMUSG00000033272
ENSMUSG00000047657.7,Crry-ps,436.2886593024825,-0.5261615401208031,0.08566720856656047,-6.141924651507626,8.152753163701395e-10,6.668865815387491e-9,DOWN,ENSMUSG00000047657
ENSMUSG00000021661.17,NA,268.4728603305604,-0.5702568725122742,0.09288736936415362,-6.139229439006412,8.292272682960018e-10,6.7797302522316375e-9,DOWN,ENSMUSG00000021661
ENSMUSG00000114608.5,Gm36161,7713.002278082466,-0.5074630566209976,0.08266508370046459,-6.13878355775675,8.315577425185217e-10,6.792253107238223e-9,DOWN,ENSMUSG00000114608
ENSMUSG00000028530.15,NA,7864.405201472627,0.5140075252375429,0.08373304948428524,6.138645712813914,8.322795043978126e-10,6.794884902443208e-9,UP,ENSMUSG00000028530
ENSMUSG00000049717.10,NA,217.56077793265143,0.6421117429145063,0.10462572802874431,6.137226043847417,8.397485920973687e-10,6.852574163727377e-9,UP,ENSMUSG00000049717
ENSMUSG00000015127.15,NA,179.26916408245538,0.6774888029251828,0.11040783279267564,6.136238578266222,8.44982303207044e-10,6.891975562752513e-9,UP,ENSMUSG00000015127
ENSMUSG00000042293.9,Gm5617,271.06391802657765,-1.1676090173630889,0.1903013869490171,-6.135578074771985,8.485008103412063e-10,6.9173560789369866e-9,DOWN,ENSMUSG00000042293
ENSMUSG00000089764.3,Gm16580,1269.1547904626173,0.579153288189328,0.09440339387837036,6.134877830086395,8.52246623647398e-10,6.944564485743962e-9,UP,ENSMUSG00000089764
ENSMUSG00000022098.11,NA,108.03290785046778,0.7021259925371632,0.11445127680490337,6.134715244234676,8.531186471961574e-10,6.9483408592997376e-9,UP,ENSMUSG00000022098
ENSMUSG00000021009.16,NA,174.80079673493498,0.7390881398099954,0.12049013643111262,6.134013635485853,8.568916920420585e-10,6.9757300693476535e-9,UP,ENSMUSG00000021009
ENSMUSG00000046897.18,NA,1122.1571068040816,0.518875977924164,0.08465283234444493,6.129457970324055,8.817896478279796e-10,7.174983134431876e-9,UP,ENSMUSG00000046897
ENSMUSG00000025757.14,NA,1312.5187902448324,0.571435218718371,0.09325839030285149,6.127440296392277,8.930409247269681e-10,7.261330715888115e-9,UP,ENSMUSG00000025757
ENSMUSG00000002055.10,NA,332.8577078724433,0.7963075370914406,0.1299584278350029,6.127402049695802,8.932555484909994e-10,7.261330715888115e-9,UP,ENSMUSG00000002055
ENSMUSG00000005774.13,NA,414.9311606136578,0.6150266065801133,0.10037711554162296,6.1271595947094415,8.946172706984725e-10,7.268925611800395e-9,UP,ENSMUSG00000005774
ENSMUSG00000041133.12,NA,1591.365585649619,0.52744206803205,0.08610209389696698,6.125775160162854,9.024316686641985e-10,7.328917362609055e-9,UP,ENSMUSG00000041133
ENSMUSG00000083041.3,Gmfg-ps,999.7916797815045,-0.7217090781581651,0.11784160670511158,-6.124399508266886,9.102624137453688e-10,7.385459259615336e-9,DOWN,ENSMUSG00000083041
ENSMUSG00000062075.14,NA,447.29228688732155,0.6829344279672286,0.11151254918305634,6.124283167862478,9.109276994017504e-10,7.387332597055873e-9,UP,ENSMUSG00000062075
ENSMUSG00000067071.9,Hes6,485.88166496467636,-0.6147183014633061,0.10049295471033914,-6.117028832868631,9.533612237244673e-10,7.724088123229296e-9,DOWN,ENSMUSG00000067071
ENSMUSG00000070394.11,NA,3835.292783410781,-0.7847281480660553,0.1282928071775295,-6.116696370827409,9.553514354343038e-10,7.736526909997986e-9,DOWN,ENSMUSG00000070394
ENSMUSG00000036181.3,H1f2,1548.841569998744,-0.8796499061499052,0.143820226169325,-6.116315692024153,9.576352620867686e-10,7.751330446000755e-9,DOWN,ENSMUSG00000036181
ENSMUSG00000062376.8,Borcs7,279.76973574876195,-0.5643864123447946,0.0922849886012905,-6.11569032947686,9.613985948650952e-10,7.774391109974231e-9,DOWN,ENSMUSG00000062376
ENSMUSG00000026814.17,NA,3867.26871609332,0.6188316963696062,0.10120077876276608,6.114890655340368,9.662319244592742e-10,7.809762408438412e-9,UP,ENSMUSG00000026814
ENSMUSG00000037190.13,NA,748.3826315322337,-0.5382353893054379,0.08802669312273019,-6.114456538257202,9.688656967983849e-10,7.827330185155978e-9,DOWN,ENSMUSG00000037190
ENSMUSG00000016529.6,Il10,555.3563544211828,0.7131266343000334,0.11664527225828213,6.113635130629133,9.738683153387668e-10,7.864009767640584e-9,UP,ENSMUSG00000016529
ENSMUSG00000060032.7,H2aj,1236.6194704860723,-1.1243219818505277,0.18392680234255057,-6.112877337782223,9.785058330280218e-10,7.897707734444489e-9,DOWN,ENSMUSG00000060032
ENSMUSG00000027679.14,NA,787.2111134686343,-0.5115033424545277,0.08368872711200706,-6.111974218103992,9.840608477554273e-10,7.938775510877037e-9,DOWN,ENSMUSG00000027679
ENSMUSG00000025856.16,NA,468.5094606651104,0.7701207700816749,0.12605612851273054,6.10934810681497,1.0003891373297106e-9,8.066675044774328e-9,UP,ENSMUSG00000025856
ENSMUSG00000059323.15,NA,99.06566810425355,0.997002260680727,0.16320434106849396,6.108919984317714,1.003075987192139e-9,8.084507221890765e-9,UP,ENSMUSG00000059323
ENSMUSG00000063972.14,NA,51.30774332184851,1.101380778951122,0.1803720693560193,6.106160354446071,1.0205647597935168e-9,8.221565279511393e-9,UP,ENSMUSG00000063972
ENSMUSG00000116953.2,Ermardl2,420.14614012024407,-0.5856017672851732,0.09594037138218663,-6.103809677287768,1.0356960568608736e-9,8.339510957848494e-9,DOWN,ENSMUSG00000116953
ENSMUSG00000063146.12,NA,3093.0155889658263,0.5587783429798433,0.09154853153426658,6.1036297755436175,1.0368630527619211e-9,8.34495649563144e-9,UP,ENSMUSG00000063146
ENSMUSG00000097888.4,Gm26682,87.6594322757112,-1.2137714699289925,0.19916679748603006,-6.094246055315163,1.0995442635029429e-9,8.828540956152524e-9,DOWN,ENSMUSG00000097888
ENSMUSG00000063439.8,B9d2,842.7670179508879,-0.6059557889566051,0.09947037155522673,-6.091821911212764,1.116328334532699e-9,8.954848894841074e-9,DOWN,ENSMUSG00000063439
ENSMUSG00000004815.13,NA,585.8022028034451,0.6403325106881907,0.10512621670608162,6.0910829929176655,1.1214938809652428e-9,8.992043818809486e-9,UP,ENSMUSG00000004815
ENSMUSG00000019838.12,NA,5205.179328340679,0.5009004548672,0.08229962757726841,6.0863028134230746,1.1554781006627541e-9,9.242737808029538e-9,UP,ENSMUSG00000019838
ENSMUSG00000064326.14,NA,761.0865792557421,-0.8164274647156646,0.13421193245018537,-6.083121297867409,1.178651080792192e-9,9.410394497630056e-9,DOWN,ENSMUSG00000064326
ENSMUSG00000026991.21,NA,1209.4836740065525,0.6088286919825645,0.10010076659213052,6.082158136343662,1.1857552992756431e-9,9.462672275683522e-9,UP,ENSMUSG00000026991
ENSMUSG00000036918.17,NA,1730.7813624193973,0.5626004306570987,0.0925088396956395,6.081585635579185,1.1899977917698846e-9,9.492074318404623e-9,UP,ENSMUSG00000036918
ENSMUSG00000080717.12,NA,565.4926620749251,-0.5287449842507148,0.08696395021552467,-6.080047915720416,1.2014663865084006e-9,9.574572337845295e-9,DOWN,ENSMUSG00000080717
ENSMUSG00000072476.7,Rnf26rt,248.7966387682153,0.6609171659146088,0.10870671150250397,6.079819330192738,1.203180392463758e-9,9.583740400111788e-9,UP,ENSMUSG00000072476
ENSMUSG00000005534.11,NA,555.9406221356548,0.9013168160991673,0.14827304033070712,6.078763975493297,1.211124731239043e-9,9.637991193004757e-9,UP,ENSMUSG00000005534
ENSMUSG00000021770.12,NA,1646.9141422966502,0.8324020226828062,0.13703836340301612,6.074226238639432,1.245869787972146e-9,9.907813308405598e-9,UP,ENSMUSG00000021770
ENSMUSG00000054611.18,NA,2585.4707580128893,0.7409434000421845,0.12198612713115616,6.073997244338632,1.2476486959413837e-9,9.91472603886877e-9,UP,ENSMUSG00000054611
ENSMUSG00000001518.13,NA,177.85106547360218,-0.6377118187247516,0.10500936799244061,-6.072904074336101,1.2561750048592164e-9,9.9778197723661065e-09,DOWN,ENSMUSG00000001518
ENSMUSG00000005267.14,NA,160.44996192001946,0.748350917146529,0.12328993444997073,6.069846013667879,1.2803295349028993e-9,1.016402075424344e-8,UP,ENSMUSG00000005267
ENSMUSG00000030793.5,Pycard,7796.007813063579,-0.7020592847986581,0.1156672795127751,-6.069644654529268,1.2819357894947983e-9,1.016819031536779e-8,DOWN,ENSMUSG00000030793
ENSMUSG00000076435.4,Acsf2,247.26408439972707,0.8228385498184192,0.13561268503183516,6.067563293398824,1.298654457241448e-9,1.0291201164887262e-8,UP,ENSMUSG00000076435
ENSMUSG00000021180.10,NA,291.01767138488464,0.7597491784106952,0.12524486143072883,6.066110575170398,1.310449258711949e-9,1.0375000043601213e-8,UP,ENSMUSG00000021180
ENSMUSG00000112105.2,Rps7-ps2,171.9220026141627,-0.6646712919986434,0.10960852502329059,-6.064047407420254,1.3273800137083626e-9,1.0499267215406705e-8,DOWN,ENSMUSG00000112105
ENSMUSG00000025246.14,NA,2560.03529132003,0.657629965309351,0.10850338615218379,6.060916517268667,1.3534807277815654e-9,1.0700740705092191e-8,UP,ENSMUSG00000025246
ENSMUSG00000044345.10,NA,544.3427320374254,0.6492659794797272,0.10712557764897593,6.060793264585341,1.3545183946607507e-9,1.070396831765833e-8,UP,ENSMUSG00000044345
ENSMUSG00000058586.13,NA,752.3335344795839,-0.6579444889696265,0.10862451826366366,-6.057053227822854,1.38637724714971e-9,1.0950641646552702e-8,DOWN,ENSMUSG00000058586
ENSMUSG00000029535.5,Triap1,2104.7800366704387,-0.509209005199904,0.08409130950373911,-6.055429606281278,1.4004340648833091e-9,1.1056537468619108e-8,DOWN,ENSMUSG00000029535
ENSMUSG00000039458.16,NA,775.6762423582013,0.5135039638853754,0.08480426715453297,6.0551665749277985,1.402724347137142e-9,1.1069480393231665e-8,UP,ENSMUSG00000039458
ENSMUSG00000026313.17,NA,333.0433409135215,0.8018883614947271,0.1324681937899804,6.053440743413987,1.4178424286976126e-9,1.1178409060005378e-8,UP,ENSMUSG00000026313
ENSMUSG00000022022.4,Mtrf1,293.7930146573479,-0.6027621146578435,0.0995850788300794,-6.0527352263919765,1.4240683022772296e-9,1.1222291727769494e-8,DOWN,ENSMUSG00000022022
ENSMUSG00000028803.19,NA,562.2454526769149,0.6493330233375161,0.10728849527191825,6.052214840853238,1.42867754026832e-9,1.1248189930464376e-8,UP,ENSMUSG00000028803
ENSMUSG00000090877.4,Hspa1b,6383.382138810836,0.8670965042258195,0.14326842633780082,6.05225119302535,1.4283550844277822e-9,1.1248189930464376e-8,UP,ENSMUSG00000090877
ENSMUSG00000101585.9,1600010M07Rik,93.73539639984271,-1.4250724057820683,0.23573475001246125,-6.045236884705107,1.4919063760881935e-9,1.1697261333220756e-8,DOWN,ENSMUSG00000101585
ENSMUSG00000033904.17,NA,120.25931644905552,0.8646919057353514,0.14313815167983782,6.040960397961813,1.5319958087056958e-9,1.1994991124700306e-8,UP,ENSMUSG00000033904
ENSMUSG00000045107.6,Saysd1,364.5378199650583,-0.8935614799318939,0.14792724746523747,-6.040546925892599,1.5359270570528297e-9,1.2014708156504334e-8,DOWN,ENSMUSG00000045107
ENSMUSG00000058318.17,NA,809.2748377895578,0.5920542760766436,0.09803253464152784,6.039365178525557,1.5472172690482512e-9,1.2091901138526911e-8,UP,ENSMUSG00000058318
ENSMUSG00000107111.3,Gm40304,97.96539373880668,-1.2545346114370357,0.20772567702025554,-6.039381502724407,1.5470607609257089e-9,1.2091901138526911e-8,DOWN,ENSMUSG00000107111
ENSMUSG00000078887.11,NA,429.88532744408013,-0.7443778207805457,0.12326431322978812,-6.038875334443992,1.5519208304338435e-9,1.2123089408524549e-8,DOWN,ENSMUSG00000078887
ENSMUSG00000031530.7,Dusp4,1086.4909769213186,0.7397833273929907,0.12252202922597288,6.03796176137905,1.5607303641756756e-9,1.2186308803109062e-8,UP,ENSMUSG00000031530
ENSMUSG00000022769.10,NA,5159.103554559474,-0.5886260343039762,0.09749241395087158,-6.037659859367078,1.5636522877277087e-9,1.2203520332766138e-8,DOWN,ENSMUSG00000022769
ENSMUSG00000024208.17,NA,1718.189018290971,-0.7570640466307824,0.1254838140510077,-6.03316094873435,1.6078313191210026e-9,1.2525322681159765e-8,DOWN,ENSMUSG00000024208
ENSMUSG00000027363.16,NA,3287.8695332580573,0.6389625262611314,0.1059305826727177,6.03189853335618,1.6204451783573305e-9,1.2617807098509507e-8,UP,ENSMUSG00000027363
ENSMUSG00000034252.15,NA,785.0313381861988,0.6291069823844159,0.10429937267599142,6.03174272522954,1.6220086589450445e-9,1.2624201031587838e-8,UP,ENSMUSG00000034252
ENSMUSG00000026349.15,NA,473.8038445032175,0.5433240607683083,0.09009054090174878,6.0308668960135154,1.63082469718312e-9,1.2687010430144619e-8,UP,ENSMUSG00000026349
ENSMUSG00000042202.16,NA,282.7061995942854,0.585114600198505,0.09702501548443483,6.030554051211377,1.6339850768528955e-9,1.2705784278445515e-8,UP,ENSMUSG00000042202
ENSMUSG00000024664.6,Fads3,162.2331700511185,0.6365394614719727,0.10556379792429245,6.029902996939177,1.640581218042269e-9,1.2751245061255406e-8,UP,ENSMUSG00000024664
ENSMUSG00000059108.5,Ifitm6,3938.1842978183427,-0.7192186673441442,0.1192995149869816,-6.02868056439817,1.6530364373545639e-9,1.2842158461943484e-8,DOWN,ENSMUSG00000059108
ENSMUSG00000034525.8,Ice1,849.7170358086631,0.7222533689033404,0.11980522075919825,6.028563399211366,1.6542350473135735e-9,1.2842158461943484e-8,UP,ENSMUSG00000034525
ENSMUSG00000028080.17,NA,471.9227533051408,0.8196865613714412,0.13597746979882425,6.028105704453465,1.6589254257714474e-9,1.2870294612531586e-8,UP,ENSMUSG00000028080
ENSMUSG00000032299.11,NA,1481.3367126224423,-0.6149625229724529,0.10209128477417138,-6.0236534816146765,1.705232498103536e-9,1.3223522053236996e-8,DOWN,ENSMUSG00000032299
ENSMUSG00000044827.11,NA,4124.99219433651,-0.5080991615174993,0.08437794764887506,-6.0217056194809375,1.7258858578497739e-9,1.3377581995712514e-8,DOWN,ENSMUSG00000044827
ENSMUSG00000033855.16,NA,25.494374511262734,1.5649383975843967,0.2598931833758736,6.021467655506324,1.728425658940268e-9,1.339116480908346e-8,UP,ENSMUSG00000033855
ENSMUSG00000040383.17,NA,1360.0323479709123,0.648308198744953,0.10770766038617327,6.019146608704706,1.7533900812721682e-9,1.3578393316081282e-8,UP,ENSMUSG00000040383
ENSMUSG00000024212.11,NA,826.5543468109598,0.5907653227911689,0.09814904682348254,6.019063270717633,1.7542929406643117e-9,1.3579201524322842e-8,UP,ENSMUSG00000024212
ENSMUSG00000032637.16,NA,3172.238954629921,0.7000753673974204,0.1163521445933848,6.01686689870625,1.7782517624003221e-9,1.3739640832067187e-8,UP,ENSMUSG00000032637
ENSMUSG00000002608.9,Ccdc97,1357.4155634334288,0.5247346931623023,0.0872666162693864,6.013006068007498,1.821142172126273e-9,1.4051880117595009e-8,UP,ENSMUSG00000002608
ENSMUSG00000025019.18,NA,372.47263844100644,0.8685778794421414,0.14445283624044608,6.012882142351067,1.8225354409565047e-9,1.4056252929209215e-8,UP,ENSMUSG00000025019
ENSMUSG00000038545.14,NA,373.6734050111504,0.7296646225048379,0.12141046645496673,6.009898848181127,1.8563911549030699e-9,1.4291438651100771e-8,UP,ENSMUSG00000038545
ENSMUSG00000027459.17,NA,458.2874956380458,0.6141257424930052,0.10222204722959019,6.007762113330425,1.8810155638007244e-9,1.4474457320359783e-8,UP,ENSMUSG00000027459
ENSMUSG00000079020.10,NA,1232.5204939314735,0.55341398218257,0.0921183428843421,6.007641527783464,1.88241467626088e-9,1.4478672087061294e-8,UP,ENSMUSG00000079020
ENSMUSG00000015314.11,NA,223.85901394282925,-0.893346946080548,0.14874933323423634,-6.005720675559533,1.9048388576524917e-9,1.4635771253781461e-8,DOWN,ENSMUSG00000015314
ENSMUSG00000020272.9,Stk10,1451.2003083339816,0.8380534083813491,0.13959472929658398,6.003474576757227,1.9313902017827177e-9,1.4815165435957103e-8,UP,ENSMUSG00000020272
ENSMUSG00000032436.18,NA,4364.424490541718,-0.5079153565194116,0.08471916511914347,-5.995282836004259,2.0313158420696014e-9,1.5567623799114755e-8,DOWN,ENSMUSG00000032436
ENSMUSG00000045551.8,Fpr1,5414.089581673808,-0.8658618063314186,0.1444688810128053,-5.993413946735499,2.0548091950661522e-9,1.572641096817956e-8,DOWN,ENSMUSG00000045551
ENSMUSG00000117060.2,Gm7253,157.6285439385754,-0.9498555899665708,0.15848178086455864,-5.993468680026598,2.0541174086665375e-9,1.572641096817956e-8,DOWN,ENSMUSG00000117060
ENSMUSG00000024140.11,NA,82.44598227107606,1.3875436523322497,0.23154853903181644,5.9924526327570184,2.066996525440871e-9,1.5812569910772582e-8,UP,ENSMUSG00000024140
ENSMUSG00000028292.15,NA,544.7731836331801,-0.5539414175420297,0.09247431768812371,-5.990219029355123,2.0955861928939654e-9,1.6024073199799808e-8,DOWN,ENSMUSG00000028292
ENSMUSG00000020422.15,NA,7151.86867316227,0.8644595604711035,0.14433142741050412,5.989406298965142,2.1060842659334676e-9,1.6089878268851998e-8,UP,ENSMUSG00000020422
ENSMUSG00000045294.12,NA,3672.652294566225,-0.541325766351012,0.09040401139735732,-5.987851180316497,2.126314793936899e-9,1.6237139373907008e-8,DOWN,ENSMUSG00000045294
ENSMUSG00000040410.15,NA,585.801754755898,-0.5096464461070038,0.08512860645475599,-5.986782438143985,2.14032767907044e-9,1.6336809923820423e-8,DOWN,ENSMUSG00000040410
ENSMUSG00000033379.14,NA,18001.16583166372,-0.5365401894185089,0.089657761065362,-5.984313940511655,2.173038288831769e-9,1.657904402865548e-8,DOWN,ENSMUSG00000033379
ENSMUSG00000031010.18,NA,6372.750814377634,0.7188541641973369,0.12013462207844278,5.983738507355156,2.1807331893111555e-9,1.663029085983207e-8,UP,ENSMUSG00000031010
ENSMUSG00000037740.9,Mrps26,641.5599455669247,-0.5935853980488637,0.09921487326144589,-5.982826753048187,2.1929798762663783e-9,1.6716188155887956e-8,DOWN,ENSMUSG00000037740
ENSMUSG00000028461.13,NA,648.5554894881111,-0.6992219963518548,0.11687931366448742,-5.982427295552354,2.198366472812053e-9,1.6742239246144994e-8,DOWN,ENSMUSG00000028461
ENSMUSG00000028580.16,NA,1157.3038200695837,0.6618458684422207,0.1106517875385074,5.981339146571806,2.2131053813273723e-9,1.6846942755082048e-8,UP,ENSMUSG00000028580
ENSMUSG00000045039.10,NA,557.0652981998028,0.8110295900539828,0.13562432167909802,5.979971586313018,2.2317654561806015e-9,1.6973793983813645e-8,UP,ENSMUSG00000045039
ENSMUSG00000021870.18,NA,1804.072204131398,0.5894016365602627,0.0985623333303505,5.979988669553616,2.2315314163726316e-9,1.6973793983813645e-8,UP,ENSMUSG00000021870
ENSMUSG00000090330.4,9130221H12Rik,162.32447351224243,0.8479805624883904,0.14184977614303723,5.978018334222193,2.2586831911791355e-9,1.717083877925453e-8,UP,ENSMUSG00000090330
ENSMUSG00000021786.14,NA,467.65386684517256,-0.5434218623046808,0.09091370621758241,-5.977337025553853,2.268146481301858e-9,1.72350755411168e-8,DOWN,ENSMUSG00000021786
ENSMUSG00000041297.9,Cdk13,1120.0081826574956,0.6580758607599413,0.11010356201210152,5.9768807542085876,2.274505613070947e-9,1.727567773822444e-8,UP,ENSMUSG00000041297
ENSMUSG00000021951.8,Eef1akmt1,711.8918320610538,-0.666040797147404,0.11148400374451559,-5.9743171645839785,2.3105590068464797e-9,1.7541681460013945e-8,DOWN,ENSMUSG00000021951
ENSMUSG00000045980.14,NA,3631.368916080991,0.6326782828479611,0.10594381526231737,5.971828381689359,2.3460925828032775e-9,1.7803503107163113e-8,UP,ENSMUSG00000045980
ENSMUSG00000041231.16,NA,565.2535356145563,-0.6564656190949518,0.10993439003618305,-5.971430949668136,2.351815982063268e-9,1.7838975285891143e-8,DOWN,ENSMUSG00000041231
ENSMUSG00000045948.9,Mrps12,836.8995417813592,-0.5711653580200818,0.09570026442467897,-5.968273561768665,2.3977711341716455e-9,1.8179445344504238e-8,DOWN,ENSMUSG00000045948
ENSMUSG00000049076.13,NA,2711.5411642478557,0.59938034316634,0.10045439573630946,5.966691041969931,2.421132274456684e-9,1.8340211785928896e-8,UP,ENSMUSG00000049076
ENSMUSG00000134766.1,ENSMUSG00000134766,116.09240543994254,-0.9324906200000512,0.15633519556381464,-5.964687712431439,2.4510235294178992e-9,1.855011399255932e-8,DOWN,ENSMUSG00000134766
ENSMUSG00000036552.20,NA,856.9920829317903,-0.5204793212941126,0.08726785721369014,-5.96415837299214,2.4589815347420185e-9,1.8602064047963863e-8,DOWN,ENSMUSG00000036552
ENSMUSG00000028608.16,NA,505.89715230879926,-0.5513355343376786,0.09248025352330122,-5.961656822218428,2.496931205750858e-9,1.8872360926666264e-8,DOWN,ENSMUSG00000028608
ENSMUSG00000024446.14,NA,476.45749898213495,-0.756068785079657,0.12687897199485715,-5.958976284189181,2.5382292706892215e-9,1.9175978221830698e-8,DOWN,ENSMUSG00000024446
ENSMUSG00000040093.17,NA,262.74413384525184,0.9817187113883622,0.16477992518697093,5.957756749036236,2.5572376635888903e-9,1.9311005198486976e-8,UP,ENSMUSG00000040093
ENSMUSG00000024736.16,NA,130.2354861256688,0.769732667678856,0.1292011675572646,5.957629348339245,2.5592313855248965e-9,1.9317482886034793e-8,UP,ENSMUSG00000024736
ENSMUSG00000038244.15,NA,347.9780785476875,0.833668197559308,0.13996402151057397,5.956303545453117,2.5800692265317755e-9,1.9466130109316493e-8,UP,ENSMUSG00000038244
ENSMUSG00000026918.17,NA,563.8539159440821,0.5391098325127927,0.09051479845349844,5.956040799115935,2.584218423860969e-9,1.9488788698971014e-8,UP,ENSMUSG00000026918
ENSMUSG00000052911.10,NA,85.54179071495152,0.8361723772701833,0.14041388929643847,5.955054599369982,2.5998501928850477e-9,1.9597984211082946e-8,UP,ENSMUSG00000052911
ENSMUSG00000005533.11,NA,83.57676444935336,1.1139722669890697,0.18722727066141773,5.9498398019355845,2.684050612480089e-9,2.022373270528861e-8,UP,ENSMUSG00000005533
ENSMUSG00000027332.12,NA,1583.145915738712,0.5440877267618435,0.09144932460740524,5.949609022238588,2.6878376064423198e-9,2.0243297756934496e-8,UP,ENSMUSG00000027332
ENSMUSG00000074749.11,NA,191.80121273023545,-0.7082407540649294,0.11904344905098503,-5.9494307306368235,2.6907668560770185e-9,2.0256388293247357e-8,DOWN,ENSMUSG00000074749
ENSMUSG00000025804.6,Ccr1,8291.200360572739,-0.6754981277353268,0.11358164501891634,-5.947247265373086,2.726893334904912e-9,2.0510193743207842e-8,DOWN,ENSMUSG00000025804
ENSMUSG00000025369.16,NA,3025.1888398492088,0.6516784959445631,0.109663774667106,5.9425138148198,2.8068399153001995e-9,2.109285002191568e-8,UP,ENSMUSG00000025369
ENSMUSG00000054519.9,Zfp867,100.54346492408479,-0.848076107156505,0.14275168213321746,-5.940918485045038,2.834295324062866e-9,2.1289764258398013e-8,DOWN,ENSMUSG00000054519
ENSMUSG00000038902.16,NA,469.9495168634103,0.5960298674513848,0.10032841189789644,5.940788418518578,2.836545245780109e-9,2.1297257593702666e-8,UP,ENSMUSG00000038902
ENSMUSG00000019947.11,NA,958.3585146469375,0.7183878795243354,0.12093952864771834,5.940058536336031,2.8492032220062864e-9,2.138285524864912e-8,UP,ENSMUSG00000019947
ENSMUSG00000005886.15,NA,834.6111742147915,0.9632278582898643,0.16218086422870281,5.939220159362007,2.863810651474682e-9,2.1483001296417484e-8,UP,ENSMUSG00000005886
ENSMUSG00000002416.14,NA,1021.3732066286574,-0.7494672540097931,0.12625657989068054,-5.936064913675949,2.919442486689376e-9,2.1890669721622365e-8,DOWN,ENSMUSG00000002416
ENSMUSG00000039910.11,NA,1204.4747407006782,-0.5080617936910201,0.08560984778643245,-5.934618584516842,2.9452939022614066e-9,2.2074776598438732e-8,DOWN,ENSMUSG00000039910
ENSMUSG00000038344.15,NA,274.4836389110043,0.670309194369789,0.11303491886163523,5.93010727234039,3.0273683374517205e-9,2.267992332453919e-8,UP,ENSMUSG00000038344
ENSMUSG00000030761.17,NA,1668.4172269999754,0.7031797641487684,0.11864819849463504,5.9265945296300835,3.0928137872672665e-9,2.3160013767620933e-8,UP,ENSMUSG00000030761
ENSMUSG00000015542.18,NA,1270.4536867450215,-0.6483511726781989,0.10942764339181273,-5.924930415952902,3.1242965642665215e-9,2.338546979397732e-8,DOWN,ENSMUSG00000015542
ENSMUSG00000020307.17,NA,4220.044291924748,-0.5172490193875902,0.08731044547400228,-5.924251291806857,3.1372341334061212e-9,2.347197697875253e-8,DOWN,ENSMUSG00000020307
ENSMUSG00000063808.15,NA,258.39181990262006,0.541478530821892,0.09142088279005399,5.922919515723616,3.162756582920288e-9,2.3642126790831833e-8,UP,ENSMUSG00000063808
ENSMUSG00000001419.18,NA,2372.1701375405687,0.6923192851034786,0.11689270999458505,5.922690004667953,3.167175357298239e-9,2.3664755767229287e-8,UP,ENSMUSG00000001419
ENSMUSG00000041977.19,NA,1077.104270331209,0.7554810844394592,0.12757989036348108,5.921631397291988,3.187634638728809e-9,2.3807164982969753e-8,UP,ENSMUSG00000041977
ENSMUSG00000051483.10,NA,1253.9351051427082,-0.5504669138454804,0.09299718794525243,-5.919178052669087,3.2355453557075465e-9,2.4154382932029208e-8,DOWN,ENSMUSG00000051483
ENSMUSG00000078480.4,Mrpl48-ps,293.2178721208388,-0.642043305418094,0.10847110454196678,-5.919026160277473,3.238534558373207e-9,2.41660898199626e-8,DOWN,ENSMUSG00000078480
ENSMUSG00000059810.19,NA,772.1534996794926,0.5013927543355581,0.08470997754777021,5.918933859388752,3.240352328980287e-9,2.4169048994139808e-8,UP,ENSMUSG00000059810
ENSMUSG00000074342.5,I830077J02Rik,852.5656407947167,-0.6530619177328966,0.11034671207429653,-5.918272556169952,3.2534050983290277e-9,2.425576812897126e-8,DOWN,ENSMUSG00000074342
ENSMUSG00000028480.15,NA,5431.226129942065,-0.5714029387784847,0.0966023085212265,-5.915002938598821,3.3186965776330895e-9,2.4710049912096463e-8,DOWN,ENSMUSG00000028480
ENSMUSG00000001156.10,NA,4422.404413455264,0.7424923533321397,0.12556155351142892,5.913373421781981,3.3517112099808363e-9,2.4934033611957175e-8,UP,ENSMUSG00000001156
ENSMUSG00000082575.2,Eef2-ps2,515.0018904458972,0.5410020095551261,0.09154665599412216,5.909576965758986,3.429873975725079e-9,2.5504344919624265e-8,UP,ENSMUSG00000082575
ENSMUSG00000090077.10,NA,75.56692614901297,0.9073358413979975,0.15354533444432025,5.909237455385024,3.43694975145396e-9,2.553462973928617e-8,UP,ENSMUSG00000090077
ENSMUSG00000038759.17,NA,1636.3179888207774,0.5362634638042321,0.09075719942459368,5.908770513019088,3.446704569362476e-9,2.559592048322195e-8,UP,ENSMUSG00000038759
ENSMUSG00000039158.12,NA,2249.1276069345804,0.7481185987136882,0.12662950943764986,5.907932535125619,3.4642782620729945e-9,2.571519691174742e-8,UP,ENSMUSG00000039158
ENSMUSG00000051457.8,Spn,2246.133782121905,0.5809260096378448,0.09835732789611046,5.906280925519303,3.499170824876594e-9,2.5962870439725723e-8,UP,ENSMUSG00000051457
ENSMUSG00000040928.16,NA,728.851146516468,0.5043431244248363,0.08539418658905609,5.906059236232267,3.5038802863100324e-9,2.5986475424765987e-8,UP,ENSMUSG00000040928
ENSMUSG00000022948.17,NA,69.27464409533593,-1.0205686242544059,0.17296672866396073,-5.900375361999033,3.6267550788218404e-9,2.6862629298973965e-8,DOWN,ENSMUSG00000022948
ENSMUSG00000002812.5,Flii,7464.397093041822,0.5555630962650994,0.09416193388557671,5.900081628954287,3.6332177486676293e-9,2.6898781468803525e-8,UP,ENSMUSG00000002812
ENSMUSG00000038351.15,NA,104.59714383689392,1.1037643355617284,0.18709431708355254,5.899507546607145,3.6458810028551675e-9,2.6969052777100903e-8,UP,ENSMUSG00000038351
ENSMUSG00000036009.17,NA,163.18066839024482,-0.7429667119531616,0.12606963009614805,-5.8933044491883715,3.785480212265082e-9,2.795305101597047e-8,DOWN,ENSMUSG00000036009
ENSMUSG00000051223.15,NA,10899.850053872624,-0.5241628878576735,0.0890065552344952,-5.889036897077104,3.8845272135691464e-9,2.86471248022363e-8,DOWN,ENSMUSG00000051223
ENSMUSG00000022407.11,NA,1072.2186230115688,-0.5478987188656691,0.0930361632483071,-5.889094087031139,3.8831833465686295e-9,2.86471248022363e-8,DOWN,ENSMUSG00000022407
ENSMUSG00000017548.16,NA,1513.4136201413376,0.5686353026564588,0.0965765263038111,5.887924575663883,3.910755087184987e-9,2.882804551914516e-8,UP,ENSMUSG00000017548
ENSMUSG00000064368.1,mt-Nd6,36.14818422650598,1.7137084877481927,0.2911081898285983,5.886843955703231,3.936400489031136e-9,2.9004517641448656e-8,UP,ENSMUSG00000064368
ENSMUSG00000038366.16,NA,13803.83500966645,0.5368368329895868,0.0912027315200872,5.886192486146642,3.951940251894262e-9,2.909380775918347e-8,UP,ENSMUSG00000038366
ENSMUSG00000054932.7,Afp,543.096617818543,-0.8189084603081402,0.13922025577602842,-5.882107138386278,4.0507597777710436e-9,2.9782628958397908e-8,DOWN,ENSMUSG00000054932
ENSMUSG00000026219.15,NA,9324.439644760163,0.6041763512894646,0.10274208395669836,5.8805148583914315,4.089922896334907e-9,3.004459126352977e-8,UP,ENSMUSG00000026219
ENSMUSG00000033985.18,NA,180.50294649304183,0.7790566721677833,0.1325387631777795,5.877953388796934,4.153698317920026e-9,3.049991087847494e-8,UP,ENSMUSG00000033985
ENSMUSG00000022305.14,NA,3325.735827382416,0.5688544716121682,0.09681081342706434,5.875939386055605,4.204521616742529e-9,3.081986836824287e-8,UP,ENSMUSG00000022305
ENSMUSG00000002227.16,NA,3408.959362783011,0.5971042965197386,0.10163364056617794,5.875065511708585,4.226761614224016e-9,3.096954244355607e-8,UP,ENSMUSG00000002227
ENSMUSG00000015143.16,NA,2460.4425254431985,0.6980128209721406,0.1188122999935826,5.874920534404622,4.23046232510046e-9,3.0983308484349016e-8,UP,ENSMUSG00000015143
ENSMUSG00000045100.12,NA,162.3335074494343,-0.7202321407015433,0.12261339643509882,-5.874008563842152,4.253813824791508e-9,3.1140920320449586e-8,DOWN,ENSMUSG00000045100
ENSMUSG00000030536.11,NA,24395.354342768336,0.6702384729209914,0.1141871119161233,5.869650800988104,4.3671397411838555e-9,3.195678934534107e-8,UP,ENSMUSG00000030536
ENSMUSG00000028470.11,NA,376.3531487871364,-0.7643815548581475,0.13030172510942448,-5.866242785475303,4.457809242391447e-9,3.260623826929417e-8,DOWN,ENSMUSG00000028470
ENSMUSG00000024298.16,NA,1169.9772192436246,0.8836027816861596,0.15065887576381068,5.864923504881265,4.493398031439388e-9,3.28524191412976e-8,UP,ENSMUSG00000024298
ENSMUSG00000023150.15,NA,1253.2084952377338,0.5604756900750707,0.09561411605277581,5.8618508773924844,4.577360172316822e-9,3.343753740997417e-8,UP,ENSMUSG00000023150
ENSMUSG00000026435.16,NA,26.587532643707643,1.4332006051128587,0.24451525219550646,5.861395525408444,4.589932232765229e-9,3.3486223745347695e-8,UP,ENSMUSG00000026435
ENSMUSG00000020134.14,NA,3159.6731272883108,0.5096838098228513,0.08699928218369049,5.85848293261436,4.671146104245078e-9,3.40495116368589e-8,UP,ENSMUSG00000020134
ENSMUSG00000025201.8,Bloc1s2-ps,354.70084193547086,-0.6402157591759837,0.10928868817653098,-5.858024008320614,4.684069481926965e-9,3.411446921184153e-8,DOWN,ENSMUSG00000025201
ENSMUSG00000006800.15,NA,992.4477563252536,0.6299832200735253,0.1075448235922982,5.857866506544173,4.688512769991339e-9,3.413221240003113e-8,UP,ENSMUSG00000006800
ENSMUSG00000031712.11,NA,2677.8148995275337,-0.6029577593505013,0.10297472464327223,-5.855395694810388,4.758756128572959e-9,3.461394641681426e-8,DOWN,ENSMUSG00000031712
ENSMUSG00000001288.16,NA,1091.6205813317308,0.5827563302719546,0.09956149141057495,5.853230219993038,4.821160200991949e-9,3.50378847769526e-8,UP,ENSMUSG00000001288
ENSMUSG00000030213.13,NA,966.8003371117228,0.7219834538431738,0.12335997981504969,5.852655414872993,4.837858066757347e-9,3.514421797662342e-8,UP,ENSMUSG00000030213
ENSMUSG00000022387.18,NA,1072.4144108631488,0.5548414092583781,0.0948082727706291,5.852246782311004,4.849762892907927e-9,3.5200626443359887e-8,UP,ENSMUSG00000022387
ENSMUSG00000073678.5,Pgap1,848.8714965649802,0.8130770668126183,0.1389509682334737,5.85153941098444,4.870438388961371e-9,3.5335612304896367e-8,UP,ENSMUSG00000073678
ENSMUSG00000033960.7,Jcad,57.597396547689584,1.1403278438425464,0.1948831623241823,5.8513410304049005,4.876252164744025e-9,3.5362705464237476e-8,UP,ENSMUSG00000033960
ENSMUSG00000053553.12,NA,625.0636399658232,-0.5996235304713143,0.10249933729060756,-5.8500234862129235,4.915036056022584e-9,3.562877372920719e-8,DOWN,ENSMUSG00000053553
ENSMUSG00000025857.11,NA,479.85306440065364,0.5700910951484076,0.09745738376620719,5.8496449742177825,4.9262335153496214e-9,3.56947282326526e-8,UP,ENSMUSG00000025857
ENSMUSG00000107355.4,AI839979,148.52799589579197,-1.2552278700690602,0.2146492612431157,-5.847808945623932,4.980901622482486e-9,3.607547401700901e-8,DOWN,ENSMUSG00000107355
ENSMUSG00000025962.16,NA,548.1545842556156,-0.6490591929972851,0.11108145893925721,-5.843092080310278,5.12406748471448e-9,3.704927365861159e-8,DOWN,ENSMUSG00000025962
ENSMUSG00000054702.15,NA,204.67189142583342,0.7519485252867062,0.12872402988762413,5.841555193254562,5.171573863153519e-9,3.736099622633337e-8,UP,ENSMUSG00000054702
ENSMUSG00000052749.11,NA,733.876777182316,-0.6002897865261527,0.10277887239070597,-5.840595178396172,5.201465823983881e-9,3.7560988451239866e-8,DOWN,ENSMUSG00000052749
ENSMUSG00000038024.18,NA,2785.673570546735,0.8455681056878588,0.1448085747019436,5.8392129570246345,5.244799464651905e-9,3.7857835185004375e-8,UP,ENSMUSG00000038024
ENSMUSG00000041736.8,Tspo,25969.490435997126,-0.5793249728349502,0.09922257656563897,-5.838640689316386,5.262843105895243e-9,3.7971960058911537e-8,DOWN,ENSMUSG00000041736
ENSMUSG00000033157.18,NA,306.48832672677946,-0.538164755907104,0.09221272163955008,-5.8361226774190005,5.342956289032565e-9,3.8489196376432034e-8,DOWN,ENSMUSG00000033157
ENSMUSG00000043252.9,Tmem64,177.76884213502927,0.7390164615651332,0.12672415226632067,5.831693866943632,5.486751429385544e-9,3.947026007112122e-8,UP,ENSMUSG00000043252
ENSMUSG00000078875.12,NA,349.99148651109675,-0.6373296253660814,0.10929216847123607,-5.831429957708417,5.495437905707347e-9,3.951603256848167e-8,DOWN,ENSMUSG00000078875
ENSMUSG00000017188.4,Coa3,2407.3542097709137,-0.5776842095112708,0.09906554371273878,-5.831333356291736,5.4986208498831095e-9,3.9522208864375386e-8,DOWN,ENSMUSG00000017188
ENSMUSG00000033949.13,NA,282.8790218401676,0.5174071845618357,0.0887610301787039,5.829215631230643,5.568850651203796e-9,3.99931901074205e-8,UP,ENSMUSG00000033949
ENSMUSG00000040548.17,NA,1559.5977190732958,0.5217925927748266,0.08953796916878448,5.827612549389142,5.622592958579609e-9,4.036210040253476e-8,UP,ENSMUSG00000040548
ENSMUSG00000054280.15,NA,643.8351526013283,0.7888777067644576,0.13549458609765289,5.82220832200559,5.8075096228510975e-9,4.165436889338075e-8,UP,ENSMUSG00000054280
ENSMUSG00000037890.14,NA,307.25324487308967,0.7120435877342356,0.12230114370789388,5.822051749858469,5.812954292418269e-9,4.167584346410838e-8,UP,ENSMUSG00000037890
ENSMUSG00000026632.18,NA,150.74774273721954,-0.8624850063134853,0.14814691214648784,-5.821822364145255,5.820939962162292e-9,4.1715509901614804e-8,DOWN,ENSMUSG00000026632
ENSMUSG00000030019.7,Fbxl14,778.7662210632137,0.5056442746648065,0.08688344589725495,5.819799956631119,5.891809978691721e-9,4.220561099310506e-8,UP,ENSMUSG00000030019
ENSMUSG00000020802.9,Ube2o,551.1814232132779,0.6649297874786325,0.11431014433415176,5.816892204552797,5.995177499684603e-9,4.28738387551036e-8,UP,ENSMUSG00000020802
ENSMUSG00000032551.8,1110059G10Rik,560.4080681450862,-0.5130616997702808,0.08822031492770924,-5.815686559163853,6.038552376658255e-9,4.31658771405844e-8,DOWN,ENSMUSG00000032551
ENSMUSG00000028385.15,NA,1504.5944921898274,0.5006996612499965,0.08609795076227686,5.815465488051711,6.046538787504545e-9,4.320480614298416e-8,UP,ENSMUSG00000028385
ENSMUSG00000092074.3,Dynlt1a,5720.745445980756,-0.509390575028636,0.08761848373959075,-5.813734194974045,6.1094397519443954e-9,4.363592289859991e-8,DOWN,ENSMUSG00000092074
ENSMUSG00000111394.2,Gm49759,794.3064371736622,0.8643046585444943,0.14869321236600394,5.81267056371769,6.148398519542118e-9,4.389574526588298e-8,UP,ENSMUSG00000111394
ENSMUSG00000058454.16,NA,889.5011735771062,0.5316594735610468,0.09153044515096838,5.808553347294869,6.3014951488218e-9,4.4951017827543426e-8,UP,ENSMUSG00000058454
ENSMUSG00000066406.17,NA,2338.8707254071655,0.762654723742991,0.1313155936221395,5.807800145484087,6.3299009849451715e-9,4.5134715366866915e-8,UP,ENSMUSG00000066406
ENSMUSG00000036550.17,NA,3663.6815897326805,0.6505250841186352,0.11207728754834573,5.804254352943938,6.465306908894156e-9,4.604229869876634e-8,UP,ENSMUSG00000036550
ENSMUSG00000033916.6,Chmp2a,6126.840829583049,-0.5383933945332439,0.09277138912451001,-5.803442199304111,6.496715524302215e-9,4.624660703486123e-8,DOWN,ENSMUSG00000033916
ENSMUSG00000112095.2,Sros1,73.53538555303689,-1.2414936930950138,0.21394124003030887,-5.802965771906027,6.515209529044859e-9,4.6358850732609566e-8,DOWN,ENSMUSG00000112095
ENSMUSG00000071451.11,NA,389.31662757997555,-0.7312932642457296,0.1260503815324411,-5.8015950079256164,6.568706038853267e-9,4.6719956042132435e-8,DOWN,ENSMUSG00000071451
ENSMUSG00000049313.9,Sorl1,224.1673728170268,0.7856393629840601,0.13543657088283081,5.800791897365256,6.600247084498375e-9,4.6924666354088364e-8,UP,ENSMUSG00000049313
ENSMUSG00000062939.12,NA,428.55406470572666,0.7017913440104073,0.12099836519172509,5.800006825698847,6.63122203022761e-9,4.712518255163006e-8,UP,ENSMUSG00000062939
ENSMUSG00000056153.16,NA,1034.155552431776,0.5057270090081438,0.0872312451161167,5.797544312647975,6.729300323511616e-9,4.778224689003697e-8,UP,ENSMUSG00000056153
ENSMUSG00000020308.8,Tpgs1,677.6039812670527,-0.8664824111804998,0.14953529780382005,-5.79450085636145,6.852467423457581e-9,4.86162123501542e-8,DOWN,ENSMUSG00000020308
ENSMUSG00000043421.9,Hilpda,3284.1356815205254,-0.6903744259159711,0.11916827261369912,-5.793273752938568,6.90274543974503e-9,4.895249747635695e-8,DOWN,ENSMUSG00000043421
ENSMUSG00000021962.10,NA,1123.9818711346031,0.5389029734443938,0.09304235268142401,5.792017913493564,6.954572270246882e-9,4.927894001159103e-8,UP,ENSMUSG00000021962
ENSMUSG00000038784.14,NA,833.3687983704409,0.5580726124757805,0.09637132403513957,5.790857581994954,7.002793841424715e-9,4.957931393308439e-8,UP,ENSMUSG00000038784
ENSMUSG00000048756.12,NA,1809.9712017669674,0.5984407905677586,0.10334975559285978,5.7904422427981395,7.0201335950587e-9,4.968139488870922e-8,UP,ENSMUSG00000048756
ENSMUSG00000029094.13,NA,25.30610884404531,1.4778439184571308,0.2554032631217554,5.786315728286588,7.194692982593632e-9,5.0762921104547206e-8,UP,ENSMUSG00000029094
ENSMUSG00000032766.10,NA,344.5962784936982,-0.7454323465381183,0.1288834202001922,-5.783772229044296,7.304382861973877e-9,5.1500138868460924e-8,DOWN,ENSMUSG00000032766
ENSMUSG00000027566.16,NA,8299.047118514205,-0.5319460082668351,0.0919949945923474,-5.782336426280795,7.367019019187871e-9,5.1898726363011156e-8,DOWN,ENSMUSG00000027566
ENSMUSG00000031984.9,2810004N23Rik,428.7938340142644,-0.5150053413961586,0.08911122345047585,-5.779354400653877,7.498781703554717e-9,5.278322916003788e-8,DOWN,ENSMUSG00000031984
ENSMUSG00000035713.16,NA,278.12516591961867,0.6611535097387229,0.11445088066237882,5.776744625400255,7.615974416084119e-9,5.356379690650394e-8,UP,ENSMUSG00000035713
ENSMUSG00000030102.12,NA,657.2396632985282,0.818446570498459,0.14179878667434595,5.771886979386484,7.838868957622989e-9,5.501766631999032e-8,UP,ENSMUSG00000030102
ENSMUSG00000036986.17,NA,3421.7253506464185,0.6481007999139765,0.11231483464224402,5.770393572481937,7.908660125507395e-9,5.5484601524083655e-8,UP,ENSMUSG00000036986
ENSMUSG00000085823.10,NA,457.3782884432275,-0.6410049579728683,0.11109328673154947,-5.769970237011889,7.928553461037746e-9,5.5578310040563855e-8,DOWN,ENSMUSG00000085823
ENSMUSG00000026667.15,NA,3201.006733631877,0.6650622461559174,0.11527351833977804,5.76942784200958,7.954112745135207e-9,5.571154915311751e-8,UP,ENSMUSG00000026667
ENSMUSG00000083863.2,Gm13341,1821.98439952174,1.0564067983686414,0.18319958574798026,5.766425693898099,8.09703846757665e-9,5.6665940814653703e-8,UP,ENSMUSG00000083863
ENSMUSG00000043017.10,NA,2775.739534613096,0.5503876569446067,0.09548576492558729,5.764080723168815,8.21041138179665e-9,5.741211182517839e-8,UP,ENSMUSG00000043017
ENSMUSG00000000149.11,NA,4104.971604618503,0.5034138300440885,0.08736412389407835,5.762248937040052,8.300045504046517e-9,5.801503240518499e-8,UP,ENSMUSG00000000149
ENSMUSG00000095648.9,Gm2004,331.1949681499551,-0.5946734904375055,0.10321717938267402,-5.761380944472186,8.342850193471789e-9,5.829026721042779e-8,DOWN,ENSMUSG00000095648
ENSMUSG00000024974.11,NA,690.4206774257667,0.5518311018238633,0.09580746605521077,5.759792264058635,8.421751879700129e-9,5.8817376782825624e-8,UP,ENSMUSG00000024974
ENSMUSG00000022952.18,NA,1148.443474304187,0.5780273811388396,0.1003580735178371,5.759650029911187,8.428851206852162e-9,5.884279294898517e-8,UP,ENSMUSG00000022952
ENSMUSG00000030265.15,NA,1300.7958328052396,0.6004223435086934,0.10430624206468395,5.756341438668172,8.595644320640936e-9,5.995796854668571e-8,UP,ENSMUSG00000030265
ENSMUSG00000029478.17,NA,1686.2964906230216,0.8587356960821771,0.1491939614216388,5.755834136311282,8.62150059857915e-9,6.011366920026118e-8,UP,ENSMUSG00000029478
ENSMUSG00000021068.18,NA,553.0984049805168,0.8987412448820964,0.15621931892529395,5.753073634329988,8.76352905888627e-9,6.105390216117162e-8,UP,ENSMUSG00000021068
ENSMUSG00000072772.4,Grcc10,826.5692433514492,-0.7213053968720812,0.12538645988757538,-5.752657803073965,8.785119852262893e-9,6.115421539401668e-8,DOWN,ENSMUSG00000072772
ENSMUSG00000028840.11,NA,396.59110648703955,-0.6054825600184197,0.10526371920853773,-5.752053647457577,8.816580997695188e-9,6.132301695165822e-8,DOWN,ENSMUSG00000028840
ENSMUSG00000018931.4,Natd1,672.5209742852112,0.6711690030768578,0.11668739940652369,5.751855011684616,8.826948776597865e-9,6.137002898398335e-8,UP,ENSMUSG00000018931
ENSMUSG00000056724.16,NA,1143.5058234012492,0.8461447642551272,0.1471159235900944,5.751551182268482,8.842830063371285e-9,6.14553200072301e-8,UP,ENSMUSG00000056724
ENSMUSG00000073468.13,NA,1804.2440886591091,-0.5467619775538832,0.0950781743786491,-5.750657089569286,8.889725967647609e-9,6.175599665270231e-8,DOWN,ENSMUSG00000073468
ENSMUSG00000021646.10,NA,276.6192725104274,-0.6450247672243296,0.11219060063534306,-5.749365486694162,8.957898776765657e-9,6.217878636639868e-8,DOWN,ENSMUSG00000021646
ENSMUSG00000033769.17,NA,1684.0832963034,0.5433583803267218,0.09451835470322162,5.748707560905117,8.992820233616513e-9,6.237026953217065e-8,UP,ENSMUSG00000033769
ENSMUSG00000036667.15,NA,73.48499177179761,1.074789842264289,0.18706709621025244,5.745477767272809,9.16618010322813e-9,6.352080637143341e-8,UP,ENSMUSG00000036667
ENSMUSG00000054387.14,NA,806.6500537967399,0.5519585216451378,0.09607830606851485,5.7448819013475125,9.198516379317043e-9,6.37189285322467e-8,UP,ENSMUSG00000054387
ENSMUSG00000033075.18,NA,501.6287658588,0.5004572089634941,0.0871242029411964,5.7441812041743745,9.236683494304094e-9,6.393123300941612e-8,UP,ENSMUSG00000033075
ENSMUSG00000069808.14,NA,235.7965968517622,-0.7165877797251349,0.12483914126936793,-5.740088985224105,9.462681556243412e-9,6.546882121459539e-8,DOWN,ENSMUSG00000069808
ENSMUSG00000063856.9,Gpx1,38827.8926043285,-0.5436603626689054,0.0947299837306243,-5.739052634220509,9.520762944160432e-9,6.584387744139581e-8,DOWN,ENSMUSG00000063856
ENSMUSG00000000682.8,Cd52,30626.366959798732,-0.5922628590904837,0.10323085723426977,-5.737265726142483,9.621723523687016e-9,6.651505294464284e-8,DOWN,ENSMUSG00000000682
ENSMUSG00000038976.13,NA,4472.846649882658,0.5274966005031136,0.0919444912198111,5.737120228791423,9.629989811081854e-9,6.654514698385129e-8,UP,ENSMUSG00000038976
ENSMUSG00000030750.14,NA,1737.661978964806,-0.6357293588067954,0.11084238006397619,-5.735435836363889,9.72619086798122e-9,6.718261653163632e-8,DOWN,ENSMUSG00000030750
ENSMUSG00000002395.15,NA,2632.857594325146,-0.6336948501502311,0.11049694231809418,-5.734953717777779,9.753897728696811e-9,6.731931200252353e-8,DOWN,ENSMUSG00000002395
ENSMUSG00000037172.15,NA,149.79023948576085,0.9280205187279693,0.16188311678706743,5.73265784071009,9.886895459077912e-9,6.820955139029572e-8,UP,ENSMUSG00000037172
ENSMUSG00000036564.18,NA,137.72136541089935,0.9698929529228187,0.1692219182634741,5.731485394301705,9.955492287996126e-9,6.858985405373939e-8,UP,ENSMUSG00000036564
ENSMUSG00000059278.10,NA,961.6975730557596,-0.6386277528484922,0.11142669144321547,-5.731371402819991,9.962186258540296e-9,6.858985405373939e-8,DOWN,ENSMUSG00000059278
ENSMUSG00000033114.12,NA,444.6301008041607,-0.50362181222449,0.08787505126770777,-5.73111258496142,9.97740117759875e-9,6.866680875202119e-8,DOWN,ENSMUSG00000033114
ENSMUSG00000022452.17,NA,4121.300544418621,-0.6177934604285173,0.10780772111331892,-5.730512193826469,1.001278291154574e-8,6.888243778064193e-8,DOWN,ENSMUSG00000022452
ENSMUSG00000013822.8,Elof1,2842.2358000400736,-0.5304739456807258,0.09258228826763651,-5.729756259072295,1.0057504480186972e-8,6.913416377932887e-8,DOWN,ENSMUSG00000013822
ENSMUSG00000039210.17,NA,299.2882662508868,0.5737591933011345,0.1001466192648458,5.729191834062636,1.0091022752542564e-8,6.933653855747023e-8,UP,ENSMUSG00000039210
ENSMUSG00000068264.12,NA,822.1850886123623,-0.5825630744859622,0.10170094530817722,-5.7281972426181715,1.015035079017273e-8,6.970561820185897e-8,DOWN,ENSMUSG00000068264
ENSMUSG00000046138.16,NA,440.18939777887135,0.9666833259504161,0.16884971521111924,5.725110787079119,1.0336626401673013e-8,7.093812291640487e-8,UP,ENSMUSG00000046138
ENSMUSG00000102418.2,Sh2d1b1,104.95808827530112,-1.148867244648344,0.2007157659190378,-5.723851533973468,1.0413576187474562e-8,7.140857929201307e-8,DOWN,ENSMUSG00000102418
ENSMUSG00000020440.15,NA,5729.619086650367,-0.5549304593529084,0.09694969809203224,-5.7239008503783575,1.041055213848349e-8,7.140857929201307e-8,DOWN,ENSMUSG00000020440
ENSMUSG00000055024.13,NA,2110.995970806045,1.0114190058732584,0.17675509080714266,5.72214922497942,1.051848559662894e-8,7.2098898047671e-8,UP,ENSMUSG00000055024
ENSMUSG00000055538.8,Zcchc24,1255.5522669046134,0.5680546669777151,0.09936710591547318,5.716727499952871,1.0859505133667515e-8,7.434581385207424e-8,UP,ENSMUSG00000055538
ENSMUSG00000031765.9,Mt1,6972.814927606739,-0.8236198471839802,0.144175569911294,-5.712617246394266,1.1125171516568367e-8,7.610404940094998e-8,DOWN,ENSMUSG00000031765
ENSMUSG00000001552.15,NA,151.43354498705392,0.842766423435048,0.14755188470017558,5.711661529417558,1.1187843470093115e-8,7.647124841334546e-8,UP,ENSMUSG00000001552
ENSMUSG00000100131.2,Gm28439,3004.696494669366,1.4153381137541956,0.24794003201570927,5.708388848092595,1.1405062106238123e-8,7.786209802436191e-8,UP,ENSMUSG00000100131
ENSMUSG00000022475.20,NA,516.0145750599896,0.5831587639658923,0.10216025600911686,5.70827430105354,1.1412738732025572e-8,7.788324031975395e-8,UP,ENSMUSG00000022475
ENSMUSG00000004356.9,Utp20,364.3077965716876,0.723562040878098,0.1267743152055759,5.707481359333532,1.1466017350498111e-8,7.818407821273891e-8,UP,ENSMUSG00000004356
ENSMUSG00000063952.17,NA,196.8062823331065,0.7496090324369455,0.13135513468331186,5.7067356692542015,1.1516341557328277e-8,7.849575331620228e-8,UP,ENSMUSG00000063952
ENSMUSG00000026837.17,NA,11.396717548047507,2.975045298532057,0.5220412125120624,5.698870562759095,1.2060374671851706e-8,8.207232159644263e-8,UP,ENSMUSG00000026837
ENSMUSG00000020661.17,NA,2203.256693907793,0.6880706030330914,0.1207855670212918,5.696629324195663,1.2219920707235674e-8,8.305834194534368e-8,UP,ENSMUSG00000020661
ENSMUSG00000066684.11,NA,1624.0704004888958,-0.5255227705121664,0.09225361178451384,-5.696500769419018,1.2229134003175764e-8,8.308775583619939e-8,DOWN,ENSMUSG00000066684
ENSMUSG00000033318.8,Gstt2,354.6865604710615,-0.6768660986025534,0.11884310013132272,-5.695459794086574,1.2303987910556582e-8,8.3496256347536e-8,DOWN,ENSMUSG00000033318
ENSMUSG00000000804.15,NA,1495.0328771007812,0.602487882414005,0.10579870112487501,5.694662373055827,1.2361629392094816e-8,8.382052210604643e-8,UP,ENSMUSG00000000804
ENSMUSG00000021366.9,Hivep1,822.2794008929047,1.0163411663646267,0.1786302081226402,5.689637699278996,1.2730919313818662e-8,8.61871074246816e-8,UP,ENSMUSG00000021366
ENSMUSG00000022969.14,NA,299.3840200126173,-0.7219063767286913,0.1269272714385966,-5.68755924984905,1.2886789882666423e-8,8.71382698785786e-8,DOWN,ENSMUSG00000022969
ENSMUSG00000026502.14,NA,1507.3736078131346,0.5330415881035073,0.09376292848372303,5.684992957488969,1.3081805045729688e-8,8.831646550523187e-8,UP,ENSMUSG00000026502
ENSMUSG00000031012.18,NA,775.169069984257,0.5513463875907206,0.09699448091329825,5.684306801781433,1.313443062363421e-8,8.860139912158801e-8,UP,ENSMUSG00000031012
ENSMUSG00000042625.17,NA,1294.9855886255937,0.5417003367503781,0.09532343635500266,5.682761317300634,1.3253717979518204e-8,8.937062964301609e-8,UP,ENSMUSG00000042625
ENSMUSG00000075706.12,NA,16767.32336446087,-0.5986108917034039,0.1053403475959648,-5.68263638163972,1.3263406919344714e-8,8.940051449479834e-8,DOWN,ENSMUSG00000075706
ENSMUSG00000037552.18,NA,738.5291978860681,0.735211048210111,0.12938286323717732,5.682445339475629,1.3278235821059091e-8,8.946500727929117e-8,UP,ENSMUSG00000037552
ENSMUSG00000049858.9,Suox,329.89961167571164,0.6237570319184189,0.10977938294752941,5.681914173415898,1.3319550211800808e-8,8.97078300601523e-8,UP,ENSMUSG00000049858
ENSMUSG00000028018.16,NA,222.32087862663914,0.6517623578250138,0.11472015840898252,5.681323726048666,1.3365622111531954e-8,8.99468815309507e-8,UP,ENSMUSG00000028018
ENSMUSG00000041852.16,NA,1041.061698344606,0.5544638304312249,0.09761504390784127,5.680106346668207,1.3461101963654756e-8,9.055359968113639e-8,UP,ENSMUSG00000041852
ENSMUSG00000069899.4,Sft2d1rt,1179.0125699770213,-0.5540757037745578,0.09757276760457417,-5.678589604222552,1.3580988489128498e-8,9.132395818351887e-8,DOWN,ENSMUSG00000069899
ENSMUSG00000044703.6,Phf11a,4978.690304881238,-0.5274740076552964,0.09305432630891623,-5.668452274902506,1.4409319365998985e-8,9.662653199454998e-8,DOWN,ENSMUSG00000044703
ENSMUSG00000071180.6,Smim15,3523.2433161453005,-0.5607174812101263,0.09895687358936174,-5.666281288725008,1.4592989059376897e-8,9.774256476713806e-8,DOWN,ENSMUSG00000071180
ENSMUSG00000037499.10,NA,1082.1836978393512,-0.6879100255166926,0.12158265300773044,-5.657961958380313,1.5318107622204128e-8,1.0235746099143553e-7,DOWN,ENSMUSG00000037499
ENSMUSG00000079017.4,Ifi27l2a,24002.581646692608,-0.7423008180137077,0.13121502165827495,-5.657132915367661,1.5392256180984827e-8,1.0281253284125215e-7,DOWN,ENSMUSG00000079017
ENSMUSG00000002767.14,NA,1189.5022697126003,-0.5428230439167323,0.09599638902023543,-5.654619402426779,1.5619198624399783e-8,1.0428743298254523e-7,DOWN,ENSMUSG00000002767
ENSMUSG00000000628.11,NA,3181.284072831248,0.5236569027860132,0.09274775421845244,5.646033234967862,1.6419211801938148e-8,1.0950004545245496e-7,UP,ENSMUSG00000000628
ENSMUSG00000026288.15,NA,5149.346859647576,0.6078676220407018,0.10767976753999253,5.64514240630152,1.650445782128602e-8,1.1000778353816051e-7,UP,ENSMUSG00000026288
ENSMUSG00000140700.1,ENSMUSG00000140700,167.0428759228621,0.6089942228957156,0.10788138751894304,5.645035134432077,1.651475193301916e-8,1.1000778353816051e-7,UP,ENSMUSG00000140700
ENSMUSG00000036281.14,NA,209.97869659456302,0.688546047130539,0.1219909714960907,5.64423775535392,1.659146637039671e-8,1.1047551961431732e-7,UP,ENSMUSG00000036281
ENSMUSG00000121976.1,ENSMUSG00000121976,358.49942197394466,0.997245035496121,0.17674198440545602,5.6423777228187335,1.6771764506360234e-8,1.1163233941102236e-7,UP,ENSMUSG00000121976
ENSMUSG00000034863.10,NA,322.4895294097906,0.7512856316259093,0.13324461366642704,5.638394010483044,1.7164341480221293e-8,1.1415596058374788e-7,UP,ENSMUSG00000034863
ENSMUSG00000021806.5,Nid2,267.5066136175209,0.7872407201983033,0.13964105890332354,5.637602051867328,1.724344190521946e-8,1.1463720603602899e-7,UP,ENSMUSG00000021806
ENSMUSG00000078861.9,Zfp931,234.60179382781763,-0.8082983871562985,0.14339120820217632,-5.6370149696809,1.7302307738693023e-8,1.1498360508175598e-7,DOWN,ENSMUSG00000078861
ENSMUSG00000042772.16,NA,1628.7761904221236,0.5915842612315881,0.10495455598586184,5.6365753318157905,1.7346517297203272e-8,1.1523237232665579e-7,UP,ENSMUSG00000042772
ENSMUSG00000056919.10,NA,275.94340918620117,0.6080977996436263,0.10790189101481609,5.635654703772781,1.7439450421183274e-8,1.158044880369554e-7,UP,ENSMUSG00000056919
ENSMUSG00000100691.4,2010320M18Rik,105.43332280193569,-0.8114060528299146,0.14400538215679642,-5.634553658185059,1.7551230877394774e-8,1.1650126163191862e-7,DOWN,ENSMUSG00000100691
ENSMUSG00000044098.15,NA,808.687914576468,0.696838087489179,0.12369875715134096,5.633347525364566,1.767447855104871e-8,1.172735787121086e-7,UP,ENSMUSG00000044098
ENSMUSG00000027652.16,NA,2017.1535790691566,0.6756483052910247,0.11994759245991414,5.632862581354627,1.772426867629839e-8,1.1755807843569828e-7,UP,ENSMUSG00000027652
ENSMUSG00000048310.9,Pskh1,686.0781447220189,0.5348047451038318,0.09499197483296576,5.629999229347894,1.802104268162525e-8,1.1938677516311609e-7,UP,ENSMUSG00000048310
ENSMUSG00000081205.5,Gm5940,1020.6586213377831,0.5690275089145046,0.1011379168919847,5.626253005806181,1.841661708782067e-8,1.218649767297581e-7,UP,ENSMUSG00000081205
ENSMUSG00000037885.19,NA,550.6433532068487,0.5976631214626921,0.10625017060115086,5.625055640675069,1.8544818998901117e-8,1.2261788176334073e-7,UP,ENSMUSG00000037885
ENSMUSG00000028599.11,NA,64926.080935468904,0.6457674912519279,0.11480123667871758,5.625091766730449,1.8540938334091583e-8,1.2261788176334073e-7,UP,ENSMUSG00000028599
ENSMUSG00000025102.15,NA,487.5435641805998,-0.6716386183560025,0.11944214010834303,-5.62312947295465,1.8752874123652317e-8,1.238490785812937e-7,DOWN,ENSMUSG00000025102
ENSMUSG00000009621.19,NA,679.2773247143627,0.6163957043184342,0.10963767205939748,5.622115945552863,1.886325859354115e-8,1.245297265690065e-7,UP,ENSMUSG00000009621
ENSMUSG00000045160.15,NA,458.86338645444044,-0.5834544230365251,0.10378781845573509,-5.6216079277681805,1.8918824519625175e-8,1.2475127172576415e-7,DOWN,ENSMUSG00000045160
ENSMUSG00000033436.14,NA,132.94729381925987,0.584871364331885,0.10403977052141442,5.621613363819382,1.891822909531779e-8,1.2475127172576415e-7,UP,ENSMUSG00000033436
ENSMUSG00000010911.13,NA,635.8437915132863,-0.5176192746907395,0.09207918923273208,-5.621457780025039,1.893527777222289e-8,1.2476301193119817e-7,DOWN,ENSMUSG00000010911
ENSMUSG00000034656.19,NA,339.1842821630003,0.9237304567375989,0.16432177969439501,5.6214730540014175,1.8933603408915136e-8,1.2476301193119817e-7,UP,ENSMUSG00000034656
ENSMUSG00000072109.14,NA,353.47082453954175,-0.7252548569788171,0.12907129003361725,-5.619025398986257,1.9203762730583964e-8,1.2640476376998036e-7,DOWN,ENSMUSG00000072109
ENSMUSG00000053317.12,NA,3753.4921436791524,-0.6138283273123342,0.10933682207191958,-5.614104339968562,1.975829699273322e-8,1.2988388042459264e-7,DOWN,ENSMUSG00000053317
ENSMUSG00000048581.13,NA,92.65843053063449,-0.949061617016415,0.1691322858239451,-5.611356887852399,2.007462687011509e-8,1.318613768069437e-7,DOWN,ENSMUSG00000048581
ENSMUSG00000133449.1,ENSMUSG00000133449,17.836159493043123,-1.6262964306324483,0.2899032260419732,-5.609790732018234,2.0257141888923116e-8,1.3295752796720437e-7,DOWN,ENSMUSG00000133449
ENSMUSG00000021493.16,NA,635.4028997271807,0.5852527429487283,0.10437508716800413,5.607207225673444,2.0561742083970303e-8,1.348526748476664e-7,UP,ENSMUSG00000021493
ENSMUSG00000042759.13,NA,4332.237726234632,0.543218518076606,0.09692828287961994,5.604334482549909,2.0905665456119494e-8,1.3700259990241546e-7,UP,ENSMUSG00000042759
ENSMUSG00000033540.19,NA,1612.7596849435636,0.5156094144973437,0.09202543784330885,5.602900965005661,2.1079367690256616e-8,1.3808483941736866e-7,UP,ENSMUSG00000033540
ENSMUSG00000030091.18,NA,135.18193448074356,0.7448587510450863,0.13294312110832288,5.602837851521259,2.108704739309105e-8,1.3808483941736866e-7,UP,ENSMUSG00000030091
ENSMUSG00000041075.9,Fzd7,783.4178288633085,0.581059380023435,0.1037554678669259,5.600277189908554,2.1400931905150715e-8,1.3997855691499733e-7,UP,ENSMUSG00000041075
ENSMUSG00000009733.10,NA,189.22296471285108,0.5809023895065607,0.10377792252385237,5.597552691161704,2.1739879015958844e-8,1.4208623464465647e-7,UP,ENSMUSG00000009733
ENSMUSG00000021514.19,NA,118.19397024314665,0.7886603990382981,0.14089994319596771,5.597308140439819,2.1770556482306887e-8,1.4223207204691162e-7,UP,ENSMUSG00000021514
ENSMUSG00000022561.14,NA,945.3198910418292,0.5108426890323181,0.09133272998244679,5.593205076980583,2.229157280177095e-8,1.4535678185081164e-7,UP,ENSMUSG00000022561
ENSMUSG00000005802.13,NA,1280.6284710531875,0.7203720275978768,0.12880328840591385,5.592807734284537,2.2342666348409208e-8,1.4546683917344833e-7,UP,ENSMUSG00000005802
ENSMUSG00000025145.14,NA,279.2023053627228,0.5701888662981321,0.10194958436264234,5.59285130844602,2.2337057684502662e-8,1.4546683917344833e-7,UP,ENSMUSG00000025145
ENSMUSG00000026725.18,NA,123.04814239956006,0.6454182206372361,0.11543802726327931,5.59103647158862,2.2571815868893573e-8,1.4690252608741068e-7,UP,ENSMUSG00000026725
ENSMUSG00000021432.16,NA,519.8637423675323,-0.5234669902393068,0.09363798207484322,-5.59032754273697,2.2664168330133405e-8,1.474471486695672e-7,DOWN,ENSMUSG00000021432
ENSMUSG00000003541.7,Ier3,5268.603501544744,0.6652647091950115,0.11910950127107861,5.585320248138313,2.3326995239897925e-8,1.513540179510508e-7,UP,ENSMUSG00000003541
ENSMUSG00000025743.15,NA,34054.04390958761,0.5692550454021197,0.10192160616201672,5.585224437075883,2.333985963979972e-8,1.513797303716377e-7,UP,ENSMUSG00000025743
ENSMUSG00000034377.11,NA,2718.8369207803685,0.8787974837736534,0.1573499890320817,5.584985986840314,2.3371905877729556e-8,1.514720393889744e-7,UP,ENSMUSG00000034377
ENSMUSG00000056228.11,NA,245.51474314997617,-0.5939873876289344,0.10636420690354388,-5.584466851406042,2.344182224381774e-8,1.5186728726794837e-7,DOWN,ENSMUSG00000056228
ENSMUSG00000059956.15,NA,20.83554268047818,-1.6854734732208798,0.3018970830421155,-5.5829405711275175,2.3648557171612068e-8,1.530502645485651e-7,DOWN,ENSMUSG00000059956
ENSMUSG00000028282.13,NA,346.0369150744682,0.6480541019142078,0.11607684752435932,5.582974690781556,2.3643916380568306e-8,1.530502645485651e-7,UP,ENSMUSG00000028282
ENSMUSG00000028741.14,NA,824.5935602173594,-0.5732922594236615,0.10270795221040668,-5.581770905618092,2.3808185190636706e-8,1.5400608495700564e-7,DOWN,ENSMUSG00000028741
ENSMUSG00000036639.13,NA,253.7044558823366,-0.7604520402105825,0.13626591565157264,-5.580647490418901,2.396248558950695e-8,1.5494525853047725e-7,DOWN,ENSMUSG00000036639
ENSMUSG00000051403.10,NA,933.3116776381082,0.5692290247954183,0.10204805788881842,5.578048583889705,2.4323172931550643e-8,1.5703867838798413e-7,UP,ENSMUSG00000051403
ENSMUSG00000062691.12,NA,483.2326251752526,-0.5553204910136104,0.09958356061673153,-5.576427349800025,2.4550837591125722e-8,1.584484038234095e-7,DOWN,ENSMUSG00000062691
ENSMUSG00000104623.2,Gm6394,313.4452290257675,-0.7620050891374163,0.13674702773779907,-5.572370396221679,2.512964283381246e-8,1.6206094275002453e-7,DOWN,ENSMUSG00000104623
ENSMUSG00000078862.11,NA,665.4571760850513,-0.6568463994040136,0.11795209471074643,-5.568755697088688,2.5656491386085326e-8,1.653331915542884e-7,DOWN,ENSMUSG00000078862
ENSMUSG00000014243.6,Zswim7,246.9693324637611,-0.7275012512214885,0.13070813293122382,-5.565845329642081,2.6088457398729532e-8,1.6798951401847574e-7,DOWN,ENSMUSG00000014243
ENSMUSG00000013858.15,NA,2505.362881358969,0.5164550094914221,0.09280011956499137,5.565240776761386,2.617906825823069e-8,1.6850917289911852e-7,UP,ENSMUSG00000013858
ENSMUSG00000027329.10,NA,216.90424313255892,0.8757688316250583,0.15744215857891594,5.562479830877636,2.659677791548806e-8,1.7113310829768822e-7,UP,ENSMUSG00000027329
ENSMUSG00000007827.11,NA,86.10190706769777,0.8777671127431461,0.1578091762273807,5.562205783765121,2.663859021659199e-8,1.7133731665028872e-7,UP,ENSMUSG00000007827
ENSMUSG00000040761.17,NA,1572.7516979165334,1.0311255867588751,0.1853902244005335,5.561919945310277,2.66822695233651e-8,1.7155337448557538e-7,UP,ENSMUSG00000040761
ENSMUSG00000070000.14,NA,779.0039987899403,0.5777800767134506,0.10389738560569166,5.5610646345445565,2.6813386089287765e-8,1.7233123349751616e-7,UP,ENSMUSG00000070000
ENSMUSG00000049097.10,NA,16.026759834440693,2.330484645048731,0.41916004930803996,5.559892095861603,2.699414923478831e-8,1.7342746576758973e-7,UP,ENSMUSG00000049097
ENSMUSG00000015289.5,Lage3,926.7911509629546,-0.6094438189350825,0.10978085455756739,-5.551458142598986,2.8329655330445905e-8,1.8159597382192352e-7,DOWN,ENSMUSG00000015289
ENSMUSG00000042082.8,Arsb,1652.5815982679358,0.5386538174678033,0.09708506569310103,5.548266498274415,2.885158742448214e-8,1.8480229594754926e-7,UP,ENSMUSG00000042082
ENSMUSG00000017652.17,NA,11569.005010710322,-0.5972013769963551,0.10763966162227169,-5.548153608026471,2.887021825780555e-8,1.8485200741424744e-7,DOWN,ENSMUSG00000017652
ENSMUSG00000102353.2,Gm38345,107.97359817116997,-0.9648198004863942,0.17390858165455444,-5.5478561857452,2.891935922742048e-8,1.850969601134786e-7,DOWN,ENSMUSG00000102353
ENSMUSG00000139665.1,ENSMUSG00000139665,107.2242065307876,-0.8601409730467852,0.15506386764290164,-5.547010958269232,2.9059453597447355e-8,1.8592365232437537e-7,DOWN,ENSMUSG00000139665
ENSMUSG00000033883.12,NA,220.98268832335907,0.7389253804316195,0.13340456687952254,5.53898114371858,3.0423639557274605e-8,1.9421605607723613e-7,UP,ENSMUSG00000033883
ENSMUSG00000028737.16,NA,408.8093283227715,0.5117705252810136,0.09239635959340742,5.538860270394561,3.0444642047484784e-08,1.9427451506924063e-7,UP,ENSMUSG00000028737
ENSMUSG00000002014.13,NA,4836.351871967197,-0.5400380874912587,0.09758514513200552,-5.534019412080984,3.1297431275106376e-8,1.9949179770032197e-7,DOWN,ENSMUSG00000002014
ENSMUSG00000030401.17,NA,100.76349144994661,0.5612330460909895,0.10141903205866601,5.533804007973013,3.133591154698806e-8,1.995874575910408e-7,UP,ENSMUSG00000030401
ENSMUSG00000030493.14,NA,330.4458080552172,-0.5159471440363456,0.09328988630439536,-5.5305796209555105,3.1917438332176e-8,2.0306320848372057e-7,DOWN,ENSMUSG00000030493
ENSMUSG00000064210.8,Ano6,3138.444194613701,0.6515576946990443,0.11787017753754324,5.527756963728288,3.2435094896560786e-8,2.0597133077330573e-7,UP,ENSMUSG00000064210
ENSMUSG00000029059.10,NA,965.5538854823096,-0.6265811599217291,0.11335320177884753,-5.5276882354341526,3.244780022677362e-8,2.059750991625652e-7,DOWN,ENSMUSG00000029059
ENSMUSG00000038970.8,Lmtk2,225.4743058116448,0.9298287047468032,0.16823175220018788,5.5270702027780745,3.256226881621682e-8,2.065475358032761e-7,UP,ENSMUSG00000038970
ENSMUSG00000020865.17,NA,2703.608843300187,0.6271998572112228,0.11348513114529843,5.52671394817529,3.26284302026449e-8,2.0689003878679313e-7,UP,ENSMUSG00000020865
ENSMUSG00000053746.9,Ptrh1,223.46616156047108,-0.6874849911890429,0.12453997688843316,-5.520195268744218,3.386231536434672e-8,2.1455385062819687e-7,DOWN,ENSMUSG00000053746
ENSMUSG00000089774.3,Slc5a3,63.71601285906149,1.1337124187822545,0.2053891359263502,5.519826614338495,3.3933431809783944e-8,2.1492437294494813e-7,UP,ENSMUSG00000089774
ENSMUSG00000024177.10,NA,738.7788452475426,-0.6417118559281404,0.11626958545275506,-5.519172132843746,3.406004369365449e-8,2.1564598028826816e-7,DOWN,ENSMUSG00000024177
ENSMUSG00000052605.13,NA,363.0578371742357,-0.6578654058401829,0.11921140315696212,-5.518477162574717,3.419498988526522e-8,2.16339284966079e-7,DOWN,ENSMUSG00000052605
ENSMUSG00000021733.12,NA,1918.9187151569308,0.8506060588544627,0.15416336082094728,5.517563020972262,3.437328370277776e-8,2.1730559949793253e-7,UP,ENSMUSG00000021733
ENSMUSG00000094843.4,Ppp1r2-ps1,336.25167269814284,0.9515655212729267,0.17246556838216995,5.517423159875793,3.4400641565966795e-8,2.1739773707574557e-7,UP,ENSMUSG00000094843
ENSMUSG00000041763.15,NA,3020.8326130522423,0.5863630454265277,0.10630480347817242,5.515865946235682,3.4706674276041926e-8,2.1892496392372737e-7,UP,ENSMUSG00000041763
ENSMUSG00000028356.5,Ambp,87.2690662635587,-0.7799854018710617,0.1414045848782314,-5.515983817234323,3.468341750385487e-8,2.1892496392372737e-7,DOWN,ENSMUSG00000028356
ENSMUSG00000132705.1,ENSMUSG00000132705,163.14031637569894,-0.7150995761670929,0.1296435967095379,-5.515888129586911,3.470229619057787e-8,2.1892496392372737e-7,DOWN,ENSMUSG00000132705
ENSMUSG00000078897.11,NA,576.9020529511121,-0.6637693802609671,0.12034273698235463,-5.51565800234619,3.474773994474458e-8,2.1910273099752553e-7,DOWN,ENSMUSG00000078897
ENSMUSG00000022100.15,NA,1476.4718772270849,0.5416801066638741,0.09827919958316324,5.511645485121273,3.554944053794692e-8,2.2390880955123162e-7,UP,ENSMUSG00000022100
ENSMUSG00000030789.10,NA,284.5311746905444,0.5470824734074864,0.09926918523287817,5.511100671613969,3.565966804896367e-8,2.245199240431974e-7,UP,ENSMUSG00000030789
ENSMUSG00000027381.18,NA,1141.2490578988343,0.5847569766845895,0.10614060142739414,5.509267601847863,3.60329768694768e-8,2.2678638217702532e-7,UP,ENSMUSG00000027381
ENSMUSG00000073435.11,NA,210.57619766285922,-0.739796001280546,0.1342960869860448,-5.508693647622219,3.6150641150466237e-8,2.2727460384651712e-7,DOWN,ENSMUSG00000073435
ENSMUSG00000029380.12,NA,630.8992268891492,0.8115266824632076,0.14732484666466797,5.5084169495886615,3.620749905997912e-8,2.274638821625434e-7,UP,ENSMUSG00000029380
ENSMUSG00000005506.17,NA,1899.1053731567238,0.5567140675717547,0.10107258941208926,5.508061788166341,3.6280607314695096e-08,2.278389985205705e-7,UP,ENSMUSG00000005506
ENSMUSG00000060467.5,Gm10080,5274.717559794231,-0.601118774399584,0.10914282813106663,-5.507634213745286,3.636881137397519e-8,2.2830860325796314e-7,DOWN,ENSMUSG00000060467
ENSMUSG00000006342.16,NA,169.1599294648915,0.938545489524337,0.17041783129931784,5.507319758552132,3.643381282191105e-8,2.285479235888673e-7,UP,ENSMUSG00000006342
ENSMUSG00000020137.6,Thap2,242.32822891938144,0.614924715140204,0.11168674959425777,5.505798291866661,3.6749911980608895e-8,2.3036085630012343e-7,UP,ENSMUSG00000020137
ENSMUSG00000020477.11,NA,1027.1551979987232,-0.6456086736081929,0.11727116502524845,-5.505263578384281,3.686163415147306e-8,2.3089095778267065e-7,DOWN,ENSMUSG00000020477
ENSMUSG00000041235.13,NA,366.2618408430588,0.8097204328330161,0.147095175345067,5.50473821410874,3.6971723686406916e-8,2.3141005999670077e-7,UP,ENSMUSG00000041235
ENSMUSG00000024245.5,Tmem178,31.14660418386174,-1.007806694545889,0.18312837961741452,-5.5032797027493165,3.727902725207778e-8,2.3299049520354087e-7,DOWN,ENSMUSG00000024245
ENSMUSG00000006519.12,NA,37425.62617503662,-0.6208852332185041,0.11283714040013375,-5.502489969320139,3.744645378807932e-8,2.3386499930961326e-7,DOWN,ENSMUSG00000006519
ENSMUSG00000025224.17,NA,1627.6606436144311,0.6831051176366026,0.12418894113437458,5.500530976405307,3.78649220062549e-8,2.3639165331805095e-7,UP,ENSMUSG00000025224
ENSMUSG00000019823.18,NA,845.3501172393727,0.5203876700380667,0.09464892983661265,5.4980829781845815,3.839422646810255e-8,2.3960815240974386e-7,UP,ENSMUSG00000019823
ENSMUSG00000047648.14,NA,513.4027733703257,0.5062126935715603,0.09209409474115929,5.49669004287764,3.8698601584356056e-8,2.4133055318795714e-7,UP,ENSMUSG00000047648
ENSMUSG00000025722.17,NA,371.39403319790006,-0.5162137614660635,0.0939364589253671,-5.495350446158476,3.899352803837352e-8,2.4299154921970684e-7,DOWN,ENSMUSG00000025722
ENSMUSG00000058463.4,Gm5471,103.58203535312178,-0.9161368675066386,0.16672191744856557,-5.49499958689757,3.907113291752832e-8,2.4338596571263247e-7,DOWN,ENSMUSG00000058463
ENSMUSG00000019558.15,NA,2775.1862941417744,0.6480589079300942,0.1179854370529365,5.492702524289754,3.958292188609856e-8,2.4639354670387704e-7,UP,ENSMUSG00000019558
ENSMUSG00000073631.3,Gm10553,92.41277771322716,-0.9780180296152352,0.17814297145229638,-5.490073628176409,4.0176622637760264e-8,2.499062343005673e-7,DOWN,ENSMUSG00000073631
ENSMUSG00000031145.16,NA,140.82228311040436,0.6851563559418895,0.12480753297428263,5.489703542838798,4.026089168740379e-8,2.5024734065642866e-7,UP,ENSMUSG00000031145
ENSMUSG00000055707.14,NA,512.6245876142511,0.5059868451756335,0.09217726036946598,5.489280579044453,4.035741112961461e-8,2.507556206321615e-7,UP,ENSMUSG00000055707
ENSMUSG00000051705.14,NA,231.65800135764528,-0.585448664251232,0.10672395844191317,-5.485634835873101,4.119871658066841e-8,2.5551618314035264e-7,DOWN,ENSMUSG00000051705
ENSMUSG00000028053.14,NA,589.0818846796199,0.8932383452388404,0.16295096894827574,5.481638746943408,4.214040430019899e-8,2.6126128892788337e-7,UP,ENSMUSG00000028053
ENSMUSG00000021910.16,NA,5328.653122500793,0.5604735813049841,0.10229760239937986,5.4788535425966325,4.280905126136607e-8,2.652133791441863e-7,UP,ENSMUSG00000021910
ENSMUSG00000080021.6,Gm5915,1881.448213168254,-0.7437086519607465,0.1358029116500851,-5.476382228659532,4.341094624374302e-8,2.6874646953807564e-7,DOWN,ENSMUSG00000080021
ENSMUSG00000043154.16,NA,116.98886629824608,0.9210569381935194,0.16821446643602897,5.4754918391266445,4.362980706482327e-8,2.7000309277452126e-7,UP,ENSMUSG00000043154
ENSMUSG00000035397.9,Klf16,511.77751576921526,0.5315718817688885,0.09712093278792425,5.473298767935461,4.417344379685837e-8,2.731685764397722e-7,UP,ENSMUSG00000035397
ENSMUSG00000021823.11,NA,1110.8447242019574,0.5078355709450606,0.09284416759303059,5.469762766047801,4.5063835757931814e-8,2.782700039576574e-7,UP,ENSMUSG00000021823
ENSMUSG00000001151.11,NA,280.1175940865526,0.9028181760375978,0.16522708394482616,5.464105245233727,4.6524746149200876e-8,2.8687448622672594e-7,UP,ENSMUSG00000001151
ENSMUSG00000098176.3,Ccdc166,40.25250924793312,-1.128670303702149,0.20678401405661484,-5.458208695925273,4.809621467879606e-8,2.960275884283771e-7,DOWN,ENSMUSG00000098176
ENSMUSG00000057135.13,NA,159.39129382822023,-0.6586244367556504,0.12068883811327921,-5.457210849419744,4.8367188409265785e-8,2.975877011895709e-7,DOWN,ENSMUSG00000057135
ENSMUSG00000025779.11,NA,496.8058196690362,-0.6080751642928014,0.11144514574263208,-5.456273220702418,4.862315770217687e-8,2.9905440140441953e-7,DOWN,ENSMUSG00000025779
ENSMUSG00000028484.17,NA,372.94252511434075,0.5475976705406594,0.1003869740755106,5.454867781239816,4.900929853110274e-8,3.0132036544466133e-7,UP,ENSMUSG00000028484
ENSMUSG00000041720.15,NA,2238.2372021415617,0.6401629403610833,0.11740628687066648,5.452543960156751,4.9654291837438194e-8,3.050971388583381e-7,UP,ENSMUSG00000041720
ENSMUSG00000025746.12,NA,2062.314052264062,0.5376428752435696,0.09861405601278998,5.451990283959507,4.9809178125377066e-8,3.0590642224635695e-7,UP,ENSMUSG00000025746
ENSMUSG00000030322.13,NA,163.6677055092774,0.7169730537276877,0.1315139025457993,5.451690200418196,4.989331956659644e-8,3.062020182423454e-7,UP,ENSMUSG00000030322
ENSMUSG00000024812.12,NA,547.0159515647748,0.6304594327584855,0.11564346210030935,5.4517516278752,4.9876084506882915e-8,3.062020182423454e-7,UP,ENSMUSG00000024812
ENSMUSG00000029136.10,NA,298.5701075850198,-0.5267230417693163,0.0966589810204789,-5.449292307951403,5.057063975898139e-8,3.1013498007257034e-7,DOWN,ENSMUSG00000029136
ENSMUSG00000067297.6,Ifit1bl2,693.5765927948299,-0.7375709456673448,0.1354213014912709,-5.44649133884515,5.137310349591521e-8,3.1482918848703927e-7,DOWN,ENSMUSG00000067297
ENSMUSG00000023830.15,NA,3877.25559649211,0.8016712605020276,0.14720605127366249,5.445912403503615,5.154049794425622e-8,3.157412492939558e-7,UP,ENSMUSG00000023830
ENSMUSG00000037408.11,NA,239.44456004421576,0.6740557075899631,0.12379095498020538,5.445112752363427,5.177258021134441e-8,3.1704879332881635e-7,UP,ENSMUSG00000037408
ENSMUSG00000021773.12,NA,492.9812011456434,-0.579884284677182,0.10653389824037757,-5.4431903296053354,5.2334675921109106e-8,3.2037562948681836e-7,DOWN,ENSMUSG00000021773
ENSMUSG00000135102.1,ENSMUSG00000135102,20704.452413371386,0.7281633745122427,0.13378739636874853,5.442690374998095,5.2481823640036134e-8,3.211608106593935e-7,UP,ENSMUSG00000135102
ENSMUSG00000041324.15,NA,81.31838536032704,0.8228193296816143,0.15143825784393758,5.433364999018665,5.5301125971511205e-8,3.3817006410338713e-7,UP,ENSMUSG00000041324
ENSMUSG00000129688.1,ENSMUSG00000129688,24.244443874749017,1.1760515534773757,0.2165332051257636,5.431275784212028,5.595258568334096e-8,3.41907895124289e-7,UP,ENSMUSG00000129688
ENSMUSG00000001506.11,NA,61.72503089699509,2.4559046188191123,0.4522102746208618,5.430890797158845,5.607344125762729e-8,3.425233268775897e-7,UP,ENSMUSG00000001506
ENSMUSG00000066538.6,Gm6254,762.1475415590561,0.5235394212326544,0.09644076837992482,5.428611053472638,5.679430210197751e-8,3.4655324777403286e-7,UP,ENSMUSG00000066538
ENSMUSG00000031709.16,NA,2449.487269171595,0.5925387411094148,0.10920503859275597,5.425928590338143,5.76540073608254e-8,3.514208061570598e-7,UP,ENSMUSG00000031709
ENSMUSG00000032579.15,NA,113.69244719685823,-0.7372087828764721,0.13587549784441622,-5.425619736978705,5.775379788994085e-8,3.519029333272426e-7,DOWN,ENSMUSG00000032579
ENSMUSG00000056671.8,Prelid2,709.0284437502625,-0.6609851052583514,0.12183777447142234,-5.425124581649255,5.7914131943340405e-8,3.5275348417924315e-7,DOWN,ENSMUSG00000056671
ENSMUSG00000044702.14,NA,115.26244062799675,0.7022290873638553,0.12947232589935634,5.4237774944255195,5.835251222246194e-8,3.5529639199970915e-7,UP,ENSMUSG00000044702
ENSMUSG00000078877.12,NA,407.77458129491873,-0.6985277621585233,0.1287939597314524,-5.42360653880834,5.840837541260633e-8,3.5550924562161175e-7,DOWN,ENSMUSG00000078877
ENSMUSG00000043391.11,NA,2474.9614590918554,0.5614005147512574,0.10353040651430033,5.422566506330804,5.8749345239827764e-8,3.57456660160469e-7,UP,ENSMUSG00000043391
ENSMUSG00000071054.13,NA,1297.309460136382,0.6127699921065215,0.11302888825817298,5.421357332179306,5.9148192403293664e-8,3.5962608509489166e-7,UP,ENSMUSG00000071054
ENSMUSG00000031229.17,NA,1068.7199346864331,0.9179817277300031,0.1693374371236801,5.421020557075815,5.925974429863448e-8,3.6017555809241534e-7,UP,ENSMUSG00000031229
ENSMUSG00000020385.17,NA,689.571140910455,0.6000816264046501,0.11070167814724298,5.420709391654286,5.9362994528431925e-8,3.6054538748232616e-7,UP,ENSMUSG00000020385
ENSMUSG00000039148.6,Sart1,1243.1683257772802,0.6539868952092804,0.12077183514539201,5.415061337951633,6.1267699236001e-8,3.7131806600407454e-7,UP,ENSMUSG00000039148
ENSMUSG00000078886.13,NA,603.5953579045787,-0.6812831401400045,0.12587994120247414,-5.412166018128184,6.226691768600815e-8,3.772394735191502e-7,DOWN,ENSMUSG00000078886
ENSMUSG00000035011.16,NA,3454.490733764696,0.6436464098337038,0.11896563889527134,5.410355593519933,6.289972628193826e-8,3.8093758730435975e-7,UP,ENSMUSG00000035011
ENSMUSG00000106847.2,Peg13,241.95106852804537,0.7702368001449018,0.1423866614042668,5.409472998022135,6.32104800247472e-8,3.8227504384809774e-7,UP,ENSMUSG00000106847
ENSMUSG00000024236.19,NA,1058.4719427938282,0.7048010018169513,0.13031274534937792,5.408534675003037,6.35424860941265e-8,3.8414629168742097e-7,UP,ENSMUSG00000024236
ENSMUSG00000072770.10,NA,28.834194122599733,1.6174360800884005,0.2991382960260412,5.406984333251654,6.40947473793192e-8,3.873472899547627e-7,UP,ENSMUSG00000072770
ENSMUSG00000073436.12,NA,374.24419820767855,0.505163331998254,0.09346317069700533,5.404945372931159,6.482814749115394e-8,3.9150123445829687e-7,UP,ENSMUSG00000073436
ENSMUSG00000081544.2,Gm13077,55.494150721610815,-1.1328967854786247,0.20962721533906656,-5.4043401933579744,6.504738662254976e-8,3.9268578519811186e-7,DOWN,ENSMUSG00000081544
ENSMUSG00000053291.16,NA,254.68226613625427,-0.6819292413564814,0.12620164491479602,-5.4034893270755715,6.535684626092038e-8,3.944139558244187e-7,DOWN,ENSMUSG00000053291
ENSMUSG00000040865.17,NA,488.5953975772666,0.7756621543198657,0.14360078028445833,5.4015176852337365,6.607942298059546e-8,3.9863308521036056e-7,UP,ENSMUSG00000040865
ENSMUSG00000118171.2,Gm50390,24.233975449448945,1.3413583605660964,0.24834869813088542,5.401108887066402,6.623020698068942e-8,3.994010283381576e-7,UP,ENSMUSG00000118171
ENSMUSG00000045636.17,NA,360.290376323921,0.6521023343860533,0.12073740902790858,5.400996589510374,6.627168592688266e-8,3.9950949694171094e-7,UP,ENSMUSG00000045636
ENSMUSG00000118258.2,Gm19076,31.174512277099925,-1.526235691203043,0.28267603628128973,-5.399239749082558,6.69238896481264e-8,4.0301263008358274e-7,DOWN,ENSMUSG00000118258
ENSMUSG00000030725.5,Lipt2,110.38627195989534,-0.9463035467077562,0.17528257833889804,-5.398731326727387,6.711379192340719e-8,4.040131488316682e-7,DOWN,ENSMUSG00000030725
ENSMUSG00000053128.16,NA,219.23272106509467,0.6175809387023232,0.1144296482673662,5.397036065857148,6.775077321717741e-8,4.0755912604574426e-7,UP,ENSMUSG00000053128
ENSMUSG00000032841.16,NA,405.22386649873175,-0.7475339743932751,0.1385217976293838,-5.396507893965601,6.795042353263364e-8,4.086155949773577e-7,DOWN,ENSMUSG00000032841
ENSMUSG00000038241.17,NA,993.2071706030785,0.6055546777821665,0.11223004819467412,5.395655508690258,6.827382995911306e-8,4.101859934315465e-7,UP,ENSMUSG00000038241
ENSMUSG00000020691.14,NA,282.94651817394873,-0.6070780362469935,0.11255577150427294,-5.393575363871475,6.906933661435645e-8,4.14464763042959e-7,DOWN,ENSMUSG00000020691
ENSMUSG00000041408.19,NA,2767.7507687154107,0.5005970460547168,0.0928526538219457,5.391305745710424,6.994754556375762e-8,4.1958658196023355e-7,UP,ENSMUSG00000041408
ENSMUSG00000043909.17,NA,572.0969056564127,0.5199422233901346,0.09645964418564926,5.390256493061881,7.035719156714878e-8,4.2174635170635605e-7,UP,ENSMUSG00000043909
ENSMUSG00000004285.13,NA,7544.817900918993,-0.5839897810595899,0.10837807629191597,-5.388449408223629,7.106816186036694e-8,4.2570805234145835e-7,DOWN,ENSMUSG00000004285
ENSMUSG00000021929.10,NA,5476.434071927752,0.5610206305752454,0.10413489054532643,5.387441496671588,7.146772747407958e-8,4.279507652902103e-7,UP,ENSMUSG00000021929
ENSMUSG00000075040.10,NA,266.14090869060357,0.5167400643981666,0.095976920396031,5.38400338608422,7.28471320837334e-8,4.355971618199614e-7,UP,ENSMUSG00000075040
ENSMUSG00000038866.16,NA,1591.7349633717176,0.6760836893407036,0.12564243719631613,5.381013807335844,7.406751260847365e-8,4.418071271202045e-7,UP,ENSMUSG00000038866
ENSMUSG00000034723.12,NA,1630.8539802138896,0.5609034294463523,0.10425587798451431,5.380065280632583,7.445883325941722e-8,4.439855955153047e-7,UP,ENSMUSG00000034723
ENSMUSG00000006476.20,NA,266.39171360745763,0.5397308655323179,0.10033572003674915,5.379249437135997,7.479701582140065e-8,4.4584579427225357e-7,UP,ENSMUSG00000006476
ENSMUSG00000016526.9,Dyrk3,154.49922178436407,1.1051579686508652,0.20547196646717858,5.378631390221301,7.505419782803701e-8,4.472220351309031e-7,UP,ENSMUSG00000016526
ENSMUSG00000003809.15,NA,593.8307176315552,-0.5019389183352646,0.09333136356246326,-5.378030483818393,7.530506835525826e-8,4.4855971714519163e-7,DOWN,ENSMUSG00000003809
ENSMUSG00000001517.15,NA,321.241060955584,0.782779556046553,0.14556206586070414,5.377634285539992,7.547091998601477e-8,4.4939021893633306e-7,UP,ENSMUSG00000001517
ENSMUSG00000008167.15,NA,444.2992601964851,-0.5246419811081942,0.09756615925712216,-5.377294597869458,7.561339747397306e-8,4.500810071551928e-7,DOWN,ENSMUSG00000008167
ENSMUSG00000130922.1,ENSMUSG00000130922,44.828823000629605,-1.1404092506004597,0.21209210345736845,-5.376952899284567,7.575698121915494e-8,4.5077789454616833e-7,DOWN,ENSMUSG00000130922
ENSMUSG00000106239.2,Gm9260,170.18063554404404,-0.7063242556701018,0.13136706455862332,-5.376722529678666,7.58539328656415e-8,4.5119691581430544e-7,DOWN,ENSMUSG00000106239
ENSMUSG00000041782.15,NA,78.50493485443764,0.741472289367584,0.13791747756369532,5.376202512296856,7.607322551529155e-8,4.5234310248707975e-7,UP,ENSMUSG00000041782
ENSMUSG00000040351.12,NA,1621.6667894992486,0.5103285895076224,0.09496892598381233,5.37363757903937,7.71638784718484e-8,4.585076580336316e-7,UP,ENSMUSG00000040351
ENSMUSG00000027800.15,NA,15.359977278607806,-1.7993087516812094,0.33490811324114633,-5.372544529506934,7.763324954624054e-8,4.6091557747103584e-7,DOWN,ENSMUSG00000027800
ENSMUSG00000029290.13,NA,259.7818172566956,0.5776390316641351,0.1075300379657869,5.371885313087343,7.791766186620415e-8,4.621791969643068e-7,UP,ENSMUSG00000029290
ENSMUSG00000092626.4,9130230N09Rik,46.475709372608584,-1.0594996567257897,0.1972406959124925,-5.371607780150227,7.803770227578669e-8,4.6272983434519816e-7,DOWN,ENSMUSG00000092626
ENSMUSG00000039741.17,NA,99.88030299434064,1.4481775511045838,0.2697375008545071,5.368840248452186,7.92445731397204e-8,4.69395057754819e-7,UP,ENSMUSG00000039741
ENSMUSG00000027166.15,NA,308.5333515032671,-0.5183075843174231,0.09658951228606842,-5.366085530925505,8.046379638092338e-8,4.76411951038192e-7,DOWN,ENSMUSG00000027166
ENSMUSG00000052713.10,NA,154.55690643157027,1.041014997808537,0.1940006936324322,5.366037503870577,8.048521317962635e-8,4.76411951038192e-7,UP,ENSMUSG00000052713
ENSMUSG00000034437.9,Gm9761,1270.6956004612775,-0.6951067308221961,0.12960231549678233,-5.363382036484168,8.167800018193189e-8,4.828001637448501e-7,DOWN,ENSMUSG00000034437
ENSMUSG00000078870.11,NA,514.0539568847938,-0.7245520112854904,0.13510919589958081,-5.362714258354478,8.198063685358856e-8,4.840842744208774e-7,DOWN,ENSMUSG00000078870
ENSMUSG00000033356.4,Pus7l,71.20586838963752,-0.8455955495474305,0.1576828676981505,-5.362634266432414,8.20169618912347e-8,4.841306677967155e-7,DOWN,ENSMUSG00000033356
ENSMUSG00000019054.14,NA,4173.817844464486,-0.5782977611695425,0.10786995705558884,-5.361064164246651,8.273312255630835e-8,4.881885781376058e-7,DOWN,ENSMUSG00000019054
ENSMUSG00000028583.15,NA,1579.798435395778,-0.5148922735700212,0.0960473194628392,-5.360818776095396,8.284559562452255e-8,4.886826913599135e-7,DOWN,ENSMUSG00000028583
ENSMUSG00000030879.11,NA,1937.6417692119833,-0.5328019156207708,0.09939894967937522,-5.36023687714403,8.311289976585311e-8,4.90089449867579e-7,DOWN,ENSMUSG00000030879
ENSMUSG00000028496.18,NA,308.7426532054742,0.764970237399511,0.1427175102219055,5.3600307082858345,8.320780678338973e-8,4.90309065196925e-7,UP,ENSMUSG00000028496
ENSMUSG00000026873.10,NA,263.5949528392065,0.5844201119237461,0.10906781300078171,5.358318791260236,8.399992819708851e-8,4.948052576791434e-7,UP,ENSMUSG00000026873
ENSMUSG00000063171.7,Rps4l,187.35132842948707,-0.6813202620173966,0.1271604652648465,-5.357956662067574,8.416842224778686e-8,4.956261041363793e-7,DOWN,ENSMUSG00000063171
ENSMUSG00000051285.18,NA,875.3510717100351,0.6575241089612979,0.12273828579502037,5.357123123418873,8.455750156628537e-8,4.977448499952403e-7,UP,ENSMUSG00000051285
ENSMUSG00000020485.15,NA,2267.76658544661,-0.5060230446664169,0.0944810207472622,-5.355816868448472,8.517074089771727e-8,5.010078241807609e-7,DOWN,ENSMUSG00000020485
ENSMUSG00000022601.12,NA,658.6999184971768,0.5652829973362222,0.10563300772176899,5.351385987466567,8.72831227263261e-8,5.123703089692446e-7,UP,ENSMUSG00000022601
ENSMUSG00000121163.2,Gm56872,126.90674320031744,-0.8996626897372836,0.16811968298860325,-5.351322782343524,8.731361909730301e-8,5.123724659657471e-7,DOWN,ENSMUSG00000121163
ENSMUSG00000057530.15,NA,1208.6422697367257,0.5003723742227982,0.09352812911496276,5.349966678022088,8.797042806185793e-8,5.158707240068814e-7,UP,ENSMUSG00000057530
ENSMUSG00000094475.9,Gm11007,575.329782063631,-0.7132174414544282,0.13331818890530386,-5.349738451375361,8.808143550262981e-8,5.163436374207937e-7,DOWN,ENSMUSG00000094475
ENSMUSG00000032254.11,NA,458.7812115479457,0.6388182847483068,0.11941281215701731,5.34966284780495,8.811823831265047e-8,5.163813786164486e-7,UP,ENSMUSG00000032254
ENSMUSG00000103041.3,Gm37305,93.0924601371539,-0.6471490223981806,0.12097585586374245,-5.349406439637655,8.824316529270499e-8,5.169353320591598e-7,DOWN,ENSMUSG00000103041
ENSMUSG00000073412.7,Lst1,5555.034037088086,-0.6746638126848411,0.12612310648276984,-5.349248297947764,8.832030043571405e-8,5.172090320970225e-7,DOWN,ENSMUSG00000073412
ENSMUSG00000034220.8,Gpc1,363.6363889964659,0.5769997985404967,0.1080264270075742,5.341283744393774,9.22906675048908e-8,5.389749627706638e-7,UP,ENSMUSG00000034220
ENSMUSG00000021013.17,NA,128.9370651474961,-0.8661877845022149,0.16217468642660146,-5.341078830414402,9.23950644860867e-8,5.39124032497269e-7,DOWN,ENSMUSG00000021013
ENSMUSG00000079700.8,Fpr3,101.85776151493587,-0.777708254528104,0.14560807052579866,-5.3411067924996,9.238081198382784e-8,5.39124032497269e-7,DOWN,ENSMUSG00000079700
ENSMUSG00000018733.11,NA,314.56417538070286,-0.5126062161269489,0.09597668076890654,-5.340945446542441,9.246308063223627e-8,5.392411348531585e-7,DOWN,ENSMUSG00000018733
ENSMUSG00000063236.7,1110038F14Rik,872.014762822866,-0.5518894526256498,0.10333446475929657,-5.340807192558653,9.253363134298769e-8,5.394675812886008e-7,DOWN,ENSMUSG00000063236
ENSMUSG00000049739.11,NA,685.5183314239287,0.6462460692460235,0.1210207375147648,5.339961419150829,9.296636362166327e-8,5.418046537868422e-7,UP,ENSMUSG00000049739
ENSMUSG00000083373.2,Gm13392,537.0645781710867,-0.5428364935687672,0.1016885395847333,-5.338226861999937,9.38599713961557e-8,5.468251707992545e-7,DOWN,ENSMUSG00000083373
ENSMUSG00000078879.11,NA,160.66732966479995,-0.6384696108058038,0.11965504106699339,-5.335919031178406,9.506181838526508e-8,5.534478888941519e-7,DOWN,ENSMUSG00000078879
ENSMUSG00000054000.6,Tusc1,68.09698965631048,-0.838042809256247,0.15706925298504287,-5.335498790053141,9.528226449668303e-8,5.54541475027581e-7,DOWN,ENSMUSG00000054000
ENSMUSG00000036893.19,NA,856.4835677531493,0.5162116707690686,0.0968272571041926,5.331264007753419,9.753150602627733e-8,5.672437727369604e-7,UP,ENSMUSG00000036893
ENSMUSG00000049184.7,Purg,112.09840308852917,0.693500943890276,0.1300840207107924,5.331177035433837,9.757823446713969e-8,5.673215231959582e-7,UP,ENSMUSG00000049184
ENSMUSG00000091803.8,Cox16,442.17789944810335,-0.6169484639219405,0.11574424537261736,-5.330273327505727,9.80650624671199e-8,5.699570923840879e-7,DOWN,ENSMUSG00000091803
ENSMUSG00000090266.11,NA,571.3164454648894,-0.6100738827988611,0.11455693565503071,-5.325508048120263,1.0067125848744657e-7,5.839070333688665e-7,DOWN,ENSMUSG00000090266
ENSMUSG00000112758.4,Gm36172,65.08729735568411,-1.6827037983459765,0.3160864229028079,-5.323556079671869,1.0175806220785637e-7,5.90009412174158e-7,DOWN,ENSMUSG00000112758
ENSMUSG00000027677.18,NA,327.2278852825567,0.5377036467972947,0.10100678480233972,5.323440874289063,1.0182255914110567e-7,5.901821543127618e-7,UP,ENSMUSG00000027677
ENSMUSG00000069792.6,Wfdc17,43921.53455212003,-0.7084590823299912,0.13309084402536914,-5.323124122610179,1.0200009438741945e-7,5.910097462188944e-7,DOWN,ENSMUSG00000069792
ENSMUSG00000032657.16,NA,251.80301448894724,0.6153745999019875,0.11561635819396335,5.322556509431015,1.0231898407034865e-7,5.926555323911271e-7,UP,ENSMUSG00000032657
ENSMUSG00000038803.8,Ost4,5395.920431514493,-0.521679787540506,0.09801559986353622,-5.322415903864518,1.0239812641700388e-7,5.929119979051986e-7,DOWN,ENSMUSG00000038803
ENSMUSG00000081895.4,Rpl17-ps10,6035.779706710179,-0.5615417001271898,0.10552137852995372,-5.321591775526211,1.0286319450090192e-7,5.954021394425929e-7,DOWN,ENSMUSG00000081895
ENSMUSG00000028556.16,NA,2389.8921641694415,0.5559710754001326,0.10453018898233202,5.318760836585729,1.0447636064476625e-7,6.039173994306237e-7,UP,ENSMUSG00000028556
ENSMUSG00000079685.11,NA,925.5377346580217,0.6017628647759669,0.1131828825866922,5.31673033079934,1.0564846386939953e-7,6.104851432426124e-7,UP,ENSMUSG00000079685
ENSMUSG00000035847.16,NA,1964.666809588505,0.6173612568873179,0.1161385207765125,5.315732047899228,1.062293762927966e-7,6.132168273032243e-7,UP,ENSMUSG00000035847
ENSMUSG00000032743.16,NA,395.091955965873,0.7332937639465111,0.13803909239820455,5.312218091315478,1.0829888312489915e-7,6.245272317470447e-7,UP,ENSMUSG00000032743
ENSMUSG00000042743.14,NA,255.3185107466732,0.6047470339346733,0.1138592150825177,5.311357833412011,1.088114373948473e-7,6.270577107206958e-7,UP,ENSMUSG00000042743
ENSMUSG00000073802.6,Cdkn2b,204.32276217669687,-0.6642996210150165,0.1250993338186462,-5.310177126746632,1.0951874353063624e-7,6.307063164517439e-7,DOWN,ENSMUSG00000073802
ENSMUSG00000039960.6,Rhou,129.39727278868835,0.6885297122353427,0.12966624255420536,5.310015148680748,1.0961612341560209e-7,6.3105341733437e-7,UP,ENSMUSG00000039960
ENSMUSG00000026568.7,Mpc2,1323.9627047119895,-0.6063671535540397,0.1142204136663174,-5.308745907062426,1.1038208735005639e-7,6.352479788409675e-7,DOWN,ENSMUSG00000026568
ENSMUSG00000004709.15,NA,257.8881887450674,-0.585614550064858,0.11032582049916691,-5.308046180080574,1.1080657194496647e-7,6.374751564601149e-7,DOWN,ENSMUSG00000004709
ENSMUSG00000143161.1,ENSMUSG00000143161,978.4012901567979,0.5747693337379507,0.10828594835783974,5.307884748246177,1.1090472750092941e-7,6.37824077064865e-7,UP,ENSMUSG00000143161
ENSMUSG00000022180.8,Slc7a8,14054.492838524882,0.6302083996879263,0.11873390428682187,5.30773752849524,1.1099431502449857e-7,6.381235028081889e-7,UP,ENSMUSG00000022180
ENSMUSG00000036333.12,NA,3732.0195180786945,0.6383454381654992,0.12028117843301185,5.3071099442296585,1.1137700463428461e-7,6.401072459650706e-7,UP,ENSMUSG00000036333
ENSMUSG00000026628.14,NA,23189.830271719537,-0.507930102320609,0.09573663323420636,-5.305493677410073,1.1236846308745148e-7,6.453145259812034e-7,DOWN,ENSMUSG00000026628
ENSMUSG00000095029.3,Anxa2r2,486.5570722501275,-0.6279612361026716,0.1183615958266871,-5.305447528961794,1.1239689673975799e-7,6.453145259812034e-7,DOWN,ENSMUSG00000095029
ENSMUSG00000070493.4,Chchd2,10121.657063227734,-0.5859287506390726,0.1105642279622871,-5.299442337162883,1.161569127296666e-7,6.651058780743133e-7,DOWN,ENSMUSG00000070493
ENSMUSG00000097749.4,Gm16938,20.12594599704375,-1.8034333337027062,0.3403526348400112,-5.298720060006123,1.1661726774221055e-7,6.675170835489844e-7,DOWN,ENSMUSG00000097749
ENSMUSG00000041625.16,NA,278.90975344463726,-0.5421225326627932,0.10231634878130358,-5.298493731647469,1.1676188470396707e-7,6.680542624023823e-7,DOWN,ENSMUSG00000041625
ENSMUSG00000032228.17,NA,1466.3583064109584,0.636084196729668,0.12007072475476695,5.297579389387459,1.1734789034462721e-7,6.707960414120102e-7,UP,ENSMUSG00000032228
ENSMUSG00000090381.3,Gm6158,499.33435344636587,0.5032315362471351,0.09507508478946837,5.292990664814837,1.2033206521771502e-7,6.873923752410016e-7,UP,ENSMUSG00000090381
ENSMUSG00000078485.5,Plekhn1,649.239086105893,0.5762510575501939,0.10887392690919641,5.292828815027511,1.2043865004236063e-7,6.877702090733327e-7,UP,ENSMUSG00000078485
ENSMUSG00000056342.17,NA,1846.9998837349392,0.7192933531147276,0.13590382940625792,5.292664351381452,1.2054704977124477e-7,6.881581498522285e-7,UP,ENSMUSG00000056342
ENSMUSG00000049470.14,NA,2141.341160676062,0.6301643899882609,0.11914447310339689,5.289077819341117,1.2293458364679018e-7,7.010816664980931e-7,UP,ENSMUSG00000049470
ENSMUSG00000040481.18,NA,942.0103006764725,0.8798589220070134,0.16638588861159628,5.288062162897218,1.236189713086564e-7,7.047483158146197e-7,UP,ENSMUSG00000040481
ENSMUSG00000019866.16,NA,2335.7670379779133,0.542937716586064,0.10271491498257118,5.285870281625512,1.25108528496137e-7,7.127623569867021e-7,UP,ENSMUSG00000019866
ENSMUSG00000028407.5,Smim27,103.12382480500612,-1.1178643061006996,0.2114983990150384,-5.285450439845717,1.2539581919873772e-7,7.141598463810226e-7,DOWN,ENSMUSG00000028407
ENSMUSG00000116895.2,Ermardl1,452.253521135379,-0.5205924653941144,0.09850194178000436,-5.285098506553434,1.256371329267428e-7,7.152946376137221e-7,DOWN,ENSMUSG00000116895
ENSMUSG00000005371.16,NA,1333.3894246938705,0.5467238735221819,0.10347364236666973,5.283701829928905,1.2659924378246062e-7,7.202899765020159e-7,UP,ENSMUSG00000005371
ENSMUSG00000024085.14,NA,3832.817347757923,0.625338884749118,0.11842309979073505,5.280548185735314,1.287979447676295e-7,7.318201966983987e-7,UP,ENSMUSG00000024085
ENSMUSG00000034075.11,NA,3379.8671695274634,0.6117047258933297,0.11584742069216272,5.280261936247948,1.289993349550056e-7,7.327196694204493e-7,UP,ENSMUSG00000034075
ENSMUSG00000044433.17,NA,25.00315870145832,1.553268295234166,0.2944208403073441,5.2756737383560175,1.3226922986818899e-7,7.510419108976367e-7,UP,ENSMUSG00000044433
ENSMUSG00000044617.9,Zbtb39,109.7129292385413,0.8226801736935103,0.15595485009385338,5.2751175946014035,1.3267098655328866e-7,7.52820419527937e-7,UP,ENSMUSG00000044617
ENSMUSG00000022018.8,Rgcc,113.56562779928394,-0.919000732300994,0.1742875739398036,-5.272898758797363,1.342856494913721e-7,7.617284040194377e-7,DOWN,ENSMUSG00000022018
ENSMUSG00000026932.15,NA,782.1228037762191,0.5141243628192966,0.09752890848784523,5.2715074001199405,1.3530783137749903e-7,7.66759406999583e-7,UP,ENSMUSG00000026932
ENSMUSG00000066637.3,Ttc32,147.61553513439543,-0.6203904570548907,0.11769025641633422,-5.271383340862419,1.3539933791429765e-7,7.670223652799953e-7,DOWN,ENSMUSG00000066637
ENSMUSG00000079555.3,Haus3,291.8860527136734,0.5964215186868157,0.11319956882624417,5.268761399633012,1.3734735202956253e-7,7.772808880581498e-7,UP,ENSMUSG00000079555
ENSMUSG00000026630.10,NA,89.1883505425622,-1.1843884705688885,0.2249730231631433,-5.264579965705522,1.4051023162453867e-7,7.949158346663022e-7,DOWN,ENSMUSG00000026630
ENSMUSG00000019944.15,NA,333.663160184693,-0.840490247922375,0.15973273537909663,-5.2618534699704735,1.4261040423643036e-7,8.057250944999119e-7,DOWN,ENSMUSG00000019944
ENSMUSG00000030008.10,NA,128.68421844855658,-0.9146673575331205,0.1738521630250763,-5.261179047862577,1.4313456541375034e-7,8.084179406928722e-7,DOWN,ENSMUSG00000030008
ENSMUSG00000103730.2,Gm38316,29.63273344575022,1.3504131543920619,0.25674975286970536,5.259647338696235,1.4433194147224005e-7,8.146395607955242e-7,UP,ENSMUSG00000103730
ENSMUSG00000023923.11,NA,927.8502721107852,0.5078918545057524,0.09657072295538267,5.259273607596446,1.4462556360574321e-7,8.160259902718212e-7,UP,ENSMUSG00000023923
ENSMUSG00000029005.5,Draxin,38.19856241487062,0.8919073548435377,0.16959105800104857,5.259164989925489,1.4471100746235614e-7,8.162372779120492e-7,UP,ENSMUSG00000029005
ENSMUSG00000028331.13,NA,145.5605120215557,-0.6225622865940367,0.11851015456559878,-5.253240018765063,1.494465750493711e-7,8.409955179647932e-7,DOWN,ENSMUSG00000028331
ENSMUSG00000061371.8,Zfp873,79.76834840675374,-0.9729483829218982,0.1852086024873999,-5.253256975404746,1.494328108799291e-7,8.409955179647932e-7,DOWN,ENSMUSG00000061371
ENSMUSG00000070284.11,NA,1886.976448471485,-0.5347866218735464,0.10181418958362784,-5.252574558227809,1.4998771695311298e-7,8.437615330812568e-7,DOWN,ENSMUSG00000070284
ENSMUSG00000042766.18,NA,117.77334572751596,0.93220560769391,0.1775598786407869,5.250091489304358,1.5202368628138102e-7,8.543670882026324e-7,UP,ENSMUSG00000042766
ENSMUSG00000049562.7,Ap5b1,983.4979445844169,0.6029579586414662,0.11484992447768531,5.249963910586789,1.5212901197201609e-7,8.54676570068089e-7,UP,ENSMUSG00000049562
ENSMUSG00000041845.12,NA,275.1999370141647,0.7390793129791893,0.1408149161794049,5.248586819009764,1.5327040457461612e-7,8.608046566036729e-7,UP,ENSMUSG00000041845
ENSMUSG00000070705.4,Eid2b,97.32993371254052,-0.7215069787249189,0.137486220719839,-5.247849384086,1.5388502263288801e-7,8.639320261334772e-7,DOWN,ENSMUSG00000070705
ENSMUSG00000036819.15,NA,218.4101718998757,0.5690752506628681,0.10844079159194556,5.247796906576032,1.5392885094580947e-7,8.639320261334772e-7,UP,ENSMUSG00000036819
ENSMUSG00000061894.16,NA,147.9479274780035,0.6222883244397757,0.1186303219450747,5.245609336944161,1.55766650279144e-7,8.733820160392755e-7,UP,ENSMUSG00000061894
ENSMUSG00000086742.11,NA,201.77103965724714,-0.6593722735038738,0.1257648012037462,-5.242899978314703,1.5807223839781546e-7,8.860172993385793e-7,DOWN,ENSMUSG00000086742
ENSMUSG00000021112.10,NA,910.549716909132,0.5153653335801318,0.09830042098377575,5.24275815324526,1.5819383211664921e-7,8.86114726276593e-7,UP,ENSMUSG00000021112
ENSMUSG00000036620.15,NA,3081.3128925228784,0.5589370621314499,0.10662946173768927,5.24186329953017,1.5896312323937364e-7,8.895448745668931e-7,UP,ENSMUSG00000036620
ENSMUSG00000003559.9,As3mt,182.3888211565775,-0.6791546496577716,0.12956521033502758,-5.241797917061414,1.5901947307411072e-7,8.895674865455023e-7,DOWN,ENSMUSG00000003559
ENSMUSG00000072582.10,NA,621.2229120779909,-0.5673992273479271,0.10826068122451332,-5.241046157572595,1.596687658842108e-7,8.926124367609759e-7,DOWN,ENSMUSG00000072582
ENSMUSG00000022791.20,NA,78.17464166061501,1.022403466948904,0.19508913864098162,5.240699067467878,1.5996941109921387e-7,8.939992787227181e-7,UP,ENSMUSG00000022791
ENSMUSG00000021109.14,NA,10860.264687653611,0.575960592063756,0.10992136364225527,5.239751154636776,1.6079327317852017e-7,8.98308279787751e-7,UP,ENSMUSG00000021109
ENSMUSG00000026980.16,NA,134.18292764871921,0.7456547236607057,0.14232329410021374,5.23916150462109,1.6130782560120207e-7,9.008869892197184e-7,UP,ENSMUSG00000026980
ENSMUSG00000000693.11,NA,338.5211718334244,0.720230117996174,0.1374774532250166,5.238896277903369,1.6153979197482683e-7,9.018863106775788e-7,UP,ENSMUSG00000000693
ENSMUSG00000078899.10,NA,402.3749632901376,-0.5925930592912322,0.11314094532028907,-5.237653420816567,1.6263109458704594e-7,9.073833315443908e-7,DOWN,ENSMUSG00000078899
ENSMUSG00000005824.8,Tnfsf14,119.38951075415328,0.8080927092086718,0.15432630343086418,5.236260386232118,1.6386273513450773e-7,9.1395528819201e-7,UP,ENSMUSG00000005824
ENSMUSG00000005447.13,NA,1108.6652539587235,-0.5789607147947251,0.11057379584793905,-5.235966716661434,1.641235294320251e-7,9.151097513183669e-7,DOWN,ENSMUSG00000005447
ENSMUSG00000089640.2,Gm6397,310.67853821787673,0.5767806828734181,0.11016985384175322,5.235376673022546,1.6464873357919495e-7,9.175053532299097e-7,UP,ENSMUSG00000089640
ENSMUSG00000095930.2,Nim1k,117.54744564391595,1.0832041852741578,0.20690910553732153,5.235169242364606,1.6483375560698102e-7,9.181666714223122e-7,UP,ENSMUSG00000095930
ENSMUSG00000025409.15,NA,672.2196666904221,0.6386412800084563,0.12201490466383386,5.234125140432573,1.65768120645184e-7,9.227668280497543e-7,UP,ENSMUSG00000025409
ENSMUSG00000024170.16,NA,194.64535277008517,0.5403704211866007,0.10325102634523424,5.233559803849277,1.662761744320451e-7,9.252920884788479e-7,UP,ENSMUSG00000024170
ENSMUSG00000044709.7,Gemin7,1566.0655679969016,-0.5128078069919019,0.09803374623544898,-5.23093145660561,1.6865804195669657e-7,9.379328520325644e-7,DOWN,ENSMUSG00000044709
ENSMUSG00000032525.16,NA,1162.713868401509,0.5711152054898644,0.10918407338739641,5.2307556200389085,1.688185609290534e-7,9.385186162665844e-7,UP,ENSMUSG00000032525
ENSMUSG00000034157.13,NA,1315.4584702354728,0.5715054220422661,0.10927559503975948,5.229945641882125,1.6955988905681806e-7,9.420240030383038e-7,UP,ENSMUSG00000034157
ENSMUSG00000024383.10,NA,1053.772401666072,0.6758781595346182,0.12924735439063229,5.22933844736094,1.7011768369104334e-7,9.448142811397398e-7,UP,ENSMUSG00000024383
ENSMUSG00000024030.8,Abcg1,1994.0487646932465,0.5974299346165072,0.11436333275674188,5.223964012025418,1.7513283130498497e-7,9.71398867962353e-7,UP,ENSMUSG00000024030
ENSMUSG00000078867.11,NA,98.87303715675677,-0.8326608109979566,0.15940479951968198,-5.223561734069033,1.7551391285304997e-7,9.731951750828066e-7,DOWN,ENSMUSG00000078867
ENSMUSG00000045045.8,Lrfn4,39.026267058830754,1.1383490728398717,0.2179468627759343,5.223057851537784,1.7599237641410966e-7,9.755301021181058e-7,UP,ENSMUSG00000045045
ENSMUSG00000035863.15,NA,291.6873063902073,0.6530692799406715,0.12511118315986194,5.219911309656519,1.7900883491539093e-7,9.916039891111198e-7,UP,ENSMUSG00000035863
ENSMUSG00000083713.2,Gm5883,1315.3593750833388,-0.5427013467407702,0.10398316193210995,-5.21912718037077,1.7976829154396056e-7,9.954866707901638e-7,DOWN,ENSMUSG00000083713
ENSMUSG00000094932.9,Gm2007,533.9937235227361,-0.6722220139219317,0.12880124593307582,-5.219064528857223,1.7982910592429135e-7,9.954992758295894e-7,DOWN,ENSMUSG00000094932
ENSMUSG00000061665.8,Cd2ap,1856.729599563794,0.533258813170916,0.1022336933338549,5.216076968182135,1.8275226213425437e-7,1.0106942991398795e-6,UP,ENSMUSG00000061665
ENSMUSG00000019194.16,NA,549.4760731286399,0.6342312493594531,0.12159400628947627,5.215974608563783,1.8285322461671748e-7,1.010923906967457e-6,UP,ENSMUSG00000019194
ENSMUSG00000099764.2,Rps10-ps2,8364.058328136112,-0.5074769507862948,0.0973455565478201,-5.21314961651076,1.8566103358724545e-7,1.0257705934752792e-6,DOWN,ENSMUSG00000099764
ENSMUSG00000024542.10,NA,1109.6114238771704,0.6812414689635227,0.13069467024089979,5.21246557115023,1.8634716038186296e-7,1.0289025355370005e-6,UP,ENSMUSG00000024542
ENSMUSG00000022105.7,Rb1,1114.3145322125833,0.6974976962016493,0.13387257997846072,5.210161007682622,1.8867682232234366e-7,1.041089565351647e-6,UP,ENSMUSG00000022105
ENSMUSG00000037020.17,NA,263.03430380359964,0.6868028250544997,0.13182840245942729,5.20982437958221,1.8901946431753362e-7,1.0426419105364829e-6,UP,ENSMUSG00000037020
ENSMUSG00000025204.11,NA,2494.430271493404,-0.545212784605621,0.10466784484120206,-5.208980708763005,1.8988085223057946e-7,1.0470537526048102e-6,DOWN,ENSMUSG00000025204
ENSMUSG00000038371.16,NA,1985.0751091821962,0.6978740615879234,0.13398038071423835,5.208778015614036,1.9008836656091735e-7,1.047858269606146e-6,UP,ENSMUSG00000038371
ENSMUSG00000031780.3,Ccl17,96.30439419035397,-0.5928807922591011,0.1138663284573927,-5.206813992258909,1.9211049147420835e-7,1.0579763659360061e-6,DOWN,ENSMUSG00000031780
ENSMUSG00000019791.13,NA,240.23200297892157,-0.6730638867759228,0.12930888848601102,-5.205086012696928,1.939067709741385e-7,1.0668322701993529e-6,DOWN,ENSMUSG00000019791
ENSMUSG00000046541.10,NA,200.54376016969246,0.8565003110986061,0.16467934836302386,5.2010183402627534,1.9819954073401055e-7,1.090097474037058e-6,UP,ENSMUSG00000046541
ENSMUSG00000033287.18,NA,241.73924526900592,0.6913936716611639,0.13295827138404737,5.200080179021634,1.9920257574396037e-7,1.0952599428069156e-6,UP,ENSMUSG00000033287
ENSMUSG00000019659.9,Ccdc12,1982.5021956246233,-0.5360850693025255,0.10310817458214187,-5.199248958436845,2.0009537284613506e-7,1.09981315792546e-6,DOWN,ENSMUSG00000019659
ENSMUSG00000111535.4,Gm35154,86.39159840327335,-1.0876212808447148,0.20943287453920598,-5.193173627768315,2.067392101834485e-7,1.1359634922066963e-6,DOWN,ENSMUSG00000111535
ENSMUSG00000035049.5,Rrp12,326.0973334357425,0.5198670094236343,0.10011284797534394,5.192810113160187,2.0714342907763717e-7,1.1378169104955743e-6,UP,ENSMUSG00000035049
ENSMUSG00000029319.9,Coq2,901.213653200742,-0.5068521365950382,0.0976126853373035,-5.192482256210818,2.075086525813863e-7,1.1394550034869408e-6,DOWN,ENSMUSG00000029319
ENSMUSG00000022428.9,Cby1,404.8843953029638,-0.5247813059407891,0.10108657472057603,-5.191404569710587,2.0871355535005095e-7,1.145701330627168e-6,DOWN,ENSMUSG00000022428
ENSMUSG00000037161.15,NA,154.47529623995675,-0.9950329937390218,0.19175383109005772,-5.18911662980909,2.1129403198084882e-7,1.1583708278099017e-6,DOWN,ENSMUSG00000037161
ENSMUSG00000080223.3,Gm13768,291.6312967221756,0.6275879619749658,0.12095311791928624,5.18868775581101,2.1178116127832646e-7,1.159919622769475e-6,UP,ENSMUSG00000080223
ENSMUSG00000025436.13,NA,76.4735867978822,-0.8785467473617476,0.16931928308761135,-5.1886987196086745,2.1176869472690244e-7,1.159919622769475e-6,DOWN,ENSMUSG00000025436
ENSMUSG00000113902.2,Ndufb1,3450.6600634227175,-0.5343094371550672,0.10297505386564579,-5.188726949851316,2.1173659836770953e-7,1.159919622769475e-6,DOWN,ENSMUSG00000113902
ENSMUSG00000000686.12,NA,107.44396082167103,0.9485419713215898,0.18297063323013912,5.184121378257027,2.1703556102727352e-7,1.1879326523430362e-6,UP,ENSMUSG00000000686
ENSMUSG00000028849.18,NA,7525.344959751971,0.5135672392014697,0.09908930024864668,5.182872801733039,2.1849405439975316e-7,1.1947620222257886e-6,UP,ENSMUSG00000028849
ENSMUSG00000121496.2,Ube2d-ps,340.30658191132363,-0.5232668916434746,0.10100038968951569,-5.180840324003148,2.2088852111762534e-7,1.2066913556461088e-6,DOWN,ENSMUSG00000121496
ENSMUSG00000049287.6,Iba57,283.2777257848586,-0.5355928898135547,0.10338769814105096,-5.180431515970593,2.2137319235757884e-7,1.2085626032850676e-6,DOWN,ENSMUSG00000049287
ENSMUSG00000100975.3,Gm28875,103.99279603526001,1.0568706048894327,0.20403114601617772,5.1799474027638555,2.219484723224401e-7,1.210925800550342e-6,UP,ENSMUSG00000100975
ENSMUSG00000019960.9,Dusp6,4503.610837969142,-0.7384487448870517,0.14260577042474898,-5.178252904406281,2.2397347259896856e-7,1.220798998403224e-6,DOWN,ENSMUSG00000019960
ENSMUSG00000049093.10,NA,31.450820762793263,-1.1849124656170082,0.22883020100869247,-5.178129724109264,2.241213724983808e-7,1.2212137330046343e-6,DOWN,ENSMUSG00000049093
ENSMUSG00000033306.16,NA,1351.896910065072,0.7152109744212527,0.13815015871546696,5.177055032519332,2.254157407720971e-7,1.2278731862813209e-6,UP,ENSMUSG00000033306
ENSMUSG00000083218.3,Gm16425,44.54087918035473,0.9681599033296503,0.1872359362553363,5.170801731187741,2.330917768550159e-7,1.26806102277556e-6,UP,ENSMUSG00000083218
ENSMUSG00000004677.19,NA,4036.6994716582685,0.5992900712309827,0.11596566925399047,5.16782315909724,2.3683623589276928e-7,1.2863740107289793e-6,UP,ENSMUSG00000004677
ENSMUSG00000120333.2,Gm36587,161.43705695187535,-0.8179177149688682,0.15827110430789035,-5.167827182008815,2.3683113958341574e-7,1.2863740107289793e-6,DOWN,ENSMUSG00000120333
ENSMUSG00000079293.13,NA,1099.2952317557454,-0.552686319268908,0.10697041000848487,-5.166721518830012,2.3823581144487628e-7,1.2935626466895166e-6,DOWN,ENSMUSG00000079293
ENSMUSG00000046329.15,NA,309.76288525769775,0.7411811449862171,0.14348728199593572,5.165483202944851,2.3981856540803485e-7,1.3017409905295375e-6,UP,ENSMUSG00000046329
ENSMUSG00000029089.9,5730480H06Rik,181.26656607603212,-0.6442754400691922,0.12473441261991368,-5.165177969229757,2.4021025788539834e-7,1.3034510675172571e-6,DOWN,ENSMUSG00000029089
ENSMUSG00000039801.8,Cplane1,246.7995073193345,0.7109659454076712,0.1376530721220477,5.16491157405703,2.405526156730062e-7,1.3048924344928686e-6,UP,ENSMUSG00000039801
ENSMUSG00000028701.5,Lurap1,16.567182836127515,1.4632528895903385,0.28333407906615793,5.16440837054646,2.4120059438457615e-7,1.3075732572853369e-6,UP,ENSMUSG00000028701
ENSMUSG00000068394.5,Cep152,119.93991683419334,0.6844551374800937,0.13253841939392336,5.164201750782873,2.4146714818057925e-7,1.3079542848130197e-6,UP,ENSMUSG00000068394
ENSMUSG00000090891.4,D6Ertd527e,9.965978394769335,2.158003487176831,0.4178844363397367,5.164115481492571,2.41578525731959e-7,1.3079542848130197e-6,UP,ENSMUSG00000090891
ENSMUSG00000121769.1,ENSMUSG00000121769,260.6279200985939,-0.7307001819908158,0.14149566651352793,-5.164117036198815,2.415765180968736e-7,1.3079542848130197e-6,DOWN,ENSMUSG00000121769
ENSMUSG00000078880.11,NA,519.0681155094248,-0.6717025202197321,0.13007624413129926,-5.163913862255386,2.4183901884863017e-7,1.3089479167854247e-6,DOWN,ENSMUSG00000078880
ENSMUSG00000130659.1,ENSMUSG00000130659,356.4621864933286,-0.7710190056858208,0.14936660800666698,-5.161923511387541,2.444251673283157e-7,1.3225244656650769e-6,DOWN,ENSMUSG00000130659
ENSMUSG00000037851.15,NA,2190.4943497813765,0.5153507307121129,0.09984260439387058,5.161631488288288,2.4480684586361576e-7,1.3241683272126749e-6,UP,ENSMUSG00000037851
ENSMUSG00000064345.1,mt-Nd2,3666.7491569198105,0.8342893513852183,0.16166682496848273,5.1605476358422004,2.4622849775636564e-7,1.3310113899697248e-6,UP,ENSMUSG00000064345
ENSMUSG00000078570.11,NA,295.42662169812235,-0.6640450078488437,0.1287598037845537,-5.157238426364423,2.506185958511702e-7,1.3521636551538707e-6,DOWN,ENSMUSG00000078570
ENSMUSG00000037266.19,NA,2621.9614959115306,-0.5526902716511787,0.10716662012613162,-5.157298709249953,2.505379507621408e-7,1.3521636551538707e-6,DOWN,ENSMUSG00000037266
ENSMUSG00000143036.1,ENSMUSG00000143036,58.17302162700761,-0.9357252635268165,0.18143802915010984,-5.1572719782612895,2.505737077839511e-7,1.3521636551538707e-6,DOWN,ENSMUSG00000143036
ENSMUSG00000070942.9,Il1rl2,149.39634022395887,-0.7770383341936985,0.15072861711978028,-5.155214378276989,2.5334092474977793e-7,1.3659847071321253e-6,DOWN,ENSMUSG00000070942
ENSMUSG00000113184.2,Gm49654,44.958224015576526,1.0497437740468323,0.203654053539199,5.154543972014676,2.5424889709317586e-7,1.369577682599477e-6,UP,ENSMUSG00000113184
ENSMUSG00000109946.2,Brd3os,96.410400007995,-0.7155700850081993,0.13893047697524158,-5.150562357428019,2.597065642401859e-7,1.3972065268802916e-6,DOWN,ENSMUSG00000109946
ENSMUSG00000026039.10,NA,176.6310239007024,0.8638300347817167,0.1677774041471712,5.148667302207043,2.6234372944584885e-7,1.4105018852216584e-6,UP,ENSMUSG00000026039
ENSMUSG00000016524.13,NA,325.74901902939854,-0.7295904240794241,0.14170726371402287,-5.148574638712937,2.624733413786663e-7,1.4107527318222499e-6,DOWN,ENSMUSG00000016524
ENSMUSG00000002105.16,NA,1275.9996735556733,0.512898006847909,0.09967475579177364,5.145716212431789,2.6650205083399577e-7,1.4319538314322061e-6,UP,ENSMUSG00000002105
ENSMUSG00000097754.4,Ptgs2os2,279.5258159848457,-0.5602516900562341,0.10888728211763221,-5.1452445056989085,2.671725971938764e-7,1.4343146086819875e-6,DOWN,ENSMUSG00000097754
ENSMUSG00000022940.18,NA,297.5798789110401,-0.5570820919288626,0.10827622021592083,-5.145008671506523,2.675084538470398e-7,1.435094247988252e-6,DOWN,ENSMUSG00000022940
ENSMUSG00000042099.17,NA,134.04838476426016,-0.864057558775807,0.16795689788255286,-5.144519633721838,2.682062033233557e-7,1.43747705443334e-6,DOWN,ENSMUSG00000042099
ENSMUSG00000035621.14,NA,1753.022784672212,0.5466417875753965,0.10626699637818475,5.144041011849047,2.6889079345054756e-7,1.4404690467096077e-6,UP,ENSMUSG00000035621
ENSMUSG00000036473.17,NA,558.6923586529421,0.6814328647483062,0.13254475007576608,5.141153190592469,2.7305729989670966e-7,1.4607148292052358e-6,UP,ENSMUSG00000036473
ENSMUSG00000034390.17,NA,2317.4090000641777,0.7164696113276058,0.13941749247034446,5.139022361057069,2.7617153696404555e-7,1.4759815077343052e-6,UP,ENSMUSG00000034390
ENSMUSG00000061518.12,NA,4445.114571651675,-0.6376916102665736,0.12413530282478528,-5.137068954241515,2.7905658510562756e-7,1.4890606483546601e-6,DOWN,ENSMUSG00000061518
ENSMUSG00000008822.16,NA,225.5719398918775,-0.6738639763827231,0.13128731640845934,-5.132742406632843,2.855505984082096e-7,1.5222800866865242e-6,DOWN,ENSMUSG00000008822
ENSMUSG00000014303.14,NA,14.84589594951025,1.858636179052636,0.3621354693488267,5.132433402325212,2.860199467495848e-7,1.5243043605212909e-6,UP,ENSMUSG00000014303
ENSMUSG00000034173.14,NA,3459.1065298408,-0.700602935680449,0.13651750708599872,-5.131964028900019,2.8673430620674516e-7,1.5271542785317596e-6,DOWN,ENSMUSG00000034173
ENSMUSG00000105703.4,Gm43305,425.200330593566,0.5644415116076775,0.11001869157202583,5.130414691744949,2.891045594675366e-7,1.539296223639614e-6,UP,ENSMUSG00000105703
ENSMUSG00000078881.11,NA,559.2512896120465,-0.7047822367420873,0.1373948256309223,-5.129612658305727,2.903389714803346e-7,1.5453848353660627e-6,DOWN,ENSMUSG00000078881
ENSMUSG00000120362.2,2810449D17Rik,39.34938194176745,-1.425887420921974,0.27809257483842204,-5.1273840078270565,2.937958744791128e-7,1.5623178991218862e-6,DOWN,ENSMUSG00000120362
ENSMUSG00000035842.11,NA,122.5614410423244,0.8237608873565465,0.16072105808108306,5.125407318691013,2.9689518713945553e-7,1.5768268433771333e-6,UP,ENSMUSG00000035842
ENSMUSG00000022637.12,NA,1126.5972833344126,0.6501254792754488,0.1269872766862602,5.119611162948825,3.0616625872388746e-7,1.6204990338806195e-6,UP,ENSMUSG00000022637
ENSMUSG00000022723.17,NA,577.634857282908,0.8074989637114693,0.15794247935425582,5.112614206215517,3.177307737433668e-7,1.6775316790685176e-6,UP,ENSMUSG00000022723
ENSMUSG00000090115.8,Usp49,58.79379432422399,0.8394073677067503,0.16423529945820067,5.111004579867355,3.20450214766664e-7,1.6908396997585753e-6,UP,ENSMUSG00000090115
ENSMUSG00000110388.2,Gm30329,44.7590640838018,-1.180944330138075,0.2311328668727662,-5.109374301094791,3.232274473381528e-7,1.7033796000720873e-6,DOWN,ENSMUSG00000110388
ENSMUSG00000113204.4,Gm46430,218.33850906133944,-0.5594265271137836,0.10957750556002414,-5.105304453269764,3.302623536295234e-7,1.7388364042797755e-6,DOWN,ENSMUSG00000113204
ENSMUSG00000027171.11,NA,131.93925500325707,1.673923741285858,0.3280035530315971,5.103370758683844,3.3365640525351296e-7,1.7556190679892453e-6,UP,ENSMUSG00000027171
ENSMUSG00000037685.16,NA,900.6713588720949,0.6010430154944544,0.1178387849033707,5.10055340427447,3.386618047793533e-7,1.7797536007656618e-6,UP,ENSMUSG00000037685
ENSMUSG00000019158.10,NA,1525.859840981028,-0.6987005025761532,0.13702940348820147,-5.098909320117655,3.416161455133085e-7,1.794724797837295e-6,DOWN,ENSMUSG00000019158
ENSMUSG00000117385.2,Gm20147,131.1779022342224,-0.6847274429821281,0.13440252213270892,-5.094602631831781,3.494734766446993e-7,1.834304303648073e-6,DOWN,ENSMUSG00000117385
ENSMUSG00000052557.12,NA,81.13372062393938,0.8856755377658961,0.17388962266775027,5.093320257863521,3.5184661276248213e-7,1.8461905265778373e-6,UP,ENSMUSG00000052557
ENSMUSG00000014856.13,NA,1834.720054624739,-0.5413738560831285,0.10631510495697244,-5.092163115506793,3.5400134213190295e-7,1.8557789224091066e-6,DOWN,ENSMUSG00000014856
ENSMUSG00000030086.17,NA,763.6815354637785,-0.6732533575671134,0.13223499561038576,-5.091340264802307,3.5554132574056277e-7,1.8632775918471527e-6,DOWN,ENSMUSG00000030086
ENSMUSG00000087687.4,Pet100,893.7567955387389,-0.7669403778041113,0.150661747250808,-5.090478451224773,3.571611612903371e-7,1.8711899904200471e-6,DOWN,ENSMUSG00000087687
ENSMUSG00000021374.11,NA,1657.3185067076838,0.6326577577615661,0.12430047988978922,5.089745094488057,3.5854516123652147e-7,1.876128926765626e-6,UP,ENSMUSG00000021374
ENSMUSG00000068270.16,NA,27.980158428948968,0.9298566348792401,0.18272899729644723,5.088719626533622,3.6048911969367964e-7,1.8857206919442374e-6,UP,ENSMUSG00000068270
ENSMUSG00000023913.18,NA,6904.204330952333,-0.5758494423982081,0.11318119506838371,-5.087854409473957,3.6213720258014425e-7,1.8937593072195366e-6,DOWN,ENSMUSG00000023913
ENSMUSG00000041688.17,NA,55.70502464382282,1.4329531759213772,0.2816570224725012,5.087581922660138,3.6265774502805936e-7,1.8958984358890802e-6,UP,ENSMUSG00000041688
ENSMUSG00000031592.11,NA,1027.6431707200775,0.5871936369472234,0.11542699879760547,5.087142896063972,3.634979545215927e-7,1.8997068883202843e-6,UP,ENSMUSG00000031592
ENSMUSG00000031538.7,Plat,38.06221887276492,1.1538092033359781,0.22692510624230125,5.084537460143297,3.685230330485212e-7,1.9253771735862217e-6,UP,ENSMUSG00000031538
ENSMUSG00000001289.13,NA,5888.9329535892,-0.5551882570719123,0.10923682433779858,-5.082427656035437,3.726412548014267e-7,1.945100423312788e-6,DOWN,ENSMUSG00000001289
ENSMUSG00000024491.17,NA,936.7264995313013,0.5295518426041622,0.10430986188382119,5.076718855154553,3.8400842795259884e-7,2.001362956102328e-6,UP,ENSMUSG00000024491
ENSMUSG00000003429.12,NA,18449.94908965102,-0.5510135284047541,0.1085747550777523,-5.0749691123886365,3.875589515215829e-7,2.0192486303848156e-6,DOWN,ENSMUSG00000003429
ENSMUSG00000038594.10,NA,240.9346071132122,0.6468514949619848,0.12748886367698936,5.073788222011864,3.8997305967638415e-7,2.0305823186946078e-6,UP,ENSMUSG00000038594
ENSMUSG00000025854.16,NA,14028.702736038293,0.5236758248125896,0.10323075919396452,5.072866158318506,3.918681276661114e-7,2.039825337952216e-6,UP,ENSMUSG00000025854
ENSMUSG00000051238.7,Swsap1,127.84386519428371,-0.6611996665974719,0.13040174421027195,-5.070481768489935,3.9680992906623827e-7,2.0642856083513147e-6,DOWN,ENSMUSG00000051238
ENSMUSG00000120938.1,Gm56853,52.278596353300706,-1.1079761710562133,0.21858901384253118,-5.068764214538182,4.0040687365956635e-7,2.0810878036230395e-6,DOWN,ENSMUSG00000120938
ENSMUSG00000059588.15,NA,4610.527203855079,0.7718885729088291,0.15237651314730405,5.065666335090867,4.0697423139373405e-7,2.1126385162032484e-6,UP,ENSMUSG00000059588
ENSMUSG00000078201.6,Tmem203,408.6532152842159,-0.6197404104458826,0.12234288226469588,-5.065602501541843,4.071106423515956e-7,2.1127017344617743e-6,DOWN,ENSMUSG00000078201
ENSMUSG00000026872.19,NA,6112.0352254267755,0.7162603275627444,0.14145071976496165,5.063673968947644,4.1125273942170405e-7,2.132895421349649e-6,UP,ENSMUSG00000026872
ENSMUSG00000062078.16,NA,3908.05024427374,0.6691279535467166,0.13217311476184535,5.0625118031936935,4.137684394317605e-7,2.1446345873137825e-6,UP,ENSMUSG00000062078
ENSMUSG00000073421.7,H2-Ab1,2402.4751370129206,-0.5712599930281037,0.11295046037344274,-5.05761544609357,4.245314286014176e-7,2.198679604754214e-6,DOWN,ENSMUSG00000073421
ENSMUSG00000024346.7,Pfdn1,2445.407326439592,-0.5017492890767757,0.09920714755102933,-5.057592133860014,4.245833130667317e-7,2.198679604754214e-6,DOWN,ENSMUSG00000024346
ENSMUSG00000029550.12,NA,1162.1719961492902,0.5422295874101694,0.10722137216574244,5.057103602181034,4.2567201354208565e-7,2.203646350775254e-6,UP,ENSMUSG00000029550
ENSMUSG00000054499.10,NA,532.1249697233027,0.5018691083669398,0.09924450249292727,5.0568958054145705,4.261359078609219e-7,2.2047907161880043e-6,UP,ENSMUSG00000054499
ENSMUSG00000053600.9,Zfp472,156.66344449465322,-0.6096961719958216,0.12056745554229804,-5.056888438538252,4.2615236293719683e-7,2.2047907161880043e-6,DOWN,ENSMUSG00000053600
ENSMUSG00000021018.9,Polr2h,356.82351253680395,-0.6180029328811082,0.12221848214912799,-5.056542365884042,4.2692606180231705e-7,2.2067795158085727e-6,DOWN,ENSMUSG00000021018
ENSMUSG00000079499.11,NA,337.82677375639224,0.6871093549830983,0.13591069090851168,5.055594599586181,4.2905188378989803e-7,2.2170939944488016e-6,UP,ENSMUSG00000079499
ENSMUSG00000074527.12,NA,361.5063975282946,-0.5531200326047121,0.10948970936558908,-5.05179925866667,4.3766754698828963e-7,2.2595550407051773e-6,DOWN,ENSMUSG00000074527
ENSMUSG00000050973.12,NA,173.40244141425293,0.5467307259496792,0.10832455630971755,5.047154076371077,4.484397017199042e-7,2.31165976582258e-6,UP,ENSMUSG00000050973
ENSMUSG00000053559.14,NA,615.0485904344183,0.6209196305337904,0.12303313210427604,5.046767646356702,4.49347264883785e-7,2.315636238367772e-6,UP,ENSMUSG00000053559
ENSMUSG00000061286.8,Exosc5,593.710502805916,-0.5291428807933672,0.10486432387547108,-5.045976183680326,4.5121161501119657e-7,2.3245394501303877e-6,DOWN,ENSMUSG00000061286
ENSMUSG00000089810.2,Gm16536,114.8248226638294,0.908536456657266,0.1800770397648918,5.045265392209075,4.5289229584703124e-7,2.3317851599075428e-6,UP,ENSMUSG00000089810
ENSMUSG00000022881.16,NA,228.94650433552053,-0.671434640895099,0.13314249428415703,-5.042977784854333,4.583424815566041e-7,2.3569919084824944e-6,DOWN,ENSMUSG00000022881
ENSMUSG00000102550.2,Gm8276,107.53493463113757,0.7168542551902226,0.14217604713839965,5.0420184666718795,4.606468208490832e-7,2.367880196860155e-6,UP,ENSMUSG00000102550
ENSMUSG00000037674.17,NA,555.2556959761845,0.6711938699748806,0.13317513503548317,5.039933841974689,4.6569280227342105e-7,2.3904533037916687e-6,UP,ENSMUSG00000037674
ENSMUSG00000035885.6,Cox8a,7446.234347574247,-0.5681801166506616,0.1127645273100212,-5.038642294740221,4.6884578748129326e-7,2.404460633868177e-6,DOWN,ENSMUSG00000035885
ENSMUSG00000028833.14,NA,771.4945371427768,0.5558731774667519,0.11033529626414176,5.038035844268694,4.703333770526226e-7,2.410654148302112e-6,UP,ENSMUSG00000028833
ENSMUSG00000022801.14,NA,1377.8067519109068,0.5645590764884807,0.11205939332296866,5.038034382904015,4.7033696719195627e-7,2.410654148302112e-6,UP,ENSMUSG00000022801
ENSMUSG00000051748.3,Wfdc21,361.01195216591606,-0.9449572504198454,0.18764663054316968,-5.03583383130586,4.7577316333703744e-7,2.437047715575198e-6,DOWN,ENSMUSG00000051748
ENSMUSG00000107985.3,Gm35037,59.693352197443645,-0.8179435015879157,0.16245666531750433,-5.034841137415519,4.782452818599902e-7,2.448972979015656e-6,DOWN,ENSMUSG00000107985
ENSMUSG00000000318.17,NA,533.8677626753214,-0.6512198083579647,0.12936803389964177,-5.033854103890559,4.807155851613077e-7,2.4608817703953037e-6,DOWN,ENSMUSG00000000318
ENSMUSG00000047712.9,Ust,208.29332990029656,0.5785486884387405,0.11494160128137818,5.033414203291353,4.818205091200317e-7,2.4655459034896906e-6,UP,ENSMUSG00000047712
ENSMUSG00000071654.7,Uqcc3,827.0357539061288,-0.5617834816820205,0.11161166675879133,-5.033375972210096,4.819166519581167e-7,2.4655459034896906e-6,DOWN,ENSMUSG00000071654
ENSMUSG00000032846.13,NA,1082.2298210947044,0.6342524162216389,0.12604727437680416,5.031861413564664,4.857403581128512e-7,2.48436106167433e-6,UP,ENSMUSG00000032846
ENSMUSG00000034997.6,Htr2a,211.05802107180642,0.6878353328937709,0.13670862642202286,5.0313967076986525,4.869194249415579e-7,2.4896427361864505e-6,UP,ENSMUSG00000034997
ENSMUSG00000050323.15,NA,160.18274945589016,-0.6188484652247839,0.12303193604795651,-5.029982337135323,4.905250217113323e-7,2.5058181193219936e-6,DOWN,ENSMUSG00000050323
ENSMUSG00000020649.12,NA,487.0283542580178,-0.6473461680310838,0.1287775785469355,-5.026854638326236,4.985899949186198e-7,2.543197796516511e-6,DOWN,ENSMUSG00000020649
ENSMUSG00000025372.17,NA,1334.0218080861484,0.5538317923073013,0.11018242125591902,5.026498655542563,4.995159841878283e-7,2.547157069594665e-6,UP,ENSMUSG00000025372
ENSMUSG00000095588.2,Gm12350,3010.6896863519796,-0.5189656991210282,0.10325184055669168,-5.026212572318106,5.002613511563587e-7,2.550193206764099e-6,DOWN,ENSMUSG00000095588
ENSMUSG00000044258.11,NA,204.79868272358146,-0.5783876790314446,0.1150864796297771,-5.025678784267848,5.016549619668409e-7,2.556531100751602e-6,DOWN,ENSMUSG00000044258
ENSMUSG00000039431.17,NA,78.24646309181382,-0.6405934271349543,0.12753618039757036,-5.022836854122675,5.091379149411447e-7,2.5915592282218216e-6,DOWN,ENSMUSG00000039431
ENSMUSG00000034278.4,Dnajc17,215.6771180134362,-0.5243773398165686,0.10440561604139947,-5.022501276259312,5.100285823335606e-7,2.5953159997500096e-6,DOWN,ENSMUSG00000034278
ENSMUSG00000103419.2,Gm29808,89.83714170672842,0.8484307322622744,0.16894864474632845,5.021826209592677,5.118248509227961e-7,2.6028987484429036e-6,UP,ENSMUSG00000103419
ENSMUSG00000085547.5,Gm13767,386.39159102304274,0.6229940073292474,0.12409562513261295,5.020273733771791,5.159789733120721e-7,2.623240185394648e-6,UP,ENSMUSG00000085547
ENSMUSG00000005779.13,NA,9302.96729410704,-0.5100289923911673,0.10159513073933026,-5.020210995148816,5.161475312885608e-7,2.6233128861605694e-6,DOWN,ENSMUSG00000005779
ENSMUSG00000041483.15,NA,1294.8478686502478,0.6938411112160454,0.1382176336899392,5.0199174496976635,5.169368967268255e-7,2.62653984635088e-6,UP,ENSMUSG00000041483
ENSMUSG00000071311.3,Gpr31b,348.95979565044286,-0.6095350525577319,0.121468410626226,-5.01805407196238,5.219748731535809e-7,2.6505538049715724e-6,DOWN,ENSMUSG00000071311
ENSMUSG00000017721.16,NA,2869.367304941951,0.6113311436826353,0.12184655564457073,5.017221376908697,5.242414891100392e-7,2.6612688847180074e-6,UP,ENSMUSG00000017721
ENSMUSG00000094344.2,Gm11942,1214.764606446039,-0.5412073706019127,0.10788162140256509,-5.0166781289129245,5.257253356678977e-7,2.6672091462912493e-6,DOWN,ENSMUSG00000094344
ENSMUSG00000000562.6,Adora3,129.16616898062267,-0.6892959232981557,0.1374332892604709,-5.015494622934952,5.289720403925814e-7,2.682080655610089e-6,DOWN,ENSMUSG00000000562
ENSMUSG00000004319.16,NA,1782.2077265562407,0.5419535124890411,0.10806936064930714,5.014867389173507,5.307005566000242e-7,2.689241259100123e-6,UP,ENSMUSG00000004319
ENSMUSG00000078348.5,Sf3b5,1834.157692435038,-0.604720323188889,0.12059235545735213,-5.014582565333093,5.314872643822703e-7,2.6924255043446196e-6,DOWN,ENSMUSG00000078348
ENSMUSG00000074604.10,NA,300.3834954347211,-1.2183712221148288,0.24315058485018987,-5.010768215365357,5.421318014444878e-7,2.7414491273758426e-6,DOWN,ENSMUSG00000074604
ENSMUSG00000041220.11,NA,157.8574913758473,0.9427786512223025,0.188205175554785,5.009313099085669,5.462464501151701e-7,2.7606143033160722e-6,UP,ENSMUSG00000041220
ENSMUSG00000074480.5,Mex3a,7.568702192572307,2.6124325567936673,0.5219664874582449,5.004981391650457,5.586742768207954e-7,2.8183965445311317e-6,UP,ENSMUSG00000074480
ENSMUSG00000004233.15,NA,136.88437765517492,-0.6535628776722191,0.13070828604378273,-5.000164086409168,5.728154429174082e-7,2.888022360585071e-6,DOWN,ENSMUSG00000004233
ENSMUSG00000036792.13,NA,411.3469543068971,0.6421113231726555,0.12844209097160542,4.999228199380579,5.756024793331812e-7,2.900354300308172e-6,UP,ENSMUSG00000036792
ENSMUSG00000050002.15,NA,1306.6405512890824,-0.5314578155217585,0.10633982134500078,-4.997730942179576,5.800884609471848e-7,2.9212272333040637e-6,DOWN,ENSMUSG00000050002
ENSMUSG00000025932.15,NA,275.31369632109386,0.7843879142873468,0.1569587422159719,4.9974146276481095,5.810404842443563e-7,2.924289575335757e-6,UP,ENSMUSG00000025932
ENSMUSG00000034480.20,NA,2031.121934193979,0.7870228326660801,0.157485691741189,4.997424362585703,5.810111621991677e-7,2.924289575335757e-6,UP,ENSMUSG00000034480
ENSMUSG00000037573.6,Tob1,296.8042369083653,0.5515853576718601,0.11038688878134607,4.996837611434437,5.827810320554737e-7,2.9321817251879843e-6,UP,ENSMUSG00000037573
ENSMUSG00000031309.16,NA,4747.408860548314,0.5821199586729094,0.11651901343662427,4.995922480836398,5.855518006842382e-7,2.944817665533662e-6,UP,ENSMUSG00000031309
ENSMUSG00000009569.15,NA,871.1958748228737,0.6762977514394616,0.13543499404194512,4.993522953380924,5.928773582075478e-7,2.978573812017004e-6,UP,ENSMUSG00000009569
ENSMUSG00000028542.18,NA,117.57069928868233,1.16033337156648,0.23249293889115982,4.990832741417937,6.011953975915649e-7,3.0167981503222638e-6,UP,ENSMUSG00000028542
ENSMUSG00000078894.10,NA,381.817842808357,-0.5426974788237754,0.10874569528042775,-4.990519187212839,6.021721842468207e-7,3.019917477234277e-6,DOWN,ENSMUSG00000078894
ENSMUSG00000049553.12,NA,726.8736760571566,0.6087204802577525,0.1220442400976056,4.9877034735184935,6.110125382929081e-7,3.0597406437600696e-6,UP,ENSMUSG00000049553
ENSMUSG00000047473.15,NA,40.31551038847483,1.4004575903618424,0.2808057309196925,4.987282794318605,6.123440178457193e-7,3.065505554160819e-6,UP,ENSMUSG00000047473
ENSMUSG00000110945.2,Gm9856,15.69625336940127,-1.404134661452013,0.28157109666449986,-4.986785497820752,6.139216038111075e-7,3.0715948203623694e-6,DOWN,ENSMUSG00000110945
ENSMUSG00000024327.17,NA,792.9258268684738,0.5191696006036373,0.10410858506072009,4.986808727645639,6.138478241209518e-7,3.0715948203623694e-6,UP,ENSMUSG00000024327
ENSMUSG00000006395.18,NA,226.98298084835622,-0.6151846600615145,0.12346668429773508,-4.982596427211253,6.273670912540334e-7,3.134255215589334e-6,DOWN,ENSMUSG00000006395
ENSMUSG00000043300.3,B3galnt1,876.0750474037171,-0.5651895573343568,0.11350827573197801,-4.979280617995762,6.382105013477608e-7,3.186555427457434e-6,DOWN,ENSMUSG00000043300
ENSMUSG00000022973.19,NA,3839.751172606841,0.5792300340375334,0.11633820066569224,4.978846421236996,6.396437234667397e-7,3.1927740420532363e-6,UP,ENSMUSG00000022973
ENSMUSG00000049904.8,Tmem17,30.495833669477737,-1.2748908290350216,0.2562443706936012,-4.97529302042481,6.51490138923911e-7,3.245237639876986e-6,DOWN,ENSMUSG00000049904
ENSMUSG00000032501.10,NA,483.1772630122031,-0.6794320163295886,0.13665743198577682,-4.971789726008486,6.633763409699008e-7,3.302511140086104e-6,DOWN,ENSMUSG00000032501
ENSMUSG00000023034.8,Nr4a1,78.28207851631466,0.8108180177470168,0.16318329808204926,4.968756161180993,6.738374048825197e-7,3.3516463607581545e-6,UP,ENSMUSG00000023034
ENSMUSG00000044788.11,NA,112.54974474148116,-0.6924438723963747,0.1393769525785184,-4.968137554925263,6.759900582082945e-7,3.359405882492769e-6,DOWN,ENSMUSG00000044788
ENSMUSG00000032589.15,NA,170.6200050026353,0.8612902125638631,0.17337124956447492,4.9678952809505965,6.768349384667027e-7,3.3626219583887657e-6,UP,ENSMUSG00000032589
ENSMUSG00000017499.16,NA,162.29693869111532,-0.7872810693478474,0.1584875393221776,-4.967463516153417,6.783431519034268e-7,3.3681470485458907e-6,DOWN,ENSMUSG00000017499
ENSMUSG00000045071.15,NA,78.54270859571447,0.8295333733026585,0.16701795534078737,4.966731700253779,6.809068841586505e-7,3.3798898050210193e-6,UP,ENSMUSG00000045071
ENSMUSG00000034032.16,NA,508.67351830395324,0.5231755318615902,0.10537027135320697,4.965115161446978,6.866031528536858e-7,3.4061765511755487e-6,UP,ENSMUSG00000034032
ENSMUSG00000037868.16,NA,74.24311350877439,-0.8275023490325908,0.16671536082800498,-4.963563914703092,6.921125048428066e-7,3.4315059059349184e-6,DOWN,ENSMUSG00000037868
ENSMUSG00000083798.2,Gm14584,183.96133432244952,0.5293839731156501,0.1066723487247472,4.962710387878024,6.951620011251943e-7,3.4446168389088154e-6,UP,ENSMUSG00000083798
ENSMUSG00000067736.3,Gm10222,1011.8513052547764,1.0608471861105015,0.21389506669405514,4.9596617748453475,7.061601989632781e-7,3.4960583241832627e-6,UP,ENSMUSG00000067736
ENSMUSG00000065947.1,mt-Nd4l,1045.885045720483,1.0637548142318123,0.214554190141131,4.957977346105839,7.123086658054308e-7,3.524446078174908e-6,UP,ENSMUSG00000065947
ENSMUSG00000022400.10,NA,3974.2984133332952,-0.5130304199815001,0.1035004541238996,-4.95679390321665,7.166592596781301e-7,3.5449410616888537e-6,DOWN,ENSMUSG00000022400
ENSMUSG00000027378.17,NA,324.03246833470644,-0.533519667102482,0.10775054175345676,-4.951433732214772,7.366870616773053e-7,3.6366038231884623e-6,DOWN,ENSMUSG00000027378
ENSMUSG00000064127.14,NA,608.1882284143273,0.5887381606725843,0.1189093400379925,4.9511515284205405,7.377562974192071e-7,3.6408251868575264e-6,UP,ENSMUSG00000064127
ENSMUSG00000075595.10,NA,756.2954240739026,0.5731716132619384,0.11578963269279592,4.950111680400895,7.417090737109543e-7,3.657148306038993e-6,UP,ENSMUSG00000075595
ENSMUSG00000026228.7,Htr2b,117.87074214907507,-0.7705730029457536,0.15578572855047382,-4.946364536184658,7.561230277006859e-7,3.7260585943430498e-6,DOWN,ENSMUSG00000026228
ENSMUSG00000121500.2,ENSMUSG00000121500,229.44737302087395,0.5444674035990772,0.11007617691571642,4.946278285227577,7.564579614054564e-7,3.726629227016568e-6,UP,ENSMUSG00000121500
ENSMUSG00000090841.3,Myl6,34467.00489479579,-0.5282811036553171,0.10681087927930291,-4.945948457871031,7.577400810058246e-7,3.7318644128540556e-6,DOWN,ENSMUSG00000090841
ENSMUSG00000103039.2,Gm37123,35.996952218533586,1.403476047360668,0.283773617916113,4.945759431997491,7.584758141820287e-7,3.734406397214702e-6,UP,ENSMUSG00000103039
ENSMUSG00000112375.3,Gm38560,123.97108587894583,-0.7884468954370585,0.15943655626117526,-4.945207761170485,7.606269839284208e-7,3.7439138896343626e-6,DOWN,ENSMUSG00000112375
ENSMUSG00000075010.8,AW112010,17972.95531847673,-0.5508102818276265,0.1114024555684978,-4.944328013388815,7.640696121848517e-7,3.7597707826433995e-6,DOWN,ENSMUSG00000075010
ENSMUSG00000025144.18,NA,1701.6399928706662,-0.5306286794802321,0.10733272852267986,-4.943773318574567,7.66247953693165e-7,3.76939910341509e-6,DOWN,ENSMUSG00000025144
ENSMUSG00000106067.2,Gm7902,63.42755422593724,0.8563873880775694,0.17325580098542756,4.942907442098286,7.696602991149755e-7,3.783996255203606e-6,UP,ENSMUSG00000106067
ENSMUSG00000023156.5,Rpp14,428.62865531726555,-0.5198664935466607,0.10518182756042814,-4.942550491889786,7.710712664610613e-7,3.7887425476558247e-6,DOWN,ENSMUSG00000023156
ENSMUSG00000092116.3,Sec61bl,483.92078458005017,-0.6325744876068792,0.12800183612775945,-4.941917293869929,7.735803300026263e-7,3.799973163496437e-6,DOWN,ENSMUSG00000092116
ENSMUSG00000041215.17,NA,334.82658221223375,0.5676180652091734,0.11487748497350916,4.941073225445931,7.769372050081081e-7,3.8142592691593205e-06,UP,ENSMUSG00000041215
ENSMUSG00000024056.11,NA,320.6366561376453,-0.6316138034003268,0.12793139229050732,-4.937129129072985,7.928097997504841e-7,3.887694191048654e-6,DOWN,ENSMUSG00000024056
ENSMUSG00000039704.9,Lmbrd2,1016.59992082159,0.7501415654300372,0.1519896793027453,4.935476993380878,7.995510588436568e-7,3.917362519935243e-6,UP,ENSMUSG00000039704
ENSMUSG00000052707.9,Tnrc6a,1594.86832192221,0.623521267267975,0.12633989719816546,4.9352681227053345,8.004072412008675e-7,3.92042786401554e-6,UP,ENSMUSG00000052707
ENSMUSG00000038175.11,NA,914.3424601435178,0.5001023959404955,0.10133403588484452,4.935186796554806,8.007408442438739e-7,3.9209325647023665e-6,UP,ENSMUSG00000038175
ENSMUSG00000032690.17,NA,2094.7389843432143,0.5079015981277935,0.10292196954645828,4.934821985684311,8.022389611775613e-7,3.927137528435696e-6,UP,ENSMUSG00000032690
ENSMUSG00000118100.4,Gm50340,79.97521335231872,-0.9288860847151847,0.18838058879559566,-4.930901270953571,8.185109669575206e-7,4.004487199102301e-6,DOWN,ENSMUSG00000118100
ENSMUSG00000020526.13,NA,296.5375516246577,-0.5323091495597394,0.10799620837413945,-4.928961466087962,8.266787587768475e-7,4.042121613501744e-6,DOWN,ENSMUSG00000020526
ENSMUSG00000117975.2,Itprip,847.9913170990609,0.5061000041139672,0.10283909707345801,4.9212801212408515,8.597996290818973e-7,4.190814701108267e-6,UP,ENSMUSG00000117975
ENSMUSG00000044894.15,NA,4685.724245043218,-0.6359269386969514,0.12927700896294345,-4.919103124355518,8.694165807235895e-7,4.232836636640528e-6,DOWN,ENSMUSG00000044894
ENSMUSG00000087658.4,Hotairm1,103.87079619826447,-1.285931148476949,0.2614385546669063,-4.918674485923962,8.713222710364926e-7,4.240900555594332e-6,DOWN,ENSMUSG00000087658
ENSMUSG00000063954.8,H2ac19,446.7604885606011,-1.1714226061741935,0.23818647666368828,-4.918090323944818,8.739258833221045e-7,4.249923812346499e-6,DOWN,ENSMUSG00000063954
ENSMUSG00000034858.18,NA,177.02408913133777,1.010993519901428,0.2056164871024048,4.916889370831021,8.793020892196522e-7,4.2736242724405274e-6,UP,ENSMUSG00000034858
ENSMUSG00000026072.13,NA,80.3816379926387,-1.0848635623521763,0.22076058091600786,-4.914208677340504,8.914176490485585e-7,4.327561672771848e-6,DOWN,ENSMUSG00000026072
ENSMUSG00000064341.1,mt-Nd1,9656.071218759425,0.7238752247769669,0.1473263255904037,4.913413959630562,8.950402079984911e-7,4.3426686953558745e-6,UP,ENSMUSG00000064341
ENSMUSG00000015396.5,Cd83,1060.583285102217,-0.5706375243993079,0.11619141740311932,-4.911184811693229,9.052771279544346e-7,4.391084665713951e-6,DOWN,ENSMUSG00000015396
ENSMUSG00000101219.2,Gm20302,215.55486293685794,-1.0945007859887455,0.22290945210281704,-4.91006897941639,9.104436136804384e-7,4.413627164837382e-6,DOWN,ENSMUSG00000101219
ENSMUSG00000080950.2,Gm7278,107.67542055568018,-0.6788561953956163,0.1382776605904409,-4.909369977022489,9.136945592103299e-7,4.4281247289629154e-6,DOWN,ENSMUSG00000080950
ENSMUSG00000024219.17,NA,1376.4979294891787,0.537498783943067,0.10948705451682929,4.909245082124736,9.142766006084599e-7,4.4284214952855225e-6,UP,ENSMUSG00000024219
ENSMUSG00000001305.6,Rrp15,234.84731829789118,-0.5190998798440659,0.10587182728487295,-4.903097388196636,9.433718375418434e-7,4.561552877235311e-6,DOWN,ENSMUSG00000001305
ENSMUSG00000038550.11,NA,92.96909587983433,-0.587888762196986,0.11993065255615955,-4.901905806955376,9.491134541527061e-7,4.588011199920671e-6,DOWN,ENSMUSG00000038550
ENSMUSG00000072612.5,Gm10382,12.734009077072743,4.143596603223591,0.8454662051650801,4.90096065095179,9.5369158558844e-7,4.607522472874151e-6,UP,ENSMUSG00000072612
ENSMUSG00000020092.10,NA,180.3846551516754,0.7965555100944829,0.16261860775846096,4.898304819320645,9.666699453260125e-7,4.664923124351354e-6,UP,ENSMUSG00000020092
ENSMUSG00000085457.6,1110046J04Rik,366.751794680506,-0.784748690198107,0.16026418234739645,-4.896594352548766,9.751183876428572e-7,4.701690757089433e-6,DOWN,ENSMUSG00000085457
ENSMUSG00000028430.15,NA,637.6690024999754,0.5523443017531767,0.11283027866516025,4.895355291927766,9.812827794150774e-7,4.730072263813154e-6,UP,ENSMUSG00000028430
ENSMUSG00000022263.11,NA,960.6246570453584,0.7838546151676494,0.1603150994088675,4.889462178284949,1.0111184676298254e-6,4.865614221990042e-6,UP,ENSMUSG00000022263
ENSMUSG00000045094.9,Arhgef37,105.0526192026944,0.5699788595820682,0.11658884281185858,4.8887942090809915,1.0145548496363161e-6,4.8780095484634406e-6,UP,ENSMUSG00000045094
ENSMUSG00000069515.7,Lyz1,60221.81722528575,-0.5906147201473767,0.1209407418134675,-4.883505023131982,1.0421649367837482e-6,5.003686311390293e-6,DOWN,ENSMUSG00000069515
ENSMUSG00000026883.18,NA,125.32997928142335,0.7725733768953383,0.15822324238573396,4.88280587128833,1.0458682533199575e-6,5.018633046263882e-6,UP,ENSMUSG00000026883
ENSMUSG00000044786.7,Zfp36,12333.606213395282,0.6343248202177162,0.1299368582658093,4.881792808319948,1.051256796917026e-6,5.043067161740746e-6,UP,ENSMUSG00000044786
ENSMUSG00000078878.10,NA,561.4554128991704,-0.6690930793374228,0.13709730863127537,-4.8804246123967,1.058576742487178e-6,5.075318884335199e-6,DOWN,ENSMUSG00000078878
ENSMUSG00000092500.3,Gm20400,51.32608049058498,0.8302138445895888,0.1701244612729431,4.880038052009558,1.0606537397713093e-6,5.0838437143604535e-6,UP,ENSMUSG00000092500
ENSMUSG00000079677.3,Fdx2,84.71738910671979,-1.1829693034570985,0.24243626476792382,-4.879506391461343,1.063516771033466e-6,5.096130236177831e-6,DOWN,ENSMUSG00000079677
ENSMUSG00000121783.1,ENSMUSG00000121783,3896.863594281198,-0.6134189102887643,0.1257783024611822,-4.876985126095799,1.077195545285117e-6,5.15586474616344e-6,DOWN,ENSMUSG00000121783
ENSMUSG00000001039.13,NA,46.98103546119433,-1.8315782667178215,0.375618259860562,-4.876169405070309,1.0816572640287474e-6,5.17576348679597e-6,DOWN,ENSMUSG00000001039
ENSMUSG00000069678.11,NA,322.7946492995528,-0.6730424202613534,0.13806726825827162,-4.874742788438065,1.0895031609504893e-6,5.211839874859078e-6,DOWN,ENSMUSG00000069678
ENSMUSG00000010205.12,NA,813.0730303035746,0.5170033028200952,0.10605917441458476,4.874668369556904,1.089913938431156e-6,5.212338705556872e-6,UP,ENSMUSG00000010205
ENSMUSG00000121309.2,Gm49327,96.70671142564538,-0.6485198872989415,0.13310598363491005,-4.872206865453436,1.1035852614712359e-6,5.274752938892591e-6,DOWN,ENSMUSG00000121309
ENSMUSG00000031848.16,NA,1573.3712644621519,-0.6270311012593871,0.12871214936671502,-4.871576648703976,1.1071119645525157e-6,5.290122525760068e-6,DOWN,ENSMUSG00000031848
ENSMUSG00000001995.10,NA,750.1816384561369,0.5893713678918593,0.12098551271836054,4.871421004462276,1.1079846208020353e-6,5.2928051857751165e-6,UP,ENSMUSG00000001995
ENSMUSG00000023349.15,NA,11760.362003851085,-0.6060125965993708,0.12445700522139322,-4.869252602706865,1.1202113410900248e-6,5.349709089181961e-6,DOWN,ENSMUSG00000023349
ENSMUSG00000071757.11,NA,197.9841985445489,0.5762238392692008,0.11840778706709053,4.866435337928485,1.136290769698895e-6,5.421930648007691e-6,UP,ENSMUSG00000071757
ENSMUSG00000079962.3,Gm12643,175.77642223737263,-0.7497983772685001,0.15409497029685015,-4.865819927957938,1.1398326363072331e-6,5.43578065424588e-6,DOWN,ENSMUSG00000079962
ENSMUSG00000025154.16,NA,1067.0120803533375,0.5580457762973379,0.11476943594220615,4.862320457672634,1.160175963521035e-6,5.521957020889651e-6,UP,ENSMUSG00000025154
ENSMUSG00000022377.17,NA,2614.878260310728,0.5344013109933142,0.10993748603225337,4.860956260510924,1.1682006555267955e-6,5.555486674465515e-6,UP,ENSMUSG00000022377
ENSMUSG00000027167.12,NA,153.6380963801192,-0.6398690262077742,0.1317456216501801,-4.856852305170321,1.1926648569473172e-6,5.662327905428832e-6,DOWN,ENSMUSG00000027167
ENSMUSG00000067847.14,NA,1294.5552173436727,-0.7451761659774554,0.15352158803782032,-4.853885212507572,1.2106582954870811e-6,5.744481787972124e-6,DOWN,ENSMUSG00000067847
ENSMUSG00000092341.7,Malat1,1643.4384176180392,1.3815576005436365,0.28464535912769706,4.853610137110455,1.2123396100805335e-6,5.7493160649831435e-6,UP,ENSMUSG00000092341
ENSMUSG00000026042.17,NA,13.211657754081727,2.442212194805304,0.5032393234687218,4.852983622129634,1.2161773808925406e-6,5.765908151507819e-6,UP,ENSMUSG00000026042
ENSMUSG00000032051.10,NA,285.70220044081043,-0.6198784134717639,0.12776644231132867,-4.851652767800369,1.2243684630882538e-6,5.801507406876246e-6,DOWN,ENSMUSG00000032051
ENSMUSG00000069516.9,Lyz2,1140044.9887153683,-0.5567625067603252,0.11479324042798911,-4.850133201959637,1.233785916001593e-6,5.8363736543875075e-6,DOWN,ENSMUSG00000069516
ENSMUSG00000060438.6,Rps10-ps1,2415.158132726211,-0.525713979531579,0.10840583987264475,-4.849498699970297,1.2377388075450963e-6,5.853444427450474e-6,DOWN,ENSMUSG00000060438
ENSMUSG00000069208.10,NA,216.0247975353961,-0.585189239191572,0.12068102549991011,-4.849057561182291,1.2404942401427743e-6,5.863214299018349e-6,DOWN,ENSMUSG00000069208
ENSMUSG00000038527.10,NA,403.6542165854151,-0.5642088330512928,0.11635970207735347,-4.848833599421032,1.241895403248684e-6,5.868205953778028e-6,DOWN,ENSMUSG00000038527
ENSMUSG00000037474.14,NA,116.21269730029091,-0.7382780037754635,0.15228506816949144,-4.847999955936382,1.2471242868124483e-6,5.891276561536804e-6,DOWN,ENSMUSG00000037474
ENSMUSG00000033938.6,Ndufb7,2987.131822589267,-0.5693486084323053,0.11746655264119142,-4.846899782369663,1.2540573600134406e-6,5.920738329924645e-6,DOWN,ENSMUSG00000033938
ENSMUSG00000047749.3,Zc3hav1l,28.65011153545336,1.2308976870363726,0.2539690154884771,4.8466451101087955,1.2556675302031766e-6,5.925050504615766e-6,UP,ENSMUSG00000047749
ENSMUSG00000079941.3,Cox5b-ps,852.3219418214004,-0.629052608196565,0.12983212010970488,-4.845123130278019,1.2653318132512224e-6,5.968996620291343e-6,DOWN,ENSMUSG00000079941
ENSMUSG00000056290.17,NA,454.1605643237165,-0.5821746611444333,0.12017401116446026,-4.8444306344049455,1.2697526771716526e-6,5.988190246251006e-6,DOWN,ENSMUSG00000056290
ENSMUSG00000125600.1,ENSMUSG00000125600,17.040809357910977,-1.4519048245412345,0.299759352411393,-4.84356805838246,1.2752801077584018e-6,6.012590383293424e-6,DOWN,ENSMUSG00000125600
ENSMUSG00000007476.19,NA,302.1015303204853,0.6993515588627153,0.1444024017158764,4.843074287910716,1.2784546229923603e-6,6.024217045887525e-6,UP,ENSMUSG00000007476
ENSMUSG00000034429.16,NA,146.5155066983477,0.5622023372497286,0.11610425596815309,4.842219887304892,1.2839656410907332e-6,6.046834586648854e-6,UP,ENSMUSG00000034429
ENSMUSG00000006850.9,Tmco6,611.7418267974879,-0.510952325069521,0.10551980461933486,-4.842241007863817,1.2838291351310013e-6,6.046834586648854e-6,DOWN,ENSMUSG00000006850
ENSMUSG00000036661.15,NA,38.736201532034244,1.5187932397672321,0.3136610946489476,4.842147354829198,1.28443453779731e-6,6.0473681477799146e-6,UP,ENSMUSG00000036661
ENSMUSG00000023903.9,Mmp25,354.7239185976859,0.5259250541544968,0.10861650833364767,4.842036097670924,1.2851540959430795e-6,6.049081249822312e-6,UP,ENSMUSG00000023903
ENSMUSG00000032397.8,Tipin,311.0956459430996,-0.5792561104779957,0.11963742508737839,-4.841763436942331,1.2869191751881992e-6,6.055713196804238e-6,DOWN,ENSMUSG00000032397
ENSMUSG00000047193.17,NA,105.81871993625738,0.8103013014626362,0.16737113505749004,4.841344364333235,1.289636604154904e-6,6.066821601731203e-6,UP,ENSMUSG00000047193
ENSMUSG00000117804.2,Gm6252,2936.386125657957,-0.5523182776959672,0.11418536368967708,-4.837032171627611,1.3179210362601958e-6,6.187897609784895e-6,DOWN,ENSMUSG00000117804
ENSMUSG00000035595.7,Fam174c,311.8375184975936,-0.6797170676745456,0.14061102850596063,-4.834023866383509,1.3380053462413066e-6,6.2735370604300136e-6,DOWN,ENSMUSG00000035595
ENSMUSG00000015133.18,NA,636.5622693279937,0.622670434248863,0.1289353637005966,4.829322354841132,1.3699847263365462e-6,6.412870976074678e-6,UP,ENSMUSG00000015133
ENSMUSG00000040495.5,Chrm4,6.519916685803904,2.084679284774756,0.43174322697475376,4.828516475828023,1.3755395506386795e-6,6.435330288352513e-6,UP,ENSMUSG00000040495
ENSMUSG00000105730.3,Gm43838,27.758410847936034,-1.211689764091167,0.2509913367639757,-4.827615883932287,1.3817728474170004e-6,6.462714258298544e-6,DOWN,ENSMUSG00000105730
ENSMUSG00000141748.1,ENSMUSG00000141748,45.67255796958843,1.0998607014674586,0.22796868679610754,4.824613050700076,1.4027533468583157e-6,6.549427189776312e-6,UP,ENSMUSG00000141748
ENSMUSG00000033703.10,NA,199.34699669818144,0.6155879912954443,0.12759419484152057,4.824576792541702,1.4030085412416269e-6,6.549427189776312e-6,UP,ENSMUSG00000033703
ENSMUSG00000074874.11,NA,382.1477032786926,-0.55528019038438,0.11519316581785403,-4.820426510912993,1.4325162128075017e-6,6.683503625515603e-6,DOWN,ENSMUSG00000074874
ENSMUSG00000063882.13,NA,5759.949841111523,-0.5595208201279052,0.11609668326793332,-4.819438457484758,1.4396285223980105e-6,6.711163007648181e-6,DOWN,ENSMUSG00000063882
ENSMUSG00000052920.17,NA,69.75436715224818,0.6373776484895352,0.13227076679460578,4.818734055418877,1.4447197425719992e-6,6.733051231071367e-6,UP,ENSMUSG00000052920
ENSMUSG00000041881.14,NA,3825.191176058995,-0.644816238849863,0.13395956857904898,-4.813513851153975,1.4829931744912364e-6,6.898189804539924e-6,DOWN,ENSMUSG00000041881
ENSMUSG00000025326.13,NA,2117.6636370650226,0.733817519940237,0.1525170792456884,4.81137931285805,1.4989223557802648e-6,6.96847282186965e-6,UP,ENSMUSG00000025326
ENSMUSG00000134169.1,ENSMUSG00000134169,94.95881754865883,-0.6519970109788004,0.135530273075885,-4.810711261636281,1.5039414566601886e-6,6.98798590490797e-6,DOWN,ENSMUSG00000134169
ENSMUSG00000037263.14,NA,158.95104173632708,-0.664010700851177,0.13803357316391981,-4.810501428247753,1.5055212769371595e-6,6.993415688498589e-6,DOWN,ENSMUSG00000037263
ENSMUSG00000133435.1,ENSMUSG00000133435,111.17284521888212,-1.0228505527824738,0.21273186401430147,-4.8081680547569965,1.5231969442962384e-6,7.0620194205839225e-6,DOWN,ENSMUSG00000133435
ENSMUSG00000028229.12,NA,232.40924485475196,-0.5636843245262507,0.11724430222978327,-4.80777584757598,1.5261874937958816e-6,7.073955987869383e-6,DOWN,ENSMUSG00000028229
ENSMUSG00000113977.3,Gm34276,598.1954410362256,-0.8002448645027651,0.16652510419488942,-4.805550900999372,1.543259674384822e-6,7.148723483194536e-6,DOWN,ENSMUSG00000113977
ENSMUSG00000039781.16,NA,117.3194106409454,0.8939725401199322,0.18604694073679218,4.805091320392469,1.5468088770673434e-6,7.15978001181471e-6,UP,ENSMUSG00000039781
ENSMUSG00000113198.2,Gm6988,1184.766677993983,-0.5367899563834627,0.11173291998966962,-4.804223826183834,1.5535296707589086e-6,7.18697649100272e-6,DOWN,ENSMUSG00000113198
ENSMUSG00000019817.19,NA,54.736313503340625,1.149204259922146,0.2392598185635035,4.803164471250855,1.5617749569760744e-6,7.221192201831192e-6,UP,ENSMUSG00000019817
ENSMUSG00000026556.17,NA,38.38259301502254,0.9180217915157579,0.19116158086340068,4.802334168662026,1.5682668504729685e-6,7.245044458241792e-6,UP,ENSMUSG00000026556
ENSMUSG00000108596.2,Gm49368,174.76967050437042,0.8346662101351499,0.17380598861621818,4.802286830163144,1.5686377569826106e-6,7.245044458241792e-6,UP,ENSMUSG00000108596
ENSMUSG00000108312.2,Gm44521,14.390622695151919,1.7182602828975317,0.3578669712019745,4.801393873053941,1.575650071552657e-6,7.271507494389277e-6,UP,ENSMUSG00000108312
ENSMUSG00000066571.14,NA,823.5453084663721,0.6674644650966214,0.13903025787046971,4.800857563815193,1.5798761354585962e-6,7.28705548131513e-6,UP,ENSMUSG00000066571
ENSMUSG00000082908.5,Gm13736,523.4958060212081,-0.5447356043464011,0.11347285766892123,-4.800580645776733,1.5820624857228088e-6,7.295161234328114e-6,DOWN,ENSMUSG00000082908
ENSMUSG00000116946.4,Gm41442,73.06406375808464,-0.9105460537752051,0.18968920659099797,-4.8001996009108545,1.5850757034434414e-6,7.307074386760413e-6,DOWN,ENSMUSG00000116946
ENSMUSG00000117202.2,Gm9349,824.6496038164563,-0.5195400227464336,0.10824876320078282,-4.799500773812781,1.590616214914227e-6,7.330628550360798e-6,DOWN,ENSMUSG00000117202
ENSMUSG00000025260.11,NA,3999.3064507565705,-0.5306014628574223,0.11061274700784034,-4.7969287194342325,1.6111690285283034e-6,7.4173092850980845e-6,DOWN,ENSMUSG00000025260
ENSMUSG00000034334.9,Fam151b,205.25408636920614,-0.6234110741374776,0.12998436421015025,-4.796046647038157,1.61827611034846e-6,7.448011781484685e-6,DOWN,ENSMUSG00000034334
ENSMUSG00000022604.19,NA,70.69308078328699,0.9250228700582958,0.19317165938253236,4.788605497385614,1.6794426714215048e-6,7.719081640593003e-6,UP,ENSMUSG00000022604
ENSMUSG00000037171.7,Nodal,14.065949789961879,-1.5481042249731989,0.32331729473542925,-4.788188724144848,1.6829334783692802e-6,7.733036134328015e-6,DOWN,ENSMUSG00000037171
ENSMUSG00000042312.12,NA,2453.331793132984,-0.5746699047821408,0.12003270694770576,-4.787610972003699,1.6877841477342746e-6,7.753229934189378e-6,DOWN,ENSMUSG00000042312
ENSMUSG00000025008.16,NA,292.67054727109485,-0.5495568456568336,0.11478978019763438,-4.7875067337062385,1.6886607373398629e-6,7.755161895544614e-6,DOWN,ENSMUSG00000025008
ENSMUSG00000028643.12,NA,1152.0602738174064,-0.585311997708217,0.12226857814653956,-4.787100713698636,1.692079326855238e-6,7.768763777672834e-6,DOWN,ENSMUSG00000028643
ENSMUSG00000094786.3,Gm14403,112.11585197102441,-0.724216275718365,0.15130059009079175,-4.7866057580065,1.696255730261181e-6,7.78373581997346e-6,DOWN,ENSMUSG00000094786
ENSMUSG00000044308.19,NA,1642.341720064611,0.6235309891432514,0.13048111541828689,4.7787067664495435,1.7642627349471826e-6,8.074018318221686e-6,UP,ENSMUSG00000044308
ENSMUSG00000038812.17,NA,1743.3024455880513,-0.5030085923201569,0.10527125086090358,-4.778214262741016,1.7685886500082541e-6,8.087286523807575e-6,DOWN,ENSMUSG00000038812
ENSMUSG00000057335.12,NA,1688.7944929887144,0.7213278023428599,0.15105798245072302,4.775171696591181,1.795539935544157e-6,8.20170618959547e-6,UP,ENSMUSG00000057335
ENSMUSG00000084918.4,Gm12708,127.84289980303737,-1.8623178113852883,0.3906273972085959,-4.767504339668235,1.8652197893825707e-6,8.510847260059027e-6,DOWN,ENSMUSG00000084918
ENSMUSG00000038679.18,NA,655.699201846247,0.643278787407562,0.1349513217207653,4.766746847715972,1.8722430960753202e-6,8.540602492450883e-6,UP,ENSMUSG00000038679
ENSMUSG00000122965.1,ENSMUSG00000122965,8.60994599815611,-1.6717488762001296,0.35075086621943197,-4.766200278331666,1.8773265469853502e-6,8.55690572447946e-6,DOWN,ENSMUSG00000122965
ENSMUSG00000036469.17,NA,3088.622629555181,-0.5154183431733229,0.10814017542484668,-4.766205909583706,1.8772741051297392e-6,8.55690572447946e-6,DOWN,ENSMUSG00000036469
ENSMUSG00000121779.1,ENSMUSG00000121779,237.4175786220538,-0.9968949205047293,0.20931760861981394,-4.7625946382533035,1.9111951593784415e-6,8.7042808999437e-6,DOWN,ENSMUSG00000121779
ENSMUSG00000097828.3,6430562O15Rik,20.909479447347334,-1.7784480191729768,0.3735981785510019,-4.760323045660114,1.932833350943033e-6,8.791057492949244e-6,DOWN,ENSMUSG00000097828
ENSMUSG00000081491.2,Gm12778,527.2318925979962,-0.5848691773559129,0.12289796255173778,-4.7589818839323215,1.9457189615868675e-6,8.84729857239205e-6,DOWN,ENSMUSG00000081491
ENSMUSG00000039086.10,NA,161.52260167426945,0.5110370500521769,0.10738724538399567,4.758824460249529,1.9472368573891277e-6,8.851833733429433e-6,UP,ENSMUSG00000039086
ENSMUSG00000033237.20,NA,637.3670557584037,0.5886983838830465,0.12372786011660032,4.758009904384195,1.955109080473917e-6,8.885244527669543e-6,UP,ENSMUSG00000033237
ENSMUSG00000075592.12,NA,39.54223638170379,1.094729406135496,0.23033717274450363,4.752725724170454,2.0069251497215457e-6,9.09642033479867e-6,UP,ENSMUSG00000075592
ENSMUSG00000034021.16,NA,433.1781054727132,0.5046795515117265,0.10620875464845464,4.751769787548956,2.016438793894693e-6,9.134671851085015e-6,UP,ENSMUSG00000034021
ENSMUSG00000061175.13,NA,6660.504983292796,0.7240829035727686,0.15241691818031472,4.750672774502319,2.0274098389074922e-6,9.18192589093497e-6,UP,ENSMUSG00000061175
ENSMUSG00000029992.15,NA,2149.0408227645066,0.5089366832591764,0.10724976519811853,4.745340768989437,2.0815560504936632e-6,9.407106615651139e-6,UP,ENSMUSG00000029992
ENSMUSG00000036372.15,NA,2247.028665765281,-0.5039985681223169,0.1062168656250101,-4.744995676125884,2.085107894309692e-6,9.420654848732897e-6,DOWN,ENSMUSG00000036372
ENSMUSG00000025135.13,NA,2577.0903805363846,-0.5191962948763147,0.1094425218125849,-4.744008875868317,2.0952966173183476e-6,9.459148997641577e-6,DOWN,ENSMUSG00000025135
ENSMUSG00000037270.19,NA,1583.7638352225401,0.7015950557547299,0.14794626597373892,4.742228883825064,2.1137960965733602e-6,9.53507066799113e-6,UP,ENSMUSG00000037270
ENSMUSG00000042249.12,NA,85.09695596543136,0.9019792226234641,0.19021806029649777,4.741816950596205,2.118099622522734e-6,9.551949663384146e-6,UP,ENSMUSG00000042249
ENSMUSG00000024290.10,NA,1454.4062253770344,0.6239193168697179,0.13166564499467986,4.738664492889761,2.151313554257384e-6,9.691453855285052e-6,UP,ENSMUSG00000024290
ENSMUSG00000082791.4,Gm4875,128.1204260211476,0.7130512508297256,0.15051785542572066,4.737320026338075,2.1656303419495886e-6,9.752567567503627e-6,UP,ENSMUSG00000082791
ENSMUSG00000099902.2,Gm12115,76.69607215377727,-0.850295585133977,0.17950691375884678,-4.736840310653891,2.1707607924610766e-6,9.771296462835645e-6,DOWN,ENSMUSG00000099902
ENSMUSG00000080715.2,Gm5406,172.253701614727,-0.5696938909161294,0.12032340066745739,-4.734689077568671,2.193911629193286e-6,9.865061122702546e-6,DOWN,ENSMUSG00000080715
ENSMUSG00000024042.8,Sik1,153.55013629673536,0.8252107111891911,0.17438392892076948,4.732148864269033,2.221553880233483e-6,9.984076450119084e-6,UP,ENSMUSG00000024042
ENSMUSG00000026812.17,NA,599.5776554822405,0.5346095303528103,0.11299895759537848,4.731101434290357,2.233048986822778e-6,1.003308614792818e-5,UP,ENSMUSG00000026812
ENSMUSG00000099109.3,Mir7115,22.300246031688623,1.3871004279635613,0.2935130834588522,4.72585552786106,2.2914852924016207e-6,1.0279345524289623e-5,UP,ENSMUSG00000099109
ENSMUSG00000121122.2,Gm56904,2419.203065745406,-0.543060268315466,0.11495377699852233,-4.724162028381606,2.3106613952962824e-6,1.0362633884073993e-5,DOWN,ENSMUSG00000121122
ENSMUSG00000084345.4,Rpl17-ps4,2862.9786319378145,-0.501691495589584,0.10625339119562342,-4.721651609838206,2.339371521176172e-6,1.0483096729676413e-5,DOWN,ENSMUSG00000084345
ENSMUSG00000096156.2,Gm9242,695.9892989844761,0.512797886449169,0.10868323075899816,4.718279746268154,2.3784728661213783e-6,1.0641491597279704e-5,UP,ENSMUSG00000096156
ENSMUSG00000031303.9,Map3k15,66.44179903911055,0.9629253178637652,0.20410711879864496,4.717744895579595,2.384732562428417e-6,1.0666691729788969e-5,UP,ENSMUSG00000031303
ENSMUSG00000020700.12,NA,3155.0725610168006,0.6167150738673037,0.1307409371518127,4.71707704795776,2.392571013281227e-6,1.0693314757387793e-5,UP,ENSMUSG00000020700
ENSMUSG00000022354.5,Ndufb9,2955.296843703911,-0.5105766333732279,0.10831823524033493,-4.7136720076759735,2.4329216738131023e-6,1.0856537912586099e-5,DOWN,ENSMUSG00000022354
ENSMUSG00000073676.5,Hspe1,2938.5679490296197,-0.5046581378636865,0.10708645728725986,-4.712623338635052,2.445479718396784e-6,1.0906852371113484e-5,DOWN,ENSMUSG00000073676
ENSMUSG00000082423.2,Gm15148,209.2926598894839,-0.8140857076257283,0.17275010167696045,-4.7125049405068005,2.446901465496951e-6,1.091033201946543e-5,DOWN,ENSMUSG00000082423
ENSMUSG00000021311.10,NA,759.7909091800902,0.5570392719916646,0.11823333978045393,4.711355299833567,2.4607478905407305e-6,1.0969194921765572e-5,UP,ENSMUSG00000021311
ENSMUSG00000050621.8,Rps27rt,2408.813859324396,-0.6919219971762398,0.14690258648587073,-4.71007361904271,2.476273294244916e-6,1.1032618192802999e-5,DOWN,ENSMUSG00000050621
ENSMUSG00000028613.16,NA,595.270607656792,0.6014383993410525,0.12774404304180229,4.708152216101701,2.4997241232218264e-6,1.1134182409510315e-5,UP,ENSMUSG00000028613
ENSMUSG00000122001.1,ENSMUSG00000122001,33.45119727752169,-0.8567688562122193,0.18199372326044355,-4.707683544591994,2.5054765444727846e-6,1.1156882460147729e-5,DOWN,ENSMUSG00000122001
ENSMUSG00000025026.16,NA,591.3162826894926,0.6126391879337144,0.13019552373969176,4.705531882636788,2.5320492809745344e-6,1.1269309100301735e-5,UP,ENSMUSG00000025026
ENSMUSG00000040824.4,Snrpd2,2128.9864381764505,-0.5699873253515721,0.12115798149396591,-4.704496710189576,2.5449297020566635e-6,1.131958205179375e-5,DOWN,ENSMUSG00000040824
ENSMUSG00000074166.8,AW146154,162.11943982708544,-0.5666851502270188,0.12045659521695375,-4.704475908574081,2.5451891754429906e-6,1.131958205179375e-5,DOWN,ENSMUSG00000074166
ENSMUSG00000037022.4,Mmaa,203.87486275472608,-0.5021646117428001,0.10674215938602312,-4.704463677999696,2.5453417479747913e-6,1.131958205179375e-5,DOWN,ENSMUSG00000037022
ENSMUSG00000140944.1,ENSMUSG00000140944,106.02407678152998,0.8577289094294838,0.1823293146906402,4.7042841733091585,2.547582022193037e-6,1.132658297239602e-5,UP,ENSMUSG00000140944
ENSMUSG00000059851.16,NA,482.5025938109947,0.6487510432367877,0.1380113012264222,4.70070956125863,2.5925904026963776e-6,1.1514649357078767e-5,UP,ENSMUSG00000059851
ENSMUSG00000059534.9,Uqcr10,3591.323567528925,-0.556084824529526,0.11831127021983513,-4.700184720325124,2.599262656734827e-6,1.154126912282832e-5,DOWN,ENSMUSG00000059534
ENSMUSG00000029815.13,NA,524.538796110696,-0.5737561769008415,0.1220770476116514,-4.6999512858966,2.602235579529755e-6,1.1551453475719921e-5,DOWN,ENSMUSG00000029815
ENSMUSG00000043866.12,NA,2871.1050611417645,-0.5053599161070461,0.1075308074029964,-4.699675640052564,2.6057502914606723e-6,1.1564036914556418e-5,DOWN,ENSMUSG00000043866
ENSMUSG00000028789.17,NA,406.2395619670101,0.5059103610543173,0.10765738385634367,4.699263003914308,2.611020259538807e-6,1.158137989924803e-5,UP,ENSMUSG00000028789
ENSMUSG00000002409.19,NA,321.9744748013447,0.6754505171817581,0.14388190454833757,4.694478567698125,2.6728763087133774e-6,1.1846477588214672e-5,UP,ENSMUSG00000002409
ENSMUSG00000019689.5,Fmc1,225.3117642274596,-0.7308158872539576,0.1557199470800411,-4.693142406979584,2.690400682338837e-6,1.1917935400847684e-5,DOWN,ENSMUSG00000019689
ENSMUSG00000112964.4,E430024I08Rik,218.6804076876093,-0.507978962228265,0.10824958393680875,-4.692664338782127,2.696697513318629e-6,1.1942718206118908e-5,DOWN,ENSMUSG00000112964
ENSMUSG00000038695.14,NA,692.0223735734129,-0.5089909441259544,0.10858205256563595,-4.687615790079841,2.764063174402111e-6,1.2225138711022705e-5,DOWN,ENSMUSG00000038695
ENSMUSG00000121913.2,ENSMUSG00000121913,187.503012414411,-0.8494012983016063,0.18138582873186937,-4.682842668801982,2.8292366828718513e-6,1.2490653953509529e-5,DOWN,ENSMUSG00000121913
ENSMUSG00000112640.2,Gm32687,144.61669525075882,-0.5912869248741118,0.12630093373708376,-4.681572078516641,2.846832641492748e-6,1.25650754999288e-5,DOWN,ENSMUSG00000112640
ENSMUSG00000036854.15,NA,131.3807868669619,0.6040710419014272,0.1290912183784155,4.679412352671931,2.8769831222446232e-6,1.2678407612565967e-5,UP,ENSMUSG00000036854
ENSMUSG00000035093.17,NA,3897.1725080277874,0.5665977332664006,0.1210978476909797,4.678842308678003,2.884992086618595e-6,1.2710408141200992e-5,UP,ENSMUSG00000035093
ENSMUSG00000122484.1,ENSMUSG00000122484,79.78456861267061,0.9634589133576017,0.205941004650213,4.678324819255975,2.8922811944886825e-6,1.2739221443531348e-5,UP,ENSMUSG00000122484
ENSMUSG00000115841.2,Gm49105,167.0032024753587,-0.8058453950189112,0.17236898546108503,-4.675118281071761,2.937842455946215e-6,1.2919821258293594e-5,DOWN,ENSMUSG00000115841
ENSMUSG00000027408.8,Cpxm1,15.235995304497633,1.3631942057760742,0.2917285889992661,4.672816642524889,2.970969804139961e-6,1.3055377904187125e-5,UP,ENSMUSG00000027408
ENSMUSG00000020362.14,NA,2231.810160532904,0.5138970049861382,0.11001737839582332,4.671052996165992,2.996596071318364e-6,1.3161186154142587e-5,UP,ENSMUSG00000020362
ENSMUSG00000020163.13,NA,3374.937724381117,-0.5970445191954008,0.12786547908124618,-4.669317500590105,3.022020226081228e-6,1.3262574442512868e-5,DOWN,ENSMUSG00000020163
ENSMUSG00000097113.10,NA,50.309758153288286,-0.904286503735481,0.19372902526367586,-4.667790500182909,3.044561055179214e-6,1.3358050904122216e-5,DOWN,ENSMUSG00000097113
ENSMUSG00000028312.20,NA,880.9210091740351,0.5176628473313853,0.11095709171217001,4.665432730286738,3.079682371447367e-6,1.349473805947795e-5,UP,ENSMUSG00000028312
ENSMUSG00000006315.10,NA,1720.4427881393879,-0.5074377455641138,0.10877631253769973,-4.664965503296004,3.086688168219444e-6,1.3521952341251898e-5,DOWN,ENSMUSG00000006315
ENSMUSG00000020063.17,NA,352.9618783716411,0.5440606128886197,0.11663064531370948,4.6648169649170885,3.0889186156372297e-6,1.352823846961801e-5,UP,ENSMUSG00000020063
ENSMUSG00000075254.13,NA,40.64449292686149,0.811619044652255,0.17402995635276908,4.663674356195636,3.1061277540125593e-6,1.3593105657420892e-5,UP,ENSMUSG00000075254
ENSMUSG00000054051.8,Ercc6,170.75309618577947,0.7650986645188714,0.1641174254000543,4.661897800637922,3.13306773152104e-6,1.370394800469311e-5,UP,ENSMUSG00000054051
ENSMUSG00000064128.9,Cenpj,410.0362682093837,0.5041279989173427,0.1081707888197985,4.660481858528078,3.154699667377074e-6,1.378792663670381e-5,UP,ENSMUSG00000064128
ENSMUSG00000078896.12,NA,156.57009544525872,-0.5872144670353053,0.1260072742549255,-4.66016323666609,3.1595870939619324e-6,1.3802193198026361e-5,DOWN,ENSMUSG00000078896
ENSMUSG00000003380.12,NA,4705.154846042249,-0.5247920019110279,0.11261134706714036,-4.660205348561722,3.158940711972688e-6,1.3802193198026361e-5,DOWN,ENSMUSG00000003380
ENSMUSG00000016252.8,Atp5f1e,6203.455661516016,-0.6613417180795061,0.14193846100003824,-4.659355282704721,3.172013098154128e-6,1.3849359370271913e-5,DOWN,ENSMUSG00000016252
ENSMUSG00000067629.14,NA,46.57278806847088,1.5690898671366826,0.33686647427295413,4.657898565071483,3.194535362268281e-6,1.3929812402752406e-5,UP,ENSMUSG00000067629
ENSMUSG00000092609.2,Gm20481,6.811797659903906,1.8678243965440953,0.4010085503954932,4.657816883709737,3.1958027659808694e-6,1.393176668502196e-5,UP,ENSMUSG00000092609
ENSMUSG00000035041.9,Creb3l3,41.91395577474875,-1.0271142486708134,0.22052546159046243,-4.657576686442974,3.1995325668122027e-6,1.3944451776321967e-5,DOWN,ENSMUSG00000035041
ENSMUSG00000051650.12,NA,315.88525023111936,-0.8070324188330614,0.17328410314827924,-4.657279024276587,3.2041604800520336e-6,1.3961043587948984e-5,DOWN,ENSMUSG00000051650
ENSMUSG00000038412.9,Higd1a,2215.474531873843,-0.5262179102890071,0.11303322220396173,-4.655426962344559,3.2331000580261606e-6,1.408352960727277e-5,DOWN,ENSMUSG00000038412
ENSMUSG00000046658.17,NA,114.63803685743125,0.7370484768262708,0.158441066540082,4.651877779677873,3.2892601947486922e-6,1.4309838544869854e-5,UP,ENSMUSG00000046658
ENSMUSG00000056687.12,NA,61.35054976340337,-0.6772937074802113,0.1456377242426416,-4.650537565059706,3.3107093252344784e-6,1.4395786956005507e-5,DOWN,ENSMUSG00000056687
ENSMUSG00000051319.7,Mtln,736.440549463105,-0.667655654530707,0.1436019606631676,-4.649349155453096,3.329841084449459e-6,1.4464183264916345e-5,DOWN,ENSMUSG00000051319
ENSMUSG00000101316.2,Gm12663,83.89156947552624,-0.6112971161247983,0.13151965987093459,-4.647952380082858,3.3524627969083105e-6,1.4558728887697327e-5,DOWN,ENSMUSG00000101316
ENSMUSG00000008090.15,NA,54.33453495746376,0.9766887969241367,0.21017061634306983,4.647123436750306,3.3659576992181004e-6,1.4609871524477544e-5,UP,ENSMUSG00000008090
ENSMUSG00000000295.14,NA,211.26976347778796,-0.6196295932834727,0.1333671910613483,-4.646042166385928,3.3836387052113883e-6,1.4679122403271651e-5,DOWN,ENSMUSG00000000295
ENSMUSG00000009731.5,Kcnd1,8.643805326919754,2.141286139785298,0.46100658285883733,4.644805994974201,3.4039617835249448e-6,1.4759758819639269e-5,UP,ENSMUSG00000009731
ENSMUSG00000026558.14,NA,624.8766921741618,0.6222919545139939,0.1340114821050871,4.643571914427559,3.424367216408147e-6,1.4829332539403347e-5,UP,ENSMUSG00000026558
ENSMUSG00000017607.10,NA,67.5165771622667,-1.1722777075172803,0.25248114699439284,-4.6430306637640335,3.433353714616804e-6,1.4860680394699252e-5,DOWN,ENSMUSG00000017607
ENSMUSG00000052534.16,NA,122.49235217196996,0.8295847375447434,0.17870377400592782,4.642234010778222,3.446621860867245e-6,1.4913774798811177e-5,UP,ENSMUSG00000052534
ENSMUSG00000039166.17,NA,233.30882166551405,-0.581186519711889,0.12519665404952032,-4.642188915703819,3.4473743816374655e-6,1.4913774798811177e-5,DOWN,ENSMUSG00000039166
ENSMUSG00000033066.18,NA,6186.834000340934,0.6243612715494296,0.13450042828304187,4.642076456704863,3.4492517194206684e-6,1.491810140907118e-5,UP,ENSMUSG00000033066
ENSMUSG00000055884.9,Fancm,70.46745474069792,0.7663423008519826,0.16513948041483778,4.6405759478405555,3.4743945042010976e-6,1.5023023884679346e-5,UP,ENSMUSG00000055884
ENSMUSG00000038056.16,NA,530.0800372851218,1.0166837251331324,0.21909461649916545,4.640386611859105,3.4775795090746465e-6,1.5032973342990198e-5,UP,ENSMUSG00000038056
ENSMUSG00000068246.7,Apol9b,505.4508123772531,-0.6280401805379479,0.1353755462158165,-4.639243926201579,3.496861253980166e-6,1.5108643924081987e-5,DOWN,ENSMUSG00000068246
ENSMUSG00000062232.15,NA,1936.4556976052656,0.5817348416171935,0.125408115276623,4.638733628473828,3.5055051209283944e-6,1.5138298650713122e-5,UP,ENSMUSG00000062232
ENSMUSG00000074500.12,NA,105.42751823242116,-0.5695223109788208,0.12280752936087662,-4.6375194903990655,3.5261536873870196e-6,1.5215876581503084e-5,DOWN,ENSMUSG00000074500
ENSMUSG00000039763.11,NA,129.93538106161105,0.5953167274068586,0.12838080962103152,4.637116163733345,3.5330387385912316e-06,1.5241719124424778e-5,UP,ENSMUSG00000039763
ENSMUSG00000006021.6,Kptn,247.57361713508806,-0.515968047267191,0.11127383586969955,-4.636921547949367,3.5363655666006264e-6,1.5252202086129913e-5,DOWN,ENSMUSG00000006021
ENSMUSG00000116972.2,Gm6278,5669.525632111503,-0.5142745708133561,0.11092678228963873,-4.636162342386746,3.5493724198057497e-6,1.5300539257596093e-5,DOWN,ENSMUSG00000116972
ENSMUSG00000116927.3,Gm30881,36.55157793659385,-0.865541378086253,0.18671113748379775,-4.635724412323085,3.5568959676664367e-6,1.5325202134820224e-5,DOWN,ENSMUSG00000116927
ENSMUSG00000028228.6,Cpne3,3319.443736235837,0.6561380891838573,0.14159062260313698,4.634050455607788,3.5857953709894056e-6,1.5441893157519837e-5,UP,ENSMUSG00000028228
ENSMUSG00000038914.16,NA,832.5140178324724,0.6440645613041129,0.13899647506381274,4.6336755015436575,3.5922994174588816e-6,1.546207134733124e-5,UP,ENSMUSG00000038914
ENSMUSG00000002043.18,NA,1813.5856520196953,-0.5448780093249893,0.11761577743735815,-4.632694874760232,3.6093631310165492e-6,1.5523730249384783e-5,DOWN,ENSMUSG00000002043
ENSMUSG00000042842.12,NA,469.2382100370203,-0.6833160718260796,0.14755797480658386,-4.6308311883634685,3.642007234285992e-6,1.5660170676679542e-5,DOWN,ENSMUSG00000042842
ENSMUSG00000120224.2,2810001A02Rik,720.2802371384681,-0.7147299371007099,0.15438229768078165,-4.629610699139655,3.663538352799145e-6,1.574081183115267e-5,DOWN,ENSMUSG00000120224
ENSMUSG00000100017.4,2410022M11Rik,22.697154756387175,-1.3570061717113364,0.29314552874821115,-4.629121165538559,3.6722086473684787e-6,1.576928167189646e-5,DOWN,ENSMUSG00000100017
ENSMUSG00000048720.9,Tbc1d12,150.19207743499732,0.612400306154405,0.1322941844299495,4.629079568336387,3.672946295565205e-6,1.576928167189646e-5,UP,ENSMUSG00000048720
ENSMUSG00000111964.2,Gm8942,5826.346473654296,-0.5114244770773126,0.1104899099919905,-4.628698467709732,3.6797110146202484e-6,1.5790352135915204e-5,DOWN,ENSMUSG00000111964
ENSMUSG00000029661.17,NA,61.98626905892864,2.4214562392106496,0.5231594903586052,4.628523966086971,3.682812487418084e-6,1.5794718701892228e-5,UP,ENSMUSG00000029661
ENSMUSG00000032363.16,NA,8.537877640842597,2.357904790664031,0.5094334459688046,4.628484465090301,3.6835148989594596e-6,1.5794718701892228e-5,UP,ENSMUSG00000032363
ENSMUSG00000074746.4,Pdzd8,955.6838949378437,0.5912984098119936,0.12782176311108004,4.625960364027694,3.7286660589443688e-6,1.5976239606552766e-5,UP,ENSMUSG00000074746
ENSMUSG00000106290.2,Gm43429,10.74788338372854,1.7975106320990335,0.3886813459976184,4.624638281740559,3.752526735257774e-6,1.6070377652932184e-5,UP,ENSMUSG00000106290
ENSMUSG00000053080.11,NA,69.24075088578955,0.6162254496974351,0.1332544548756086,4.6244266300340495,3.756360149205914e-6,1.6082744385044252e-5,UP,ENSMUSG00000053080
ENSMUSG00000054612.5,Mgmt,615.4361649052912,-0.5651878170394674,0.12222753178009661,-4.624063079800339,3.7629534973340567e-6,1.6098814383814583e-5,DOWN,ENSMUSG00000054612
ENSMUSG00000029108.15,NA,2334.5041745581484,0.6061488339909925,0.1311853578958866,4.620552504587089,3.8271947071872975e-6,1.6357193563816833e-5,UP,ENSMUSG00000029108
ENSMUSG00000097418.8,Mir155hg,58.35447212133957,0.674451740469429,0.14600287498863082,4.61944150429879,3.847743349294554e-6,1.643262767405906e-5,UP,ENSMUSG00000097418
ENSMUSG00000024953.18,NA,94239.43603958238,-0.5539522553837034,0.11996424558032542,-4.617644638233391,3.88120151797878e-6,1.656303965238322e-5,DOWN,ENSMUSG00000024953
ENSMUSG00000105644.2,Gm19739,41.5406825731384,-1.196135425063966,0.259244150032541,-4.613934103870132,3.95117742479396e-6,1.684053215189125e-5,DOWN,ENSMUSG00000105644
ENSMUSG00000035062.14,NA,189.0371289504113,-0.501851952861553,0.10879374614075497,-4.612875010409771,3.9713713669369145e-6,1.692236067805792e-5,DOWN,ENSMUSG00000035062
ENSMUSG00000118499.2,Gm31332,36.973364194889186,-1.453751949662071,0.31523726262670687,-4.611612020573704,3.995582370572889e-6,1.701699819533247e-5,DOWN,ENSMUSG00000118499
ENSMUSG00000103308.7,Gm37800,31.74300148353877,-1.0863438929282188,0.23559670997873058,-4.61103167793087,4.006754679556099e-6,1.7060307982105912e-5,DOWN,ENSMUSG00000103308
ENSMUSG00000003119.15,NA,549.4376210886893,0.8455133498181315,0.18342475685392282,4.609592316327767,4.034593522744706e-6,1.716594882356679e-5,UP,ENSMUSG00000003119
ENSMUSG00000075376.11,NA,694.8563267781019,0.6486293270417339,0.14078047510073866,4.6073812904636995,4.0777185979336975e-6,1.733208759721581e-5,UP,ENSMUSG00000075376
ENSMUSG00000034163.11,NA,557.5630135691565,0.5104551231385115,0.11083916607680103,4.6053677703133795,4.117375458948367e-6,1.749627362690553e-5,UP,ENSMUSG00000034163
ENSMUSG00000021819.12,NA,983.1783645453623,0.6188074627691048,0.13437447417511494,4.605096812975681,4.122740173350678e-6,1.7514693826630432e-5,UP,ENSMUSG00000021819
ENSMUSG00000040363.16,NA,297.3310258088004,0.6459152044333126,0.14032963581680558,4.602842447881271,4.167635049973398e-6,1.7696579690348964e-5,UP,ENSMUSG00000040363
ENSMUSG00000054385.15,NA,415.51729556293725,0.5434023229117189,0.11807406207566577,4.602215875011471,4.180195989930854e-6,1.774548502365554e-5,UP,ENSMUSG00000054385
ENSMUSG00000038773.12,NA,1555.0108103284942,0.6087520779010694,0.13229487665292225,4.601478857704675,4.195017450457286e-6,1.7803959761037337e-5,UP,ENSMUSG00000038773
ENSMUSG00000020902.13,NA,33.809719508804406,1.1127642845513417,0.241869325624741,4.6006837852510065,4.21106286389092e-6,1.7863141697013967e-5,UP,ENSMUSG00000020902
ENSMUSG00000099881.4,2810013P06Rik,77.42940278147397,-0.7613400444520765,0.16554324142971333,-4.599040334578248,4.244416076204649e-6,1.8000134611455426e-5,DOWN,ENSMUSG00000099881
ENSMUSG00000042700.17,NA,2236.2576299848374,0.583268264707553,0.1269360892285056,4.5949758516474795,4.327993872785799e-6,1.8333041376527766e-5,UP,ENSMUSG00000042700
ENSMUSG00000039715.9,Dync2i2,193.67656349538535,-0.5014166641044036,0.10912458757090711,-4.5949008859125575,4.329550102064164e-6,1.833374726984641e-5,DOWN,ENSMUSG00000039715
ENSMUSG00000116380.3,Gm39556,55.53625324801216,-0.7812001340190908,0.17030851502998967,-4.586970498107679,4.497242022442813e-6,1.9010712859473646e-5,DOWN,ENSMUSG00000116380
ENSMUSG00000115160.2,Gm6532,1626.67813625977,-0.6145455456961172,0.13398494690806076,-4.5866760399421045,4.503586768568922e-6,1.903280233257532e-5,DOWN,ENSMUSG00000115160
ENSMUSG00000085241.8,Snhg3,196.78706891161613,-0.7002115801490555,0.15269710116003693,-4.58562457852547,4.526312863496623e-6,1.9124093554440638e-5,DOWN,ENSMUSG00000085241
ENSMUSG00000002107.20,NA,1889.738541451056,0.5889559590648124,0.12850154613711257,4.583259709858976,4.577828813645385e-6,1.9327347766845438e-5,UP,ENSMUSG00000002107
ENSMUSG00000015882.19,NA,576.6286388493162,0.7830742031191863,0.17086249917686883,4.583066541175807,4.5820614948769e-6,1.93404164263779e-5,UP,ENSMUSG00000015882
ENSMUSG00000020034.8,Tcp11l2,708.3396480572131,0.6053887743918532,0.13215910534767483,4.580757207755298,4.6329544422669315e-6,1.9540680368351054e-5,UP,ENSMUSG00000020034
ENSMUSG00000030677.9,Kif22,479.7045226540144,0.5744024285366944,0.12545119494122547,4.578692365631151,4.678917453206949e-6,1.971986870117407e-5,UP,ENSMUSG00000030677
ENSMUSG00000038838.16,NA,220.7128710426277,0.5578335321645979,0.12183430347673209,4.578624543711803,4.680434541262933e-6,1.9721375076490943e-5,UP,ENSMUSG00000038838
ENSMUSG00000107020.2,Gm6051,283.6220054012677,-0.6233851070352565,0.1361801747521332,-4.577649486571036,4.702297449814651e-6,1.9798779507687042e-5,DOWN,ENSMUSG00000107020
ENSMUSG00000045827.11,NA,1384.6459763936837,-0.5917567705753739,0.12937217326357078,-4.574065315960828,4.783506077718967e-6,2.011082926024444e-5,DOWN,ENSMUSG00000045827
ENSMUSG00000006445.4,Epha2,28.17470227897872,2.78068161350442,0.6079935700695077,4.573537863544386,4.7955696737054055e-6,2.0151583363240456e-5,UP,ENSMUSG00000006445
ENSMUSG00000131983.1,ENSMUSG00000131983,405.7550921204156,-0.8959013936414206,0.195983176161214,-4.571317861000784,4.846664505704788e-6,2.0351204094818674e-5,DOWN,ENSMUSG00000131983
ENSMUSG00000042978.12,NA,121.74899828598609,0.966391950880779,0.2114414827840316,4.570493633304025,4.865767051951613e-6,2.042637237360877e-5,UP,ENSMUSG00000042978
ENSMUSG00000035284.11,NA,1578.7441637673992,0.9913150538373068,0.2169035800172509,4.57030286802304,4.870198549830849e-6,2.043993004403342e-5,UP,ENSMUSG00000035284
ENSMUSG00000064284.13,NA,296.70658394374095,-0.5263663981091528,0.11520305119860509,-4.569031745537015,4.899825702296074e-6,2.0559199578891446e-5,DOWN,ENSMUSG00000064284
ENSMUSG00000054021.7,Sirt5,84.77794278102864,-0.6806811461704292,0.1490244838845029,-4.5675792891721825,4.933890668420566e-6,2.069192224590879e-5,DOWN,ENSMUSG00000054021
ENSMUSG00000083500.2,Gm15470,122.52315621232638,-0.691318450620524,0.15143565208695745,-4.565097063296263,4.992632835633168e-6,2.0927955139950125e-5,DOWN,ENSMUSG00000083500
ENSMUSG00000070737.11,NA,504.57172235758014,-0.5480941713207409,0.12012765349665619,-4.562597831281183,5.052453795292104e-6,2.1143265993614603e-5,DOWN,ENSMUSG00000070737
ENSMUSG00000013629.17,NA,308.750159099437,0.6507983086746474,0.14263798770099376,4.562587562850996,5.052700987771948e-6,2.1143265993614603e-5,UP,ENSMUSG00000013629
ENSMUSG00000029004.16,NA,1371.3214707528714,0.9494778826680005,0.20812177572500304,4.562126569218646,5.06381045149805e-6,2.1179360923732936e-5,UP,ENSMUSG00000029004
ENSMUSG00000060639.6,H4c9,110.65573864554366,-0.7060581089015678,0.15476513942048215,-4.562126274336724,5.0638175653238925e-6,2.1179360923732936e-5,DOWN,ENSMUSG00000060639
ENSMUSG00000121171.2,Gm54112,94.39720917418285,-0.7904903337714817,0.17341115199595294,-4.558474611770817,5.152649188217333e-6,2.151914344175441e-5,DOWN,ENSMUSG00000121171
ENSMUSG00000058006.13,NA,292.6211325959274,0.8774636171929493,0.19251618749052446,4.557869281699429,5.1675180968233724e-6,2.1575942242715017e-5,UP,ENSMUSG00000058006
ENSMUSG00000081441.4,Gm6161,554.666321373772,0.5139032288479992,0.1128448334329332,4.554069630076826,5.2617926810504e-6,2.1926499959309754e-5,UP,ENSMUSG00000081441
ENSMUSG00000070524.2,Fcrlb,45.45461992229745,-0.7744931640773147,0.1701039553302355,-4.553057937857667,5.2871704327529745e-6,2.2021459803917974e-5,DOWN,ENSMUSG00000070524
ENSMUSG00000039270.10,NA,285.08459781128937,0.6468035711747034,0.14208712859665054,4.552161603679214,5.3097523628830845e-6,2.2099277700242226e-5,UP,ENSMUSG00000039270
ENSMUSG00000071172.14,NA,5005.417024019735,-0.5760429453689121,0.12658496655276089,-4.550642632028632,5.348231801691087e-6,2.2248539632964437e-5,DOWN,ENSMUSG00000071172
ENSMUSG00000071637.6,Cebpd,1951.5114031984301,-0.6880500239677361,0.15121958419797651,-4.550006056536578,5.364437152035553e-6,2.2310496015533536e-5,DOWN,ENSMUSG00000071637
ENSMUSG00000054939.7,Zfp174,77.03701967194039,0.9165553009546834,0.20166899194526705,4.544849915268265,5.497441104370734e-6,2.2835731172674328e-5,UP,ENSMUSG00000054939
ENSMUSG00000057278.9,Snrpg,1212.5039104323805,-0.5817907723619837,0.12801683616117704,-4.5446426408280525,5.502853264560704e-6,2.284705142019515e-5,DOWN,ENSMUSG00000057278
ENSMUSG00000075033.5,Nxpe3,119.35656748685112,0.625272509685798,0.13763150498561752,4.543091421917815,5.543519509729945e-6,2.3004659048918363e-5,UP,ENSMUSG00000075033
ENSMUSG00000040146.10,NA,78.78511622905702,0.8197919172266619,0.18046543814622565,4.542653294989424,5.555057304057805e-6,2.304691498238766e-5,UP,ENSMUSG00000040146
ENSMUSG00000084093.2,Gm16418,466.48040149572,-0.6785709627135558,0.14939458541332948,-4.542138932519916,5.568632049669312e-6,2.309759917967715e-5,DOWN,ENSMUSG00000084093
ENSMUSG00000031659.14,NA,6507.313518016743,0.5778510233274593,0.12727986142026199,4.540003554996563,5.6253279764327745e-6,2.330434289091736e-5,UP,ENSMUSG00000031659
ENSMUSG00000022615.8,Tymp,5.870810275099861,-3.0595851878782687,0.674165942036897,-4.53832654113936,5.670240944837545e-6,2.3484685218681757e-5,DOWN,ENSMUSG00000022615
ENSMUSG00000039967.15,NA,857.5218007330932,0.7523536213892958,0.16588130538373305,4.5354937354084415,5.7468884147818805e-6,2.3784761348693272e-5,UP,ENSMUSG00000039967
ENSMUSG00000120232.2,Gm56557,65.76970314289774,-0.7030742829268447,0.15505293347649965,-4.534414584509651,5.776347137845666e-6,2.3892081772185927e-5,DOWN,ENSMUSG00000120232
ENSMUSG00000091383.3,H2af-ps2,155.82841627309227,-1.093659593373838,0.2411922480004081,-4.534389485734996,5.777034002541957e-6,2.3892081772185927e-5,DOWN,ENSMUSG00000091383
ENSMUSG00000089906.2,Gm6428,125.31146175031814,-0.8379869487413567,0.18484074036833248,-4.533561957561404,5.799724352348069e-6,2.3974261627620628e-5,DOWN,ENSMUSG00000089906
ENSMUSG00000134509.1,ENSMUSG00000134509,2913.8545205279197,-0.5906717227767195,0.1303490826494005,-4.5314605271557395,5.857728352639693e-6,2.4196387749572654e-5,DOWN,ENSMUSG00000134509
ENSMUSG00000120804.2,Gm56993,84.18395612128657,-1.173896279221482,0.25911393703058755,-4.530425081237168,5.886512675777288e-6,2.4303480107858354e-5,DOWN,ENSMUSG00000120804
ENSMUSG00000138813.1,Gm12551,648.2976165311811,-0.5192630276853123,0.11462653930724435,-4.530041915454523,5.897198564064835e-6,2.4329878403805572e-5,DOWN,ENSMUSG00000138813
ENSMUSG00000044080.10,NA,3329.055711307978,-0.5286707978276317,0.11676705608771512,-4.527568096180275,5.966637657238183e-6,2.458653743615036e-5,DOWN,ENSMUSG00000044080
ENSMUSG00000089993.2,Gm5822,1186.2269772682362,-0.5385834134335858,0.11900595555609289,-4.525684541726377,6.020032268570086e-6,2.4800549602544305e-5,DOWN,ENSMUSG00000089993
ENSMUSG00000033467.13,NA,1683.954149722317,-0.6537989183632127,0.1444834463035939,-4.525078374649415,6.037312811909458e-6,2.4862333724323194e-5,DOWN,ENSMUSG00000033467
ENSMUSG00000058833.12,NA,1090.4695526625824,-0.6017833283802233,0.13298914701710052,-4.525055930337252,6.0379535623576854e-6,2.4862333724323194e-5,DOWN,ENSMUSG00000058833
ENSMUSG00000120315.2,Gm57455,17.054565859029573,-1.8450580564269632,0.40785991846580616,-4.523754291344144,6.075224877904462e-6,2.5003696581230225e-5,DOWN,ENSMUSG00000120315
ENSMUSG00000055900.16,NA,140.5765779361488,-0.5101123421986261,0.11281357721126431,-4.521728277823744,6.13367643038265e-6,2.5225949546574934e-5,DOWN,ENSMUSG00000055900
ENSMUSG00000113431.2,Gm6722,282.80358136104866,-0.50631280347479235,0.11203675481336219,-4.5191669851401874,6.208341562326052e-6,2.5514513438597594e-5,DOWN,ENSMUSG00000113431
ENSMUSG00000024082.6,Ndufaf7,386.2007220172151,-0.6099536194678734,0.1350394859898363,-4.516853829803391,6.276519911343023e-6,2.576979662295979e-5,DOWN,ENSMUSG00000024082
ENSMUSG00000037486.19,NA,995.9911949853182,0.5069330909626535,0.11227460019555696,4.5151182019770335,6.328145941167959e-6,2.5962955337877515e-5,UP,ENSMUSG00000037486
ENSMUSG00000039735.17,NA,3374.972977166163,0.5700265520576112,0.12626039763404884,4.5146899799077715,6.340945702357456e-6,2.600292322505206e-5,UP,ENSMUSG00000039735
ENSMUSG00000052512.19,NA,408.33446250557313,0.8865154877451635,0.19638093089312178,4.5142646168004985,6.353684529794252e-6,2.6048881174947217e-5,UP,ENSMUSG00000052512
ENSMUSG00000037661.15,NA,148.321943188644,0.7818667236326047,0.1733046568874562,4.511515949282009,6.436594241414668e-6,2.637607751072237e-5,UP,ENSMUSG00000037661
ENSMUSG00000041540.17,NA,15.733814462786567,1.093353698797529,0.24235256654602225,4.511417866870015,6.4395718043731095e-6,2.6381921971854754e-5,UP,ENSMUSG00000041540
ENSMUSG00000072594.4,Gm16439,1463.2208786370866,-0.5888445515415277,0.13053520125844778,-4.511001981570238,6.452211800422318e-6,2.6427339565987948e-5,DOWN,ENSMUSG00000072594
ENSMUSG00000038895.17,NA,178.4682092881371,-0.5253528532390049,0.1164704882587989,-4.510609177422389,6.4641720868714695e-6,2.6469951964684856e-5,DOWN,ENSMUSG00000038895
ENSMUSG00000014039.19,NA,150.37286130992877,0.6786222853726102,0.15046514936435137,4.510162574120909,6.477796243567566e-6,2.6519355541191633e-5,UP,ENSMUSG00000014039
ENSMUSG00000074813.17,NA,600.1511588265199,-0.5040283318213576,0.1118175069005965,-4.50759765435862,6.556575660640006e-6,2.6816047543252513e-5,DOWN,ENSMUSG00000074813
ENSMUSG00000100280.5,Gm28417,61.58971452238319,-1.034353285592034,0.22967682315489543,-4.50351616407747,6.683828154986128e-6,2.7297113737678695e-5,DOWN,ENSMUSG00000100280
ENSMUSG00000035215.10,NA,496.0487693315562,-0.5575044406400257,0.12383515573378223,-4.501988448567344,6.732064144006287e-6,2.7487510884266728e-5,DOWN,ENSMUSG00000035215
ENSMUSG00000035954.11,NA,1570.6880638919654,0.6628072364621073,0.14731353993383614,4.499296105163165,6.817883668372665e-6,2.7824557154870542e-5,UP,ENSMUSG00000035954
ENSMUSG00000022893.15,NA,12.863618723808859,1.7866556800123194,0.39737562213819255,4.49613811335157,6.9198797014717105e-6,2.8227266539512567e-5,UP,ENSMUSG00000022893
ENSMUSG00000046229.11,NA,541.0414484615603,-1.5370099060903362,0.3422867408130002,-4.490416141857049,7.1084157304505255e-6,2.893387216659685e-5,DOWN,ENSMUSG00000046229
ENSMUSG00000037826.6,Ppm1k,553.9132826561627,0.5008383164746099,0.11155315147373891,4.4896832573350816,7.132915883159506e-6,2.9026649320174813e-5,UP,ENSMUSG00000037826
ENSMUSG00000121845.2,ENSMUSG00000121845,232.61063833399592,-0.5678490677607734,0.12648680556573474,-4.489393697792963,7.142618028892364e-6,2.9059177559651567e-5,DOWN,ENSMUSG00000121845
ENSMUSG00000040026.9,Saa3,828381.0599726281,-0.6910021272239774,0.1540142414928712,-4.486611890731946,7.236472140758829e-6,2.9426935730689777e-5,DOWN,ENSMUSG00000040026
ENSMUSG00000026930.16,NA,121.4873964920982,0.5109236609305376,0.11391229165013231,4.485237313105571,7.283282636555048e-6,2.958898817899072e-5,UP,ENSMUSG00000026930
ENSMUSG00000039081.11,NA,182.72032116608568,0.7189837924004778,0.16037052168185265,4.483266530907827,7.350902052932391e-6,2.984231088855771e-5,UP,ENSMUSG00000039081
ENSMUSG00000035048.14,NA,621.6896774583386,-0.5677515411501785,0.12664680564136566,-4.482951925040407,7.361751894425922e-6,2.98720956136023e-5,DOWN,ENSMUSG00000035048
ENSMUSG00000072774.11,NA,85.76735375410176,-0.7440876193111918,0.166030414689068,-4.481634408398457,7.4073557927631065e-6,3.0035644399553977e-5,DOWN,ENSMUSG00000072774
ENSMUSG00000029409.9,U90926,149.15585958061075,-0.575340581935864,0.1284735383436263,-4.478280814505233,7.524657653219422e-6,3.0474953096129908e-05,DOWN,ENSMUSG00000029409
ENSMUSG00000105408.2,Gm7285,99.51502127734538,-0.7328572891831256,0.16370503286493232,-4.476693699379312,7.580788926797399e-6,3.068766876674996e-5,DOWN,ENSMUSG00000105408
ENSMUSG00000039824.5,Myl6b,153.08956881128162,0.6778865687048776,0.1515395529794434,4.473330925008298,7.701045420783889e-6,3.113741760005963e-5,UP,ENSMUSG00000039824
ENSMUSG00000034156.17,NA,102.93968202365646,0.7475197356876558,0.16725313363166155,4.469391511275983,7.844243354983107e-6,3.165619423228351e-5,UP,ENSMUSG00000034156
ENSMUSG00000073616.11,NA,3711.109129465313,-0.5962033416385166,0.1334021779254317,-4.469217451395574,7.850628805573502e-6,3.167444684877414e-5,DOWN,ENSMUSG00000073616
ENSMUSG00000050796.5,B3galt6,147.7931538707661,-0.5774063359375419,0.12921595730128246,-4.468537384986051,7.875624961671627e-6,3.176776045972193e-5,DOWN,ENSMUSG00000050796
ENSMUSG00000047617.12,NA,147.1970426479311,-0.5497353303857333,0.12306374316017099,-4.467077924569847,7.929525208515845e-6,3.195485916967309e-5,DOWN,ENSMUSG00000047617
ENSMUSG00000117345.2,Gm7926,821.5766902130449,-0.5384742589345132,0.12055399828642727,-4.466664454007893,7.944859341690899e-6,3.200906845884753e-5,DOWN,ENSMUSG00000117345
ENSMUSG00000078866.11,NA,150.7682309190132,-0.5691067516367063,0.12744325830083092,-4.465569691362762,7.98559716071382e-6,3.2142737352686204e-5,DOWN,ENSMUSG00000078866
ENSMUSG00000029166.15,NA,221.08195984454247,0.576161305170511,0.12902165091160167,4.465617213077394,7.983824665561312e-6,3.2142737352686204e-5,UP,ENSMUSG00000029166
ENSMUSG00000021027.19,NA,738.5844215654554,0.5559653208147883,0.12453522991529463,4.464321631661502,8.032282989220164e-6,3.2315354746789234e-5,UP,ENSMUSG00000021027
ENSMUSG00000005763.16,NA,67.55966272217259,-0.5743271871523793,0.12870636615698322,-4.462305978337327,8.108233406309655e-6,3.258237649047779e-5,DOWN,ENSMUSG00000005763
ENSMUSG00000096981.4,Gm16845,76.6058844945273,-0.8383198522600589,0.18805326989837606,-4.457885006270227,8.277228264094457e-6,3.3167423152495366e-5,DOWN,ENSMUSG00000096981
ENSMUSG00000120808.1,Gm57030,144.02739690127885,-0.8145599965493383,0.18274940778228058,-4.457251087345621,8.301734530669584e-6,3.32577850243974e-5,DOWN,ENSMUSG00000120808
ENSMUSG00000022679.14,NA,216.04768016059185,0.5383741893440948,0.12081216303088944,4.456291285890167,8.338970916288281e-6,3.339909076834633e-5,UP,ENSMUSG00000022679
ENSMUSG00000120999.2,Gm17586,158.68456907067667,-0.530452577001207,0.11903742076658759,-4.456183388258516,8.343166872504602e-6,3.340802821610861e-5,DOWN,ENSMUSG00000120999
ENSMUSG00000119959.2,Lppos,93.03737544168,-1.0477558591153802,0.23518146215728608,-4.455095437814124,8.38558833586825e-6,3.3562088783190274e-5,DOWN,ENSMUSG00000119959
ENSMUSG00000039934.13,NA,2147.8053381155823,-0.5227229638637978,0.11736827631863214,-4.453698906207894,8.44034425046554e-6,3.376534799421712e-5,DOWN,ENSMUSG00000039934
ENSMUSG00000046323.9,Dppa3,41.55853163098513,-1.2361849380029153,0.27760591459941797,-4.4530208939774045,8.467051162618296e-6,3.386422202998277e-5,DOWN,ENSMUSG00000046323
ENSMUSG00000121675.1,ENSMUSG00000121675,290.4669556898342,0.7196421243639094,0.16165782768479225,4.451637973059369,8.521775026493134e-6,3.406706772462206e-5,UP,ENSMUSG00000121675
ENSMUSG00000082536.2,Gm13456,50182.59677893908,-0.5112091318211177,0.11484636799369811,-4.451243350152518,8.537452622844285e-6,3.4121720165473535e-5,DOWN,ENSMUSG00000082536
ENSMUSG00000013150.16,NA,104.38057963085569,0.5977803362233219,0.13432643231617622,4.4502063065017055,8.578783850058349e-6,3.427885294973973e-5,UP,ENSMUSG00000013150
ENSMUSG00000032409.16,NA,164.84457532362234,0.5914727240652049,0.13293012002887059,4.449501166001695,8.606996268536902e-6,3.4383504473276615e-5,UP,ENSMUSG00000032409
ENSMUSG00000110594.3,Gm33103,37.641214747589636,-0.8727489974701379,0.1961763897622088,-4.448797322287471,8.635245214634821e-6,3.448015499414881e-5,DOWN,ENSMUSG00000110594
ENSMUSG00000112140.2,Gm5780,32.31801620334079,1.2162714177869793,0.27352032144726585,4.44673145801883,8.718671812774309e-6,3.4772451418395847e-5,UP,ENSMUSG00000112140
ENSMUSG00000015659.13,NA,159.9880895217165,0.5943735003684355,0.13366460344421824,4.446753179621584,8.71779062753453e-6,3.4772451418395847e-5,UP,ENSMUSG00000015659
ENSMUSG00000116702.2,Gm6553,282.1957526223053,-0.5151079697386083,0.11592958336108874,-4.4432831966124535,8.859642727796264e-6,3.5285031435340345e-5,DOWN,ENSMUSG00000116702
ENSMUSG00000010660.4,Plcd1,109.42285209510057,0.717295498891182,0.16144086812761552,4.4430849958275465,8.867811364939536e-6,3.53092952639105e-5,UP,ENSMUSG00000010660
ENSMUSG00000049323.9,Smcr8,3747.406535265084,0.5299317085877229,0.11927975147965769,4.442763352655869,8.881082868758935e-6,3.535386125143129e-5,UP,ENSMUSG00000049323
ENSMUSG00000035914.12,NA,189.81945088159495,0.7570627151475283,0.17043043249491835,4.442062981739492,8.910046965235926e-6,3.54608609152357e-5,UP,ENSMUSG00000035914
ENSMUSG00000099843.4,Gm7160,85.00997297359127,-0.6776306547308453,0.15259447737874487,-4.4407285661390095,8.96548222382079e-6,3.566479314580032e-5,DOWN,ENSMUSG00000099843
ENSMUSG00000024592.16,NA,253.95737348802948,-0.5043206093970878,0.11358243742706954,-4.440128428489734,8.990520873837555e-6,3.57560332040415e-5,DOWN,ENSMUSG00000024592
ENSMUSG00000074867.5,Zfp808,38.12081853554647,-1.2588790656714,0.2835325031757221,-4.439981489145874,8.996661580329236e-6,3.5772089510189146e-5,DOWN,ENSMUSG00000074867
ENSMUSG00000105283.4,Gm33370,66.00473035839813,-0.897029262473233,0.20206491377096397,-4.439312326582315,9.024677109442964e-6,3.5875095587467755e-5,DOWN,ENSMUSG00000105283
ENSMUSG00000021495.11,NA,208.22136926740316,0.5833172017983123,0.13156725370399733,4.433604756322353,9.267044756923209e-6,3.6795555250113495e-5,UP,ENSMUSG00000021495
ENSMUSG00000022369.14,NA,141.6184013083114,-0.690618536300222,0.15578907648416368,-4.433035690858755,9.291547756784244e-6,3.688263241494525e-5,DOWN,ENSMUSG00000022369
ENSMUSG00000062619.7,2310039H08Rik,263.0426558538481,-0.7268765709912097,0.1640866724956925,-4.429833087207562,9.430605034495677e-6,3.740132211208804e-5,DOWN,ENSMUSG00000062619
ENSMUSG00000100215.2,Gm8292,1218.2516623658764,-0.5956009961903429,0.13451151010094256,-4.427881270111244,9.516325790373884e-6,3.772369146645648e-5,DOWN,ENSMUSG00000100215
ENSMUSG00000068480.7,Gm7551,277.50882408330153,0.5467784021311766,0.12352071075595232,4.426613146774076,9.572418152157688e-6,3.79372041704949e-5,UP,ENSMUSG00000068480
ENSMUSG00000036273.16,NA,530.3177219728279,0.6628072619415877,0.14977519025106742,4.425347487995356,9.628716338555783e-6,3.814254601758203e-5,UP,ENSMUSG00000036273
ENSMUSG00000089670.2,Gm16581,25.338153394754986,1.0889165831367549,0.2462121244146292,4.422676526290736,9.748564090410667e-6,3.8590335410038124e-5,UP,ENSMUSG00000089670
ENSMUSG00000037845.15,NA,178.48960091183903,-0.6077661469027422,0.1374341056261805,-4.422236708520231,9.76843512836945e-6,3.864201158247287e-5,DOWN,ENSMUSG00000037845
ENSMUSG00000121810.1,Pphln1-ps1,99.08965548934952,-0.772989691933352,0.17483487190427932,-4.421255802770042,9.812892068142261e-6,3.880884709554123e-5,DOWN,ENSMUSG00000121810
ENSMUSG00000028927.7,Padi2,421.60736695406655,0.5256986909846758,0.11890833933522625,4.4210413998182805,9.822635015556516e-6,3.8838347145908885e-5,UP,ENSMUSG00000028927
ENSMUSG00000030157.6,Clec2d,1275.5997783298806,-0.5923853483357077,0.1340189290657837,-4.420161782108654,9.862703604261483e-6,3.898771210926796e-5,DOWN,ENSMUSG00000030157
ENSMUSG00000038943.17,NA,875.2196421798693,0.5356799830312045,0.12121150807387218,4.41938221496869,9.898345113661889e-6,3.9119511271888e-5,UP,ENSMUSG00000038943
ENSMUSG00000035539.15,NA,45.06482838785976,-1.2713783952354647,0.28784377124784805,-4.416904314878308,1.0012452552712745e-5,3.952455155789994e-5,DOWN,ENSMUSG00000035539
ENSMUSG00000104649.2,Gm43712,481.1774474572194,-0.5206026409750407,0.1179076405335893,-4.4153427090819655,1.0085008815347086e-5,3.9775127587496196e-5,DOWN,ENSMUSG00000104649
ENSMUSG00000024899.8,Papss2,367.4475542139798,0.5158394773152333,0.11682902152758674,4.41533679363589,1.0085284614682089e-5,3.9775127587496196e-5,UP,ENSMUSG00000024899
ENSMUSG00000129327.1,ENSMUSG00000129327,14.262348707147492,1.244929520795981,0.28201751835135286,4.414369462130291,1.0130482117241616e-5,3.9944117525112664e-5,UP,ENSMUSG00000129327
ENSMUSG00000021575.17,NA,58.460477353270285,-1.0799921944517992,0.24478468558841587,-4.41200883076367,1.0241593526576598e-5,4.0354156513661176e-5,DOWN,ENSMUSG00000021575
ENSMUSG00000040648.16,NA,937.4385986501924,0.5330446936207847,0.12082711102904124,4.411631537665958,1.025945967369575e-5,4.041518906899929e-5,UP,ENSMUSG00000040648
ENSMUSG00000000365.10,NA,20.580550845703293,-1.2311532306448427,0.2793378884799305,-4.407397927092504,1.0461987660658868e-5,4.1136777377379124e-5,DOWN,ENSMUSG00000000365
ENSMUSG00000005057.14,NA,654.3536925901267,0.5507162718481277,0.1249633731201551,4.407021498360176,1.0480178971404075e-5,4.1198780302287954e-5,UP,ENSMUSG00000005057
ENSMUSG00000073771.12,NA,83.95651703854514,-0.6616881269452407,0.15024180664981504,-4.404154487355902,1.061972475622454e-5,4.1708785035647695e-5,DOWN,ENSMUSG00000073771
ENSMUSG00000085227.4,6330418K02Rik,110.72889259803901,-0.5923369393555529,0.134523303800844,-4.403229199845421,1.0665138653569212e-5,4.186780885101524e-5,DOWN,ENSMUSG00000085227
ENSMUSG00000029821.16,NA,398.2655220769515,-0.6100620899372833,0.13857714561901074,-4.402328300328274,1.0709533700812214e-5,4.203238636418475e-5,DOWN,ENSMUSG00000029821
ENSMUSG00000039477.17,NA,614.8445477389664,0.8385212956014161,0.1905313223027538,4.400962977987461,1.0777151348807766e-5,4.228801011486499e-5,UP,ENSMUSG00000039477
ENSMUSG00000031375.19,NA,21.00169521891621,2.0236177424666044,0.46009673971091364,4.398244038282203,1.0913023086465091e-5,4.2791531152507574e-5,UP,ENSMUSG00000031375
ENSMUSG00000070572.8,Trmt112-ps2,696.242266809981,-0.5525975735008578,0.1257008949215239,-4.396130782090685,1.1019755408155019e-5,4.316303624803313e-5,DOWN,ENSMUSG00000070572
ENSMUSG00000024831.15,NA,227.41445782455713,0.5028474077869811,0.11438444754939911,4.396116942120273,1.1020457684873566e-5,4.316303624803313e-5,UP,ENSMUSG00000024831
ENSMUSG00000046111.19,NA,214.7001133043191,0.554800818884155,0.12622703886583847,4.395261299552705,1.1063958330911088e-5,4.330349260655327e-5,UP,ENSMUSG00000046111
ENSMUSG00000049728.15,NA,259.5514721889122,0.5113878311867291,0.11635290033925472,4.395144682218111,1.106989980461693e-5,4.331677774443523e-5,UP,ENSMUSG00000049728
ENSMUSG00000025880.13,NA,84.25120322627247,0.6602479480491236,0.15025635726976844,4.394143183331154,1.1121050193105625e-5,4.349691342777237e-5,UP,ENSMUSG00000025880
ENSMUSG00000037418.7,Best1,142.7188036536914,0.6079031688548235,0.13840252938657316,4.392283663811408,1.1216622001095195e-5,4.385054568979883e-5,UP,ENSMUSG00000037418
ENSMUSG00000041702.8,Btbd7,922.4439163244238,0.5989250891130098,0.13636951809313727,4.39192788452884,1.1234996761445315e-5,4.39021955250779e-5,UP,ENSMUSG00000041702
ENSMUSG00000038214.17,NA,34.63003278525194,1.021013396181987,0.2325652764948774,4.39022287234903,1.132345425912494e-5,4.421737385319833e-5,UP,ENSMUSG00000038214
ENSMUSG00000051890.14,NA,102.69610952880193,-0.8437704289495607,0.19219831420077524,-4.390103172643526,1.1329689295464775e-5,4.423156477471854e-5,DOWN,ENSMUSG00000051890
ENSMUSG00000059142.17,NA,116.96123628276699,-0.5635530960360695,0.12838970530932284,-4.389394731285733,1.136665844113474e-5,4.434535293643895e-5,DOWN,ENSMUSG00000059142
ENSMUSG00000042641.20,NA,47.1913837636907,-0.8739085415856007,0.19919063026262146,-4.3872974367991215,1.1476779472850108e-5,4.472367362861799e-5,DOWN,ENSMUSG00000042641
ENSMUSG00000054836.13,NA,254.20426342664166,-0.5221075017610275,0.1190928860653171,-4.384036016010856,1.1650049961936252e-5,4.534693285710412e-5,DOWN,ENSMUSG00000054836
ENSMUSG00000032911.7,Cspg4,26.168696748338117,1.2812217785693707,0.29243778403839293,4.381177291376153,1.1803977268868062e-5,4.5914555680322565e-5,UP,ENSMUSG00000032911
ENSMUSG00000026383.15,NA,38.680624230510304,0.8928816627888914,0.2038537348827955,4.3800113022322025,1.1867315354469551e-5,4.615036929295888e-5,UP,ENSMUSG00000026383
ENSMUSG00000070348.6,Ccnd1,5529.138104186235,-0.5603303205224806,0.12793695157145113,-4.379737938413698,1.1882211711888893e-5,4.618717539940172e-5,DOWN,ENSMUSG00000070348
ENSMUSG00000070691.11,NA,361.8846762662701,0.594419108791445,0.13573800558257076,4.379164893725022,1.191349645463827e-5,4.629819943043382e-5,UP,ENSMUSG00000070691
ENSMUSG00000013236.18,NA,623.7872305868434,0.695790454794601,0.15891565464782167,4.378363203653948,1.1957395791051745e-5,4.644757259539195e-5,UP,ENSMUSG00000013236
ENSMUSG00000112909.2,Gm10120,657.5784147312102,-0.6519242368478178,0.1489027076672037,-4.3781892690955155,1.1966940544971166e-5,4.64740330915231e-5,DOWN,ENSMUSG00000112909
ENSMUSG00000110057.2,Gm2225,2719.0788977587486,-0.5635475861120056,0.12879003142339057,-4.37570811873919,1.2103889221838589e-5,4.6952267360079165e-5,DOWN,ENSMUSG00000110057
ENSMUSG00000081214.4,Rpl35a-ps2,6594.809207923265,-0.5215234729861286,0.11919725492719573,-4.375297680342294,1.2126687319371135e-5,4.7019253204109784e-5,DOWN,ENSMUSG00000081214
ENSMUSG00000070858.13,NA,22.584766821874606,-1.718944060903182,0.3932907909926515,-4.370669490034665,1.2386616338753583e-5,4.79287366227175e-5,DOWN,ENSMUSG00000070858
ENSMUSG00000021188.15,NA,742.269103082244,0.6180289989373189,0.14140709601360266,4.370565667212822,1.2392507780435007e-5,4.794062495770649e-5,UP,ENSMUSG00000021188
ENSMUSG00000113311.3,Gm47428,210.3765760986393,1.2220489034391204,0.27963659404819413,4.370132269700387,1.2417129879222555e-5,4.8014031542987445e-5,UP,ENSMUSG00000113311
ENSMUSG00000035441.15,NA,68.05776869732895,0.6879742992333673,0.15743010617983902,4.370030078284171,1.2422942356634316e-5,4.802558711455403e-5,UP,ENSMUSG00000035441
ENSMUSG00000121478.2,Gm53567,87.40003981176169,-0.7396174874942755,0.16928471644196488,-4.369074202560012,1.2477436845246267e-5,4.8225293406876825e-5,DOWN,ENSMUSG00000121478
ENSMUSG00000115938.2,Gm17241,1140.6216326389904,-0.7086496180792008,0.16222271869516694,-4.368374687461784,1.25174606755793e-5,4.836899255825985e-5,DOWN,ENSMUSG00000115938
ENSMUSG00000045725.6,Prr15,130.46940833330862,-0.6532801912438393,0.14956641418848438,-4.367826793123302,1.2548894815760287e-5,4.847944235275317e-5,DOWN,ENSMUSG00000045725
ENSMUSG00000096795.5,Zfp433,145.09524601043995,-0.5806873962937327,0.1329657379996826,-4.367195677845363,1.2585196914894935e-5,4.859760643385633e-5,DOWN,ENSMUSG00000096795
ENSMUSG00000069302.6,H2ac12,5.332225200041682,-2.4624524113174373,0.5639983017607957,-4.366063521166095,1.2650570450359783e-5,4.88389559770303e-5,DOWN,ENSMUSG00000069302
ENSMUSG00000060019.7,Gm10073,4472.106572798168,-0.5117420316001986,0.11721845123333352,-4.365712276657978,1.2670917949897886e-5,4.890640732091771e-5,DOWN,ENSMUSG00000060019
ENSMUSG00000034751.18,NA,19.364889752920238,1.0384898897292625,0.2379823862976319,4.363725844947527,1.2786580378709848e-5,4.931925287374454e-5,UP,ENSMUSG00000034751
ENSMUSG00000019852.8,Arfgef3,143.51072125177632,0.9038066654302738,0.20714376472763368,4.363185474680633,1.2818217972242711e-5,4.9418865299469406e-5,UP,ENSMUSG00000019852
ENSMUSG00000104818.4,Gm43661,82.23674564579308,-0.9355940065224587,0.21445954899511382,-4.362566325007869,1.2854559757810657e-5,4.9525292986254653e-5,DOWN,ENSMUSG00000104818
ENSMUSG00000041000.9,Trim62,132.1697432553369,0.5960333854227599,0.13664934321158784,4.361772778518677,1.2901281747538722e-5,4.968278926599717e-5,UP,ENSMUSG00000041000
ENSMUSG00000090093.10,NA,401.8259950322991,-0.577197364050962,0.13236892565927463,-4.360520123406469,1.2975364784743258e-5,4.9911570578906094e-5,DOWN,ENSMUSG00000090093
ENSMUSG00000024044.20,NA,116.86899243116443,0.686489360720408,0.15743282562122957,4.360522387955133,1.2975230492026825e-5,4.9911570578906094e-5,UP,ENSMUSG00000024044
ENSMUSG00000036533.10,NA,371.3348410138985,0.5141318549402537,0.11792210098278015,4.359927873192583,1.3010532086941877e-5,5.001506056820817e-5,UP,ENSMUSG00000036533
ENSMUSG00000042302.15,NA,121.54405764341153,0.7001305546985522,0.1606043653756115,4.359349467625805,1.3044965066194355e-5,5.013393806004547e-5,UP,ENSMUSG00000042302
ENSMUSG00000113165.3,Gm47863,64.1484771725224,-0.7473885786936938,0.1715106350389898,-4.3576806681625815,1.3144798085032314e-5,5.047198831204776e-5,DOWN,ENSMUSG00000113165
ENSMUSG00000030319.9,Cand2,34.88481166966728,0.8854597236115969,0.20320354451055003,4.357501370088675,1.3155567539572972e-5,5.05019371507851e-5,UP,ENSMUSG00000030319
ENSMUSG00000040767.12,NA,896.0606101622178,-0.5412123156838305,0.12421041408292287,-4.357221732813138,1.3172380624681586e-5,5.0555067682991434e-5,DOWN,ENSMUSG00000040767
ENSMUSG00000056458.17,NA,79.99490007671079,0.9452449533996571,0.2169518022895942,4.356935242869814,1.3189626981925969e-5,5.060983674517893e-5,UP,ENSMUSG00000056458
ENSMUSG00000097166.4,9330179D12Rik,45.09495333196098,-0.903796081621848,0.20751926900287668,-4.35523932772392,1.3292161104376095e-5,5.099176443514998e-5,DOWN,ENSMUSG00000097166
ENSMUSG00000046516.12,NA,2182.4790302860133,-0.5406810427687053,0.12416441779027901,-4.354557065470619,1.3333624426946232e-5,5.11169930718422e-5,DOWN,ENSMUSG00000046516
ENSMUSG00000055639.17,NA,41.803275717558456,1.0326953477725764,0.23736645549149157,4.350637269424928,1.3574244508849712e-5,5.194500497693478e-5,UP,ENSMUSG00000055639
ENSMUSG00000032601.14,NA,815.2704642355949,0.6063972083789191,0.13939100004296337,4.350332576651391,1.359312083272851e-5,5.200553720615997e-5,UP,ENSMUSG00000032601
ENSMUSG00000024205.8,Rpl36-ps2,934.5048387452914,-0.6432641832493541,0.14793203950930628,-4.348376358381018,1.3714910202535543e-5,5.2412530989734704e-5,DOWN,ENSMUSG00000024205
ENSMUSG00000095526.3,Gm10243,6834.076023032692,-0.5028220345029699,0.11567040688202519,-4.347023997380845,1.3799712624654908e-5,5.270108082076833e-5,DOWN,ENSMUSG00000095526
ENSMUSG00000135122.1,ENSMUSG00000135122,1569.8161688032428,0.6201214974681489,0.14266256970024346,4.3467708367452085,1.3815643030615131e-5,5.275007305312998e-5,UP,ENSMUSG00000135122
ENSMUSG00000067575.6,Rpl35a-ps3,6837.96473008859,-0.5033948940095789,0.11587035479641428,-4.344466666163664,1.3961444044336237e-5,5.3258931677429796e-5,DOWN,ENSMUSG00000067575
ENSMUSG00000042198.13,NA,547.9931116559535,-0.5789021270434003,0.13329176466762174,-4.343119985596702,1.4047336246931216e-5,5.355054925247977e-5,DOWN,ENSMUSG00000042198
ENSMUSG00000004098.8,Col5a3,6.8136198077649945,1.9433464896353625,0.44758783005637576,4.341821557995867,1.4130627892622987e-5,5.3819811409170554e-5,UP,ENSMUSG00000004098
ENSMUSG00000093885.3,Rpl35a-ps5,3183.07384603738,-0.5000564031629768,0.11517927112182978,-4.34154859891453,1.4148197511675273e-5,5.3874663431157564e-5,DOWN,ENSMUSG00000093885
ENSMUSG00000121114.2,Gm41291,40.33328554796415,-0.8738271752024938,0.20135109184429267,-4.339818409717069,1.4260050516642695e-5,5.426413494876386e-5,DOWN,ENSMUSG00000121114
ENSMUSG00000026162.9,Nhej1,190.9032505942937,-0.5460487074589185,0.1259172469335427,-4.336568029851503,1.4472464838306562e-5,5.5010893392990924e-5,DOWN,ENSMUSG00000026162
ENSMUSG00000039835.17,NA,11.379318456445063,2.2235576453492265,0.5129351131436624,4.334968670250607,1.4578088330383376e-5,5.530113097178222e-5,UP,ENSMUSG00000039835
ENSMUSG00000024925.12,NA,606.2748067678461,-0.6700986414754145,0.1546065463057378,-4.334219070842446,1.4627845336139523e-5,5.547750619678607e-5,DOWN,ENSMUSG00000024925
ENSMUSG00000031142.18,NA,164.5262703918019,-0.5050673421980717,0.11658318266369015,-4.332248705673524,1.4759407965391973e-5,5.587677913166872e-5,DOWN,ENSMUSG00000031142
ENSMUSG00000083424.4,Rpl35a-ps4,6465.358327070816,-0.5138538805225432,0.1186434188232052,-4.331077826476454,1.4838122026903658e-5,5.614977819081522e-5,DOWN,ENSMUSG00000083424
ENSMUSG00000026723.11,NA,181.5498400867606,-0.7294844482787796,0.16855718203156864,-4.327815875221243,1.5059527915231803e-5,5.6949595669653556e-5,DOWN,ENSMUSG00000026723
ENSMUSG00000017550.15,NA,118.62652283173195,0.6955708248432733,0.16072565001228706,4.327690227353871,1.5068118991253547e-5,5.6969415643676706e-5,UP,ENSMUSG00000017550
ENSMUSG00000030037.10,NA,1067.7892214759459,-0.5000011194483283,0.11556768312457964,-4.326478700012849,1.5151196344471902e-5,5.723261773302736e-5,DOWN,ENSMUSG00000030037
ENSMUSG00000023939.8,Mrpl14,1683.5503813400778,-0.529313267812536,0.1224285919819311,-4.3234448689131035,1.5361153814611246e-5,5.7987076974756686e-5,DOWN,ENSMUSG00000023939
ENSMUSG00000024675.20,NA,10573.775691026485,-0.5420980757179276,0.1254409962020931,-4.321538349747913,1.549451140636063e-5,5.846453538419545e-5,DOWN,ENSMUSG00000024675
ENSMUSG00000127325.1,ENSMUSG00000127325,96.29115702927824,-0.7356878175315198,0.17025303361435784,-4.321143664305771,1.5522256501981437e-5,5.8543245525104525e-5,DOWN,ENSMUSG00000127325
ENSMUSG00000033487.15,NA,6855.101096317403,0.5514952094871929,0.12765303872032277,4.320266991023012,1.5584053303714516e-5,5.875025725625561e-5,UP,ENSMUSG00000033487
ENSMUSG00000039153.18,NA,67.67721731229342,1.3887961497970243,0.32156726738695685,4.318835561474674,1.5685459351061582e-5,5.911944187148787e-5,UP,ENSMUSG00000039153
ENSMUSG00000081520.2,Gm16200,118.80752068304021,-0.8482088315735454,0.1964389705914731,-4.317925455522438,1.5750260313202017e-5,5.93505266754517e-5,DOWN,ENSMUSG00000081520
ENSMUSG00000143385.1,ENSMUSG00000143385,15.175609718784237,-1.633148879413841,0.37830404845346655,-4.317027232698852,1.5814465352353597e-5,5.956606816879851e-5,DOWN,ENSMUSG00000143385
ENSMUSG00000081740.4,Gm14279,2837.1627996713128,-0.5317310976502733,0.12319364953827332,-4.316221653008803,1.5872260408772843e-5,5.975728592242439e-5,DOWN,ENSMUSG00000081740
ENSMUSG00000036214.15,NA,87.18693370554612,-0.7988614511035759,0.18517275018472099,-4.314141526259471,1.602242847906022e-5,6.025595283390051e-5,DOWN,ENSMUSG00000036214
ENSMUSG00000074405.9,Zfp865,298.0103970251133,0.585452083843238,0.1357342093232409,4.313224254683117,1.608907734888995e-5,6.047985176729056e-5,UP,ENSMUSG00000074405
ENSMUSG00000061272.9,Gm14173,1477.4598553875142,-0.6674533821365257,0.15477890087506968,-4.312302118460338,1.615634600255114e-5,6.067906804756729e-5,DOWN,ENSMUSG00000061272
ENSMUSG00000020231.16,NA,1320.6171276745802,0.5500887136440745,0.12765541661884103,4.309168605720451,1.638694064490038e-5,6.144494524483109e-5,UP,ENSMUSG00000020231
ENSMUSG00000071723.8,Gspt2,72.04947934113461,0.6521626718887237,0.15136131272386413,4.308648360354115,1.642552776426136e-5,6.156767140379737e-5,UP,ENSMUSG00000071723
ENSMUSG00000118246.2,Gm6052,85.0780245593029,-0.6905758870177444,0.16036972409721437,-4.306148750365904,1.6612137102775574e-5,6.223970116100493e-5,DOWN,ENSMUSG00000118246
ENSMUSG00000140143.1,ENSMUSG00000140143,161.87588976599008,-0.5952651731566733,0.13833817604630305,-4.302971097128189,1.6852284156745928e-5,6.305609337065374e-5,DOWN,ENSMUSG00000140143
ENSMUSG00000032507.16,NA,150.65000989044233,-0.5982889474496672,0.1391097783788387,-4.300840346537987,1.7015161985780914e-5,6.36375290807544e-5,DOWN,ENSMUSG00000032507
ENSMUSG00000009093.8,Gstt4,89.12560143842052,-0.5388520964192974,0.12531579344214558,-4.299953594181796,1.7083387813512863e-5,6.386460610169262e-5,DOWN,ENSMUSG00000009093
ENSMUSG00000049124.5,Gm8186,624.9254191895072,-0.6149374618964556,0.14312271655487677,-4.296574832414346,1.7345742983229988e-5,6.475997918173637e-5,DOWN,ENSMUSG00000049124
ENSMUSG00000027438.15,NA,77.95162132473818,0.6326161032321987,0.147278805235401,4.295364171518541,1.7440679620768678e-5,6.507156595673368e-5,UP,ENSMUSG00000027438
ENSMUSG00000116348.2,Gm18722,6.001644832850819,2.6164151255648775,0.6092372408518647,4.29457516731328,1.750281737724513e-5,6.526163734955388e-5,UP,ENSMUSG00000116348
ENSMUSG00000112766.3,Gm40645,36.836221109928786,0.9307431364789124,0.2167773298936683,4.293544610663173,1.758429626210236e-5,6.554987773636843e-5,UP,ENSMUSG00000112766
ENSMUSG00000055067.16,NA,198.37524695956373,0.6525462234201496,0.15209157054380604,4.2904825105491335,1.782853270923949e-5,6.641665438188976e-5,UP,ENSMUSG00000055067
ENSMUSG00000027272.6,Ubr1,463.9459471977839,0.5036778116208271,0.11742074477488228,4.289513003741141,1.7906532935434984e-5,6.669261916338313e-5,UP,ENSMUSG00000027272
ENSMUSG00000100514.2,Gm12960,383.16544810416826,0.6277897030302563,0.14636781268657323,4.2891240328540166,1.7937918305436932e-5,6.679488476073143e-5,UP,ENSMUSG00000100514
ENSMUSG00000000730.14,NA,613.0271777807777,-0.5110517573131512,0.11918918292219143,-4.287736057782809,1.8050339263100948e-5,6.718408174836829e-5,DOWN,ENSMUSG00000000730
ENSMUSG00000096606.3,Tpbgl,92.47152755331908,0.6965573035094484,0.16250750250850954,4.286308587340292,1.8166659196393965e-5,6.75874439496556e-5,UP,ENSMUSG00000096606
ENSMUSG00000041439.16,NA,975.368247971805,0.6030500224997863,0.14074237763402778,4.284779272863334,1.829207028998602e-5,6.80093894515746e-5,UP,ENSMUSG00000041439
ENSMUSG00000006651.9,Aplp1,236.65038399483424,0.6074046816484778,0.1418760811677029,4.281233853157408,1.858599164354405e-5,6.904180294672566e-5,UP,ENSMUSG00000006651
ENSMUSG00000132157.1,ENSMUSG00000132157,23.38130040567516,-1.335912880023058,0.31231663515319985,-4.277431073653045,1.890624701671707e-5,7.017015206597348e-5,DOWN,ENSMUSG00000132157
ENSMUSG00000060288.14,NA,582.2261028800958,-0.5090420284241548,0.11903367472567962,-4.276453949668221,1.8989381496737633e-5,7.04064625697382e-5,DOWN,ENSMUSG00000060288
ENSMUSG00000020100.16,NA,2354.201180738938,0.55748621440112,0.13037904180994223,4.275888261349442,1.9037669722022262e-5,7.056552120590903e-5,UP,ENSMUSG00000020100
ENSMUSG00000056185.6,Snx32,181.9624357044713,0.5613614877822578,0.13130834314982634,4.275139525153625,1.9101763129888375e-5,7.07876626251649e-5,UP,ENSMUSG00000056185
ENSMUSG00000055771.3,Gm7936,40.11267086613896,-1.0624850195803326,0.24862944619875169,-4.273367599149916,1.9254263466053853e-5,7.133725588316162e-5,DOWN,ENSMUSG00000055771
ENSMUSG00000135826.1,ENSMUSG00000135826,162.93876128303327,1.2388871837016824,0.2901018137547508,4.270525467134878,1.950129497622807e-5,7.220531730148804e-5,UP,ENSMUSG00000135826
ENSMUSG00000029414.12,NA,255.4678227195318,0.6443595029476459,0.15088919054934224,4.270415267003066,1.9510933842064574e-5,7.222528100090338e-5,UP,ENSMUSG00000029414
ENSMUSG00000111128.2,Gm49338,126.42593051928564,0.7737038143713706,0.18129655565897887,4.267614525599247,1.9757434561417528e-5,7.305825878483725e-5,UP,ENSMUSG00000111128
ENSMUSG00000040855.16,NA,425.6131065076292,0.7336268486182864,0.17199202557696575,4.265470135358057,1.994816974921941e-5,7.368344369140427e-5,UP,ENSMUSG00000040855
ENSMUSG00000032586.10,NA,88.00706845800433,-0.8506777911357143,0.19944506379657986,-4.265223590609125,1.9970210996037015e-5,7.374883999969717e-5,DOWN,ENSMUSG00000032586
ENSMUSG00000099681.3,1700052K11Rik,85.3457455148129,-0.5371294775654593,0.12599003173175377,-4.263269642705268,2.0145717170964502e-5,7.426795278764846e-5,DOWN,ENSMUSG00000099681
ENSMUSG00000021290.7,Atp5mj,2756.8120229680044,-0.5685738458836297,0.1333823351233928,-4.262737230965695,2.0193793123965797e-5,7.439680369717555e-5,DOWN,ENSMUSG00000021290
ENSMUSG00000038217.14,NA,124.73468714062273,0.5222680223664248,0.12252497471996152,4.26254340031574,2.0211322841094817e-5,7.444525801075557e-5,UP,ENSMUSG00000038217
ENSMUSG00000097891.2,Gm3650,220.60646748116451,0.7331878973496562,0.1720318316071872,4.261931588473681,2.0266749171138136e-5,7.463324738076552e-5,UP,ENSMUSG00000097891
ENSMUSG00000017386.11,NA,20.139504296890657,1.2431170120433952,0.2918692409073863,4.259157313661056,2.0519902305655212e-5,7.55327832489118e-5,UP,ENSMUSG00000017386
ENSMUSG00000120664.2,Gm56688,19.990683987586586,-1.3702682936923993,0.3218824383760746,-4.257045835136344,2.0714589921397456e-5,7.619993861200197e-5,DOWN,ENSMUSG00000120664
ENSMUSG00000079610.10,NA,147.30901161953793,-0.6286771015189722,0.14769181540358567,-4.256682063261503,2.0748308387182668e-5,7.630746808659784e-5,DOWN,ENSMUSG00000079610
ENSMUSG00000085812.2,Gm15843,238.783749669845,-0.6058412432555594,0.1423337128345669,-4.25648450525367,2.0766642173015082e-5,7.635838200957719e-5,DOWN,ENSMUSG00000085812
ENSMUSG00000074170.6,Plekhf1,68.70494247295855,0.8154599013781949,0.1915870075641544,4.256342388484416,2.07798404364605e-5,7.639039482543174e-5,UP,ENSMUSG00000074170
ENSMUSG00000042742.8,Bmt2,2070.732263489731,0.5491357077578305,0.12905982113301487,4.254892831378299,2.0914916512788826e-5,7.685373168031261e-5,UP,ENSMUSG00000042742
ENSMUSG00000121655.1,ENSMUSG00000121655,2914.312586263453,-0.506143912658324,0.11900632875249233,-4.253083999515647,2.108464398971467e-5,7.746067308038187e-5,DOWN,ENSMUSG00000121655
ENSMUSG00000056054.10,NA,408.7434799284047,-0.643313115800945,0.15140279061408163,-4.249017559000738,2.1471009042048023e-5,7.87609964989363e-5,DOWN,ENSMUSG00000056054
ENSMUSG00000023938.9,Aars2,218.48267331972136,0.5050449824574121,0.11888959479760157,4.248016685709158,2.1567133516261017e-5,7.909654357936917e-5,UP,ENSMUSG00000023938
ENSMUSG00000078864.11,NA,83.766124426443,-0.7343134611141039,0.17302859312149668,-4.243885058919053,2.1968290622627723e-5,8.04983301720334e-5,DOWN,ENSMUSG00000078864
ENSMUSG00000053411.17,NA,100.68377911719504,0.6550802537799933,0.15443902315828958,4.241675713712461,2.2185709574245764e-5,8.12250111990578e-5,UP,ENSMUSG00000053411
ENSMUSG00000019987.10,NA,25501.470154949537,-1.3218678609555137,0.31174244951959346,-4.240256221097129,2.2326479096307365e-5,8.168762984333111e-5,DOWN,ENSMUSG00000019987
ENSMUSG00000097908.10,NA,98.69380858214193,0.7217571867570446,0.1702221056729929,4.240090814900295,2.2342937438320818e-5,8.171268689808254e-5,UP,ENSMUSG00000097908
ENSMUSG00000118012.2,Gm46620,33.37613884539661,0.9307068446137577,0.2195722076641816,4.2387279087579275,2.2478990359944678e-5,8.219258440361625e-5,UP,ENSMUSG00000118012
ENSMUSG00000029516.20,NA,84.75921332385005,0.7610809224548738,0.17958377735145534,4.238027140755573,2.2549251518208757e-5,8.243176511579065e-5,UP,ENSMUSG00000029516
ENSMUSG00000028438.17,NA,67.81267663373306,0.9369078105018981,0.22121674529146962,4.2352481466421175,2.2829945327836556e-5,8.342201337455705e-5,UP,ENSMUSG00000028438
ENSMUSG00000080893.2,Ndufa12-ps,887.4684381113791,-0.5022003236168041,0.11859515272038036,-4.23457714836689,2.2898216543948927e-5,8.364738424251932e-5,DOWN,ENSMUSG00000080893
ENSMUSG00000056014.17,NA,106.11822161427295,0.5304494820162515,0.1252978059509025,4.233509740977477,2.3007221218917396e-5,8.396154593324233e-5,UP,ENSMUSG00000056014
ENSMUSG00000033405.5,Nudt15,118.53195607114858,-0.5194883048988431,0.12284984173793394,-4.228644478085917,2.3510351866692894e-5,8.56689616123804e-5,DOWN,ENSMUSG00000033405
ENSMUSG00000108060.4,4921529L05Rik,55.501668162401934,-0.6653800705870644,0.1574183437733296,-4.226826776586856,2.3700998199576978e-5,8.627122760744994e-5,DOWN,ENSMUSG00000108060
ENSMUSG00000078974.11,NA,5013.104062102927,-0.5100573529744533,0.12069503228783048,-4.22600121401916,2.378807076266809e-5,8.655111925330201e-5,DOWN,ENSMUSG00000078974
ENSMUSG00000120503.2,Gm56965,51.38376917323871,-1.6068927005960074,0.3803204392090986,-4.225102137391423,2.388324309563702e-5,8.687880900201137e-5,DOWN,ENSMUSG00000120503
ENSMUSG00000122683.1,ENSMUSG00000122683,58.93125270647624,-1.8119213625619317,0.42889052658399096,-4.224670983044195,2.3929011636468848e-5,8.698947667588483e-5,DOWN,ENSMUSG00000122683
ENSMUSG00000129330.1,ENSMUSG00000129330,47.254331908668,-0.7536267329033417,0.17839964963531388,-4.224373391113223,2.396065072461611e-5,8.708587865416147e-5,DOWN,ENSMUSG00000129330
ENSMUSG00000095362.8,Gm14325,488.60510018466624,-0.5097801185055213,0.12070089616374659,-4.223499035284194,2.405384006262151e-5,8.740589831302167e-5,DOWN,ENSMUSG00000095362
ENSMUSG00000057895.12,NA,46.12247792298796,-0.7830463849653175,0.1855198239335107,-4.220823243374557,2.4341174625014342e-05,8.841222034878126e-5,DOWN,ENSMUSG00000057895
ENSMUSG00000098434.2,2010110E17Rik,11.629172616518472,-1.451538625639281,0.34400943087718566,-4.219473349721894,2.4487366573329272e-5,8.88672974703452e-5,DOWN,ENSMUSG00000098434
ENSMUSG00000133489.1,ENSMUSG00000133489,17.0577335084112,1.5245289390971652,0.3615005672262133,4.217224196340397,2.4732804342806383e-5,8.970059088372049e-5,UP,ENSMUSG00000133489
ENSMUSG00000037533.21,NA,771.3334554108646,0.5301092874475205,0.125737527096209,4.215998991628835,2.4867487027652556e-5,9.011218503990185e-5,UP,ENSMUSG00000037533
ENSMUSG00000007080.15,NA,170.93180720786123,0.6544927867581277,0.1552439373579602,4.215899170664576,2.4878490697392266e-5,9.013285317423368e-5,UP,ENSMUSG00000007080
ENSMUSG00000122396.1,ENSMUSG00000122396,226.30592596193316,-0.5366256780301999,0.1273367884614656,-4.214223434672161,2.5063906844314302e-5,9.07852608720786e-5,DOWN,ENSMUSG00000122396
ENSMUSG00000055660.10,NA,430.42648180878234,-0.5263833137844659,0.1249243187538837,-4.213617644947946,2.513125893609676e-5,9.100983591721923e-5,DOWN,ENSMUSG00000055660
ENSMUSG00000018199.10,NA,630.238791648202,0.6918563131875377,0.16427763744742874,4.211506349480719,2.536734224579688e-5,9.176707556520353e-5,UP,ENSMUSG00000018199
ENSMUSG00000046031.8,Calhm6,1079.1884770226989,-0.7233054982470457,0.17177162619778616,-4.210855507732091,2.544054319132637e-5,9.193410061872e-5,DOWN,ENSMUSG00000046031
ENSMUSG00000108181.2,C030015A19Rik,27.793605817261202,1.059216290462117,0.2515758670687114,4.2103255085783715,2.5500301205977803e-5,9.213047000400649e-5,UP,ENSMUSG00000108181
ENSMUSG00000138136.1,ENSMUSG00000138136,156.0004151776174,1.196325213629858,0.2841760512562062,4.209803072220468,2.5559337158627162e-5,9.230454188142142e-5,UP,ENSMUSG00000138136
ENSMUSG00000000811.15,NA,140.59154131152027,-0.6886712316027885,0.16362241627964558,-4.208905156526884,2.5661106575909333e-5,9.263272732539039e-5,DOWN,ENSMUSG00000000811
ENSMUSG00000071661.8,Zbtb3,144.45552081419254,-0.5221035644346179,0.12415302551628128,-4.205322925184372,2.6070964160335036e-5,9.401247169437184e-5,DOWN,ENSMUSG00000071661
ENSMUSG00000106928.2,Gm43860,29.153825842942528,1.1026331912603342,0.26223338840707305,4.2047780336372815,2.6133850322631496e-5,9.421926194332653e-5,UP,ENSMUSG00000106928
ENSMUSG00000123149.1,ENSMUSG00000123149,6318.606511716036,-0.6552673154768348,0.1559157233974286,-4.202701954610189,2.6374775944229526e-5,9.4961429149311e-5,DOWN,ENSMUSG00000123149
ENSMUSG00000002661.15,NA,518.0110126880971,-0.6123816728169207,0.14574108589879636,-4.201846507731958,2.6474662397574323e-5,9.524605642757541e-5,DOWN,ENSMUSG00000002661
ENSMUSG00000051682.16,NA,281.6825060175871,-0.6688156705210947,0.15925977645589584,-4.1995266187398625,2.6747358629764706e-5,9.614575794922397e-5,DOWN,ENSMUSG00000051682
ENSMUSG00000090733.7,Rps27,12279.674447898238,-0.5156160930622901,0.12278194253149947,-4.199445638596325,2.6756925690657492e-5,9.615211419055843e-5,DOWN,ENSMUSG00000090733
ENSMUSG00000102135.2,Gm37108,855.443199671199,-0.5188569991468177,0.12359136498434287,-4.198165456078173,2.6908600526087876e-5,9.664364531080263e-5,DOWN,ENSMUSG00000102135
ENSMUSG00000087175.10,NA,33.17098408633293,-0.8855739967055106,0.21107722447283023,-4.195497637972312,2.722731242755318e-5,9.770577656530268e-5,DOWN,ENSMUSG00000087175
ENSMUSG00000046761.14,NA,51.229938100674886,0.6338885936450656,0.15130473714517673,4.189482798789374,2.7959097380894985e-5,1.0020493362687041e-4,UP,ENSMUSG00000046761
ENSMUSG00000093686.2,Gm4705,1591.7599306157053,-0.5496388970521564,0.13122626013607167,-4.188482522341356,2.8082593340494236e-5,1.0062608110871112e-4,DOWN,ENSMUSG00000093686
ENSMUSG00000014158.13,NA,138.8776458615206,0.7395756714314052,0.17664723308855892,4.186737932434142,2.829922556807189e-5,1.0135986310249169e-4,UP,ENSMUSG00000014158
ENSMUSG00000037991.10,NA,42.97439580821913,-0.7776953108971585,0.18577869101282002,-4.186138392177024,2.8374038821474877e-5,1.0160642328869273e-4,DOWN,ENSMUSG00000037991
ENSMUSG00000037979.14,NA,28.16259107536506,1.2971198061794909,0.3099189306879893,4.1853519670451025,2.847245749171311e-5,1.0193739202191013e-4,UP,ENSMUSG00000037979
ENSMUSG00000024743.17,NA,27.520201284225074,0.9055905483816549,0.21647215430102612,4.183404333484578,2.8717596796353065e-5,1.0277177001657833e-4,UP,ENSMUSG00000024743
ENSMUSG00000054428.13,NA,6009.266482527109,-0.5175673826938824,0.12373984139901521,-4.18270604554049,2.8805974564575158e-5,1.0303419438781096e-4,DOWN,ENSMUSG00000054428
ENSMUSG00000042462.5,Dctpp1,601.5435436221344,-0.5603718338226411,0.13403109887676765,-4.180909046622563,2.903459936942537e-5,1.0375339291373142e-4,DOWN,ENSMUSG00000042462
ENSMUSG00000036676.15,NA,680.4768464134946,0.7497425212544541,0.1793322211889882,4.180746305842844,2.9055389170672517e-5,1.0380587147824723e-4,UP,ENSMUSG00000036676
ENSMUSG00000052751.17,NA,332.2002016203628,0.5833252841525516,0.1396775341074686,4.176228395496573,2.9638224392644802e-5,1.0566617275080032e-4,UP,ENSMUSG00000052751
ENSMUSG00000113960.3,4933412O06Rik,19.610072845136205,-1.004585879436918,0.24066068043467495,-4.174283383652292,2.989254837886775e-5,1.0650590356820134e-4,DOWN,ENSMUSG00000113960
ENSMUSG00000039126.11,NA,427.92575642376283,-0.5501112752500916,0.13189709434710697,-4.170761137484889,3.035839460013847e-5,1.0807512216243559e-4,DOWN,ENSMUSG00000039126
ENSMUSG00000034055.17,NA,203.70088987561212,0.5453538402801409,0.13079606051784382,4.169497446031573,3.052720366853134e-5,1.0865333310737631e-4,UP,ENSMUSG00000034055
ENSMUSG00000074272.11,NA,1261.3721366371512,0.5537145225619581,0.13282393828519748,4.168785609812525,3.0622686035160096e-5,1.0892668300016125e-4,UP,ENSMUSG00000074272
ENSMUSG00000020389.20,NA,117.66324703981672,0.5537493836596451,0.132832427239062,4.168781638410084,3.062321953567982e-5,1.0892668300016125e-4,UP,ENSMUSG00000020389
ENSMUSG00000122486.1,ENSMUSG00000122486,25.143974023439654,2.1620908124360247,0.5187442886604994,4.167931791632776,3.0737587572162915e-5,1.0928777216228362e-4,UP,ENSMUSG00000122486
ENSMUSG00000064105.14,NA,370.56127687585814,0.5247408974475485,0.1261261651805837,4.160444398640362,3.1762893999337536e-5,1.1274468281209228e-4,UP,ENSMUSG00000064105
ENSMUSG00000079018.11,NA,420.8912685881338,-0.6204811911101705,0.1491834756234021,-4.159181762707484,3.193896712601903e-5,1.1329872234982888e-4,DOWN,ENSMUSG00000079018
ENSMUSG00000068697.8,Myoz1,103.79182993216956,-0.741738438690358,0.17838449647751362,-4.158088025232947,3.209223675228316e-5,1.138186815869296e-4,DOWN,ENSMUSG00000068697
ENSMUSG00000053820.5,Bcl2a1c,31.15529885223015,-1.033338473509132,0.24859510568880258,-4.156712863054875,3.228593527307234e-5,1.1441021363906402e-4,DOWN,ENSMUSG00000053820
ENSMUSG00000000247.12,NA,108.69587570739968,0.7158622762421761,0.17233800530365107,4.153827096819777,3.269602705944051e-5,1.1564655494443539e-4,UP,ENSMUSG00000000247
ENSMUSG00000103906.2,Tigd5,49.706712497004666,0.7772318788923022,0.18724558088392917,4.150869009688923,3.3121529536376936e-5,1.1705418356101958e-4,UP,ENSMUSG00000103906
ENSMUSG00000024608.12,NA,27146.95304315302,-0.5464910067243435,0.1316701315231387,-4.1504553872820225,3.318144407532879e-5,1.1721720771604516e-4,DOWN,ENSMUSG00000024608
ENSMUSG00000039585.16,NA,618.7787889534792,0.6262711925307265,0.15102371777792883,4.1468399913953915,3.3709546669048664e-5,1.1898392500079735e-4,UP,ENSMUSG00000039585
ENSMUSG00000051379.13,NA,96.76398782166152,0.5304711905526583,0.1279397114837054,4.146259080943918,3.3795141444152713e-5,1.1923655091270976e-4,UP,ENSMUSG00000051379
ENSMUSG00000050270.13,NA,120.42819873105343,-0.6432888722047586,0.1552567885760564,-4.1433864380727385,3.4221456815900025e-5,1.2069060444031435e-4,DOWN,ENSMUSG00000050270
ENSMUSG00000020974.7,Pole2,110.445292009404,-0.8081446962275687,0.19512409213965215,-4.1416961245829755,3.447469006674426e-5,1.2153328757774728e-4,DOWN,ENSMUSG00000020974
ENSMUSG00000039195.5,Bbln,1984.2360776948256,-0.5718428323536239,0.13807747239036816,-4.141463646849852,3.4509657475062584e-5,1.2163134404578535e-4,DOWN,ENSMUSG00000039195
ENSMUSG00000025515.17,NA,4.734435492589215,2.5475738747769476,0.615187655591934,4.1411329561313615,3.455945532167115e-5,1.217816198094363e-4,UP,ENSMUSG00000025515
ENSMUSG00000075602.11,NA,10537.177107342146,-0.6888671022324891,0.16652924691148802,-4.136613327739535,3.524693156096822e-5,1.2399861773393164e-4,DOWN,ENSMUSG00000075602
ENSMUSG00000084830.3,Gm14539,1022.4642069713035,-0.561216765368899,0.13571895391967054,-4.135139191398959,3.54739557866476e-5,1.2474567661450146e-4,DOWN,ENSMUSG00000084830
ENSMUSG00000085316.4,D330050G23Rik,54.67300518963274,-0.7668712396728428,0.18549135558821184,-4.134269423181563,3.560855496848141e-5,1.2514136924860402e-4,DOWN,ENSMUSG00000085316
ENSMUSG00000084323.5,Gm14438,1926.6712968395434,-0.5182972178463552,0.12538853555997911,-4.133529557001882,3.572343301812173e-5,1.2551915328640043e-4,DOWN,ENSMUSG00000084323
ENSMUSG00000083481.5,Rps8-ps2,1926.4696083372496,-0.5183923609056437,0.12552029789767055,-4.129948459238513,3.6284456952561605e-5,1.2730626674959e-4,DOWN,ENSMUSG00000083481
ENSMUSG00000084416.4,Rpl10a-ps1,9158.07324130635,-0.5047282270603638,0.1222455232585119,-4.128807449194012,3.646496092865783e-5,1.278604382583e-4,DOWN,ENSMUSG00000084416
ENSMUSG00000093577.3,Gm20632,27.910669413511776,-1.2611211304753396,0.30555432242974917,-4.127322174489243,3.670120391439099e-5,1.285562664815928e-4,DOWN,ENSMUSG00000093577
ENSMUSG00000073236.7,2500004C02Rik,20.431560816310267,-1.1807571997936521,0.286325829748464,-4.123823550361985,3.72634397729738e-5,1.3033773278058256e-4,DOWN,ENSMUSG00000073236
ENSMUSG00000027380.11,NA,20.394749683154235,-1.3585196179721368,0.3296426035920589,-4.121189443259402,3.769213154711674e-5,1.3170174421414982e-4,DOWN,ENSMUSG00000027380
ENSMUSG00000099979.2,Gm5896,30.6294682412375,1.0585662748036888,0.25686573670147156,4.1210878819309045,3.7708753675332205e-5,1.3173275780663506e-4,UP,ENSMUSG00000099979
ENSMUSG00000028111.5,Ctsk,127.82583178559815,-0.7180498615594747,0.17436031950559658,-4.118195376078253,3.818509011035855e-5,1.3331464635942466e-4,DOWN,ENSMUSG00000028111
ENSMUSG00000022139.18,NA,3041.210073658754,0.5315543854157991,0.12917429961847832,4.115016586006405,3.871515750676514e-5,1.3508206166599262e-4,UP,ENSMUSG00000022139
ENSMUSG00000036368.9,Rmdn2,71.37537630773933,-0.6236190058416505,0.1515922733804932,-4.113791500945308,3.8921300519423164e-5,1.3571778483356783e-4,DOWN,ENSMUSG00000036368
ENSMUSG00000085786.4,Gm15987,74.79326269465868,-0.7134297879219534,0.17346922591080594,-4.112716732181553,3.910300757267109e-5,1.3626757106164846e-4,DOWN,ENSMUSG00000085786
ENSMUSG00000037876.18,NA,1842.2037915310004,0.5670553550990489,0.13788839430254685,4.112422644177351,3.915286803348385e-5,1.3641175275451263e-4,UP,ENSMUSG00000037876
ENSMUSG00000082693.4,Gm15190,160.0815510665471,-0.5038947328080365,0.12285995747868401,-4.10137479410622,4.107027151398272e-5,1.4274290565436138e-4,DOWN,ENSMUSG00000082693
ENSMUSG00000117621.2,Hspe1-rs1,813.1021027337747,-0.518838496383495,0.12654080676826576,-4.100167445064928,4.128513123601236e-5,1.4343104020421373e-4,DOWN,ENSMUSG00000117621
ENSMUSG00000055184.5,Fam72a,187.17737818805134,-0.5451836988449301,0.13314577935793004,-4.094637482870083,4.228294517618712e-5,1.4656823596947375e-4,DOWN,ENSMUSG00000055184
ENSMUSG00000062175.14,NA,4.974064536008686,1.9854265356409875,0.48500452818829715,4.093624740077003,4.246814352136147e-5,1.4712023807787188e-4,UP,ENSMUSG00000062175
ENSMUSG00000085566.2,A730017L22Rik,132.83413658632037,0.6508074299532827,0.1591857846139313,4.088351428688606,4.3444965279031165e-5,1.504122718923461e-4,UP,ENSMUSG00000085566
ENSMUSG00000081331.2,Gm15151,104.89061513408382,-0.6369035933797843,0.155804213663736,-4.087845754636518,4.353974745193666e-5,1.507097384831335e-4,DOWN,ENSMUSG00000081331
ENSMUSG00000114980.3,4933432I03Rik,47.183365183311246,-0.8565892147537507,0.20955906261926432,-4.0875789576804795,4.3589834162987015e-5,1.5085240532677191e-4,DOWN,ENSMUSG00000114980
ENSMUSG00000111818.4,Gm17749,140.49280736937428,-0.8433132423677464,0.20634046076935114,-4.086998929940396,4.369891340636221e-5,1.5119912947885976e-4,DOWN,ENSMUSG00000111818
ENSMUSG00000041915.10,NA,1259.4131262972965,0.5002825171761235,0.1224663695460933,4.08506040499412,4.4065351570853104e-5,1.523499252276619e-4,UP,ENSMUSG00000041915
ENSMUSG00000023348.12,NA,82.89337995604888,0.6080894180961607,0.14886317482820216,4.08488814508985,4.4098054378647544e-5,1.5242510422017888e-4,UP,ENSMUSG00000023348
ENSMUSG00000028238.7,Atp6v0d2,332.2251949686093,0.5346554810047082,0.13095318945740494,4.082798465772498,4.4496609018936805e-5,1.536153741323669e-4,UP,ENSMUSG00000028238
ENSMUSG00000036912.19,NA,26.334974027718687,-0.9591832176997458,0.23505845148360788,-4.080615743214984,4.4916556159615616e-5,1.549079201075691e-4,DOWN,ENSMUSG00000036912
ENSMUSG00000037938.5,Chchd5,531.5597480853867,-0.5011780031634627,0.12282695500355122,-4.080358445334515,4.496630618569935e-5,1.5504805413503713e-4,DOWN,ENSMUSG00000037938
ENSMUSG00000022586.12,NA,496.82256837833364,-0.5848839460672248,0.14341066755935872,-4.07838521374386,4.5349582846807434e-5,1.5614800686228127e-4,DOWN,ENSMUSG00000022586
ENSMUSG00000047671.9,Dynlt4,22.627192178362524,-1.4476549679497988,0.35502510037860524,-4.077613009350587,4.550041614038488e-5,1.5663564309380268e-4,DOWN,ENSMUSG00000047671
ENSMUSG00000003153.11,NA,377.8147830740496,0.5270496948804885,0.12928380980721504,4.076687526971958,4.5681815756475545e-5,1.5719647081234787e-4,UP,ENSMUSG00000003153
ENSMUSG00000116887.2,Gm6029,194.1286268521228,-0.718163769087726,0.1765499443781764,-4.067765479151855,4.7466116791588935e-5,1.6294081190104185e-4,DOWN,ENSMUSG00000116887
ENSMUSG00000110545.2,Gm7730,1149.67636983223,-0.5132003422210913,0.12618431941069136,-4.06706906704296,4.760813626704399e-5,1.6339535123256307e-4,DOWN,ENSMUSG00000110545
ENSMUSG00000063179.14,NA,234.20203293566288,-0.5748498835706,0.14138922005151824,-4.0657263924444935,4.7883086117132064e-5,1.6430584392815734e-4,DOWN,ENSMUSG00000063179
ENSMUSG00000030149.16,NA,33.99566292414067,-0.9185588257474689,0.22600906216018976,-4.064256614172473,4.818578974340725e-5,1.6527784194763688e-4,DOWN,ENSMUSG00000030149
ENSMUSG00000028362.3,Tnfsf8,187.66934098250277,-0.648028817661001,0.15946884704106754,-4.0636703010345085,4.830704752043446e-5,1.65660344854307e-4,DOWN,ENSMUSG00000028362
ENSMUSG00000024018.19,NA,202.87114905523367,-0.5516651512773307,0.1358767286225433,-4.06004145720803,4.906400358305258e-5,1.6808671332260117e-4,DOWN,ENSMUSG00000024018
ENSMUSG00000110350.2,Gm10252,232.57531487296214,1.2422677566401175,0.30604989594626886,4.059036690076883,4.9275571679487174e-5,1.6877751701537943e-4,UP,ENSMUSG00000110350
ENSMUSG00000028654.14,NA,96.59739573159256,0.9478491800566394,0.2336873490904822,4.056056880039486,4.9908110454176916e-5,1.7080646536199088e-4,UP,ENSMUSG00000028654
ENSMUSG00000047959.5,Kcna3,51.223214288220866,0.8422367014650101,0.20785380756221825,4.052062896239694,5.076801196050623e-5,1.7364457188261644e-4,UP,ENSMUSG00000047959
ENSMUSG00000028957.13,NA,77.47914143808627,0.8895573522342994,0.21954040404172537,4.051907238292374,5.080180765470241e-5,1.737252244069715e-4,UP,ENSMUSG00000028957
ENSMUSG00000071322.13,NA,39.017563003453944,0.6853738553843811,0.16916054478730813,4.051617688073346,5.08647301163753e-5,1.7390542829897031e-4,UP,ENSMUSG00000071322
ENSMUSG00000035279.9,Ssc5d,48.97960095458324,0.6382125502956479,0.1575490733732755,4.050881015234874,5.10251504577645e-5,1.7441883591653128e-4,UP,ENSMUSG00000035279
ENSMUSG00000005580.12,NA,301.641835639644,0.7902779610518641,0.19512627024237789,4.050084901793147,5.1199053849482215e-5,1.749429595668665e-4,UP,ENSMUSG00000005580
ENSMUSG00000028551.15,NA,568.6115247757195,0.5213800635832855,0.1288822370947252,4.045398926464042,5.2234098716295665e-5,1.7826471659027174e-4,UP,ENSMUSG00000028551
ENSMUSG00000021431.17,NA,240.80347311860598,0.5528646549826384,0.13666815433555562,4.045307099305759,5.225457836256546e-5,1.782988281769238e-4,UP,ENSMUSG00000021431
ENSMUSG00000006360.12,NA,5886.182557072811,-0.574991692309476,0.1421988816391421,-4.0435739415210845,5.264254394072248e-5,1.7944259415833362e-4,DOWN,ENSMUSG00000006360
ENSMUSG00000061607.16,NA,474.1012571734282,0.6054267040172323,0.14984219797128467,4.04042861232758,5.33536040179903e-5,1.8172068694771542e-4,UP,ENSMUSG00000061607
ENSMUSG00000031543.19,NA,41.522236605052306,0.8968038888811157,0.22197409626901074,4.040128573355144,5.342190682092226e-5,1.8191688974701723e-4,UP,ENSMUSG00000031543
ENSMUSG00000039001.13,NA,7873.455036991761,-0.5574934945875312,0.13802940536271727,-4.03894730345708,5.369162476532732e-5,1.8279875290473603e-4,DOWN,ENSMUSG00000039001
ENSMUSG00000058934.10,NA,23.56235517239445,-1.4455641246854698,0.3581611661261704,-4.036071638699761,5.435362570840904e-5,1.8488509465584583e-4,DOWN,ENSMUSG00000058934
ENSMUSG00000071456.9,1110002L01Rik,185.9629753905921,-0.5143620086959091,0.12748375944185653,-4.034725763876629,5.466610657720785e-5,1.8585601928268626e-4,DOWN,ENSMUSG00000071456
ENSMUSG00000082746.2,Rps12-ps1,242.80361833841752,-0.5475003061211541,0.1357061891027577,-4.034453474384893,5.472953252724701e-5,1.8603446535246106e-4,DOWN,ENSMUSG00000082746
ENSMUSG00000096054.4,Syne1,654.5105268303063,0.9088044385870927,0.22531520790032836,4.033480238888785,5.495680424876373e-5,1.8676966687739327e-4,UP,ENSMUSG00000096054
ENSMUSG00000103103.4,4833445I07Rik,33.45678561532452,-0.8066294111483473,0.2000082847586412,-4.032979994412444,5.507396986182773e-5,1.8713045583821026e-4,DOWN,ENSMUSG00000103103
ENSMUSG00000097848.5,Gm807,109.6104712029496,-1.0712794226058566,0.26565141424122274,-4.032650929661867,5.515117131354231e-5,1.8735533746666014e-4,DOWN,ENSMUSG00000097848
ENSMUSG00000115503.2,Gm6392,1493.7802379870284,-0.5650142083598118,0.14013453054831385,-4.031941350565364,5.531799377437026e-5,1.8784700521704088e-4,DOWN,ENSMUSG00000115503
ENSMUSG00000008734.10,NA,423.2714370360114,0.7414110019654843,0.1839721920953157,4.030016675462345,5.577289614829037e-5,1.8924059694689266e-4,UP,ENSMUSG00000008734
ENSMUSG00000114380.2,Gm47942,22.262295269622122,-1.2957797089345573,0.322055092328246,-4.023472194048926,5.734635749007762e-5,1.9419198635528876e-4,DOWN,ENSMUSG00000114380
ENSMUSG00000030867.8,Plk1,393.9105064133502,0.5710988388337218,0.14202395550547103,4.021144438634664,5.791607748214366e-5,1.9596514398355255e-4,UP,ENSMUSG00000030867
ENSMUSG00000082901.2,Rps8-ps5,1244.528677324086,-0.5041756790292842,0.12539823040922785,-4.020596442102446,5.805097745012526e-5,1.9630441887389744e-4,DOWN,ENSMUSG00000082901
ENSMUSG00000113412.2,Gm5191,99.42653709614524,-0.6480835158053478,0.16121541242050336,-4.019984851789051,5.820188363559899e-5,1.9677559306302116e-4,DOWN,ENSMUSG00000113412
ENSMUSG00000079109.12,NA,183.6023133206955,-0.5048200320810882,0.12568275287792421,-4.016621378204696,5.903846236021965e-5,1.9940577773543106e-4,DOWN,ENSMUSG00000079109
ENSMUSG00000014599.11,NA,998.2319249039169,0.6116215679154722,0.15230015520324958,4.015895893863293,5.922039509530193e-5,1.999408455411365e-4,UP,ENSMUSG00000014599
ENSMUSG00000021872.9,Rnase10,23.623679888058877,-0.762094849842911,0.1897920822462362,-4.015419615103697,5.934012205099218e-5,2.0030530281841467e-4,DOWN,ENSMUSG00000021872
ENSMUSG00000079445.4,B3gnt7,38.0278986815746,0.8660476661216545,0.21613139446059665,4.0070424210377515,6.148382338641861e-5,2.0704829713058117e-4,UP,ENSMUSG00000079445
ENSMUSG00000068735.15,NA,107.23281346304752,0.7004913646146413,0.1748135205062919,4.007077728232292,6.147463642298757e-5,2.0704829713058117e-4,UP,ENSMUSG00000068735
ENSMUSG00000143495.1,ENSMUSG00000143495,17.321020426792334,-1.1591113515457656,0.2893714035155736,-4.0056181691201,6.185550067225831e-5,2.080938960301533e-4,DOWN,ENSMUSG00000143495
ENSMUSG00000057863.7,Rpl36,7258.248956058826,-0.5185837070701298,0.1294759850148701,-4.005250139711788,6.195188807126975e-5,2.0837693998022416e-4,DOWN,ENSMUSG00000057863
ENSMUSG00000070604.6,Vsig10l,82.98208453145661,0.6048740396501454,0.15105037648863978,4.004452380134497,6.216131079033005e-5,2.089986657375154e-4,UP,ENSMUSG00000070604
ENSMUSG00000109341.3,Gm30873,5.932083239811466,-2.1319280680796706,0.5327459052500857,-4.001772790874638,6.286965633764403e-5,2.1125496456786692e-4,DOWN,ENSMUSG00000109341
ENSMUSG00000074505.7,Fat3,198.9066349936846,0.9157568823410844,0.2291688094252155,3.995992668626761,6.442372756286364e-5,2.1617796190490508e-4,UP,ENSMUSG00000074505
ENSMUSG00000105272.2,Gm43071,31.441733239617186,0.892471768963588,0.2233814439595465,3.9952815826779737,6.461740605524913e-5,2.1665686265291142e-4,UP,ENSMUSG00000105272
ENSMUSG00000066068.6,Gm13611,735.6842739454955,-0.6484037840352816,0.16230375801789776,-3.9950016681916884,6.469379743214432e-5,2.1687023834635253e-4,DOWN,ENSMUSG00000066068
ENSMUSG00000105879.2,Gm6204,2137.6303148714883,-0.5678492870585924,0.14216309377603323,-3.9943509386001,6.487171831760746e-5,2.1733814848487636e-4,DOWN,ENSMUSG00000105879
ENSMUSG00000019907.11,NA,1223.2395739010306,0.553653083594969,0.13861492313234963,3.9941809372598405,6.491827590913807e-5,2.1745129015379201e-4,UP,ENSMUSG00000019907
ENSMUSG00000049353.18,NA,90.98692700072142,-0.7018115920130684,0.17588883344532769,-3.9900861144275863,6.604931048757359e-5,2.208869123297634e-4,DOWN,ENSMUSG00000049353
ENSMUSG00000120920.1,Gm56812,35.836140714297706,-0.7776899230378342,0.1949075728140603,-3.990044675071409,6.60608512353979e-5,2.208869123297634e-4,DOWN,ENSMUSG00000120920
ENSMUSG00000043770.11,NA,12853.02503121161,-0.5133225093342937,0.1287897332945857,-3.9857409143021623,6.726988342364504e-5,2.2448815492592377e-4,DOWN,ENSMUSG00000043770
ENSMUSG00000134421.1,ENSMUSG00000134421,9.983665829396067,-3.2430700174522586,0.8136919884636857,-3.9856236308476247,6.730312249523481e-5,2.2455501297900004e-4,DOWN,ENSMUSG00000134421
ENSMUSG00000069793.13,NA,2282.4587270292086,0.5286557877415412,0.13270945757615235,3.9835577463511513,6.789116476655959e-5,2.26295011372033e-4,UP,ENSMUSG00000069793
ENSMUSG00000040565.9,Btaf1,1978.876604753687,0.5806478370757103,0.1458091894453134,3.982244461303214,6.82675079091412e-5,2.2733797485039467e-4,UP,ENSMUSG00000040565
ENSMUSG00000101875.2,Gm6028,166.2658554899537,-0.6358455783937615,0.15972329441551325,-3.980919506578901,6.864919495946624e-5,2.2845873760468272e-4,DOWN,ENSMUSG00000101875
ENSMUSG00000073478.9,D730003I15Rik,107.78696064096445,-0.5609723034258519,0.14100433028525855,-3.9784047928952107,6.937918190817556e-5,2.307573572326293e-4,DOWN,ENSMUSG00000073478
ENSMUSG00000022223.10,NA,43.14906679073197,-0.9259640168677516,0.23293383056314745,-3.9752234127138797,7.031321827193905e-5,2.336355197211011e-4,DOWN,ENSMUSG00000022223
ENSMUSG00000105189.2,Gm7774,111.34613247091164,-0.58373706183637,0.14689827054648996,-3.973750403355705,7.074970367879786e-5,2.3494814699504714e-4,DOWN,ENSMUSG00000105189
ENSMUSG00000021496.13,NA,581.9735694375156,-0.526660244988104,0.1325521565491404,-3.9732303019367166,7.090443266815247e-5,2.35399373664803e-4,DOWN,ENSMUSG00000021496
ENSMUSG00000059363.11,NA,165.80322133295465,-0.5530447165438289,0.13919375487364685,-3.973200644280739,7.091326539367198e-5,2.35399373664803e-4,DOWN,ENSMUSG00000059363
ENSMUSG00000026388.16,NA,23.48011196255967,-1.1941933361639325,0.3009492420202882,-3.968088864910406,7.245131892506133e-5,2.3998970191655493e-4,DOWN,ENSMUSG00000026388
ENSMUSG00000040852.7,Plekhh2,32.271658016524974,1.6666897332512247,0.4201593262080274,3.9668040890422147,7.284282018231171e-5,2.4119256230926652e-4,UP,ENSMUSG00000040852
ENSMUSG00000095847.2,Gm5451,957.4409255669176,-0.5581396083405972,0.140756906621179,-3.965273333568817,7.331188947382272e-5,2.4260400708150012e-4,DOWN,ENSMUSG00000095847
ENSMUSG00000027223.16,NA,23.430183315169774,1.3276265747740408,0.33496225593047657,3.9635109665896135,7.385546916955141e-5,2.4430774337626753e-4,UP,ENSMUSG00000027223
ENSMUSG00000027322.12,NA,14546.124764115686,0.7123907778284319,0.17995645379702066,3.9586842416441645,7.536379338629522e-5,2.4900654173835954e-4,UP,ENSMUSG00000027322
ENSMUSG00000021087.19,NA,64.9111701659949,0.6456609541616566,0.1631129123619862,3.958368131695068,7.546358551359073e-5,2.492394125546949e-4,UP,ENSMUSG00000021087
ENSMUSG00000038456.10,NA,115.79535355080169,0.6186083523012292,0.15632220963258747,3.9572646379243093,7.581292562647228e-5,2.5029598392618666e-4,UP,ENSMUSG00000038456
ENSMUSG00000039033.12,NA,94.94346495949641,-0.6281620797437198,0.15881177464896387,-3.9553873201921186,7.641075641440891e-5,2.5222075380113316e-4,DOWN,ENSMUSG00000039033
ENSMUSG00000082487.2,Gm11628,59.56087622678268,-0.9979373327461265,0.252355955194236,-3.9544829920024025,7.670032747221874e-5,2.531274537148364e-4,DOWN,ENSMUSG00000082487
ENSMUSG00000005237.15,NA,39.24681904618199,-1.305689121920073,0.33035673301285473,-3.952361164284993,7.738382752528894e-5,2.5508613508336183e-4,DOWN,ENSMUSG00000005237
ENSMUSG00000091845.2,Rpl36-ps12,369.9074429330496,-0.7290974351122943,0.1844775757238912,-3.9522279727024343,7.74269237897181e-5,2.5512929005385506e-4,DOWN,ENSMUSG00000091845
ENSMUSG00000051378.11,NA,146.77179155844854,0.7983743077588462,0.2021179635655109,3.950041320795692,7.813770252713893e-5,2.5732179883356405e-4,UP,ENSMUSG00000051378
ENSMUSG00000057346.13,NA,296.1785818698149,-0.6222707969965133,0.15753732375010132,-3.9499896417157023,7.815457537735669e-5,2.5732753317857265e-4,DOWN,ENSMUSG00000057346
ENSMUSG00000079339.8,Ifit1bl1,4745.3133084939245,-0.7122028924243594,0.18046137991056072,-3.9465668099032465,7.927980688335912e-5,2.607295292706256e-4,DOWN,ENSMUSG00000079339
ENSMUSG00000027204.14,NA,47.19104111625044,0.9578119704753122,0.24282579402203872,3.9444408051163697,7.998640801232982e-5,2.6290082231497506e-4,UP,ENSMUSG00000027204
ENSMUSG00000120335.2,A630066F11Rik,48.89092024280651,-0.7359985054589027,0.18661829859234164,-3.9438710512877124,8.01767810528131e-5,2.6347562098244244e-4,DOWN,ENSMUSG00000120335
ENSMUSG00000028089.6,Chd1l,188.88067080198152,-0.5236005957447907,0.13277995449400462,-3.943370802770027,8.034428318494579e-5,2.6392406409951483e-4,DOWN,ENSMUSG00000028089
ENSMUSG00000087477.4,Gm13822,118.29178357215098,-0.7423405437016504,0.1883936336173498,-3.9403695838758206,8.135617086473409e-5,2.669901662921011e-4,DOWN,ENSMUSG00000087477
ENSMUSG00000035900.19,NA,140.20359865560403,0.6655485931810153,0.1689774573280348,3.938682731442635,8.193018388542404e-5,2.6866654592277696e-4,UP,ENSMUSG00000035900
ENSMUSG00000030431.9,Tmem238,17.556596853801246,-1.169615420780106,0.2969786221986359,-3.938382541211339,8.203273493252828e-5,2.68950971710541e-4,DOWN,ENSMUSG00000030431
ENSMUSG00000040433.17,NA,488.6896353854021,0.5322591776542397,0.13515699209461038,3.9380809635187526,8.213588212110637e-5,2.691853558202996e-4,UP,ENSMUSG00000040433
ENSMUSG00000109241.2,Gm7434,273.6546646516234,-0.6541728106547484,0.16613174751876095,-3.9376748901101752,8.227496314865891e-5,2.695892145098446e-4,DOWN,ENSMUSG00000109241
ENSMUSG00000007216.7,Zfp775,198.75408763727214,0.6351414101833063,0.1614331275415063,3.934393267701539,8.340712192408927e-5,0.00027308847043532194,UP,ENSMUSG00000007216
ENSMUSG00000073415.6,Gm10501,6.669944647050186,1.6654147478490573,0.42342662264767256,3.9331838358090816,8.382807637765909e-5,2.744139108524486e-4,UP,ENSMUSG00000073415
ENSMUSG00000029153.12,NA,145.16221599114542,-0.5192789554960482,0.13202665633368946,-3.933137215742265,8.3844343062374e-5,2.7441433759021024e-4,DOWN,ENSMUSG00000029153
ENSMUSG00000062458.6,Gm8623,2270.957300948597,-0.5135151999888783,0.13056534360487076,-3.9330130478033034,8.38876823229656e-5,2.7450335300834196e-4,DOWN,ENSMUSG00000062458
ENSMUSG00000038486.10,NA,37.84319554245051,1.2355635719265634,0.3142735787797318,3.931490444484822,8.442085230246396e-5,2.7608865658763503e-4,UP,ENSMUSG00000038486
ENSMUSG00000102813.2,Gm37795,14.219369881092764,1.9055680761248288,0.48487619516804686,3.930009547002824,8.494248884777235e-5,2.776344350077295e-4,UP,ENSMUSG00000102813
ENSMUSG00000045268.14,NA,131.96412718514472,0.5050470497886705,0.12853997059200686,3.9291050671834866,8.526258265387935e-5,2.7862711003302695e-4,UP,ENSMUSG00000045268
ENSMUSG00000040540.7,Ctdsp2-ps,183.6202732810482,0.7718076207369845,0.1964576056528475,3.9286217409206103,8.543409789996409e-5,2.790803436202054e-4,UP,ENSMUSG00000040540
ENSMUSG00000031778.14,NA,262.3379963134212,0.6068296947753365,0.1545452534880161,3.926550192124742,8.617291660091072e-5,2.813316605327487e-4,UP,ENSMUSG00000031778
ENSMUSG00000001911.17,NA,89.15920406703667,0.6386932727170558,0.16285056297756403,3.9219592554006013,8.783184704879976e-5,2.8641771637811863e-4,UP,ENSMUSG00000001911
ENSMUSG00000080880.2,Gm14278,21.517856046639334,1.2975543497344373,0.33087679915394524,3.9215634128844776,8.797628853486763e-5,2.8682905697317146e-4,UP,ENSMUSG00000080880
ENSMUSG00000091780.4,Sco2,146.62854555802906,-0.5120526884493202,0.130599310204381,-3.920791676831867,8.825853768859842e-5,2.876436741917027e-4,DOWN,ENSMUSG00000091780
ENSMUSG00000020834.18,NA,66.29287174453076,-0.7186205802351334,0.1833375138991298,-3.919659239137006,8.867425634038694e-5,2.887771741334011e-4,DOWN,ENSMUSG00000020834
ENSMUSG00000106157.4,4930555A03Rik,33.31006405329599,-1.5546685889066862,0.3972946958416907,-3.913137037012375,9.110479820044896e-5,2.96125420144655e-4,DOWN,ENSMUSG00000106157
ENSMUSG00000029725.11,NA,549.8374823605898,-0.6456383135154857,0.16502227222379134,-3.9124313634460046,9.137151219010286e-5,2.969355888218783e-4,DOWN,ENSMUSG00000029725
ENSMUSG00000009248.7,Ascl2,5.92865044317061,-1.6466307186817586,0.4209162860836208,-3.9120147476418454,9.152932094309783e-5,2.9739159953349667e-4,DOWN,ENSMUSG00000009248
ENSMUSG00000027981.15,NA,148.2544222659714,-0.5280795794254373,0.13523573138481546,-3.9048820457278284,9.427135462936467e-5,3.058917490606708e-4,DOWN,ENSMUSG00000027981
ENSMUSG00000026014.16,NA,767.4434941393977,0.5751331674799761,0.14730380023521145,3.904401424549918,9.445888295638808e-5,3.064332693892994e-4,UP,ENSMUSG00000026014
ENSMUSG00000054065.13,NA,79.88648227604993,-0.7031182691461467,0.18008531721287788,-3.904361999235032,9.44742815128835e-5,3.064332693892994e-4,DOWN,ENSMUSG00000054065
ENSMUSG00000121001.2,Gm57461,15.429423567066962,2.251511298206245,0.5768394361380279,3.903185457083583,9.493490230265768e-5,3.077512292335106e-4,UP,ENSMUSG00000121001
ENSMUSG00000108825.2,Gm45838,12.389541777805372,1.2424157749213895,0.3183135618381657,3.9031192002841775,9.49609050700526e-5,3.0777685374905935e-4,UP,ENSMUSG00000108825
ENSMUSG00000021614.17,NA,1595.648366950257,0.5926594024010109,0.15194734173829721,3.900426263604949,9.602346954133277e-5,3.109836455951067e-4,UP,ENSMUSG00000021614
ENSMUSG00000050064.16,NA,6.042379502726017,1.9213207947074962,0.4926262265261857,3.900159372869621,9.612938712490092e-5,3.1126739479171077e-4,UP,ENSMUSG00000050064
ENSMUSG00000102918.2,Pcdhgc3,519.8520504230523,0.7108051776860336,0.18243774318234382,3.8961519984140254,9.773306686764993e-5,3.159187483655683e-4,UP,ENSMUSG00000102918
ENSMUSG00000030257.17,NA,188.9884059927211,0.6201587771049514,0.15933994572078292,3.8920483768186904,9.940141772626927e-5,3.2070205081634134e-4,UP,ENSMUSG00000030257
ENSMUSG00000118059.2,Gm6975,184.45411430272216,-0.5930927247693123,0.1524180633367126,-3.8912233352492374,9.97400731975943e-5,3.2167261232662404e-4,DOWN,ENSMUSG00000118059
ENSMUSG00000032782.20,NA,87.69599402982809,0.794807831404863,0.20434664076965287,3.889507693453106,1.0044778450809085e-4,3.238322319136669e-4,UP,ENSMUSG00000032782
ENSMUSG00000111875.2,Gm5425,326.67605791685503,-0.5592567646130076,0.14381654454094442,-3.8886816979098517,1.0079020001421652e-4,3.248745529647017e-4,DOWN,ENSMUSG00000111875
ENSMUSG00000087303.4,Lipo2,155.61189498487332,-0.5496997530003027,0.14143479123808708,-3.8865950038767663,1.0166015094054823e-4,3.2736840122987373e-4,DOWN,ENSMUSG00000087303
ENSMUSG00000124371.1,ENSMUSG00000124371,12.606403741753056,-1.3115641362467985,0.33749703818083077,-3.8861500631720003,1.018465629509353e-4,3.2784452953693084e-4,DOWN,ENSMUSG00000124371
ENSMUSG00000009185.3,Ccl8,492.306271343945,-0.6920114346712332,0.17806957437726675,-3.886185706296487,1.018316180557904e-4,3.2784452953693084e-4,DOWN,ENSMUSG00000009185
ENSMUSG00000069913.4,Anp32-ps,73.00764707954418,0.5023126006665198,0.12927211358429927,3.8856996048026877,1.0203561527065598e-4,3.283909298434473e-4,UP,ENSMUSG00000069913
ENSMUSG00000083619.4,Gm14414,1528.6674124106078,-0.5079997864475478,0.13076098575957684,-3.8849491956383657,1.0235128926569599e-4,3.292199782962788e-4,DOWN,ENSMUSG00000083619
ENSMUSG00000028212.17,NA,142.6142393549074,-0.794402441443819,0.20448581751237632,-3.8848779397414126,1.0238131229693485e-4,3.292542732453998e-4,DOWN,ENSMUSG00000028212
ENSMUSG00000073739.5,Gm16287,35.929516928565164,-0.7877626887263186,0.20289972405147189,-3.8825222282041048,1.0337856291580952e-4,3.3221009844033574e-4,DOWN,ENSMUSG00000073739
ENSMUSG00000019761.11,NA,20.779572155704024,-1.526596886464568,0.3934644350125018,-3.8798853228400745,1.0450572455186763e-4,3.353253493828417e-4,DOWN,ENSMUSG00000019761
ENSMUSG00000116529.2,Gm4600,389.26270616537107,-0.5205386253911207,0.13423592316212338,-3.877789291637235,1.0540994935146172e-4,3.380991321521988e-4,DOWN,ENSMUSG00000116529
ENSMUSG00000111147.3,Gm33699,33.269200608060046,-1.1322557049382904,0.2920208099954161,-3.877311705820088,1.0561700943093944e-4,3.3869938947436474e-4,DOWN,ENSMUSG00000111147
ENSMUSG00000049281.17,NA,48.46295232380518,1.0161066388458462,0.2621646395043595,3.87583405895954,1.062600852865265e-4,3.406331782059698e-4,UP,ENSMUSG00000049281
ENSMUSG00000100164.3,2610306M01Rik,103.16387362258271,-0.6798744906984701,0.1754329239555155,-3.87540990236739,1.064453607799622e-4,3.4116279785601904e-4,DOWN,ENSMUSG00000100164
ENSMUSG00000080198.3,Rpl10a-ps4,451.6367013833278,-0.535282219766325,0.13815079811720052,-3.8746227098320283,1.0679002182816849e-4,3.421384911849724e-4,DOWN,ENSMUSG00000080198
ENSMUSG00000055322.17,NA,407.78646985773656,0.7505355344748244,0.1938294273908802,3.8721444136616046,1.0788199760832964e-4,3.454417720442956e-4,UP,ENSMUSG00000055322
ENSMUSG00000140336.1,ENSMUSG00000140336,7.497618039905013,-1.6966656774528188,0.43848440550868195,-3.86938658738509,1.0910952066742393e-4,3.4917510509413084e-4,DOWN,ENSMUSG00000140336
ENSMUSG00000004151.18,NA,437.1230641805563,0.6543438407942129,0.16911950219709937,3.869121137972672,1.092283663095259e-4,3.494896702652488e-4,UP,ENSMUSG00000004151
ENSMUSG00000103735.2,Gm38317,282.50424681442337,0.5306959927133714,0.137258873786856,3.866387491547313,1.1045938614221115e-4,3.532290937823322e-4,UP,ENSMUSG00000103735
ENSMUSG00000028842.16,NA,925.9433410197295,0.5069703813310833,0.13113589432748715,3.8659924800224448,1.1063834688276696e-4,3.536966560017118e-4,UP,ENSMUSG00000028842
ENSMUSG00000022070.8,Bora,87.56635225675639,0.6649087015185743,0.172030517382298,3.865062499585284,1.1106075696125424e-4,3.548852372948308e-4,UP,ENSMUSG00000022070
ENSMUSG00000074754.5,Smim26,206.94235862559475,-0.5846607777021351,0.15128359062843127,-3.864667511350419,1.1124062603910948e-4,3.5539321555910124e-4,DOWN,ENSMUSG00000074754
ENSMUSG00000049086.9,Bmyc,98.07794175818894,-0.7682272945771025,0.19896512090832788,-3.861115410932045,1.1287056916289854e-4,3.5999191657619145e-4,DOWN,ENSMUSG00000049086
ENSMUSG00000111942.2,Gm5182,309.8029680354547,0.9504191996563629,0.2462282479607469,3.859911312076088,1.1342818473599881e-4,3.616189825837086e-4,UP,ENSMUSG00000111942
ENSMUSG00000139440.1,ENSMUSG00000139440,698.7291908566397,-0.5276646722737619,0.13673215100216385,-3.859111908986288,1.1379982065841419e-4,3.6261565488420307e-4,DOWN,ENSMUSG00000139440
ENSMUSG00000093849.2,Gm7083,52.599121188943606,-0.6212286469785305,0.16100266654888717,-3.85849911864596,1.1408547914717329e-4,3.6345778538344494e-4,DOWN,ENSMUSG00000093849
ENSMUSG00000074221.13,NA,259.6421218065227,0.5308359933944278,0.13762622901201957,3.857084490399481,1.1474750746592798e-4,3.6549842891282476e-4,UP,ENSMUSG00000074221
ENSMUSG00000048232.13,NA,143.2792761015764,0.5369078856410517,0.13924896480443527,3.8557405894909063,1.1537979099831715e-4,3.673060137995847e-4,UP,ENSMUSG00000048232
ENSMUSG00000049719.15,NA,99.08087420152975,-0.6678406356206076,0.17324942315986258,-3.8547928382097436,1.1582766674102222e-4,3.6859380624959276e-4,DOWN,ENSMUSG00000049719
ENSMUSG00000022574.8,Naprt,218.84216603273828,-0.5792152797859826,0.1502717061155491,-3.8544533416064635,1.1598850002932787e-4,3.690365634235266e-4,DOWN,ENSMUSG00000022574
ENSMUSG00000040710.11,NA,1919.2680981047683,0.6362520741000457,0.16511906237578008,3.8532926782981303,1.1653994555207508e-4,3.7065238714392907e-4,UP,ENSMUSG00000040710
ENSMUSG00000068115.14,NA,53.22150060520688,0.7188433059050949,0.18657299158077212,3.8528797754410755,1.1673671636025622e-4,3.712087880371199e-4,UP,ENSMUSG00000068115
ENSMUSG00000038022.12,NA,110.99387178700269,-0.6280913871608518,0.1631290033347493,-3.8502741653608656,1.1798567748319382e-4,3.7482989562473266e-4,DOWN,ENSMUSG00000038022
ENSMUSG00000023845.8,Lnpep,5410.69386673385,0.5576741300312731,0.14488856025083788,3.848986621620102,1.1860748426421705e-4,3.766645896166713e-4,UP,ENSMUSG00000023845
ENSMUSG00000039145.17,NA,1427.6217792569757,0.5159581488285137,0.13406198666698732,3.848653609096247,1.1876881168162553e-4,3.771064995253405e-4,UP,ENSMUSG00000039145
ENSMUSG00000111521.3,Gm48529,73.35287233698486,0.5291176898492871,0.13750693238650893,3.8479346507565593,1.1911781582091719e-4,3.7814403133293214e-4,UP,ENSMUSG00000111521
ENSMUSG00000090230.3,Gm16315,7.733520120714714,-1.7685776757951044,0.4597106036164592,-3.8471544094959467,1.1949766261621562e-4,3.7913754672600056e-4,DOWN,ENSMUSG00000090230
ENSMUSG00000037509.22,NA,78.48776469407085,0.7629651653913248,0.1983555163661939,3.8464529717579277,1.1984011993464048e-4,3.8001138907486405e-4,UP,ENSMUSG00000037509
ENSMUSG00000020937.15,NA,96.9136981101531,0.5278891882950542,0.13729793164479184,3.8448444340791257,1.206289407653072e-4,3.822988756345163e-4,UP,ENSMUSG00000020937
ENSMUSG00000061882.14,NA,16.86813078132176,-1.1514372233255505,0.29950699450512913,-3.844441847603769,1.2082713221845107e-4,3.8285563825358283e-4,DOWN,ENSMUSG00000061882
ENSMUSG00000020527.15,NA,64.96295953378181,0.6795959425000503,0.17680033015581398,3.8438612750390395,1.2111348607416698e-4,3.8369149481693067e-4,UP,ENSMUSG00000020527
ENSMUSG00000063830.6,Gm6065,43.78978300388872,-0.776296069293657,0.20201145285552471,-3.8428319697737696,1.2162274025160567e-4,3.851613260183996e-4,DOWN,ENSMUSG00000063830
ENSMUSG00000069962.4,Gm5356,96.32339665955647,-0.6487323276417188,0.16885959409551657,-3.8418446468298333,1.2211311987416677e-4,3.866422857158965e-4,DOWN,ENSMUSG00000069962
ENSMUSG00000120718.2,Gm56656,77.14573854175352,-0.686091163074066,0.1786124630343919,-3.8412278259774006,1.2242042539843093e-4,3.875431411626427e-4,DOWN,ENSMUSG00000120718
ENSMUSG00000115026.2,Gm49041,36.70095597235323,-1.0998149934922479,0.28639539130350716,-3.8401979462257487,1.2293514594520052e-4,3.8881069219715085e-4,DOWN,ENSMUSG00000115026
ENSMUSG00000120898.2,Gm56544,53.62949616209349,-0.7318926801511416,0.19058702335821776,-3.8402020623172914,1.2293308472126796e-4,3.8881069219715085e-4,DOWN,ENSMUSG00000120898
ENSMUSG00000019971.11,NA,143.86137683402043,0.6036995754231838,0.15733063170968142,3.8371394614189094,1.244757894712464e-4,3.933906849559592e-4,UP,ENSMUSG00000019971
ENSMUSG00000034218.17,NA,249.24985171024798,0.7565668828266322,0.19739470175909196,3.832761852696408,1.2671260725019491e-4,4.0001384794817425e-4,UP,ENSMUSG00000034218
ENSMUSG00000079671.11,NA,103.49645735361675,-0.6058155824804531,0.1581735015374874,-3.8300699965023766,1.2810681321658257e-4,4.039652263232344e-4,DOWN,ENSMUSG00000079671
ENSMUSG00000034382.15,NA,34.71411949977155,0.8565145943353987,0.22379786552995767,3.827179460836928,1.296200135908119e-4,4.0835827179054227e-4,UP,ENSMUSG00000034382
ENSMUSG00000041961.15,NA,38.65270418720008,0.9963362539277998,0.2605061610692157,3.824616852969847,1.3097561437932422e-4,4.1216016507914616e-4,UP,ENSMUSG00000041961
ENSMUSG00000098098.10,NA,267.0600152242601,-0.6254884174794363,0.1635444417848809,-3.8245776539576686,1.3099645373708014e-4,4.1216016507914616e-4,DOWN,ENSMUSG00000098098
ENSMUSG00000022747.18,NA,105.06409590801469,-0.6537528955574287,0.17107036831328412,-3.8215437425153587,1.3261888416514413e-4,4.1687925029804823e-4,DOWN,ENSMUSG00000022747
ENSMUSG00000107261.2,Trmt112-ps1,238.99648893477053,-0.6342197758180508,0.1659886921285764,-3.820861335100937,1.3298641110815772e-4,4.17802864826405e-4,DOWN,ENSMUSG00000107261
ENSMUSG00000079283.3,2310009B15Rik,180.9858811904618,-0.6279448482192246,0.16446923683597256,-3.8180079162493024,1.3453360976653625e-4,4.220399497675181e-4,DOWN,ENSMUSG00000079283
ENSMUSG00000116858.3,Gm49797,85.63169696611516,0.6003308567433115,0.15726226589438239,3.8173865378901177,1.3487277868111985e-4,4.2294790231442453e-4,UP,ENSMUSG00000116858
ENSMUSG00000074579.15,NA,44.74392750516046,-0.7413860356723864,0.19423872805455436,-3.816880614375517,1.351495233209127e-4,4.236595011235836e-4,DOWN,ENSMUSG00000074579
ENSMUSG00000039891.7,Txlnb,83.63830937937452,0.5423125765749678,0.14216005003173116,3.8148029383354864,1.3629165009419663e-4,4.2692499567174576e-4,UP,ENSMUSG00000039891
ENSMUSG00000020444.21,NA,954.9234418210664,-0.5049388332151136,0.13237750219720412,-3.8143855627590026,1.3652218121231767e-4,4.274896361069185e-4,DOWN,ENSMUSG00000020444
ENSMUSG00000118024.4,Gm50419,28.949868491033705,-0.7908189870094166,0.20735781258718336,-3.81378920399692,1.3685220847948774e-4,4.2836529677934263e-4,DOWN,ENSMUSG00000118024
ENSMUSG00000108006.2,Gm44418,12.638294758277238,-1.314106831415771,0.34470197012821946,-3.8122985805011793,1.3768041544595164e-4,4.3086460136922003e-4,DOWN,ENSMUSG00000108006
ENSMUSG00000066809.2,Gm10180,1432.4110598663958,-0.5469246155562114,0.14354048926507376,-3.810246282121939,1.3882842297118755e-4,4.3415155591173507e-4,DOWN,ENSMUSG00000066809
ENSMUSG00000020439.19,NA,151.11850994867936,0.6577632565733538,0.17292138324303025,3.803828330755997,1.4247693537202273e-4,4.446619128164101e-4,UP,ENSMUSG00000020439
ENSMUSG00000020261.16,NA,1304.349142444428,0.5051086795282586,0.13290238635924015,3.80059902132179,1.4434672078404907e-4,4.5008440294344305e-4,UP,ENSMUSG00000020261
ENSMUSG00000081070.2,Gm13181,58.36599939837342,-0.6807784366037088,0.17913689156593252,-3.8003251627995556,1.4450634454348473e-4,4.5041695295207134e-4,DOWN,ENSMUSG00000081070
ENSMUSG00000047534.18,NA,202.8383461098144,0.5307892371826154,0.13969965532171924,3.7995028402914968,1.44986650715589e-4,4.5183122266250804e-4,UP,ENSMUSG00000047534
ENSMUSG00000093625.2,Gm18953,72.92125616817593,0.7155897358754599,0.1883947204823384,3.79835344665375,1.4566051380365862e-4,4.5368181277381293e-4,UP,ENSMUSG00000093625
ENSMUSG00000108720.2,Gm44672,7.708837147367625,-1.4908581043694826,0.3925734406669516,-3.797654018154237,1.4607201486389082e-4,4.5480523539196565e-4,DOWN,ENSMUSG00000108720
ENSMUSG00000034771.16,NA,46.38012563692072,1.2216877680664495,0.3217973430626,3.7964507613376774,1.4678250032456992e-4,4.569253524656116e-4,UP,ENSMUSG00000034771
ENSMUSG00000017734.16,NA,69.07495644700839,-0.908226372957691,0.23929345493777046,-3.7954501229207467,1.4737582282599743e-4,4.5861402173309214e-4,DOWN,ENSMUSG00000017734
ENSMUSG00000028328.14,NA,186.885402607797,0.6978432697366697,0.1838670457972674,3.7953689129596104,1.4742407472281637e-4,4.5867065765389965e-4,UP,ENSMUSG00000028328
ENSMUSG00000029001.16,NA,112.11110371984621,0.5239160802155983,0.13806148970672039,3.794802455982016,1.477610560644157e-4,4.5955093625300896e-4,UP,ENSMUSG00000029001
ENSMUSG00000032253.14,NA,1219.2609741382898,0.64134751574288,0.16908022630345343,3.793155058781587,1.487452076172942e-4,4.624425961132916e-4,UP,ENSMUSG00000032253
ENSMUSG00000033697.17,NA,302.576585051088,0.5368061874356065,0.14155188883835731,3.792292648589118,1.4926286740437141e-4,4.6396715830355334e-4,UP,ENSMUSG00000033697
ENSMUSG00000044042.20,NA,1184.5861573402922,0.5415272127609667,0.14286748385885967,3.7904161124300844,1.5039512043284374e-4,4.6723043808566693e-4,UP,ENSMUSG00000044042
ENSMUSG00000120183.2,1700085D22Rik,48.0990276897585,-0.721285794496504,0.19053315499008383,-3.785618280104808,1.5332688301849908e-4,4.755566245873783e-4,DOWN,ENSMUSG00000120183
ENSMUSG00000096449.3,Gm4076,17.5266619182662,1.29316873307999,0.3416218102111683,3.785381068851071,1.5347321987126892e-4,4.759237011544127e-4,UP,ENSMUSG00000096449
ENSMUSG00000066389.2,Rpl31-ps1,123.95001783771835,-0.6981588155692477,0.18450457680048524,-3.783964754024528,1.5434969129518326e-4,4.782056567983033e-4,DOWN,ENSMUSG00000066389
ENSMUSG00000073144.7,4930599N23Rik,56.183112391238716,-0.5094200477261516,0.13467998022595298,-3.782448192162607,1.5529342186487084e-4,4.8077916115674374e-4,DOWN,ENSMUSG00000073144
ENSMUSG00000030655.16,NA,3196.2975587166234,0.7734257750651503,0.2045034238247124,3.781969810579224,1.5559223556233976e-4,4.815289459459781e-4,UP,ENSMUSG00000030655
ENSMUSG00000063714.18,NA,95.762663995088,-0.861235266140734,0.22773043019079015,-3.7818189928293737,1.5568655369511635e-4,4.817331754256093e-4,DOWN,ENSMUSG00000063714
ENSMUSG00000033871.15,NA,38.18687406396763,0.9605222882076563,0.25431072731369825,3.7769633170952694,1.5875210216764033e-4,4.90593903227856e-4,UP,ENSMUSG00000033871
ENSMUSG00000015053.15,NA,7.868570242005532,1.6612484300735653,0.4399256464901686,3.776202736365566,1.5923739710609828e-4,4.918254949484757e-4,UP,ENSMUSG00000015053
ENSMUSG00000038608.16,NA,2961.791875615861,0.5090577823707303,0.13487296643535893,3.7743500111618613,1.6042539281738074e-4,4.946861704900049e-4,UP,ENSMUSG00000038608
ENSMUSG00000107896.2,Gm8719,136.67889593600214,-0.5639082887698557,0.14947180985189099,-3.772673183850671,1.6150778555880838e-4,4.97572717611068e-4,DOWN,ENSMUSG00000107896
ENSMUSG00000120951.2,Gm46878,14.030902883636896,1.0941474062272902,0.2900566644941313,3.772185025072672,1.6182418140305116e-4,4.984571687991827e-4,UP,ENSMUSG00000120951
ENSMUSG00000040272.15,NA,88.61889768759427,-0.6618188062775114,0.17546119302044597,-3.7718813766437327,1.6202128260087484e-4,4.989739101612599e-4,DOWN,ENSMUSG00000040272
ENSMUSG00000015342.7,Xk,37.40862803061662,0.8006297323327896,0.21239481997875093,3.7695351158417547,1.635518974730853e-4,5.034142205298259e-4,UP,ENSMUSG00000015342
ENSMUSG00000049134.16,NA,28.231959787968943,0.9601258781515035,0.2552735336953147,3.761164991344051,1.6912382271641e-4,5.190614923507072e-4,UP,ENSMUSG00000049134
ENSMUSG00000083458.2,Gm5510,218.06274959171145,-0.5176543535895253,0.13764127610780416,-3.760894756483405,1.6930665743090635e-4,5.195288733796451e-4,DOWN,ENSMUSG00000083458
ENSMUSG00000105461.2,Gm4742,32.927179726658736,-0.8197455257596199,0.2180302136159171,-3.759779491862935,1.7006318876117027e-4,5.214739610660768e-4,DOWN,ENSMUSG00000105461
ENSMUSG00000141623.1,ENSMUSG00000141623,8.633271237502957,1.7631693334878786,0.4691041585149888,3.7585881546422955,1.7087483523185208e-4,5.237738730989323e-4,UP,ENSMUSG00000141623
ENSMUSG00000121929.1,ENSMUSG00000121929,24.232077636740673,-1.1623138680438168,0.3092523555446694,-3.758464073771391,1.709595795072381e-4,5.239391978915284e-4,DOWN,ENSMUSG00000121929
ENSMUSG00000036568.8,Bicral,372.6862271346571,0.5701322667926653,0.1519246809881816,3.75272972820668,1.7491941099630917e-4,5.352068196119528e-4,UP,ENSMUSG00000036568
ENSMUSG00000131459.1,ENSMUSG00000131459,1958.1436264894728,-0.5063321530567894,0.13501273713499307,-3.7502547078245736,1.7665503839916474e-4,5.403229465856468e-4,DOWN,ENSMUSG00000131459
ENSMUSG00000102196.3,Gm38171,67.3484166620336,-0.5838131763788977,0.15580263768789096,-3.747132815224937,1.788673903669457e-4,5.462055738158158e-4,DOWN,ENSMUSG00000102196
ENSMUSG00000111375.6,Btbd8,119.14369231637393,0.5037315685385054,0.1345175758597991,3.7447267787781096,1.8059019370794154e-4,5.513674747212305e-4,UP,ENSMUSG00000111375
ENSMUSG00000074657.6,Kif5a,37.20155037818554,1.0061776954998825,0.26871950371951997,3.7443418939553252,1.8086722748470488e-4,5.520150880482576e-4,UP,ENSMUSG00000074657
ENSMUSG00000105954.2,Gm42793,44.11970149269637,1.154215166815759,0.30828102568903704,3.744035703254781,1.8108790384819873e-4,5.525865196808945e-4,UP,ENSMUSG00000105954
ENSMUSG00000106237.2,Gm8066,15.481435437273808,1.1479132433024966,0.3066014170209709,3.7439919699522517,1.8111944376698262e-4,5.525865196808945e-4,UP,ENSMUSG00000106237
ENSMUSG00000101655.4,2310040G24Rik,48.74675797100079,-0.8305539408936731,0.221922621706313,-3.7425384330255795,1.8217065991855022e-4,5.555943763584765e-4,DOWN,ENSMUSG00000101655
ENSMUSG00000058351.12,NA,466.4536606227047,-0.5423270266676468,0.14508336928006085,-3.7380371668979433,1.8546253454638955e-4,5.651273718860242e-4,DOWN,ENSMUSG00000058351
ENSMUSG00000097154.5,Gm26510,123.46098122136364,-0.5020192531441462,0.13450130404463645,-3.7324489655322814,1.8962712472080423e-4,5.770935724770932e-4,DOWN,ENSMUSG00000097154
ENSMUSG00000085704.4,4921531C22Rik,53.069229101889825,-0.7010981528215818,0.18793427931548382,-3.7305496122112656,1.9106251368613712e-4,5.809332717134078e-4,DOWN,ENSMUSG00000085704
ENSMUSG00000045672.16,NA,39.02682599397152,0.6898193411470674,0.18493759778321317,3.7300113628364784,1.9147113539021046e-4,5.819764304639712e-4,UP,ENSMUSG00000045672
ENSMUSG00000083992.2,Gm11478,1335.8923646197184,-0.6176149228200746,0.1657320746543799,-3.7265865651417074,1.940904326260688e-4,5.893058198962552e-4,DOWN,ENSMUSG00000083992
ENSMUSG00000097134.4,1110002J07Rik,191.32805305839142,-0.5210147423298401,0.13987620999698747,-3.7248274194808486,1.954488869979216e-4,5.931127359540783e-4,DOWN,ENSMUSG00000097134
ENSMUSG00000079889.5,Gm11951,141.45885188808725,-0.542260666479348,0.1455885305266573,-3.7246111662625783,1.9561649820837418e-4,5.935154627175043e-4,DOWN,ENSMUSG00000079889
ENSMUSG00000074092.6,Gm6181,328.3716415977606,-0.5603937416152197,0.15049604035477263,-3.723644424758104,1.9636744263627854e-4,5.955813678388715e-4,DOWN,ENSMUSG00000074092
ENSMUSG00000110631.3,Gm42047,141.17730368680589,0.5707483766416727,0.15330705352412338,3.7229100913603004,1.9693966667517324e-4,5.968911016713592e-4,UP,ENSMUSG00000110631
ENSMUSG00000096942.2,Rps19-ps6,7308.103451183052,-0.5075058109467658,0.13637506974984426,-3.721397260347472,1.981234717583846e-4,5.999444018381569e-4,DOWN,ENSMUSG00000096942
ENSMUSG00000055963.13,NA,17.671613226439664,-1.162314449578215,0.31234897483568924,-3.7212046243777457,1.982746902620534e-4,6.001481051913606e-4,DOWN,ENSMUSG00000055963
ENSMUSG00000085347.4,Hk1os,37.7333576437666,-0.8327788476015054,0.22379217256040027,-3.7212152600053208,1.9826633850730137e-4,6.001481051913606e-4,DOWN,ENSMUSG00000085347
ENSMUSG00000093800.3,Gm20796,10.488555131354135,1.3185360836335125,0.35523985035178673,3.7116784120019,2.0588946791607972e-4,6.214689903054404e-4,UP,ENSMUSG00000093800
ENSMUSG00000052435.8,Cebpe,62.972633717816905,-0.6919871960607515,0.1864800619733145,-3.7107838164477642,2.066185001021313e-4,6.234482279518888e-4,DOWN,ENSMUSG00000052435
ENSMUSG00000041481.18,NA,485.33617495447373,-0.5328943086439497,0.14362873492140776,-3.7102207224448804,2.0707862461419692e-4,6.246149503705273e-4,DOWN,ENSMUSG00000041481
ENSMUSG00000085099.2,Gm16288,304.929647705209,-0.644476258323357,0.1737877872102421,-3.708409369086984,2.0856528297977144e-4,6.288760997081548e-4,DOWN,ENSMUSG00000085099
ENSMUSG00000042097.18,NA,28.806578676772954,0.9992827991865374,0.26964357631026076,3.705939569785003,2.1060851481007712e-4,6.344744734916159e-4,UP,ENSMUSG00000042097
ENSMUSG00000093579.3,Gm20036,13.795037811751182,-1.2250387695954497,0.33070102391879913,-3.7043694485090186,2.1191721330454465e-4,6.376263498685574e-4,DOWN,ENSMUSG00000093579
ENSMUSG00000058427.11,NA,8585.478890540027,0.5658756870271006,0.15287151975335347,3.7016423199043076,2.1420844799626397e-4,6.441784025861123e-4,UP,ENSMUSG00000058427
ENSMUSG00000081565.2,Rps12-ps5,306.48815623749346,-0.5354336541657996,0.14475323453649597,-3.698940862221653,2.1650103383121758e-4,6.504976292108985e-4,DOWN,ENSMUSG00000081565
ENSMUSG00000074800.5,Gm4149,6684.335820145022,-0.506662282174776,0.13712309212963014,-3.6949449892495116,2.1993439916580658e-4,6.605800763358719e-4,DOWN,ENSMUSG00000074800
ENSMUSG00000027009.19,NA,4909.954891060928,0.5949460500416103,0.1610715621526327,3.693675296188129,2.210360130234703e-4,6.635372352122041e-4,UP,ENSMUSG00000027009
ENSMUSG00000039748.12,NA,44.13067048431249,-1.0548283356736259,0.28586849374951484,-3.689907627938506,2.2433549541530634e-4,6.72848224873492e-4,DOWN,ENSMUSG00000039748
ENSMUSG00000030346.17,NA,154.21652267024876,-0.6334158378880498,0.1718360755856228,-3.686163314247887,2.276602863976244e-4,6.819783037657214e-4,DOWN,ENSMUSG00000030346
ENSMUSG00000121098.2,Gm56981,18.80020945413938,1.4105713629021186,0.38275622088522365,3.685299639650021,2.2843372951838112e-4,6.836930665592378e-4,UP,ENSMUSG00000121098
ENSMUSG00000055069.4,Rab39,161.54126580188625,-0.5408486175040915,0.1467658542915868,-3.685112045405067,2.2860205075103004e-4,6.839561004700945e-4,DOWN,ENSMUSG00000055069
ENSMUSG00000045257.11,NA,100.93661225128159,-0.6091635995500518,0.1654239531534749,-3.6824388967714357,2.3101324906449181e-4,6.903200340170002e-4,DOWN,ENSMUSG00000045257
ENSMUSG00000063522.6,Ly6m,37.149544733489854,-1.0819939746450238,0.29418293371618254,-3.6779630992764996,2.3510396193461732e-4,7.014347327473863e-4,DOWN,ENSMUSG00000063522
ENSMUSG00000095620.8,Csta2,282.63238344477367,-0.9787591569860123,0.26629162126088135,-3.675516159132693,2.3736901507920633e-4,7.074286839188464e-4,DOWN,ENSMUSG00000095620
ENSMUSG00000085360.3,Arhgap27os2,19.962147845344294,-1.2119817791891065,0.3300796017237782,-3.6717863595925384,2.4086099494194897e-4,7.164740388285436e-4,DOWN,ENSMUSG00000085360
ENSMUSG00000038540.15,NA,101.97654881587985,0.5630826532558785,0.15337006555500385,3.671398660607193,2.4122672570841294e-4,7.173110154567705e-4,UP,ENSMUSG00000038540
ENSMUSG00000121036.1,Gm56976,14.389624923760659,-1.1210661991519884,0.3056565519726856,-3.66773161549035,2.447118473647561e-4,7.269117338489157e-4,DOWN,ENSMUSG00000121036
ENSMUSG00000086462.3,Gm13990,13.675647712027304,-1.2754504114138903,0.348352255517559,-3.661381234689896,2.508591457234287e-4,7.433543530532546e-4,DOWN,ENSMUSG00000086462
ENSMUSG00000081810.2,Gm11878,2064.317103954998,-0.6187515304851859,0.16907574136166872,-3.6596115179032034,2.52597898759207e-4,7.481156158653908e-4,DOWN,ENSMUSG00000081810
ENSMUSG00000068324.6,Gm10029,1027.0752521470715,-0.5289111249105286,0.14456606266689653,-3.6586119532716674,2.535849627895804e-4,7.509082147309079e-4,DOWN,ENSMUSG00000068324
ENSMUSG00000093424.6,6330562C20Rik,26.27034855267274,-1.13839959163994,0.3115023919844115,-3.654545264926598,2.576382081435308e-4,7.614520972695316e-4,DOWN,ENSMUSG00000093424
ENSMUSG00000002308.17,NA,232.78134391078805,-0.5459076448713517,0.14943510132518242,-3.653141999639122,2.590508762130171e-4,7.652282787699443e-4,DOWN,ENSMUSG00000002308
ENSMUSG00000122771.1,ENSMUSG00000122771,20.882467155341416,-1.0767936887470002,0.2948173414383053,-3.652409602141177,2.597910626327058e-4,7.668819321527157e-4,DOWN,ENSMUSG00000122771
ENSMUSG00000049588.14,NA,86.25888495289927,-0.5990114624874047,0.1640902207965573,-3.650500679318802,2.61729617132508e-4,7.723362604468907e-4,DOWN,ENSMUSG00000049588
ENSMUSG00000038295.15,NA,144.49908058601318,-0.5708868672774485,0.15643057797310916,-3.6494582751946716,2.627939190367268e-4,7.750734282238253e-4,DOWN,ENSMUSG00000038295
ENSMUSG00000035236.18,NA,75.91682266699576,0.6671933218846404,0.18283522398823485,3.6491508984481746,2.631085266447905e-4,7.758667598615063e-4,UP,ENSMUSG00000035236
ENSMUSG00000022141.8,Nipbl,1498.5847557184857,0.54232521336333706,0.1487163992004613,3.6467075337960093,2.6562195889674446e-4,7.828712362214968e-4,UP,ENSMUSG00000022141
ENSMUSG00000142833.1,ENSMUSG00000142833,140.22416218187053,-0.7075490266428419,0.194089733652974,-3.645473736946417,2.6689967287894296e-4,7.862282759361344e-4,DOWN,ENSMUSG00000142833
ENSMUSG00000038046.5,Mrm3,90.03839939350328,-0.534653482668327,0.14669101968274476,-3.644759466698412,2.6764199854982523e-4,7.880055102732562e-4,DOWN,ENSMUSG00000038046
ENSMUSG00000100078.2,Gm6170,15932.38408071249,-0.5096330328774785,0.13984560496650342,-3.644254912405353,2.681675369077429e-4,7.891429542573241e-4,DOWN,ENSMUSG00000100078
ENSMUSG00000120046.2,Gm33318,27.633482334422293,-0.9318881425413071,0.2557699027611681,-3.643462864399187,2.689944771647517e-4,7.911264662369154e-4,DOWN,ENSMUSG00000120046
ENSMUSG00000131036.1,ENSMUSG00000131036,4.1510935676031036,4.069812558913589,1.117549414452045,3.641729400313894,2.708126534153345e-4,7.961002565222434e-4,UP,ENSMUSG00000131036
ENSMUSG00000119994.2,A430046D13Rik,90.47342369702537,-0.5903790681271791,0.16214030733359733,-3.6411616447259925,2.7141065438017074e-4,7.977202883493231e-4,DOWN,ENSMUSG00000119994
ENSMUSG00000104554.4,Gm4610,11.880212317843338,-2.16219157472476,0.5943077910596166,-3.6381679783630245,2.74584320340331e-4,8.051001640875292e-4,DOWN,ENSMUSG00000104554
ENSMUSG00000060680.3,Gm8894,1031.538445049954,-0.5711771226439113,0.1571025345165986,-3.635696422094093,2.7723065925874596e-4,8.120193922415145e-4,DOWN,ENSMUSG00000060680
ENSMUSG00000028341.10,NA,10.321637468178,1.8059180916900224,0.4967604447599085,3.635390278633897,2.775601110597744e-4,8.127186678681672e-4,UP,ENSMUSG00000028341
ENSMUSG00000083708.2,Gm13123,67.12763238450876,0.7147988671889985,0.19664275764487524,3.635012424306424,2.779672393358519e-4,8.136163291128224e-4,UP,ENSMUSG00000083708
ENSMUSG00000086691.3,Gm15432,266.58310307046463,-0.6563685886146318,0.18057749814966315,-3.634830448645554,2.781635130066974e-4,8.140507145399924e-4,DOWN,ENSMUSG00000086691
ENSMUSG00000086782.5,E130102H24Rik,19.398318786309964,1.421952345259256,0.39136940496202627,3.6332741579460586,2.79847395811096e-4,8.18415273114961e-4,UP,ENSMUSG00000086782
ENSMUSG00000032246.15,NA,22.426882756433606,-2.0664248040286957,0.5691259905820966,-3.6308740739729286,2.824629850074873e-4,8.253549008655204e-4,DOWN,ENSMUSG00000032246
ENSMUSG00000021643.16,NA,315.3347841973193,-0.5527532790443522,0.15231706225050223,-3.6289649424520047,2.8455987731482803e-4,8.306256906309588e-4,DOWN,ENSMUSG00000021643
ENSMUSG00000021714.16,NA,61.79542159629933,-0.7027518952512511,0.1936680809775706,-3.6286407739674944,2.849173726388156e-4,8.315264868878837e-4,DOWN,ENSMUSG00000021714
ENSMUSG00000120384.2,Gm53681,92.41256651270056,-1.007014725066704,0.27761863943588533,-3.6273311010850526,2.863659779107218e-4,8.353174330782667e-4,DOWN,ENSMUSG00000120384
ENSMUSG00000112160.2,BC024063,44.5673647060942,-0.7194384234477383,0.19839006398985867,-3.6263833428901697,2.874185763897123e-4,8.37819730902202e-4,DOWN,ENSMUSG00000112160
ENSMUSG00000032387.16,NA,5.752658283085591,1.8022960999926265,0.49720249192342747,3.6248734253532104,2.891030102648933e-4,8.422966922331293e-4,UP,ENSMUSG00000032387
ENSMUSG00000084802.3,Gm14089,22.73918987725254,-1.2221090267855137,0.3371876077853482,-3.6244185686785433,2.896122490832217e-4,8.433469020392582e-4,DOWN,ENSMUSG00000084802
ENSMUSG00000120144.1,Gm56517,1665.6996081197142,0.541169475343093,0.14933491585683795,3.623864333655854,2.902338835699417e-4,8.448677548768278e-4,UP,ENSMUSG00000120144
ENSMUSG00000020473.14,NA,5.98437720597017,1.8687050073248086,0.5164787661192767,3.6181642497442885,2.9670008589050207e-4,8.626571483422599e-4,UP,ENSMUSG00000020473
ENSMUSG00000116138.2,C030006K11Rik,113.34333510189688,0.5358742430497754,0.14810589105040206,3.6181831745464565,2.966783959893682e-4,8.626571483422599e-4,UP,ENSMUSG00000116138
ENSMUSG00000036864.17,NA,66.04254958938846,0.6837319553671202,0.1892241233605173,3.6133445526099592,3.0227260245279763e-4,8.773592553869734e-4,UP,ENSMUSG00000036864
ENSMUSG00000086191.4,Zfp652os,77.74423641632535,-0.6741099842235091,0.1867223405975286,-3.6102267252343525,3.0592947197457756e-4,8.867626726435429e-4,DOWN,ENSMUSG00000086191
ENSMUSG00000070388.4,Fbxo39,6.50193476103164,1.735354925345832,0.48099003826834696,3.6078812184830906,3.0870775431643497e-4,8.942061096755737e-4,UP,ENSMUSG00000070388
ENSMUSG00000094248.2,H2ac23,8.7751906288979,-1.5329506768994425,0.424895501074194,-3.607829861751733,3.0876885048423307e-4,8.942307682790987e-4,DOWN,ENSMUSG00000094248
ENSMUSG00000120680.2,Gm57058,14.84077450172081,-1.238678821880071,0.343782542075829,-3.6030882033761116,3.1445876197266513e-4,9.093157126521243e-4,DOWN,ENSMUSG00000120680
ENSMUSG00000068855.4,H2ac20,40.77648765391347,-1.3145755516853126,0.36489939401608484,-3.6025698404622886,3.150867060933209e-4,9.109766276475715e-4,DOWN,ENSMUSG00000068855
ENSMUSG00000003849.9,Nqo1,418.12302770402533,-0.5642557099368902,0.15665896886052008,-3.6018091657380324,3.160103119710937e-4,9.131812005744128e-4,DOWN,ENSMUSG00000003849
ENSMUSG00000129045.1,ENSMUSG00000129045,24.503334712089522,-0.8224502101392746,0.22841816066308587,-3.6006340640855568,3.174420952445306e-4,9.17162805254585e-4,DOWN,ENSMUSG00000129045
ENSMUSG00000058173.13,NA,109.45158453457978,-0.6821364934325423,0.18949587246462685,-3.599743279684768,3.1853150084846274e-4,9.199977417508419e-4,DOWN,ENSMUSG00000058173
ENSMUSG00000117239.3,Gpr31c,59.54591194224251,-0.516664063251611,0.14354493423750442,-3.5993193768632525,3.190511507708455e-4,9.213421412818813e-4,DOWN,ENSMUSG00000117239
ENSMUSG00000034855.14,NA,42419.778984996985,0.5112534962613853,0.14206239062134904,3.5987955293816833,3.196944161528455e-4,9.228863081132729e-4,UP,ENSMUSG00000034855
ENSMUSG00000022816.12,NA,7.734268459249536,1.897330891655048,0.5272981554613962,3.5982126468749853,3.204116012003965e-4,9.244858652890977e-4,UP,ENSMUSG00000022816
ENSMUSG00000110620.2,Gm45733,36.620670136095455,0.9473221033969792,0.2632956332048891,3.5979408084592137,3.2074658887004854e-4,9.249815991731466e-4,UP,ENSMUSG00000110620
ENSMUSG00000121092.1,Gm56862,234.73058316979044,0.9122977842795715,0.25396400979286865,3.5922325569817373,3.2785706169888583e-4,9.450063036019073e-4,UP,ENSMUSG00000121092
ENSMUSG00000068854.8,H2bc21,154.26626509804882,-0.6030727855083068,0.16791101142629652,-3.5916214212849393,3.286270023135967e-4,9.467441642122692e-4,DOWN,ENSMUSG00000068854
ENSMUSG00000074863.6,Platr25,120.5595217437865,-0.6132767785956778,0.17082850980837622,-3.5900142153298056,3.3065992833304457e-4,9.517946413730122e-4,DOWN,ENSMUSG00000074863
ENSMUSG00000034488.15,NA,248.3016442995599,0.566957799438159,0.1580748493492801,3.5866414029306877,3.349644596339863e-4,9.627185398910885e-4,UP,ENSMUSG00000034488
ENSMUSG00000073000.5,Ppp1r36dn,56.90178348715698,-0.5755412754269712,0.16047932380847502,-3.586388961320988,3.3528873672039784e-4,9.634877081221841e-4,DOWN,ENSMUSG00000073000
ENSMUSG00000096699.2,Rps19-ps4,3104.1459464245954,-0.6004245437724094,0.16747958741690078,-3.5850610395748985,3.3699937751039257e-4,9.677493100205566e-4,DOWN,ENSMUSG00000096699
ENSMUSG00000030446.18,NA,76.11450258982927,-0.6267445127720976,0.1749125661476809,-3.58318745517077,3.394268382271827e-4,9.743910889418415e-4,DOWN,ENSMUSG00000030446
ENSMUSG00000064080.13,NA,8.012656839457913,2.3655062581300457,0.660278816428082,3.5825869303618623,3.402083480668897e-4,9.764697328650677e-4,UP,ENSMUSG00000064080
ENSMUSG00000078444.5,Gm10941,35.167572785855164,-1.2275075541483793,0.3426391261260126,-3.582508419359376,3.4031064490680187e-4,9.765985196228608e-4,DOWN,ENSMUSG00000078444
ENSMUSG00000121614.1,ENSMUSG00000121614,315.73765707571687,-0.501033398289746,0.14008069423248906,-3.5767483951656547,3.4789473137028883e-4,9.963452006876276e-4,DOWN,ENSMUSG00000121614
ENSMUSG00000130860.1,ENSMUSG00000130860,23.621111888348178,-1.3303853984248606,0.3723928866193283,-3.572531716441787,3.5354664777155124e-4,0.0010111695748407333,DOWN,ENSMUSG00000130860
ENSMUSG00000049999.5,Ppp1r3d,91.56577427789985,-0.557726358784678,0.1561407808696415,-3.571945494817984,3.5433916772450205e-4,0.0010130954751719709,DOWN,ENSMUSG00000049999
ENSMUSG00000120385.2,Vis1,92.15736793345884,-0.9510231561222017,0.26629621766417183,-3.5712980246739523,3.5521642106050644e-4,0.0010150916579658835,DOWN,ENSMUSG00000120385
ENSMUSG00000034883.10,NA,32.50229787571359,-1.1111370245060441,0.3111380720423456,-3.571202383599071,3.5534617661131074e-4,0.0010152918480262013,DOWN,ENSMUSG00000034883
ENSMUSG00000020424.4,Castor1,211.51717190373094,0.603789838810687,0.16911246610203662,3.5703449469324227,3.5651143638189953e-4,0.0010182790539319086,UP,ENSMUSG00000020424
ENSMUSG00000029287.15,NA,18.029074670073463,1.1160142721808122,0.3130108307181202,3.5654174317879477,3.6327752072442117e-4,0.0010369079418327469,UP,ENSMUSG00000029287
ENSMUSG00000120308.2,Gm56915,24.57378490622484,-1.0649496727461556,0.2987495683003913,-3.564690248105576,3.642861412369955e-4,0.0010396123708468442,DOWN,ENSMUSG00000120308
ENSMUSG00000021226.8,Acot2,70.00316537901435,-0.9521899782030638,0.2671304540931014,-3.5645130070838076,3.6453237517982355e-4,0.0010401405322664563,DOWN,ENSMUSG00000021226
ENSMUSG00000029283.18,NA,48.33302988101769,0.7659068942286208,0.2149831832146655,3.562636308458814,3.6714916329386984e-4,0.00104725573146185,UP,ENSMUSG00000029283
ENSMUSG00000040987.16,NA,144.46995425092666,-0.5046502794773584,0.14168514905805032,-3.5617725840172305,3.683593958507256e-4,0.0010505315924597416,DOWN,ENSMUSG00000040987
ENSMUSG00000108046.2,Gm43924,10.808823811307963,1.33053452833748,0.37360217360617654,3.5613672037680115,3.689286912561718e-4,0.0010519787598092653,UP,ENSMUSG00000108046
ENSMUSG00000017144.9,Rnd3,526.903210411596,0.5140460710068914,0.1444825012229054,3.5578431066460356,3.73912526893902e-4,0.0010645089885932151,UP,ENSMUSG00000017144
ENSMUSG00000038037.6,Socs1,617.7771983292629,-0.6206973928317333,0.1744875234003225,-3.557259457501052,3.747439830367652e-4,0.0010664150226779164,DOWN,ENSMUSG00000038037
ENSMUSG00000098404.2,Mrip-ps,185.18963484083017,0.5867269258868794,0.16505549565078723,3.5547251763627115,3.783743596235646e-4,0.0010762057801903897,UP,ENSMUSG00000098404
ENSMUSG00000022938.9,Fam3b,48.61655488392341,-0.7297469935285854,0.20529991794781802,-3.5545410871234173,3.786393454205648e-4,0.0010767793826458403,DOWN,ENSMUSG00000022938
ENSMUSG00000128045.1,ENSMUSG00000128045,348.32194507166514,0.5180786334118676,0.1458572642868211,3.5519563317264162,3.823783142021919e-4,0.0010866854296996114,UP,ENSMUSG00000128045
ENSMUSG00000085371.2,Gm3160,71.92207310845033,-0.6240548850816088,0.17572654336338905,-3.5512841323641755,3.8335632036864893e-4,0.0010892828043758134,DOWN,ENSMUSG00000085371
ENSMUSG00000030344.12,NA,81.12526619461055,-0.7248473610154003,0.2041996156442448,-3.5496999283202593,3.856704887949947e-4,0.0010953093407561256,DOWN,ENSMUSG00000030344
ENSMUSG00000087256.2,Gm15990,5.052413349707613,-2.10415602942855,0.59298288131148,-3.548426262786642,3.8754049036832946e-4,0.0011002526843412038,DOWN,ENSMUSG00000087256
ENSMUSG00000042606.10,NA,128.90489695599155,0.5528845381818339,0.1559449775132826,3.545382140535703,3.9204426697305784e-4,0.0011119254176357274,UP,ENSMUSG00000042606
ENSMUSG00000123461.1,ENSMUSG00000123461,15.255523635749837,-0.9941218800040448,0.2805099708421215,-3.5439805473565973,3.9413432437901863e-4,0.001117480546913903,DOWN,ENSMUSG00000123461
ENSMUSG00000113465.3,Gm40271,255.09804609895335,-0.7337741750793468,0.20733766804900258,-3.5390297478696695,4.0160059356526075e-4,0.001136754276659591,DOWN,ENSMUSG00000113465
ENSMUSG00000020331.11,NA,40.85007416379639,0.8259912951875737,0.23341400339307053,3.5387392494896703,4.0204277054962294e-4,0.0011378165012426173,UP,ENSMUSG00000020331
ENSMUSG00000031644.20,NA,295.4634730575445,0.5052590772839001,0.14286899906760558,3.53652003290659,4.054357512346578e-4,0.0011466067868598443,UP,ENSMUSG00000031644
ENSMUSG00000024036.17,NA,164.70033356062052,0.6139579354525622,0.17366736550150774,3.535252197093022,4.0738614396146225e-4,0.0011516311687545281,UP,ENSMUSG00000024036
ENSMUSG00000098374.2,Gm28043,25.39692708564549,0.8440004446694712,0.23877014744205663,3.5347821061855664,4.081115394424312e-4,0.0011532643469189074,UP,ENSMUSG00000098374
ENSMUSG00000000983.14,NA,125.65071448901959,-0.5094603065612808,0.14414257683617887,-3.5344193072133945,4.086721978364098e-4,0.0011546568194726675,DOWN,ENSMUSG00000000983
ENSMUSG00000115512.2,Rpl17-ps7,187.20519812390847,-0.5630645438918975,0.15936137361590116,-3.533256090331005,4.1047465256653843e-4,0.0011592319133454936,DOWN,ENSMUSG00000115512
ENSMUSG00000069713.5,4933406P04Rik,9.334061243312114,-1.3016368592028418,0.36856840984266404,-3.531601798858697,4.130508408954204e-4,0.0011652857664677372,DOWN,ENSMUSG00000069713
ENSMUSG00000020256.15,NA,57.47618343326566,0.6459003294814691,0.1830294352387897,3.528942372787164,4.1722397418174475e-4,0.0011762783330462121,UP,ENSMUSG00000020256
ENSMUSG00000072893.14,NA,16.869076864660283,1.4270580172750145,0.4044009686939776,3.528819483008984,4.1741775960343875e-4,0.0011766296071301309,UP,ENSMUSG00000072893
ENSMUSG00000121501.1,Gvin-ps7,267.2500438077623,0.6326730480807431,0.1793244742769518,3.528090912474289,4.1856837313075754e-4,0.001179481980689588,UP,ENSMUSG00000121501
ENSMUSG00000015217.12,NA,196.83369334933099,-0.5234322214012371,0.14841735404268713,-3.5267588805732912,4.206796799333822e-4,0.0011850387008360275,DOWN,ENSMUSG00000015217
ENSMUSG00000128078.1,ENSMUSG00000128078,23.86471814714998,-0.8646612889540257,0.24524737251822662,-3.525669939194821,4.224130654998002e-4,0.0011885005584431443,DOWN,ENSMUSG00000128078
ENSMUSG00000021767.21,NA,213.59319625681607,0.6255835427621358,0.1774901902151233,3.524609117855529,4.2410810080697927e-4,0.001192326394829474,UP,ENSMUSG00000021767
ENSMUSG00000079481.12,NA,141.2278970866439,0.7664671049273525,0.2175481172236806,3.5232072550610924,4.263578130760955e-4,0.001197661210632983,UP,ENSMUSG00000079481
ENSMUSG00000111116.3,Gm48065,34.533905414938715,-1.2559758987122303,0.3566363222031058,-3.5217273746922135,4.287448151777183e-4,0.00120396868013743,DOWN,ENSMUSG00000111116
ENSMUSG00000025352.7,Gdf11,4.125698774457596,2.1656850270622017,0.6154523259581562,3.5188509909205274,4.3342007042094653e-4,0.001216294012801752,UP,ENSMUSG00000025352
ENSMUSG00000018800.15,NA,60.79568741113471,0.7833416623025403,0.22274006816199998,3.516842159412522,4.3671339244637827e-4,0.0012247559133769627,UP,ENSMUSG00000018800
ENSMUSG00000097000.5,Gm17435,109.58657324221909,-0.5812778891159966,0.1652898770588901,-3.5167180196334518,4.369176743695048e-4,0.001225098428743248,DOWN,ENSMUSG00000097000
ENSMUSG00000041930.8,Fam222a,11.599908972067604,1.6013668527593614,0.45547898014079846,3.5157865073473733,4.3845340069828927e-4,0.0012289992636022923,UP,ENSMUSG00000041930
ENSMUSG00000038174.15,NA,392.05003026858674,0.6428492565045241,0.18287860291803004,3.5151693322627926,4.3947367251270244e-4,0.0012316561098798643,UP,ENSMUSG00000038174
ENSMUSG00000075296.6,Aldh3b2,104.34240320966126,-0.530121139133354,0.15082851303771969,-3.514727609896808,4.402052580845415e-4,0.0012335031502695194,DOWN,ENSMUSG00000075296
ENSMUSG00000079260.4,Tmppe,230.1734948955,0.7084275367089098,0.20166618809531175,3.512872154721801,4.4329071819569274e-4,0.0012411264329331496,UP,ENSMUSG00000079260
ENSMUSG00000126454.1,ENSMUSG00000126454,27.818583904236988,-1.8206284212466852,0.5184899759934822,-3.5114052451219844,4.457443362538927e-4,0.0012469695973570817,DOWN,ENSMUSG00000126454
ENSMUSG00000108696.2,Gm5738,34.131306049477836,-0.7305723648036913,0.20845130013911836,-3.5047628118227827,4.5701424571247115e-4,0.0012754449697775874,DOWN,ENSMUSG00000108696
ENSMUSG00000120594.2,Gm9975,11.345887563346645,1.572756816827345,0.4490290551950492,3.50257249198311,4.607883770670709e-4,0.0012852496539941952,UP,ENSMUSG00000120594
ENSMUSG00000076218.3,Mir692-1,38.786742730465456,-1.1081928786146338,0.3164003242227583,-3.5025023483680826,4.6090972046461664e-4,0.0012853772886555052,DOWN,ENSMUSG00000076218
ENSMUSG00000046179.18,NA,201.09170628277462,0.6049855470666002,0.17287531937867326,3.4995483984698526,4.6604699097760837e-4,0.0012988520368019023,UP,ENSMUSG00000046179
ENSMUSG00000082884.2,Gm13339,29.413147454504443,2.0347915611270344,0.5816420430045451,3.498357083363614,4.681339067682259e-4,0.0013041516808423668,UP,ENSMUSG00000082884
ENSMUSG00000032207.11,NA,50.88350034667425,-0.8029134258726484,0.23009522785218559,-3.4894831734122023,4.8395552539585437e-4,0.001345015143795048,DOWN,ENSMUSG00000032207
ENSMUSG00000101856.3,1700096K18Rik,22.694298105330525,-1.3053943479444337,0.3741602299772592,-3.488864511398695,4.850769511580366e-4,0.0013479115410773806,DOWN,ENSMUSG00000101856
ENSMUSG00000078435.6,AU041133,52.738535101226084,-0.677971443347431,0.19442007751567378,-3.487147274142889,4.882024362392766e-4,0.0013552678143462517,DOWN,ENSMUSG00000078435
ENSMUSG00000048852.14,NA,356.4245630938121,-0.5663779299951927,0.16246687772826962,-3.4861132183661185,4.90093534789459e-4,0.0013602955202594318,DOWN,ENSMUSG00000048852
ENSMUSG00000120352.2,Gm57078,10.645361762745177,1.1959090847131046,0.34314630235512766,3.4851288692466778,4.919000734953647e-4,0.0013650869206694146,UP,ENSMUSG00000120352
ENSMUSG00000109602.4,Gm31597,69.22027691374171,-0.7650216212789848,0.21977328032497614,-3.480958286411143,4.996232945035296e-4,0.001384937855962025,DOWN,ENSMUSG00000109602
ENSMUSG00000082381.2,Gm12928,30.213092321355436,1.1039897452176977,0.3172030117824106,3.4803885972400326,5.006869971578056e-4,0.0013874341003202938,UP,ENSMUSG00000082381
ENSMUSG00000030852.19,NA,41.05788689817586,0.8324608703564076,0.23925783974960443,3.4793462618722146,5.026386751420111e-4,0.0013919350772618531,UP,ENSMUSG00000030852
ENSMUSG00000121730.2,ENSMUSG00000121730,20.42468584129883,-1.63926555395823,0.47137857708809866,-3.477598757424774,5.059266393077608e-4,0.0013996727555015097,DOWN,ENSMUSG00000121730
ENSMUSG00000055923.17,NA,62.21172239427594,-0.6529927920551453,0.18786166842459473,-3.4759235214460378,5.090974435209391e-4,0.0014075290399149878,DOWN,ENSMUSG00000055923
ENSMUSG00000030041.10,NA,118.30858070556188,-0.6025957275458169,0.17342238139081662,-3.4747287098303374,5.113702316067032e-4,0.0014129347503974276,DOWN,ENSMUSG00000030041
ENSMUSG00000142676.1,ENSMUSG00000142676,17.763786087656616,1.0670392769981512,0.30709103982361047,3.4746675696270595,5.114867873903742e-4,0.0014129864045420246,UP,ENSMUSG00000142676
ENSMUSG00000072762.10,NA,130.23266200399496,-0.5068021427736651,0.14586050440793485,-3.4745673260272567,5.116779422625136e-4,0.0014132848929862443,DOWN,ENSMUSG00000072762
ENSMUSG00000028100.12,NA,58.09242967495968,-0.6139149757539598,0.1767790112989667,-3.4727820415044275,5.150934811842029e-4,0.0014224877786649165,DOWN,ENSMUSG00000028100
ENSMUSG00000034205.17,NA,15.986009929199653,1.3270687433916593,0.3823917530704104,3.4704428972015617,5.196008116206658e-4,0.0014326088525325944,UP,ENSMUSG00000034205
ENSMUSG00000121607.1,Nlgn4l,41.68652981199761,0.7784793137666358,0.22451579350988415,3.4673699413149026,5.255780121690301e-4,0.0014469774445437147,UP,ENSMUSG00000121607
ENSMUSG00000116560.2,Gm2808,451.13349799246527,0.9893853387327,0.28539163032529963,3.46676368050795,5.267647912091755e-4,0.001450010041972036,UP,ENSMUSG00000116560
ENSMUSG00000069301.6,H2ac11,7.757820479378606,-1.8567758122688647,0.5356402211777174,-3.466460767614414,5.27358690105432e-4,0.0014514099180988795,DOWN,ENSMUSG00000069301
ENSMUSG00000108694.2,Gm7287,200.0938280576319,-0.5595295071113513,0.16142341173784805,-3.4662227807452637,5.278257309918872e-4,0.0014524602558653777,DOWN,ENSMUSG00000108694
ENSMUSG00000082418.2,Gm13126,23.462289238315964,0.8410995703131379,0.24269945531315656,3.465601392585995,5.290470011985622e-4,0.0014555853910989726,UP,ENSMUSG00000082418
ENSMUSG00000021066.10,NA,26.87190281723786,-1.4833110288000986,0.4282713635189189,-3.4634840317418822,5.332282430992166e-4,0.0014661405824002065,DOWN,ENSMUSG00000021066
ENSMUSG00000047515.9,BC049715,36.34916544269345,-0.820439954791994,0.23728286550109876,-3.457645174081038,5.449185613968674e-4,0.0014961067250750932,DOWN,ENSMUSG00000047515
ENSMUSG00000040563.14,NA,159.08618345653647,0.5551938435318655,0.16065225105844222,3.455873415243317,5.485128485916072e-4,0.0015050031466842322,UP,ENSMUSG00000040563
ENSMUSG00000028965.14,NA,171.84810107069714,-0.5405419015203675,0.1564341095404209,-3.4553966721733236,5.494837597418427e-4,0.0015072513043365798,DOWN,ENSMUSG00000028965
ENSMUSG00000039485.9,Tspyl4,112.32824480881985,-0.7581944731340058,0.21963077329135322,-3.452132238901768,5.561750752476843e-4,0.0015228799807323,DOWN,ENSMUSG00000039485
ENSMUSG00000091941.2,Gm7399,45.95473611052907,0.8165721897634561,0.2366706021595302,3.4502476535426965,5.600725051892187e-4,0.0015327636020675656,UP,ENSMUSG00000091941
ENSMUSG00000000126.12,NA,9.637150723700227,1.4395916482176476,0.4172575688750924,3.450127105180433,5.603226696327089e-4,0.0015332014995613592,UP,ENSMUSG00000000126
ENSMUSG00000020899.17,NA,200.65174180483004,0.5033439267339903,0.14607077782235545,3.445890644507514,5.691806398416161e-4,0.0015556872325854264,UP,ENSMUSG00000020899
ENSMUSG00000034206.16,NA,67.4974615836503,0.6424397303099242,0.18644366344868446,3.4457579218654706,5.694602434711945e-4,0.0015562013338375597,UP,ENSMUSG00000034206
ENSMUSG00000110532.2,Gm35857,33.20281033493365,-0.8771696997457681,0.2548116220552208,-3.442424221747918,5.765253644107773e-4,0.0015737384184863047,DOWN,ENSMUSG00000110532
ENSMUSG00000113749.2,Mrto4-ps1,83.7016869679301,-0.5087108164532523,0.14782796613252344,-3.4412353072436104,5.790647171229725e-4,0.0015799092859607362,DOWN,ENSMUSG00000113749
ENSMUSG00000026068.12,NA,103.87067284892943,-0.7448680997415117,0.2165668233131838,-3.439437714170723,5.829239032764205e-4,0.0015894186145773302,DOWN,ENSMUSG00000026068
ENSMUSG00000132309.1,ENSMUSG00000132309,80.5559953262227,0.5284436676187,0.1536839563538703,3.43850900351572,5.849270862189272e-4,0.0015936030163792177,UP,ENSMUSG00000132309
ENSMUSG00000084060.4,Gm16412,19.108763776813223,-1.093428241236361,0.3183450272723728,-3.434726939525381,5.931511849839423e-4,0.0016139406482939076,DOWN,ENSMUSG00000084060
ENSMUSG00000023873.14,NA,69.06679469725468,-0.5744145414712397,0.1673052241234091,-3.433332966623536,5.962094317939439e-4,0.001621118119302268,DOWN,ENSMUSG00000023873
ENSMUSG00000042826.14,NA,71.56091657005835,0.8520213006146639,0.2484522260918536,3.429316428421409,6.051036103372625e-4,0.0016438325874433683,UP,ENSMUSG00000042826
ENSMUSG00000130630.1,ENSMUSG00000130630,6.9787740600810775,-2.8294272694653597,0.8252581505807031,-3.428535988980416,6.068460715344595e-4,0.001647776511658154,DOWN,ENSMUSG00000130630
ENSMUSG00000079845.9,Xlr4a,85.80902617091827,-0.5009795098631334,0.14623014927892822,-3.4259659333831007,6.126172127208178e-4,0.0016618712243524165,DOWN,ENSMUSG00000079845
ENSMUSG00000129285.1,ENSMUSG00000129285,11.583931751094935,-1.2536279862423854,0.3659301324777716,-3.4258670576097936,6.128402583265967e-4,0.0016621948059174008,DOWN,ENSMUSG00000129285
ENSMUSG00000142170.1,ENSMUSG00000142170,85.5958567372258,-0.5476906723404074,0.15987954154372655,-3.4256457521215475,6.133397567902343e-4,0.0016632843093565182,DOWN,ENSMUSG00000142170
ENSMUSG00000045690.9,Wdr89,831.6677383737054,-0.5819615093506327,0.1701136724732585,-3.421015494460716,6.238777775361017e-4,0.0016894371791049275,DOWN,ENSMUSG00000045690
ENSMUSG00000106252.3,Mir684-1,121.9272205438735,1.363277253406066,0.3989132923657588,3.4174776310940613,6.32042877339578e-4,0.0017104584933222253,UP,ENSMUSG00000106252
ENSMUSG00000054423.16,NA,118.48378740038144,-0.6901544115171591,0.20196227756448581,-3.417244149946741,6.325852143273465e-4,0.0017113815072941226,DOWN,ENSMUSG00000054423
ENSMUSG00000079484.13,NA,65.14952556086139,-0.6876496758158048,0.20137594488102195,-3.4147558002624683,6.383921817553639e-4,0.0017251704183905482,DOWN,ENSMUSG00000079484
ENSMUSG00000120627.2,Gm56550,20.87393407716957,-1.1202425144641692,0.32813261259634796,-3.4139932193885114,6.401816899419289e-4,0.0017294566829471711,DOWN,ENSMUSG00000120627
ENSMUSG00000134910.1,ENSMUSG00000134910,115.45174731012769,0.5289998621588379,0.15501001090967612,3.4126819232796812,6.432697529793393e-4,0.0017366955737683192,UP,ENSMUSG00000134910
ENSMUSG00000102329.2,Gm10851,11.160363594991434,-1.1180600781799344,0.3278737713373368,-3.410032079173558,6.495523884537908e-4,0.0017514329979459596,DOWN,ENSMUSG00000102329
ENSMUSG00000045282.8,Tmem86b,37.880281993929565,0.7108402325604147,0.2085993479587278,3.407681948752099,6.551721212896432e-4,0.0017657459737958278,UP,ENSMUSG00000045282
ENSMUSG00000105851.2,9130604C24Rik,8.46869338510673,-2.5474032118123078,0.7478458514249503,-3.4063212451583027,6.584465280742251e-4,0.0017731657413191247,DOWN,ENSMUSG00000105851
ENSMUSG00000034639.8,Setmar,84.58245938635996,-0.5755250817699755,0.16895766652076052,-3.4063271209966572,6.584323557586432e-4,0.0017731657413191247,DOWN,ENSMUSG00000034639
ENSMUSG00000037355.15,NA,93.85321638900183,0.599973226609371,0.1762042411106539,3.404987432922207,6.616709869912245e-4,0.0017810029763806212,UP,ENSMUSG00000037355
ENSMUSG00000017314.13,NA,6.890929610651312,1.8111673107873056,0.5322223962218862,3.403027237568975,6.664363646482869e-4,0.0017935459435367569,UP,ENSMUSG00000017314
ENSMUSG00000038126.18,NA,52.560484204812674,0.8994816529398773,0.2644494814017244,3.4013364222616014,6.705724733847178e-4,0.001803535581587935,UP,ENSMUSG00000038126
ENSMUSG00000045007.10,NA,81.4492643582775,0.5686075472801668,0.1672929503894859,3.3988733294281293,6.766404658646966e-4,0.0018187051940090136,UP,ENSMUSG00000045007
ENSMUSG00000056602.14,NA,109.86872135608331,0.6347216654065619,0.18706300364299708,3.39309031206355,6.91088493677655e-4,0.0018549007139334283,UP,ENSMUSG00000056602
ENSMUSG00000107591.2,Gm6794,170.33950071161908,-0.7525194853454379,0.22179673693356516,-3.3928338881326296,6.91735722632773e-4,0.0018563449106979546,DOWN,ENSMUSG00000107591
ENSMUSG00000039670.3,Oxld1,146.51738800687056,-0.6413189473816899,0.18904433700397988,-3.392426123656846,6.927661042998919e-4,0.0018588167197418684,DOWN,ENSMUSG00000039670
ENSMUSG00000104348.2,Gm37691,10.505355485415233,1.776116712677114,0.5236908241165982,3.3915368207438115,6.950182372651296e-4,0.0018642713159196835,UP,ENSMUSG00000104348
ENSMUSG00000047878.14,NA,11.101063312760438,1.2743524174027652,0.3759121562663016,3.3900271543759164,6.988570086272207e-4,0.0018737884189488842,UP,ENSMUSG00000047878
ENSMUSG00000108591.2,Particl,39.351994965939184,-0.8203976987343585,0.2422262141760671,-3.3869071583558483,7.068530378317072e-4,0.0018918386467368605,DOWN,ENSMUSG00000108591
ENSMUSG00000041633.15,NA,449.43101155986335,0.6179765300193232,0.18264541987449914,3.3834767411301767,7.157426967375604e-4,0.001914124909690038,UP,ENSMUSG00000041633
ENSMUSG00000020870.8,Cdc34b,104.46450573631932,-0.5299118816993426,0.15683714386923542,-3.378739682617289,7.281892493501586e-4,0.0019455752355771873,DOWN,ENSMUSG00000020870
ENSMUSG00000033565.20,NA,47.01598844332378,0.6795460694231438,0.20116223728110322,3.3780995807555527,7.298864437656383e-4,0.001949497229885102,UP,ENSMUSG00000033565
ENSMUSG00000023046.7,Igfbp6,33.708849961657556,-1.0838814277153535,0.32110991549138507,-3.37542185845218,7.370261890539098e-4,0.001967640089646906,DOWN,ENSMUSG00000023046
ENSMUSG00000045140.9,Pigw,77.51997134132411,-0.5370516845355701,0.15929872617040916,-3.3713495232916126,7.480088985643221e-4,0.001995707456696715,DOWN,ENSMUSG00000045140
ENSMUSG00000020135.14,NA,23.139224274533817,1.0771190922459857,0.3195345048365291,3.3709007194607348,7.492285344164774e-4,0.001998647914711626,UP,ENSMUSG00000020135
ENSMUSG00000082755.2,Gm8692,114.2793708075282,-0.6210256743552578,0.18436243249601247,-3.3685044504318404,7.557717688489428e-4,0.0020142069739923396,DOWN,ENSMUSG00000082755
ENSMUSG00000064307.14,NA,94.05914829657385,-0.5719005976978604,0.1697931369982478,-3.3682197514482706,7.565526826422437e-4,0.002015972253371043,DOWN,ENSMUSG00000064307
ENSMUSG00000020010.8,Vnn3,37.957280641237624,-0.6530213244215248,0.19389281616153503,-3.3679500733925227,7.572930857887783e-4,0.00201731300390413,DOWN,ENSMUSG00000020010
ENSMUSG00000118038.4,Gm9895,49.22762763067766,-0.5705769045863225,0.16990283555522448,-3.3582541616903425,7.843645640016294e-4,0.0020855071568811304,DOWN,ENSMUSG00000118038
ENSMUSG00000071478.7,H2ac7,4.974004389539086,-2.007038976442537,0.5980696571931104,-3.355861566129387,7.911816111627654e-4,0.0021016611183120883,DOWN,ENSMUSG00000071478
ENSMUSG00000104642.2,Gm9207,100.62463842948594,0.582622475541297,0.17367581501382595,3.3546551976446213,7.946396434988125e-4,0.0021095288444178593,UP,ENSMUSG00000104642
ENSMUSG00000052676.17,NA,66.18991943511242,-0.644278917278529,0.19206179892797126,-3.3545396371099923,7.94971630733258e-4,0.0021100807791867935,DOWN,ENSMUSG00000052676
ENSMUSG00000030109.16,NA,183.3977720303695,0.8610307372547384,0.25669938046161433,3.354237691210529,7.958396814745275e-4,0.002111725639437637,UP,ENSMUSG00000030109
ENSMUSG00000040749.12,NA,51.720788371480126,-0.7008065490460716,0.2091435192826574,-3.3508403772193,8.056672836920584e-4,0.0021354703594867745,DOWN,ENSMUSG00000040749
ENSMUSG00000062661.7,Ncs1,67.12598238270475,0.579662569418144,0.17303774540010736,3.3499197997397414,8.083496163429337e-4,0.0021419123676422454,UP,ENSMUSG00000062661
ENSMUSG00000092035.10,NA,5.859950691956042,1.4388966467515587,0.4296866980341794,3.348711173360786,8.118838338704662e-4,0.002149267820485857,UP,ENSMUSG00000092035
ENSMUSG00000143486.1,ENSMUSG00000143486,33.64245201135454,-0.9063924456600404,0.27068608984455156,-3.3485002726980153,8.125020085256989e-4,0.0021505695185973597,DOWN,ENSMUSG00000143486
ENSMUSG00000022562.16,NA,52.284940993416825,0.6989229483221959,0.20876466491138151,3.3478986907045867,8.142677165515533e-4,0.002154572395779635,UP,ENSMUSG00000022562
ENSMUSG00000128555.1,ENSMUSG00000128555,8.577859844345053,-1.6072836828634223,0.48043373205880546,-3.3454846644004785,8.213890132535945e-4,0.0021724014866859455,DOWN,ENSMUSG00000128555
ENSMUSG00000070371.12,NA,37.23856971561186,-1.2902208374886868,0.38568531442617426,-3.345268251678931,8.220302376420488e-4,0.0021737593253523067,DOWN,ENSMUSG00000070371
ENSMUSG00000019437.18,NA,29.56306896400116,0.8616777090867057,0.2576317709641491,3.3446096568835566,8.239844925409516e-4,0.0021785883520135923,UP,ENSMUSG00000019437
ENSMUSG00000113425.2,Gm48653,10.279170436844481,1.291037387721033,0.3861439904341582,3.343409245523838,8.275575770491396e-4,0.0021870154087486665,UP,ENSMUSG00000113425
ENSMUSG00000070565.12,NA,30.034138972959248,1.2368619788130046,0.3700568988518909,3.342356223192688,8.307037801113227e-4,0.002194307002884926,UP,ENSMUSG00000070565
ENSMUSG00000020718.13,NA,52.50140770188632,0.7255801571090396,0.21713578048857932,3.3415964677788463,8.329806519552224e-4,0.0021999796501243228,UP,ENSMUSG00000020718
ENSMUSG00000115946.4,Mirt2,18.97870684802592,-1.239434894480026,0.37094069487641657,-3.34132898223248,8.337836424830862e-4,0.0022014166471149457,DOWN,ENSMUSG00000115946
ENSMUSG00000103655.3,Gm37202,40.87039431748545,-0.954668674590973,0.28576330933912836,-3.3407671432654924,8.354726194074849e-4,0.002205533586718983,DOWN,ENSMUSG00000103655
ENSMUSG00000004568.14,NA,57.298002958313155,0.5903394935444725,0.1767306691704852,3.3403341724180025,8.367763629532812e-4,0.002207678238883976,UP,ENSMUSG00000004568
ENSMUSG00000037922.14,NA,124.67417161102618,-0.8642935093312862,0.25876798987758937,-3.3400325509354607,8.376857077914961e-4,0.002209521219008668,DOWN,ENSMUSG00000037922
ENSMUSG00000041440.19,NA,70.99419225050823,0.5365395030211532,0.16066100921190374,3.33957508205046,8.390666594112416e-4,0.0022126170894631067,UP,ENSMUSG00000041440
ENSMUSG00000037475.16,NA,1210.7189041462516,0.5582001749598733,0.16725471183188095,3.3374257074500724,8.455832436747137e-4,0.0022291100049499583,UP,ENSMUSG00000037475
ENSMUSG00000029095.18,NA,29.306347430267017,0.8589882166090798,0.25749027027217186,3.336002621384931,8.499236235479675e-4,0.002239857607633153,UP,ENSMUSG00000029095
ENSMUSG00000139115.1,ENSMUSG00000139115,51.416660357712615,0.6285058931911207,0.18841329026639067,3.335783225814374,8.505946103760741e-4,0.0022412785782546505,UP,ENSMUSG00000139115
ENSMUSG00000020258.17,NA,46.51993876648463,-0.6320810440846418,0.18979134795270408,-3.3303996778723346,8.67214072854017e-4,0.002281182138121487,DOWN,ENSMUSG00000020258
ENSMUSG00000050332.8,Amer1,127.49068373577808,0.5162003711997551,0.15504466842573406,3.32936550763765,8.704409173861212e-4,0.002288962152631572,UP,ENSMUSG00000050332
ENSMUSG00000086725.3,A630052C17Rik,13.030388455852318,-1.1735857788045083,0.35254452907343703,-3.3289008395306676,8.718944084553276e-4,0.00229242985624479,DOWN,ENSMUSG00000086725
ENSMUSG00000028347.15,NA,80.38851697611238,0.5116391085229095,0.15392289196429204,3.3239962035120976,8.873740392238592e-4,0.0023309673943529424,UP,ENSMUSG00000028347
ENSMUSG00000119955.2,Gm9054,13.690138282352017,-1.3281558925273782,0.3996509965314999,-3.3232893300760105,8.896259067201867e-4,0.002336521725047644,DOWN,ENSMUSG00000119955
ENSMUSG00000024597.12,NA,75.88659969661182,0.6063367102576188,0.18246736672140423,3.3229871245053313,8.905902502685891e-4,0.0023386932977250813,UP,ENSMUSG00000024597
ENSMUSG00000081642.2,Gm13532,440.09659689123384,-0.8268599352918993,0.24896251995653945,-3.3212225496281182,8.962404152942608e-4,0.0023518104968337328,DOWN,ENSMUSG00000081642
ENSMUSG00000054716.5,Zfp771,167.2930906119342,-0.7195285428047634,0.21664796376050185,-3.3211876553807897,8.963524808750873e-4,0.0023518104968337328,DOWN,ENSMUSG00000054716
ENSMUSG00000089665.3,Fcor,145.1093572018313,-0.8224137242178116,0.24770087322623133,-3.3201890389247066,8.995651249313005e-4,0.002359710707169782,DOWN,ENSMUSG00000089665
ENSMUSG00000104814.2,Gm42979,8.083348130271322,1.5240744609620933,0.4590642503714675,3.3199589376189422,9.003068940073334e-4,0.002361292263955693,UP,ENSMUSG00000104814
ENSMUSG00000090290.3,Tarbp1,63.94152911267131,0.6373459006677968,0.19198606963563658,3.3197507604452374,9.009784754873422e-4,0.0023626892758886265,UP,ENSMUSG00000090290
ENSMUSG00000085105.4,Gm12758,29.491135764693993,-0.8273864201447227,0.2492554050196805,-3.3194322108256578,9.020070183748286e-4,0.002365021793783894,DOWN,ENSMUSG00000085105
ENSMUSG00000140601.1,ENSMUSG00000140601,56.23448166576552,1.2640275093061804,0.3810038627190531,3.317623869441598,9.078665002166679e-4,0.0023792845897187016,UP,ENSMUSG00000140601
ENSMUSG00000082792.2,Gm12176,12.59719909385218,-1.1649754265091266,0.3511879669224598,-3.3172418654262894,9.091087938968781e-4,0.002381439332872814,DOWN,ENSMUSG00000082792
ENSMUSG00000121483.2,ENSMUSG00000121483,74.87258950873711,-0.5575627931954716,0.16814644610707155,-3.3159356388682117,9.133686128172137e-4,0.0023922295748605477,DOWN,ENSMUSG00000121483
ENSMUSG00000025577.8,Cbx2,82.10638646736567,0.56751807827561,0.17118798193146567,3.3151747679507855,9.15858455318908e-4,0.002397642994327794,UP,ENSMUSG00000025577
ENSMUSG00000036902.12,NA,26.04946316071887,0.9640142404108002,0.29088120246165644,3.314116664303446,9.193314060051709e-4,0.0024059941351991286,UP,ENSMUSG00000036902
ENSMUSG00000121042.2,Gm33887,15.827740678860177,1.0091698214646396,0.30458756849840984,3.3132337817979862,9.222385738510332e-4,0.002412859874909334,UP,ENSMUSG00000121042
ENSMUSG00000114886.2,Gm48432,70.90373129177937,-0.6518686635305843,0.19690314969358497,-3.3106055669754575,9.309432961527982e-4,0.0024337619822251324,DOWN,ENSMUSG00000114886
ENSMUSG00000026204.16,NA,29.536664532604288,0.9435557971827472,0.28505767523883047,3.310052242558303,9.327855956617894e-4,0.002437828775138219,UP,ENSMUSG00000026204
ENSMUSG00000086841.4,2410006H16Rik,576.2272109942178,-0.5405764083022602,0.16348444771151502,-3.306592253081849,9.443824790304366e-4,0.0024639718377403507,DOWN,ENSMUSG00000086841
ENSMUSG00000030276.20,NA,39.15153918693292,0.6750307304634949,0.20415185148743578,3.3065128998109463,9.446500082054529e-4,0.002464291768605911,UP,ENSMUSG00000030276
ENSMUSG00000075555.15,NA,56.89050635895438,-0.5918608004973173,0.1792551632440811,-3.301778257240019,9.607398869456e-4,0.002501660161904283,DOWN,ENSMUSG00000075555
ENSMUSG00000031565.20,NA,21.279627026643322,1.3262025378783424,0.40170693316671785,3.3014180945887164,9.619741686461123e-4,0.0025041072573084014,UP,ENSMUSG00000031565
ENSMUSG00000105139.3,Gm19391,35.92714672501099,-0.9360656982941221,0.2839059498898046,-3.297097854615048,9.76894592047987e-4,0.002540613156808085,DOWN,ENSMUSG00000105139
ENSMUSG00000111171.2,Gm47815,49.2097179072036,-1.1399002803430873,0.3458109872671031,-3.296310187688261,9.796378754357113e-4,0.002547358059580995,DOWN,ENSMUSG00000111171
ENSMUSG00000046934.6,Csl,59.44735481282914,0.5154898203309808,0.15639146399449055,3.2961506156700517,9.801945004845975e-4,0.002548415788907058,UP,ENSMUSG00000046934
ENSMUSG00000100811.3,Gm29083,22.53794208273634,-0.7332779550722421,0.22260399589194502,-3.2940916093356436,9.874031209675482e-4,0.0025655886134719826,DOWN,ENSMUSG00000100811
ENSMUSG00000087165.10,NA,34.97525043281221,-1.039856540744592,0.31570132087427744,-3.293798511405966,9.884332441981013e-4,0.002567872861416577,DOWN,ENSMUSG00000087165
ENSMUSG00000020682.18,NA,62.10763605854681,0.568228300896457,0.1725927958261614,3.2923060210971196,9.936942082980004e-4,0.0025803578723951432,UP,ENSMUSG00000020682
ENSMUSG00000116812.2,Gm2792,600.2535865495067,0.9122057269659172,0.2771807995174912,3.291013405523976,9.98271559628043e-4,0.0025898712651463767,UP,ENSMUSG00000116812
ENSMUSG00000091183.6,Gm5141,32.07315281737324,-0.914396900212379,0.27786484841601705,-3.290797326199934,9.990386314699827e-4,0.002591465980289586,DOWN,ENSMUSG00000091183
ENSMUSG00000087497.10,NA,36.51633966322984,-0.7935432292718252,0.24158346260390817,-3.284758073746509,0.0010206997302694728,0.002644427119586023,DOWN,ENSMUSG00000087497
ENSMUSG00000095123.2,Gm21781,11.534213896375622,1.4473756392652755,0.4411877276555596,3.2806344069372178,0.0010357390234217382,0.0026776798164046944,UP,ENSMUSG00000095123
ENSMUSG00000052192.6,Gm5963,46.57773665018749,-0.7923562964768898,0.2419655206779803,-3.2746661353102318,0.0010578691552817162,0.0027290841709224616,DOWN,ENSMUSG00000052192
ENSMUSG00000019773.8,Fbxo5,121.67906084160511,-0.7459668343157533,0.22791254099779548,-3.2730398733212702,0.0010639746697455922,0.0027440026135416348,DOWN,ENSMUSG00000019773
ENSMUSG00000121189.2,Gm34102,9.412527973011928,-1.2454626975148535,0.38065994384528656,-3.271851209070353,0.001068457904307445,0.002754311826686738,DOWN,ENSMUSG00000121189
ENSMUSG00000102914.2,Gm35106,11.86492253759636,-1.3583601041291034,0.41528005152525604,-3.270949565576453,0.0010718702431414412,0.002762270852381171,DOWN,ENSMUSG00000102914
ENSMUSG00000019768.17,NA,147.60031190954751,0.6306645025120889,0.19281632336394308,3.2708045227151348,0.0010724201093051582,0.002763269148309624,UP,ENSMUSG00000019768
ENSMUSG00000112716.3,4930471E19Rik,27.365209931687804,-0.9668391578928196,0.29576474513902834,-3.2689465995629172,0.0010794867237755423,0.002780213724750397,DOWN,ENSMUSG00000112716
ENSMUSG00000081562.2,Sec61g-ps2,433.300148238704,-0.6415362842633976,0.1964744941466767,-3.265239526635264,0.0010937154589121508,0.002815154395983054,DOWN,ENSMUSG00000081562
ENSMUSG00000044813.16,NA,239.59609544227322,0.5039541372919794,0.1546651238681166,3.2583566656029226,0.001120594691257356,0.0028765031425694483,UP,ENSMUSG00000044813
ENSMUSG00000054626.12,NA,12.920204016608828,1.191978008912534,0.3658858104683447,3.257786923703783,0.0011228468209927734,0.0028801105637712076,UP,ENSMUSG00000054626
ENSMUSG00000082052.2,Ywhaq-ps2,86.62750489831093,-0.6437959708884962,0.19777235739113402,-3.2552373819120843,0.001132976245242837,0.002904340371811831,DOWN,ENSMUSG00000082052
ENSMUSG00000105599.2,Gm9238,89.9347290489763,-0.6315922149439934,0.19434056395154625,-3.2499247820514943,0.0011543553637582999,0.002955135829606149,DOWN,ENSMUSG00000105599
ENSMUSG00000031502.12,NA,23.149228839783632,0.8038057045930136,0.24745256431386764,3.2483223878555987,0.0011608765858572457,0.00297004170589564,UP,ENSMUSG00000031502
ENSMUSG00000108852.2,Gm44911,25.50406128553407,0.8706445029393691,0.26832965193994307,3.244682414503466,0.0011758168017938979,0.003006004289132145,UP,ENSMUSG00000108852
ENSMUSG00000064179.15,NA,97.98047628316272,-0.5510812611448652,0.1700172710677738,-3.2413251764592097,0.0011897538441375747,0.0030366132182805933,DOWN,ENSMUSG00000064179
ENSMUSG00000022899.11,NA,20.575040573407705,1.0146556267747193,0.31317013294083745,3.2399501741962187,0.0011955058795699,0.003050836282707941,UP,ENSMUSG00000022899
ENSMUSG00000143175.1,ENSMUSG00000143175,38.020392740276925,-0.8488976447280832,0.26202870581305543,-3.239712389884984,0.0011965032024688852,0.0030524652657044496,DOWN,ENSMUSG00000143175
ENSMUSG00000111947.3,Gm47438,41.22911260252306,0.6630473513791658,0.2048116960964851,3.2373510107880246,0.0012064491795426475,0.0030766551822406386,UP,ENSMUSG00000111947
ENSMUSG00000069272.7,H2ac8,9.915672086913052,-1.273846910956969,0.3934865982527678,-3.2373323935639493,0.0012065278966460554,0.0030766551822406386,DOWN,ENSMUSG00000069272
ENSMUSG00000085184.11,NA,49.03652342903831,-0.647120693131164,0.2002075712793779,-3.2322488555047957,0.001228200445108521,0.0031267629894484294,DOWN,ENSMUSG00000085184
ENSMUSG00000023919.10,NA,187.817069850432,-0.511406076498489,0.15822407940948352,-3.2321633875648685,0.0012285678729895071,0.003127230242188229,DOWN,ENSMUSG00000023919
ENSMUSG00000106357.4,Gm8013,18.111387149478976,-1.3207662170089023,0.40869346412095314,-3.231679321933126,0.001230650794370134,0.0031315947043331583,DOWN,ENSMUSG00000106357
ENSMUSG00000097318.5,1700007L15Rik,32.382156275117325,-0.8651358579370141,0.26774221714362983,-3.231226913583499,0.0012326004432643386,0.0031346796976451834,DOWN,ENSMUSG00000097318
ENSMUSG00000139956.1,ENSMUSG00000139956,172.92184101166887,0.9710604700274388,0.3005728556504407,3.2306991525434348,0.0012348784283138545,0.003140003371995426,UP,ENSMUSG00000139956
ENSMUSG00000063455.17,NA,5.289896018720561,1.5824432042704224,0.4902020662206071,3.2281447046334373,0.0012459592918156743,0.0031658941073558055,UP,ENSMUSG00000063455
ENSMUSG00000108037.3,Gm44597,21.85649443483728,1.0123516106979034,0.3136728528360575,3.22741225944412,0.0012491534398762136,0.0031725064812626776,UP,ENSMUSG00000108037
ENSMUSG00000078816.11,NA,27.946792066323404,0.6405584269332079,0.1985233018849271,3.226615822179423,0.0012526352330778036,0.003180399339164098,UP,ENSMUSG00000078816
ENSMUSG00000026826.14,NA,19.350272919105684,0.744449065468868,0.2308113219505567,3.225357660870468,0.0012581538137085835,0.0031939339835689163,UP,ENSMUSG00000026826
ENSMUSG00000062785.15,NA,10.490565821827603,1.5618104627588483,0.48427458756286773,3.2250514540082005,0.001259500298528482,0.0031963978625243047,UP,ENSMUSG00000062785
ENSMUSG00000126477.1,ENSMUSG00000126477,93.42425316468284,-0.7476982821601599,0.23207342604489195,-3.221817744938734,0.0012738013420253852,0.00323172693159536,DOWN,ENSMUSG00000126477
ENSMUSG00000104941.2,Gm8953,13.351609164699433,-1.5354032963108812,0.4770913777257477,-3.218258321141775,0.0012897160718089195,0.003269664805781527,DOWN,ENSMUSG00000104941
ENSMUSG00000130821.1,ENSMUSG00000130821,4.683871343901687,2.035364913896581,0.6327100710968481,3.216899820115287,0.0012958383789734716,0.003283228169371701,UP,ENSMUSG00000130821
ENSMUSG00000138650.1,ENSMUSG00000138650,83.4353871380645,-0.7128568784288267,0.22176851841542944,-3.2144187259864476,0.0013070891165154388,0.003309761393010952,DOWN,ENSMUSG00000138650
ENSMUSG00000112218.2,Gm18726,39.79686088510418,0.6679983037061982,0.20784778262855655,3.213882271238725,0.0013095335398904692,0.0033144854146751933,UP,ENSMUSG00000112218
ENSMUSG00000142127.1,ENSMUSG00000142127,24.46187866186307,-1.0455945181880109,0.3253851918235503,-3.2134053560587823,0.0013117102053727694,0.0033194856774656717,DOWN,ENSMUSG00000142127
ENSMUSG00000106190.3,Gm20768,61.25391863252746,0.5093883152218116,0.15866147219224352,3.2105356655496484,0.0013248782631216705,0.0033513133634757,UP,ENSMUSG00000106190
ENSMUSG00000051723.8,Rpl31-ps13,1421.6259898821718,-0.5101296618099082,0.1589176352035818,-3.2100255025592688,0.0013272319625089281,0.003355769663161884,DOWN,ENSMUSG00000051723
ENSMUSG00000092349.2,Smim40,29.601129232872246,-0.7511338639642308,0.23402457066176427,-3.2096367566884445,0.0013290280786015702,0.003359811432242947,DOWN,ENSMUSG00000092349
ENSMUSG00000026235.15,NA,40.79458673133939,0.5244942238370818,0.16354656016233327,3.207002478783281,0.001341258401277318,0.003387708357659597,UP,ENSMUSG00000026235
ENSMUSG00000106392.2,Gm5870,45.38932774288029,-0.5875580230577754,0.18332858203098829,-3.2049450039299363,0.0013508828940446106,0.0034088934644743826,DOWN,ENSMUSG00000106392
ENSMUSG00000086721.3,Gm13750,63.05140030930072,-0.5143643741067122,0.16054184912640007,-3.203927056438322,0.0013556681883439973,0.0034184397297426896,DOWN,ENSMUSG00000086721
ENSMUSG00000020654.16,NA,86.76276279426519,0.592835594216275,0.1850361275068439,3.203891057406332,0.0013558377029939104,0.0034184397297426896,UP,ENSMUSG00000020654
ENSMUSG00000084127.2,Gm13169,85.34876870118242,0.5552918038717989,0.17332280435723008,3.203801172794924,0.001356261043027108,0.003419000192368663,UP,ENSMUSG00000084127
ENSMUSG00000082861.4,Gm11362,173.0575004209361,-0.5000052123856228,0.15616414177754434,-3.2017927207507064,0.0013657523435001157,0.003441906395015259,DOWN,ENSMUSG00000082861
ENSMUSG00000121192.2,Gm57399,9.828980302465695,-1.3903974318320846,0.43461363799895336,-3.1991573900758103,0.001378299009567755,0.003470440177185259,DOWN,ENSMUSG00000121192
ENSMUSG00000116562.2,Gm46542,58.56019370197588,-0.6534425325066512,0.20443393146945085,-3.1963506635604517,0.001391778514916886,0.003502306218507926,DOWN,ENSMUSG00000116562
ENSMUSG00000113918.3,Gm6566,5.76353456925481,1.6590297331309887,0.5190737160783081,3.196135118659534,0.0013928186947352458,0.0035044051964295887,UP,ENSMUSG00000113918
ENSMUSG00000028167.16,NA,55.735318248020704,-0.6731599815076892,0.21071879464417984,-3.194589180544566,0.0014003001410447865,0.0035211450833369275,DOWN,ENSMUSG00000028167
ENSMUSG00000070407.6,Hs3st3b1,9.135694170499775,1.1735215170246562,0.36759891891755675,3.192396540447519,0.0014109748125411806,0.0035443187093168855,UP,ENSMUSG00000070407
ENSMUSG00000062519.14,NA,97.68306796015787,0.5815398922887838,0.18227423131862908,3.190466848120776,0.0014204313641747151,0.003565966309293653,UP,ENSMUSG00000062519
ENSMUSG00000084866.5,A930006K02Rik,40.6294502275755,-0.6198367540044696,0.1943146968891043,-3.1898603858987125,0.0014234154077176024,0.0035724029550834634,DOWN,ENSMUSG00000084866
ENSMUSG00000094212.4,Trav14-3,15.467873816989044,-1.1298165400843345,0.3543641567485754,-3.18829237824397,0.0014311574582887906,0.003589185036964927,DOWN,ENSMUSG00000094212
ENSMUSG00000036202.17,NA,256.00670498712174,0.5788429204780435,0.18162604070944954,3.187004012293749,0.0014375478065105699,0.0036014935176073588,UP,ENSMUSG00000036202
ENSMUSG00000038357.11,NA,46.24283097718492,-0.526966824341395,0.16540126858109327,-3.1859902216108615,0.0014425947299458043,0.0036125410068411647,DOWN,ENSMUSG00000038357
ENSMUSG00000120113.2,Fam120aos,46.61500934900501,-0.6439194149833956,0.20214242323197684,-3.185473908386066,0.0014451713486513067,0.003617395342237875,DOWN,ENSMUSG00000120113
ENSMUSG00000087252.3,Gm14379,10.342600329662432,-1.7278499516427719,0.5424599258621212,-3.185212159030426,0.0014464792069858918,0.0036200122780026176,DOWN,ENSMUSG00000087252
ENSMUSG00000045326.14,NA,24.25434934222448,-0.9114748057602076,0.2866736630900423,-3.1794856769731212,0.0014753666057217853,0.0036837592859939334,DOWN,ENSMUSG00000045326
ENSMUSG00000071042.13,NA,457.6995077522241,1.0056256199205598,0.316320666232765,3.1791334783689686,0.001477160518658007,0.0036876969730326,UP,ENSMUSG00000071042
ENSMUSG00000108294.2,Gm44429,69.34926731370423,0.5587181704761477,0.17584959708377912,3.177250216899618,0.0014867870085191344,0.0037090068750002055,UP,ENSMUSG00000108294
ENSMUSG00000032216.16,NA,9.311277796828795,1.5169727420422225,0.4775437502645703,3.1766152131648346,0.0014900459060016508,0.0037161264193433393,UP,ENSMUSG00000032216
ENSMUSG00000021256.6,Vash1,57.660187243233715,0.6465057185890497,0.20352071172603894,3.1766089706845997,0.0014900779756263807,0.0037161264193433393,UP,ENSMUSG00000021256
ENSMUSG00000096971.5,4930556M19Rik,19.942530699184864,-1.2125480060283023,0.3823913535114765,-3.1709608360480637,0.0015193562577766116,0.003783041364531341,DOWN,ENSMUSG00000096971
ENSMUSG00000021123.13,NA,73.30952372657656,-0.5326027459647124,0.16796492197707144,-3.170916520518593,0.0015195880573393122,0.0037830646322811216,DOWN,ENSMUSG00000021123
ENSMUSG00000097375.5,6720427I07Rik,6.714549558233685,1.7664472235774815,0.5572521724416625,3.169924337553672,0.0015247863680055518,0.0037937844878277124,UP,ENSMUSG00000097375
ENSMUSG00000055407.15,NA,36.47352183399637,-0.9604199504120331,0.3030154384152777,-3.1695413125973904,0.0015267975161166324,0.003798232673943746,DOWN,ENSMUSG00000055407
ENSMUSG00000074355.3,Gm10676,70.10766980901083,0.5293516743526975,0.16709852459857033,3.167901545656296,0.001535435086297229,0.00381692867673888,UP,ENSMUSG00000074355
ENSMUSG00000110980.4,Gm47204,46.1263904713346,0.7274393064769293,0.22964803617060112,3.1676269416757767,0.0015368859710039626,0.003819418796272598,UP,ENSMUSG00000110980
ENSMUSG00000120081.1,Gm57354,184.1282140462091,0.9914592197229158,0.3129972831401435,3.167628836187032,0.0015368759569290213,0.003819418796272598,UP,ENSMUSG00000120081
ENSMUSG00000032740.18,NA,532.1256275183727,0.5144564858437254,0.16245107147485408,3.1668395977514896,0.0015410529476499798,0.003828655431371155,UP,ENSMUSG00000032740
ENSMUSG00000082334.2,Gm13244,47.033626057250636,0.6404279277368691,0.2023056854686034,3.1656447333817495,0.001547396585634848,0.0038427316494313996,UP,ENSMUSG00000082334
ENSMUSG00000043183.19,NA,91.43264310354519,0.5660905472568606,0.17884091063050067,3.1653302662188296,0.0015490701116536523,0.003845203082583858,UP,ENSMUSG00000043183
ENSMUSG00000083038.2,Gm13233,53.763430126894335,0.5737390580594482,0.18129634934029598,3.164647606789541,0.001552708815143738,0.0038525483090654225,UP,ENSMUSG00000083038
ENSMUSG00000039131.16,NA,65.96280722770109,-0.8696326511418221,0.2749209342507822,-3.163210009858854,0.001560397231844344,0.003869930775083114,DOWN,ENSMUSG00000039131
ENSMUSG00000066771.3,Gm5614,62.003862020973955,-0.7610420256363584,0.24065303693020013,-3.16240358045884,0.0015647254322052014,0.0038800992563548637,DOWN,ENSMUSG00000066771
ENSMUSG00000103653.2,Gstp-ps,381.5763808623374,-0.5335738351060246,0.1687313750567184,-3.1622680424827085,0.0015654539644661112,0.003880774069928672,DOWN,ENSMUSG00000103653
ENSMUSG00000123896.1,ENSMUSG00000123896,22.11745224256844,-1.059939089487803,0.3351798425562364,-3.162299622209431,0.0015652841918882999,0.003880774069928672,DOWN,ENSMUSG00000123896
ENSMUSG00000082976.11,NA,8.966817467536002,-1.5211212477452998,0.48118282164640325,-3.161212701942827,0.0015711372343714873,0.0038937277481377896,DOWN,ENSMUSG00000082976
ENSMUSG00000082662.2,Gm15516,130.20656926885857,-0.6673371720993225,0.21115864502865983,-3.160359226631461,0.0015757472976334465,0.003904583788948622,DOWN,ENSMUSG00000082662
ENSMUSG00000084071.2,Gm13378,32.367623745055596,0.9665585464563183,0.3059058266402431,3.159660465026147,0.0015795309408157263,0.003912249225096452,UP,ENSMUSG00000084071
ENSMUSG00000020900.16,NA,17.538837970685606,1.0593503318459139,0.3353238091822695,3.159186144369756,0.0015821040488129129,0.003917481283359405,UP,ENSMUSG00000020900
ENSMUSG00000034570.13,NA,128.55275306895993,1.3766703242141984,0.4358805068275766,3.1583663473135646,0.001586560407658644,0.003927372094998966,UP,ENSMUSG00000034570
ENSMUSG00000083320.2,Gm13935,48.46550132245717,-0.7426194718469272,0.23527543438263335,-3.1563833844173876,0.0015973874780137278,0.003950148531496504,DOWN,ENSMUSG00000083320
ENSMUSG00000043488.8,Frmd8os,16.856226853586758,-1.383150751659569,0.43843515998547555,-3.154744139829912,0.001606389139043503,0.003970676409676427,DOWN,ENSMUSG00000043488
ENSMUSG00000044058.9,Mthfr-ps1,28.638280016979344,0.7408974392204628,0.23512107260223353,3.1511315894423353,0.0016263919777845166,0.004015795637861673,UP,ENSMUSG00000044058
ENSMUSG00000135464.1,ENSMUSG00000135464,547.2400404094532,0.6276119113763848,0.19917933182487457,3.1509891394163483,0.001627185407108362,0.004016826104410626,UP,ENSMUSG00000135464
ENSMUSG00000086196.8,Gm13571,8.834489834536495,-1.4474063913997204,0.45948782855181225,-3.150042942294193,0.0016324646581537478,0.004027519799298221,DOWN,ENSMUSG00000086196
ENSMUSG00000118145.2,Gm6724,37.00311391573384,-0.6257696288326021,0.19878901689825415,-3.1479084639413895,0.0016444317904314918,0.004054103657303269,DOWN,ENSMUSG00000118145
ENSMUSG00000092241.3,Gm20522,33.33209935072152,-0.9588558222429096,0.30471287532858776,-3.1467519093472025,0.001650949781295568,0.004068403416999338,DOWN,ENSMUSG00000092241
ENSMUSG00000111012.2,Gm7588,65.6486105645045,-0.5873787919164538,0.18669841295624592,-3.1461370378874625,0.0016544246809847823,0.0040740147878406035,DOWN,ENSMUSG00000111012
ENSMUSG00000113328.2,Gm47260,14.850273692298789,1.0283298481958352,0.3268821767799578,3.1458731042655166,0.0016559183452794083,0.004077102559696195,UP,ENSMUSG00000113328
ENSMUSG00000080316.12,NA,39.54568906561605,0.6706005205451109,0.21323234413449732,3.144928708011231,0.0016612730811920698,0.00408732783836116,UP,ENSMUSG00000080316
ENSMUSG00000062279.7,Gm10237,248.25008123695133,-0.6080934355861415,0.19337144563130976,-3.14469095269401,0.0016626236641226549,0.004090059023878182,DOWN,ENSMUSG00000062279
ENSMUSG00000131817.1,ENSMUSG00000131817,36.30476679245107,-0.7641258697047794,0.2430614848114478,-3.1437554588195713,0.0016679476049458368,0.0041013760800620155,DOWN,ENSMUSG00000131817
ENSMUSG00000084925.10,NA,7.1107095668398435,-1.8883521652075055,0.6007173255144116,-3.143495426223066,0.0016694302463139757,0.004103835034520883,DOWN,ENSMUSG00000084925
ENSMUSG00000121871.2,Slc2a4rg-ps,18.39221527919741,0.922895945764784,0.29364689971999325,3.1428765181747553,0.0016729639851615343,0.004111333169314603,UP,ENSMUSG00000121871
ENSMUSG00000121378.2,ENSMUSG00000121378,28.8196047190019,0.6672984835105747,0.21256034168046686,3.1393367089788407,0.0016933075777706386,0.004154124158621968,UP,ENSMUSG00000121378
ENSMUSG00000044024.17,NA,13.373828689343169,1.158173547104028,0.36913119376225456,3.137566173423886,0.001703568148164366,0.004177647376658393,UP,ENSMUSG00000044024
ENSMUSG00000045322.11,NA,335.5523945810853,0.840141153745361,0.2681092268525778,3.1335779212377495,0.0017268906079133863,0.004231018826995397,UP,ENSMUSG00000045322
ENSMUSG00000027784.11,NA,54.15019012468415,0.6209035052227846,0.19824441373632293,3.1320100956217805,0.0017361390524660721,0.004250004422950629,UP,ENSMUSG00000027784
ENSMUSG00000082633.2,Gm15779,37.11724836346344,-0.7509242149665506,0.23996453914153407,-3.1293132629219276,0.0017521540131586355,0.00428489087543511,DOWN,ENSMUSG00000082633
ENSMUSG00000058093.14,NA,430.1572648390209,-0.5161876999992161,0.1651099817328829,-3.126326431519515,0.001770049557935579,0.004326165964681296,DOWN,ENSMUSG00000058093
ENSMUSG00000052062.15,NA,7.3133255656339005,1.1504251025477084,0.36851500685936955,3.121786307570173,0.0017975736490853061,0.00438587338254587,UP,ENSMUSG00000052062
ENSMUSG00000060777.5,Gm10087,3.69399869316539,-3.622806408640836,1.1618962710752334,-3.1180119076277313,0.001820754471208601,0.0044392473888707484,DOWN,ENSMUSG00000060777
ENSMUSG00000118057.2,B020010K11Rik,22.03429820010262,0.932465990746046,0.29906363701376526,3.1179517511957715,0.0018211261414272499,0.004439517081581395,UP,ENSMUSG00000118057
ENSMUSG00000098506.3,Phf20-ps,75.46307851055519,0.6432415903105659,0.2063605449434319,3.1170764279910825,0.001826542128080228,0.004450936358463496,UP,ENSMUSG00000098506
ENSMUSG00000074865.13,NA,69.01279279534286,-0.7375154368702285,0.23666653322386752,-3.116264166393979,0.0018315811624397497,0.004461167179669204,DOWN,ENSMUSG00000074865
ENSMUSG00000094238.2,Rps12-ps11,7.183572244820038,-1.6240207098402266,0.5215981656661284,-3.1135475865146196,0.001848526978861191,0.004497932437045845,DOWN,ENSMUSG00000094238
ENSMUSG00000086938.12,NA,45.54159555599372,-0.807862654339422,0.2596709311200971,-3.111101619479262,0.001863907847404505,0.00453082001900529,DOWN,ENSMUSG00000086938
ENSMUSG00000019734.17,NA,75.89978568516186,0.5635994503630684,0.18122085493795137,3.1100143002638436,0.001870782864803482,0.004546232266197201,UP,ENSMUSG00000019734
ENSMUSG00000053226.8,Dand5,92.83381033987433,-0.5305032563374784,0.1705891561978663,-3.1098298869721113,0.001871951200593988,0.004548421505543843,DOWN,ENSMUSG00000053226
ENSMUSG00000121816.2,Gm52969,71.17971313458652,-0.541446369286295,0.1741981694349142,-3.1082207754691473,0.0018821740747247248,0.004571954337204496,DOWN,ENSMUSG00000121816
ENSMUSG00000024253.10,NA,128.78130613095394,-0.5601401642377272,0.1802805847001473,-3.107046525111861,0.0018896665627479896,0.004586878328017743,DOWN,ENSMUSG00000024253
ENSMUSG00000144193.1,ENSMUSG00000144193,4.604276115274879,1.557236245439536,0.5018765965426296,3.10282698210508,0.0019168166712951397,0.004648136933130635,UP,ENSMUSG00000144193
ENSMUSG00000117476.2,Gm9416,60.94991512652936,-0.5502703102005662,0.1774788223632052,-3.10048434440507,0.0019320442700277516,0.0046790579402010745,DOWN,ENSMUSG00000117476
ENSMUSG00000127357.1,ENSMUSG00000127357,246.79888048439972,-0.5489945440110308,0.17710799861465815,-3.099772727969802,0.0019366918628379943,0.004688978049462262,DOWN,ENSMUSG00000127357
ENSMUSG00000045038.15,NA,91.65976413629481,0.5700401036290206,0.18389723280384881,3.0997753198224856,0.001936674916743931,0.004688978049462262,UP,ENSMUSG00000045038
ENSMUSG00000132979.1,ENSMUSG00000132979,33.376160039263915,3.4214083900928043,1.1040348768407953,3.099003900930369,0.0019417246348364017,0.004700493827761971,UP,ENSMUSG00000132979
ENSMUSG00000125087.1,ENSMUSG00000125087,7.018788358817103,-1.7011261842444156,0.5490310151292097,-3.0984154580849506,0.0019455847141677351,0.0047091678976852415,DOWN,ENSMUSG00000125087
ENSMUSG00000021565.17,NA,49.69080603787881,-0.6738943480431293,0.21752340467801518,-3.098031446504106,0.001948107558909465,0.004713932434094246,DOWN,ENSMUSG00000021565
ENSMUSG00000122875.1,ENSMUSG00000122875,18.602797917067047,-0.9794983597863806,0.31619661434462243,-3.0977509415038393,0.00194995229329318,0.004717724953726535,DOWN,ENSMUSG00000122875
ENSMUSG00000032717.15,NA,6.395150692740339,1.6295547384461804,0.5264575032305209,3.095320568985498,0.0019660028533530476,0.0047525009984537205,UP,ENSMUSG00000032717
ENSMUSG00000132336.1,ENSMUSG00000132336,5.434709246902324,1.4910974402474777,0.48185409656967,3.094499872186692,0.0019714501964541555,0.00476363768697064,UP,ENSMUSG00000132336
ENSMUSG00000081239.4,Gm11836,124.46926772793829,-0.5555118941546862,0.1795612513855826,-3.093718103811842,0.0019766520351149185,0.004774850072324475,DOWN,ENSMUSG00000081239
ENSMUSG00000033730.5,Egr3,7.580642908511871,-1.8951557073076117,0.6128569910521116,-3.0923294259140883,0.00198592329009758,0.004795883480744029,DOWN,ENSMUSG00000033730
ENSMUSG00000050965.15,NA,31.954032928044555,0.74208326829749,0.24002440669406228,3.091699208919856,0.0019901439720489303,0.004805393779449682,UP,ENSMUSG00000050965
ENSMUSG00000087008.5,Gm5530,114.01391586677515,-0.5178307340195704,0.16750044584540688,-3.091518541374498,0.0019913554541862695,0.004807636407423581,DOWN,ENSMUSG00000087008
ENSMUSG00000043085.15,NA,63.4402332110159,0.9249214606322972,0.2992898153140256,3.09038735468441,0.0019989561254596644,0.004823931867399893,UP,ENSMUSG00000043085
ENSMUSG00000074899.7,Sptbn5,9.443652289161728,1.6185738440401787,0.5239088591008347,3.089418733666914,0.0020054856360909564,0.004839002373348866,UP,ENSMUSG00000074899
ENSMUSG00000110533.2,LOC665443,46.24895250896206,-0.5917605632123187,0.19179965799100188,-3.0853056225996016,0.0020334308800817142,0.004903647978824395,DOWN,ENSMUSG00000110533
ENSMUSG00000107961.3,Gm44036,5.863571189630763,1.5752326387975597,0.510640036939394,3.084820078423499,0.0020367532308986688,0.0049109634828672566,UP,ENSMUSG00000107961
ENSMUSG00000119947.2,Gm56494,11.272824091049216,-1.0176922516915603,0.33004031350622015,-3.0835392224664706,0.002045541440639522,0.004930056368978984,DOWN,ENSMUSG00000119947
ENSMUSG00000110114.2,Gm45471,6.711536729708126,1.3673131575377135,0.44344120436146517,3.0834147663534814,0.0020463972108479022,0.004931420003922265,UP,ENSMUSG00000110114
ENSMUSG00000138082.1,ENSMUSG00000138082,12.935894811445523,1.5261452565039835,0.4953294134383475,3.0810713337417,0.0020625722869317006,0.004966879681614344,UP,ENSMUSG00000138082
ENSMUSG00000032530.15,NA,71.12181950997754,-0.6136012813832249,0.1991624433950839,-3.0809085835827363,0.0020636999815092905,0.004968891672879371,DOWN,ENSMUSG00000032530
ENSMUSG00000074607.12,NA,75.45943267257897,0.8738867116760445,0.28385596433776716,3.0786272668774552,0.002079566851836865,0.005001430332673982,UP,ENSMUSG00000074607
ENSMUSG00000091898.9,Tnnc1,108.55620889433081,-0.5700221527476671,0.1852683712132558,-3.076737540330265,0.002092794812651275,0.005030398386423687,DOWN,ENSMUSG00000091898
ENSMUSG00000038797.14,NA,80.96522027096269,0.534267195216215,0.17371277152361847,3.075578096706462,0.002100948996845297,0.005049284714577603,UP,ENSMUSG00000038797
ENSMUSG00000046168.10,NA,5.491473563048175,1.2862242893527034,0.41848124354890853,3.073553018636976,0.0021152609767075455,0.005080809063543576,UP,ENSMUSG00000046168
ENSMUSG00000015850.12,NA,169.58513780143426,0.8544661879498955,0.27828671989681725,3.0704526190351924,0.0021373459548007464,0.005128785848362,UP,ENSMUSG00000015850
ENSMUSG00000059658.6,Mif-ps6,309.9597775486275,-0.5187691952186475,0.16902860049765156,-3.069120809681289,0.0021468975458939226,0.005149526045905789,DOWN,ENSMUSG00000059658
ENSMUSG00000097616.10,NA,86.45136663492114,-0.6172187329482781,0.20119113358082408,-3.067822731364671,0.002156244868656732,0.005169758950567656,DOWN,ENSMUSG00000097616
ENSMUSG00000043290.7,Zfp784,35.83378045969835,-0.6775319448913815,0.22096893365426437,-3.0661864257872167,0.0021680808874898435,0.005195206928653273,DOWN,ENSMUSG00000043290
ENSMUSG00000104835.7,Gm5547,82.61962481315337,-0.8582651384740309,0.2803099451044421,-3.061843339715419,0.0021997854972903258,0.005264502134382111,DOWN,ENSMUSG00000104835
ENSMUSG00000085829.4,Gm4285,42.421819103311,-0.7050165175401855,0.23032904963791243,-3.0609101138067603,0.002206653288365865,0.005278709498093951,DOWN,ENSMUSG00000085829
ENSMUSG00000095098.3,Ccdc85b,358.2674940188633,-0.6208023987875013,0.2028473151208632,-3.060441783109658,0.0022101072254258826,0.00528622833693285,DOWN,ENSMUSG00000095098
ENSMUSG00000032715.10,NA,525.4022285162845,-0.5041414886614392,0.16476948039480832,-3.0596776020258907,0.0022157536976867725,0.005298912765100948,DOWN,ENSMUSG00000032715
ENSMUSG00000115539.2,Gm6997,102.59322637603331,-0.5121640597628592,0.16739606562311657,-3.059594368937975,0.0022163694979771198,0.005298912765100948,DOWN,ENSMUSG00000115539
ENSMUSG00000075330.5,A930003A15Rik,9.280303479784513,-1.5463873293064012,0.5054267892365298,-3.0595674037030953,0.0022165690339960224,0.005298912765100948,DOWN,ENSMUSG00000075330
ENSMUSG00000085396.10,NA,50.34370113240869,0.7778383946358652,0.25467378908887256,3.05425382572223,0.0022562109846597372,0.005385140211245402,UP,ENSMUSG00000085396
ENSMUSG00000049985.16,NA,90.84494841618822,-0.8551075217472623,0.28004972745762313,-3.0534131545500482,0.0022625419959639032,0.005399493289834709,DOWN,ENSMUSG00000049985
ENSMUSG00000028358.16,NA,97.18865374262978,0.5318869093881956,0.17425269839158877,3.052388366422393,0.0022702815854654637,0.0054156836361938104,UP,ENSMUSG00000028358
ENSMUSG00000073125.11,NA,26.910282597080286,-0.7166092824281811,0.23499159946959333,-3.04951021247424,0.002292148398677047,0.00546401397083009,DOWN,ENSMUSG00000073125
ENSMUSG00000106590.2,Gm42879,12.283605951519911,-1.1822435487491092,0.38780732579490046,-3.048533305361957,0.0022996142070025485,0.0054810426354989965,DOWN,ENSMUSG00000106590
ENSMUSG00000032340.9,Neo1,62.48354766223095,0.6774943761668782,0.22225423726591997,3.0482855332754726,0.0023015112910438388,0.00548479554589287,UP,ENSMUSG00000032340
ENSMUSG00000101800.2,Rnf170-ps,76.14733031304793,-0.5350802018814682,0.17558853536688895,-3.0473527258680537,0.002308666259334424,0.005499534725625609,DOWN,ENSMUSG00000101800
ENSMUSG00000031112.11,NA,267.08406213134,0.5753281669479632,0.18886902906975742,3.0461752770247466,0.0023177268024549484,0.005519571769016784,UP,ENSMUSG00000031112
ENSMUSG00000048334.9,Gm8258,37.68800038834546,0.667317444139278,0.21907321889545855,3.0460932080325205,0.002318359540989373,0.005520305566237087,UP,ENSMUSG00000048334
ENSMUSG00000097207.10,NA,14.531139422484543,1.3904786354555638,0.45655981838426435,3.0455563093054874,0.0023225028469193,0.005529397090117545,UP,ENSMUSG00000097207
ENSMUSG00000036304.15,NA,22.13055356855752,0.6684275624422884,0.21953831995102718,3.044696536765863,0.0023291519322535155,0.005542123654666753,UP,ENSMUSG00000036304
ENSMUSG00000073529.10,NA,32.65269622771032,-0.6247141753219292,0.20518633099586686,-3.0446188705158583,0.00232975342499163,0.0055427793432299465,DOWN,ENSMUSG00000073529
ENSMUSG00000022421.22,NA,28.21212032649985,0.8716132565677116,0.2863715737719336,3.0436444689229685,0.002337311856489152,0.00555765176614297,UP,ENSMUSG00000022421
ENSMUSG00000070369.14,NA,10.443475262224219,1.0274424453976065,0.33764070955425374,3.0430052310754077,0.0023422826143731676,0.00556713600838995,UP,ENSMUSG00000070369
ENSMUSG00000027203.16,NA,160.5067702874,-0.605538408766428,0.19906869374612707,-3.0418565439459457,0.0023512392188568686,0.00558608188822016,DOWN,ENSMUSG00000027203
ENSMUSG00000025978.15,NA,124.9079715714099,-0.5079101800868382,0.1670246345971279,-3.0409297485484337,0.0023584885240884577,0.0056001753477587695,DOWN,ENSMUSG00000025978
ENSMUSG00000078956.6,Gm14221,10.90941154570519,-0.9936983589281755,0.3271982545469735,-3.0369916254718814,0.002389520943722566,0.005670693995108282,DOWN,ENSMUSG00000078956
ENSMUSG00000049848.8,Ceacam19,45.70752685516912,0.5897524537612087,0.194203289422793,3.0367789109754977,0.0023912077272389078,0.00567232230568069,UP,ENSMUSG00000049848
ENSMUSG00000070778.6,Rpl7a-ps8,355.5092461484254,-0.5126238938998273,0.16895814817470725,-3.034028837542422,0.002413113622464096,0.0057210944184615115,DOWN,ENSMUSG00000070778
ENSMUSG00000000884.18,NA,59.22079743627188,-0.5477748991227022,0.18066943112815106,-3.03191799355453,0.0024300521275975196,0.005755636000267885,DOWN,ENSMUSG00000000884
ENSMUSG00000093990.2,Rps12-ps12,7.153054689089083,-1.590451352061972,0.5245988947098534,-3.0317474323723523,0.0024314255392886256,0.005757285257747475,DOWN,ENSMUSG00000093990
ENSMUSG00000047746.15,NA,25.173835157161783,0.6952804184276292,0.22935686803495273,3.0314349179274296,0.0024339438462774774,0.00576084189976267,UP,ENSMUSG00000047746
ENSMUSG00000079625.3,Tm4sf19,72.88872002281437,-0.6868218390598729,0.22679258444749345,-3.0284140053921584,0.002458410347012367,0.005812279488571154,DOWN,ENSMUSG00000079625
ENSMUSG00000064352.1,mt-Ts1,7.416067070147331,1.5475308472567435,0.5110999789162585,3.027843692222691,0.0024630545149508846,0.005822449969593376,UP,ENSMUSG00000064352
ENSMUSG00000116637.2,Gm8130,119.88195255012019,-0.5358465295457692,0.17704185512345558,-3.0266658083316536,0.002472671667736635,0.005841124375820144,DOWN,ENSMUSG00000116637
ENSMUSG00000032010.16,NA,55.47104383796199,-0.5093290406964587,0.16843137101002698,-3.0239559153510513,0.0024949279130843335,0.0058904267791076185,DOWN,ENSMUSG00000032010
ENSMUSG00000039783.16,NA,64.1484398161781,-0.5570733963578347,0.184404220809784,-3.020936255751245,0.002519944046587377,0.005946186826178012,DOWN,ENSMUSG00000039783
ENSMUSG00000086756.3,Gm14051,16.246114642996613,-0.8927375958546457,0.2957259628465391,-3.0188002002310275,0.002537778360083843,0.005984947828537767,DOWN,ENSMUSG00000086756
ENSMUSG00000040663.10,NA,24.608764377973515,0.7784892782340417,0.25808094283896,3.016453945302778,0.002557500653075551,0.006029787343158577,UP,ENSMUSG00000040663
ENSMUSG00000118211.2,Gm46649,222.80516163659462,-0.6676178404087992,0.22136409973842466,-3.0159264361190057,0.0025619540777197334,0.006038612757547025,DOWN,ENSMUSG00000118211
ENSMUSG00000117916.4,9630028I04Rik,13.224359413595034,-2.7735992780263197,0.9198844739972019,-3.0151604428913936,0.0025684334980808324,0.006052207297819403,DOWN,ENSMUSG00000117916
ENSMUSG00000055945.9,Prr18,5.980769951189075,1.730321373600066,0.5739878712999226,3.014560864642262,0.002573515691163662,0.006062502818109051,UP,ENSMUSG00000055945
ENSMUSG00000137324.1,ENSMUSG00000137324,8.474223930457923,-0.9321884148602975,0.30938531259012775,-3.01303383491658,0.002586500783702325,0.006090561108784512,DOWN,ENSMUSG00000137324
ENSMUSG00000109408.3,A930037H05Rik,5.098661276255036,1.556768064058561,0.5167403535981545,3.01266981225389,0.0025896050790931023,0.006096182720799736,UP,ENSMUSG00000109408
ENSMUSG00000097439.9,Gm16754,96.20448712049682,-0.7072299657559692,0.23483519744585013,-3.0116012141623147,0.002598737508320333,0.006115988107735343,DOWN,ENSMUSG00000097439
ENSMUSG00000082709.2,Gm12362,21.72699677586844,-0.9031536551001779,0.30011102751812513,-3.009398430204742,0.0026176558698974015,0.0061562516558533,DOWN,ENSMUSG00000082709
ENSMUSG00000111028.3,Gm5922,6.531776097490151,1.4632843617292666,0.4862498200033868,3.0093262794813467,0.0026182776523943057,0.0061568625216561895,UP,ENSMUSG00000111028
ENSMUSG00000071516.3,H2ac13,5.203859221949008,-1.6505790828665292,0.5489104539305396,-3.0070097427501303,0.002638313070580066,0.006197976526907666,DOWN,ENSMUSG00000071516
ENSMUSG00000129055.1,ENSMUSG00000129055,16.607783591216304,-2.436589476343182,0.8105310131741932,-3.0061643993127856,0.0026456591661595187,0.00621351743953995,DOWN,ENSMUSG00000129055
ENSMUSG00000114155.2,Gm7986,98.50053257893059,-0.5762974087069948,0.19178513459312746,-3.0049117723832497,0.0026565789671800107,0.006233997780580001,DOWN,ENSMUSG00000114155
ENSMUSG00000137256.1,ENSMUSG00000137256,9.498688105343872,1.1168208000611126,0.372363227783511,2.999277900530026,0.002706203471155207,0.006341366271708661,UP,ENSMUSG00000137256
ENSMUSG00000126658.1,ENSMUSG00000126658,12.261286082187304,-1.5793835260758002,0.5267389790659175,-2.998417791059568,0.0027138536143428422,0.006356120997867288,DOWN,ENSMUSG00000126658
ENSMUSG00000087213.5,2810408I11Rik,35.155591119017636,-0.7006334565349417,0.23386747888169176,-2.9958567128924165,0.002736749988935564,0.006405335853542279,DOWN,ENSMUSG00000087213
ENSMUSG00000108860.2,Gm6070,72.93108039030484,-0.5344287347495537,0.1784785890978929,-2.9943576843070363,0.002750233241919299,0.006431582303641309,DOWN,ENSMUSG00000108860
ENSMUSG00000031847.9,1700030J22Rik,66.86502292133385,0.5162336970225538,0.17240874494986233,2.994243112045611,0.002751266272653984,0.0064331134652486814,UP,ENSMUSG00000031847
ENSMUSG00000096763.2,Rps12-ps13,7.0043304098563555,-1.613644951799189,0.5394596681288606,-2.991224455011043,0.002778611752367122,0.006483681594505389,DOWN,ENSMUSG00000096763
ENSMUSG00000095499.2,Rps12-ps14,7.0043304098563555,-1.613644951799189,0.5394596681288606,-2.991224455011043,0.002778611752367122,0.006483681594505389,DOWN,ENSMUSG00000095499
ENSMUSG00000035298.9,Klhl35,3.9950621517169393,-2.5722313932457013,0.8602941997656824,-2.9899438981993574,0.0027902869018002338,0.006508298237185574,DOWN,ENSMUSG00000035298
ENSMUSG00000078651.9,Aoc2,25.697835591040175,0.7712113736348616,0.2579436253207029,2.9898446711990254,0.0027911934463472664,0.0065094673270133865,UP,ENSMUSG00000078651
ENSMUSG00000104654.2,Gm43814,37.60056804575837,0.5658279731350504,0.18933341098730064,2.9885268013948303,0.0028032591312581985,0.006535813653163823,UP,ENSMUSG00000104654
ENSMUSG00000080006.5,Rps19-ps7,742.3147953711004,-0.5301368269199425,0.17739989890409227,-2.988371640541635,0.0028046828277087563,0.006537340483554703,DOWN,ENSMUSG00000080006
ENSMUSG00000048916.8,Gm5540,37.53964629508394,0.8739833671411062,0.2924589687009154,2.988396529685125,0.002804454410022455,0.006537340483554703,UP,ENSMUSG00000048916
ENSMUSG00000115518.3,Gm10791,4.749440085382493,-1.444325835828161,0.48360143840980074,-2.9866036804552443,0.0028209516427234998,0.0065725583828135144,DOWN,ENSMUSG00000115518
ENSMUSG00000019929.17,NA,64.2282906781359,-0.5954695727511007,0.1993840807130985,-2.9865452177596117,0.002821491086910837,0.00657260075424017,DOWN,ENSMUSG00000019929
ENSMUSG00000142392.1,ENSMUSG00000142392,31.832943897698065,-0.7967428834517817,0.2668024995401977,-2.9862646895170513,0.002824080874359386,0.006574444811684562,DOWN,ENSMUSG00000142392
ENSMUSG00000038067.3,Csf3,573.6043970176589,0.6308980860602368,0.21128065241275434,2.986066536881592,0.0028259114925986303,0.006577806028350987,UP,ENSMUSG00000038067
ENSMUSG00000136805.1,ENSMUSG00000136805,21.311068684283757,-0.9808358075884457,0.32879018841306545,-2.983166293138294,0.0028528294576203677,0.006633199036955424,DOWN,ENSMUSG00000136805
ENSMUSG00000102269.2,Gm7357,20.913739441613,0.7128108737310357,0.23919178129777524,2.980080962078046,0.002881722080300652,0.006695800751139895,UP,ENSMUSG00000102269
ENSMUSG00000071568.6,Gm5874,26.113113848978017,-0.8771967634734746,0.2943794529202209,-2.9798165421253153,0.0028842106296673477,0.006699752215287927,DOWN,ENSMUSG00000071568
ENSMUSG00000090516.2,Rps11-ps1,1156.897876820248,-0.6530646432493711,0.21919052803634928,-2.9794382499095518,0.0028877742819438095,0.006705282555807813,DOWN,ENSMUSG00000090516
ENSMUSG00000041797.8,Abca9,201.03748350438215,0.579674508594855,0.1945854685847033,2.9790226002540474,0.0028916944889979756,0.006711260265811766,UP,ENSMUSG00000041797
ENSMUSG00000032656.15,NA,34.67803078930652,-0.8114491662148396,0.27238997272815013,-2.978997934790646,0.002891927274366025,0.006711260265811766,DOWN,ENSMUSG00000032656
ENSMUSG00000022836.12,NA,41.427173639612334,0.7110071332557674,0.2386781045379656,2.978937404552206,0.002892498613399964,0.006711556819417594,UP,ENSMUSG00000022836
ENSMUSG00000051736.9,Fam229b,36.16971325607376,-0.9529386509784173,0.31992059773273046,-2.9786723884984916,0.002895001287421388,0.006715363628842649,DOWN,ENSMUSG00000051736
ENSMUSG00000140804.1,ENSMUSG00000140804,13.713286874930894,1.3311161088121681,0.44723158213617054,2.9763463985575096,0.0029170516784322435,0.0067603408072252295,UP,ENSMUSG00000140804
ENSMUSG00000106752.2,Gm3348,114.55062313486931,-0.518436021401485,0.17432377668440002,-2.9739834190265055,0.0029396095927444878,0.006810763042808278,DOWN,ENSMUSG00000106752
ENSMUSG00000092409.2,Gm9613,33.688336843052255,-0.8147246406093094,0.2739797863801074,-2.973666967821475,0.0029426426150978824,0.0068159330308300995,DOWN,ENSMUSG00000092409
ENSMUSG00000047996.17,NA,38.268666879324044,0.8049003674067619,0.27068425586767547,2.973576593240203,0.0029435093331542763,0.00681701208220368,UP,ENSMUSG00000047996
ENSMUSG00000060586.12,NA,307.4514639728316,-0.5534568206338086,0.1861990375534342,-2.9723935628559905,0.0029548764365296075,0.006838681094123913,DOWN,ENSMUSG00000060586
ENSMUSG00000037762.7,Slc16a9,22.394207795535593,-1.091144858056514,0.36744454062731235,-2.9695497889114875,0.0029823647854119086,0.006896667873363465,DOWN,ENSMUSG00000037762
ENSMUSG00000097403.4,9230116N13Rik,13.253707159135008,-1.4399530168307133,0.48492740099591153,-2.9694197809268643,0.0029836270211926383,0.00689864869101319,DOWN,ENSMUSG00000097403
ENSMUSG00000042182.17,NA,48.21419322327274,-0.6049226949497803,0.2037306969015106,-2.9692270440826976,0.002985499182704795,0.0069006252448957145,DOWN,ENSMUSG00000042182
ENSMUSG00000054598.16,NA,15.296994292225444,-1.0836325579628676,0.3653080671785488,-2.966352663198179,0.0030135471345986656,0.006956479241344497,DOWN,ENSMUSG00000054598
ENSMUSG00000090164.9,BC035044,28.41718749406286,-0.6578581339185693,0.22210536783041135,-2.961919112287629,0.003057280894676926,0.007047867547089034,DOWN,ENSMUSG00000090164
ENSMUSG00000030790.16,NA,141.25454511405295,-0.5527171785942059,0.18668434621663757,-2.960704471454752,0.0030693630435302565,0.0070728438913652495,DOWN,ENSMUSG00000030790
ENSMUSG00000034685.5,Fam171a2,12.935946135568035,1.1727003639106852,0.39627154821451527,2.9593352568321727,0.003083034949139554,0.0070985773551404344,UP,ENSMUSG00000034685
ENSMUSG00000019997.12,NA,10.947018654532298,1.5698374252540443,0.5307512920678831,2.9577646794560457,0.0030987858738203014,0.00712808772760558,UP,ENSMUSG00000019997
ENSMUSG00000111857.2,1190001M18Rik,7.846888778313922,1.219563248816446,0.4128061897211278,2.9543240367600228,0.0031335479456973112,0.0072031787462190425,UP,ENSMUSG00000111857
ENSMUSG00000108813.2,Rpl19-ps9,99.19880471882054,-0.7520819542364275,0.2546301670680659,-2.953624713427559,0.0031406567901050143,0.007218544313086346,DOWN,ENSMUSG00000108813
ENSMUSG00000085772.10,NA,9.165640507071608,-1.9621995174984521,0.6644786198274265,-2.9529912008426398,0.0031471093355585063,0.0072304433072828906,DOWN,ENSMUSG00000085772
ENSMUSG00000072066.8,Zfp1008,111.71033279529946,-0.517974478830113,0.1754258766606853,-2.952668606764308,0.003150399709669565,0.007237025187443013,DOWN,ENSMUSG00000072066
ENSMUSG00000108701.2,Gm44616,16.891623813178224,1.0543151088347373,0.3572931211660558,2.950840770160624,0.003169102452964035,0.007273111513509633,UP,ENSMUSG00000108701
ENSMUSG00000095017.2,Rps12-ps15,7.09228472152682,-1.556017548702385,0.5274624492611185,-2.950006300698922,0.0031776744908677563,0.007290816566607807,DOWN,ENSMUSG00000095017
ENSMUSG00000072623.7,Zfp9,50.104007067406776,-0.7965898433087909,0.27006871834505697,-2.9495820478216848,0.0031820407017408843,0.007297880535914427,DOWN,ENSMUSG00000072623
ENSMUSG00000086499.2,Gm16217,8.394018118195804,-1.143311248012212,0.38791481524965843,-2.9473255546488666,0.0032053554833733097,0.007344418667508287,DOWN,ENSMUSG00000086499
ENSMUSG00000120896.2,Gm57238,11.438073174737491,-2.010541601997308,0.6831050103039941,-2.943239431229732,0.0032479711303253773,0.007434050745937197,DOWN,ENSMUSG00000120896
ENSMUSG00000136221.1,ENSMUSG00000136221,9.421868230213315,-1.4944286894034013,0.5084113542185018,-2.939408565531633,0.003288392798484689,0.007522519226665406,DOWN,ENSMUSG00000136221
ENSMUSG00000097304.2,Rpl31-ps15,229.51484868923833,-0.5596119213498362,0.1903897960991668,-2.9392957648757374,0.0032895899383060564,0.007524245661174552,DOWN,ENSMUSG00000097304
ENSMUSG00000079487.12,NA,958.459710877837,0.7050166137340783,0.23992947680262747,2.938432672505864,0.003298762982049721,0.0075431979659456175,UP,ENSMUSG00000079487
ENSMUSG00000069633.13,NA,67.18766533975719,-0.5362260447649623,0.1825712328752303,-2.937078510782806,0.0033132021304914587,0.007568074604585325,DOWN,ENSMUSG00000069633
ENSMUSG00000081751.2,Gm14251,555.8012589657512,-0.5084635734512357,0.17315532654219437,-2.9364593258835363,0.003319823530728851,0.007582180897606076,DOWN,ENSMUSG00000081751
ENSMUSG00000126094.1,ENSMUSG00000126094,23.122677327036357,-0.8148620855715726,0.2775094533528403,-2.9363399182496086,0.0033211018298929884,0.007583063603539227,DOWN,ENSMUSG00000126094
ENSMUSG00000024544.10,NA,116.68575759523222,0.5442166586807665,0.18535447937668983,2.9360858205901397,0.003323823523509871,0.007588259208055962,UP,ENSMUSG00000024544
ENSMUSG00000087660.3,B230398E01Rik,11.646563259481917,-0.9833839554872823,0.33531485064014455,-2.9327181710261825,0.0033600875059165104,0.0076648756707734635,DOWN,ENSMUSG00000087660
ENSMUSG00000106438.4,Gm32051,38.80053674419662,-0.8296927920613383,0.2829304303166992,-2.9324975441228385,0.0033624758190009436,0.007667238371940205,DOWN,ENSMUSG00000106438
ENSMUSG00000018593.14,NA,44.382943605331214,1.5058440586783182,0.513783116428699,2.9308943998499295,0.003379876528391338,0.007702784808606686,UP,ENSMUSG00000018593
ENSMUSG00000135015.1,ENSMUSG00000135015,8.159961870216554,1.6058746097232077,0.547973965113082,2.9305673480159102,0.0033834364396799453,0.007709864678171934,UP,ENSMUSG00000135015
ENSMUSG00000027546.16,NA,33.85393133262168,-0.7232341140510189,0.24694046630222127,-2.9287792514568247,0.003402960035853265,0.007751237392140453,DOWN,ENSMUSG00000027546
ENSMUSG00000106568.2,Gm42814,36.50336990581627,-0.6956005539002232,0.2377519297381214,-2.9257409379028476,0.0034363696469563772,0.007820005649155647,DOWN,ENSMUSG00000106568
ENSMUSG00000097162.5,2310010J17Rik,25.982661219075947,-0.7788655803827419,0.2663387985968777,-2.92434141959771,0.0034518591055827694,0.007852102186936941,DOWN,ENSMUSG00000097162
ENSMUSG00000120026.2,Gm57421,9.233525588148735,-1.0940896446012183,0.37459419596751553,-2.920733039590653,0.0034920891869499224,0.00793618451333294,DOWN,ENSMUSG00000120026
ENSMUSG00000032086.13,NA,85.5280872062977,0.6209787375403283,0.2126659287967807,2.9199728468668957,0.0035006188525432886,0.007953443447742306,UP,ENSMUSG00000032086
ENSMUSG00000021838.18,NA,11.995042389828019,3.2882553520990605,1.1262790100109343,2.9195743886473893,0.0035050972817256025,0.007962554685149023,UP,ENSMUSG00000021838
ENSMUSG00000094942.8,Gm3604,61.839669290918124,-0.7195809112668001,0.2466377438925851,-2.9175620077849467,0.003527794980887817,0.008009837309075864,DOWN,ENSMUSG00000094942
ENSMUSG00000140712.1,ENSMUSG00000140712,24.38422481484844,-0.6883177688326689,0.23600813924531774,-2.9165001301806788,0.003539825754278078,0.00803608019987358,DOWN,ENSMUSG00000140712
ENSMUSG00000106836.2,Gm43578,9.845354958242117,1.1322199612209476,0.38824654066572195,2.916239663795955,0.003542782460222509,0.008041129291825645,UP,ENSMUSG00000106836
ENSMUSG00000097921.4,Gm26576,10.953915211345608,-1.418836598480765,0.4867108353324082,-2.915153096009757,0.003555140977874048,0.008065465244093658,DOWN,ENSMUSG00000097921
ENSMUSG00000086288.2,Gm15265,6.2603228438536105,1.3264853109146377,0.45506814409284196,2.914915772799098,0.003557845482487536,0.00806979296422389,UP,ENSMUSG00000086288
ENSMUSG00000045048.8,Gm9795,35.34933279912757,-0.7067919817672292,0.24247534849293637,-2.914902426824717,0.0035579976270581396,0.00806979296422389,DOWN,ENSMUSG00000045048
ENSMUSG00000037243.18,NA,76.89633069254467,0.6487439054931309,0.22282677360353326,2.911427092003831,0.0035978186131425498,0.008155260807146474,UP,ENSMUSG00000037243
ENSMUSG00000113249.2,Gm33312,26.00904304437714,-0.7785731617980712,0.26749162786145797,-2.910644972415054,0.003606835968587118,0.008172931709765826,DOWN,ENSMUSG00000113249
ENSMUSG00000001119.8,Col6a1,8.718631643200059,1.0838759137058154,0.3725885631438095,2.909042361795382,0.0036253773224027143,0.008211663125303751,UP,ENSMUSG00000001119
ENSMUSG00000112297.2,Gm17816,7.093473995797206,1.347931627510282,0.4635406503005679,2.907903819516712,0.003638602272586737,0.008239423468390152,UP,ENSMUSG00000112297
ENSMUSG00000098534.3,Gm27167,12.368806859097617,-1.013892399819726,0.3487694112452334,-2.9070565454687154,0.0036484723979832477,0.00825957422791575,DOWN,ENSMUSG00000098534
ENSMUSG00000084064.2,Gm12079,8.516062721232952,1.2406051213012277,0.4267702289067497,2.906962663443665,0.0036495675521788637,0.008260953785751864,UP,ENSMUSG00000084064
ENSMUSG00000032607.13,NA,11.20702922793388,1.3711815264392981,0.4717098089940205,2.9068327609373066,0.0036510833860780483,0.008263285076343264,UP,ENSMUSG00000032607
ENSMUSG00000114147.3,Gm18939,58.57039440226583,1.1749003738715342,0.40427282741391996,2.906206636214502,0.0036583976761507733,0.008275433743099234,UP,ENSMUSG00000114147
ENSMUSG00000050921.13,NA,10.76166769415552,-1.113407452334952,0.38324614798835305,-2.905201939221549,0.0036701622350877633,0.008299837628976396,DOWN,ENSMUSG00000050921
ENSMUSG00000057329.8,Bcl2,245.44088138370458,-0.5022110530255595,0.17291940463216787,-2.9043070908892896,0.003680669466666555,0.008322492348109483,DOWN,ENSMUSG00000057329
ENSMUSG00000135460.1,ENSMUSG00000135460,30.603592047177738,0.9740699776121229,0.3353941210286436,2.9042547753212844,0.003681284596927729,0.008322776635915045,UP,ENSMUSG00000135460
ENSMUSG00000022244.8,Amacr,99.71457688441625,-0.5048208215041609,0.17424234004400097,-2.897233940824485,0.00376468910185122,0.00849757042959098,DOWN,ENSMUSG00000022244
ENSMUSG00000104862.2,Gm6520,49.25431237272052,-0.6455358091535485,0.2229913101303675,-2.8948922214778174,0.0037928873640613848,0.00855575573858972,DOWN,ENSMUSG00000104862
ENSMUSG00000035852.12,NA,68.4231222204799,-0.6044359395993432,0.20897123804813586,-2.8924360368679696,0.003822670100391315,0.008616080547018515,DOWN,ENSMUSG00000035852
ENSMUSG00000073492.3,Gm10521,75.6182055160077,0.7459913203829468,0.25792169175146673,2.8923171033702113,0.0038241176208071103,0.008618200935521564,UP,ENSMUSG00000073492
ENSMUSG00000042087.6,4933440N22Rik,19.085805201876713,-0.6949896237800716,0.240370495889069,-2.891326663072698,0.003836191466924994,0.008641975372436939,DOWN,ENSMUSG00000042087
ENSMUSG00000031673.7,Cdh11,10.251140730025952,1.3800125622267896,0.47745152900498405,2.890372065836203,0.0038478611397733176,0.008664820781645266,UP,ENSMUSG00000031673
ENSMUSG00000041798.16,NA,10.98589934528359,-1.7641125451506994,0.610892847954895,-2.887761005970972,0.003879945526159921,0.00873008400972766,DOWN,ENSMUSG00000041798
ENSMUSG00000016356.19,NA,16.409908284351314,1.1013521370494639,0.38149001659333304,2.886974990550018,0.0038896514681019483,0.008749657786579594,UP,ENSMUSG00000016356
ENSMUSG00000112714.2,Gm4798,390.123251657181,0.5277820002948739,0.1828245920767645,2.8868217032491366,0.003891546871263318,0.008752092737985925,UP,ENSMUSG00000112714
ENSMUSG00000111817.2,Gm47154,111.725381546169,-0.5110797310206424,0.17705932353011158,-2.886488668492657,0.0038956677501331407,0.008759715160487134,DOWN,ENSMUSG00000111817
ENSMUSG00000020044.14,NA,11.05669794674434,2.0823925103563488,0.7224005283645799,2.882601034457453,0.003944066297089984,0.008858002040189153,UP,ENSMUSG00000020044
ENSMUSG00000046337.19,NA,5.884075979175781,-1.7518363140891566,0.6077463581455363,-2.8825122365762432,0.003945178124593146,0.008859329088449894,DOWN,ENSMUSG00000046337
ENSMUSG00000109297.3,Gm31522,30.12401562488247,-0.6553539493674401,0.22779804358247402,-2.8769077164184247,0.00401593021904769,0.009008694012020183,DOWN,ENSMUSG00000109297
ENSMUSG00000083557.2,Gm6877,75.53676957129348,-0.5240229698991246,0.1821844927310651,-2.876331360829214,0.004023271134645187,0.009022781078171706,DOWN,ENSMUSG00000083557
ENSMUSG00000079608.11,NA,62.04406479515508,-0.548609205738075,0.1908279376278722,-2.8748893508868774,0.004041691097798262,0.009059311824061849,DOWN,ENSMUSG00000079608
ENSMUSG00000097290.11,NA,66.2290955263593,-0.5956243293678638,0.20737355683908482,-2.8722289304708655,0.004075875831470095,0.00912751440479068,DOWN,ENSMUSG00000097290
ENSMUSG00000031785.17,NA,31.74283412543059,1.012911494915935,0.35270164983639,2.8718649186523533,0.004080573509049183,0.009136831217233759,UP,ENSMUSG00000031785
ENSMUSG00000034675.18,NA,17.663836831590096,0.9165654401798602,0.31922452769856924,2.8712249863373147,0.00408884393469937,0.009151734660897274,UP,ENSMUSG00000034675
ENSMUSG00000021287.13,NA,31.93351897531247,-0.6359001919745796,0.22149044814502206,-2.8710050356583348,0.0040916900678778225,0.009154490368942277,DOWN,ENSMUSG00000021287
ENSMUSG00000099470.3,Gm29340,17.579998178901754,-0.8670205895900436,0.3020006861539888,-2.8709225817717305,0.004092757473701392,0.009155673980237552,DOWN,ENSMUSG00000099470
ENSMUSG00000138339.1,ENSMUSG00000138339,12.949516850424303,-1.260302923788951,0.4393049807104897,-2.868856441715407,0.004119587307454617,0.009209636091832946,DOWN,ENSMUSG00000138339
ENSMUSG00000081067.2,Gm12912,13.60975008187117,-1.0889585477901695,0.3797192885256977,-2.8677988732628568,0.004133382012803525,0.009238046327997995,DOWN,ENSMUSG00000081067
ENSMUSG00000030584.15,NA,24.204457610780548,0.6266471834626118,0.21878963280385819,2.864153915484616,0.004181247865127168,0.009338889045751591,UP,ENSMUSG00000030584
ENSMUSG00000120233.2,Gm32006,29.004519300999643,-1.4964995616173895,0.5226556047328644,-2.863261291117826,0.004193046267359959,0.009362781620630707,DOWN,ENSMUSG00000120233
ENSMUSG00000080840.2,Gm11349,6.234961630373277,1.2516877350521494,0.4373894830751591,2.8617234375456273,0.004213443944470163,0.009405858193706956,UP,ENSMUSG00000080840
ENSMUSG00000040488.20,NA,6.899974223121901,1.6344035675549315,0.5711596756202841,2.861552797437872,0.0042157128078763465,0.009408453019782827,UP,ENSMUSG00000040488
ENSMUSG00000038859.8,Baiap2l1,11.283552864106888,-1.00295097387156,0.3505069487790793,-2.8614296445908955,0.004217350960061397,0.00941087395706654,DOWN,ENSMUSG00000038859
ENSMUSG00000047415.13,NA,202.12514061620772,0.6303982642128989,0.22034583583892006,2.8609492973297685,0.004223745953602823,0.009421435425887933,UP,ENSMUSG00000047415
ENSMUSG00000044708.6,Kcnj10,17.263368243271973,0.9079787237625847,0.31747333855668,2.860015672152196,0.0042362007267447415,0.009446738730529907,UP,ENSMUSG00000044708
ENSMUSG00000086773.3,Gm16192,5.838101902922521,-3.1133191323335394,1.088926839542696,-2.859070985559511,0.00424883695711403,0.009471191675538235,DOWN,ENSMUSG00000086773
ENSMUSG00000104360.2,Mif-ps1,43.38542912935576,-0.7016296019197632,0.24550738792230567,-2.8578757155031274,0.00426487400524573,0.009501958251435726,DOWN,ENSMUSG00000104360
ENSMUSG00000041444.15,NA,21.17616822652267,0.9831176632187762,0.3444618121576286,2.8540686616631206,0.004316320138132068,0.00960902477668202,UP,ENSMUSG00000041444
ENSMUSG00000037416.14,NA,1686.3069287595144,0.6397646277988849,0.2241770273318686,2.8538366995641624,0.0043194728396295555,0.009614784700358668,UP,ENSMUSG00000037416
ENSMUSG00000054181.13,NA,8.207460734584206,-1.3538900740246207,0.4749148772521951,-2.8508057735695265,0.004360859831317807,0.00969802305366688,DOWN,ENSMUSG00000054181
ENSMUSG00000037568.13,NA,26.43719455448069,2.083025060581073,0.730755959467872,2.8505071133431574,0.004364957401481838,0.009703814383551617,UP,ENSMUSG00000037568
ENSMUSG00000051166.11,NA,11.111598318167841,1.3228484248113705,0.46411148892074655,2.8502815732649642,0.004368054087705955,0.00970767483213898,UP,ENSMUSG00000051166
ENSMUSG00000085261.4,Gm13814,10.273409715767146,-1.4570499715652931,0.5115131528879393,-2.848509297051251,0.0043924569980585285,0.009756808216951846,DOWN,ENSMUSG00000085261
ENSMUSG00000085207.4,Gm11767,5.96971342198491,1.8902053802844365,0.6638397104669856,2.8473822076036246,0.00440804038486397,0.009788865863802124,UP,ENSMUSG00000085207
ENSMUSG00000080972.2,Gm16061,18.904175339024995,-0.8290028064586759,0.29116709101357563,-2.8471720604579716,0.00441095146181906,0.009794051515823859,DOWN,ENSMUSG00000080972
ENSMUSG00000063810.8,Alms1,49.34870868653671,0.7998297397873169,0.2809499444031634,2.8468763056224726,0.004415051376551481,0.009799316589615569,UP,ENSMUSG00000063810
ENSMUSG00000121487.2,Gm57587,13.646135159769438,-1.049029755233524,0.3686545168015848,-2.845563277875494,0.004433295018128209,0.009835957609691888,DOWN,ENSMUSG00000121487
ENSMUSG00000097343.4,9030407P20Rik,40.19154708143427,-0.6097843208254783,0.21436788941177484,-2.8445693172551425,0.004447150838795645,0.009861552635879352,DOWN,ENSMUSG00000097343
ENSMUSG00000089992.4,G6pd2,57.37063129883229,0.505216842309998,0.17770592918459646,2.8429937291804785,0.004469194973502769,0.00990785161248704,UP,ENSMUSG00000089992
ENSMUSG00000073242.5,Dnmt3aos,31.405467717884626,-0.8075188947336991,0.28418175468058066,-2.8415578461092537,0.004489370670245216,0.009946096615188919,DOWN,ENSMUSG00000073242
ENSMUSG00000081456.2,Gm7781,50.53362035542418,-0.6114145139924947,0.21519835449607275,-2.8411672358008326,0.00449487342349081,0.009955693857760446,DOWN,ENSMUSG00000081456
